ISO-10303-21;
HEADER;
/* Generated by software containing ST-Developer
 * from STEP Tools, Inc. (www.steptools.com) 
 */
/* OPTION: using custom renumber hook */

FILE_DESCRIPTION(
/* description */ ('STEP AP242 Edition 2',
'CAx-IF Rec.Pracs.---Representation and Presentation of Product Manufa
cturing Information (PMI)---4.0---2014-10-13',
'CAx-IF Rec.Pracs.---3D Tessellated Geometry---0.4---2014-09-14','2;1',
'CAx-IF Rec.Pracs.---User Defined Attributes---1.5---2016-08-15'),
/* implementation_level */ '2;1');

FILE_NAME(
/* name */ 'Full Assembly - Part 1',
/* time_stamp */ '2026-08-15T05:10:10Z',
/* author */ (''),
/* organization */ (''),
/* preprocessor_version */ 'ST-DEVELOPER v20',
/* originating_system */ 'ONSHAPE BY PTC INC, 1.219',
/* authorisation */ '  ');

FILE_SCHEMA (('AP242_MANAGED_MODEL_BASED_3D_ENGINEERING_MIM_LF { 1 0 10303 442 3 1 4 }'));
ENDSEC;

DATA;
#10=SHAPE_REPRESENTATION_RELATIONSHIP('','',#2085,#11);
#11=ADVANCED_BREP_SHAPE_REPRESENTATION('',(#2083),#3557);
#12=ORIENTED_CLOSED_SHELL('',*,#2073,.F.);
#13=ORIENTED_CLOSED_SHELL('',*,#2074,.F.);
#14=B_SPLINE_CURVE_WITH_KNOTS('',3,(#3252,#3253,#3254,#3255),
 .UNSPECIFIED.,.F.,.F.,(4,4),(5.15979522430349E-8,1.),.UNSPECIFIED.);
#15=B_SPLINE_CURVE_WITH_KNOTS('',3,(#3257,#3258,#3259,#3260),
 .UNSPECIFIED.,.F.,.F.,(4,4),(0.,0.999999813660033),.UNSPECIFIED.);
#16=B_SPLINE_CURVE_WITH_KNOTS('',3,(#3264,#3265,#3266,#3267),
 .UNSPECIFIED.,.F.,.F.,(4,4),(2.32260913838315E-8,0.00319494875546233),
 .UNSPECIFIED.);
#17=B_SPLINE_CURVE_WITH_KNOTS('',3,(#3271,#3272,#3273,#3274),
 .UNSPECIFIED.,.F.,.F.,(4,4),(2.09753110042889E-10,0.00178653530946997),
 .UNSPECIFIED.);
#18=B_SPLINE_CURVE_WITH_KNOTS('',3,(#3278,#3279,#3280,#3281),
 .UNSPECIFIED.,.F.,.F.,(4,4),(0.,1.),.UNSPECIFIED.);
#19=B_SPLINE_CURVE_WITH_KNOTS('',3,(#3287,#3288,#3289,#3290),
 .UNSPECIFIED.,.F.,.F.,(4,4),(0.,1.),.UNSPECIFIED.);
#20=B_SPLINE_CURVE_WITH_KNOTS('',3,(#3292,#3293,#3294,#3295),
 .UNSPECIFIED.,.F.,.F.,(4,4),(0.,0.999999813762195),.UNSPECIFIED.);
#21=LINE('',#2966,#189);
#22=LINE('',#2971,#190);
#23=LINE('',#2973,#191);
#24=LINE('',#2975,#192);
#25=LINE('',#2986,#193);
#26=LINE('',#2990,#194);
#27=LINE('',#2996,#195);
#28=LINE('',#2998,#196);
#29=LINE('',#3018,#197);
#30=LINE('',#3019,#198);
#31=LINE('',#3021,#199);
#32=LINE('',#3026,#200);
#33=LINE('',#3030,#201);
#34=LINE('',#3034,#202);
#35=LINE('',#3037,#203);
#36=LINE('',#3039,#204);
#37=LINE('',#3043,#205);
#38=LINE('',#3045,#206);
#39=LINE('',#3047,#207);
#40=LINE('',#3049,#208);
#41=LINE('',#3051,#209);
#42=LINE('',#3053,#210);
#43=LINE('',#3055,#211);
#44=LINE('',#3060,#212);
#45=LINE('',#3063,#213);
#46=LINE('',#3065,#214);
#47=LINE('',#3067,#215);
#48=LINE('',#3069,#216);
#49=LINE('',#3071,#217);
#50=LINE('',#3073,#218);
#51=LINE('',#3085,#219);
#52=LINE('',#3088,#220);
#53=LINE('',#3090,#221);
#54=LINE('',#3092,#222);
#55=LINE('',#3093,#223);
#56=LINE('',#3095,#224);
#57=LINE('',#3097,#225);
#58=LINE('',#3099,#226);
#59=LINE('',#3101,#227);
#60=LINE('',#3118,#228);
#61=LINE('',#3120,#229);
#62=LINE('',#3122,#230);
#63=LINE('',#3124,#231);
#64=LINE('',#3126,#232);
#65=LINE('',#3132,#233);
#66=LINE('',#3136,#234);
#67=LINE('',#3140,#235);
#68=LINE('',#3142,#236);
#69=LINE('',#3144,#237);
#70=LINE('',#3146,#238);
#71=LINE('',#3148,#239);
#72=LINE('',#3157,#240);
#73=LINE('',#3163,#241);
#74=LINE('',#3167,#242);
#75=LINE('',#3171,#243);
#76=LINE('',#3173,#244);
#77=LINE('',#3175,#245);
#78=LINE('',#3178,#246);
#79=LINE('',#3180,#247);
#80=LINE('',#3182,#248);
#81=LINE('',#3183,#249);
#82=LINE('',#3201,#250);
#83=LINE('',#3203,#251);
#84=LINE('',#3205,#252);
#85=LINE('',#3207,#253);
#86=LINE('',#3210,#254);
#87=LINE('',#3211,#255);
#88=LINE('',#3213,#256);
#89=LINE('',#3215,#257);
#90=LINE('',#3217,#258);
#91=LINE('',#3219,#259);
#92=LINE('',#3227,#260);
#93=LINE('',#3232,#261);
#94=LINE('',#3236,#262);
#95=LINE('',#3240,#263);
#96=LINE('',#3245,#264);
#97=LINE('',#3247,#265);
#98=LINE('',#3248,#266);
#99=LINE('',#3250,#267);
#100=LINE('',#3276,#268);
#101=LINE('',#3285,#269);
#102=LINE('',#3299,#270);
#103=LINE('',#3301,#271);
#104=LINE('',#3303,#272);
#105=LINE('',#3305,#273);
#106=LINE('',#3307,#274);
#107=LINE('',#3309,#275);
#108=LINE('',#3311,#276);
#109=LINE('',#3313,#277);
#110=LINE('',#3316,#278);
#111=LINE('',#3317,#279);
#112=LINE('',#3319,#280);
#113=LINE('',#3325,#281);
#114=LINE('',#3330,#282);
#115=LINE('',#3331,#283);
#116=LINE('',#3334,#284);
#117=LINE('',#3335,#285);
#118=LINE('',#3340,#286);
#119=LINE('',#3342,#287);
#120=LINE('',#3346,#288);
#121=LINE('',#3348,#289);
#122=LINE('',#3350,#290);
#123=LINE('',#3354,#291);
#124=LINE('',#3358,#292);
#125=LINE('',#3360,#293);
#126=LINE('',#3365,#294);
#127=LINE('',#3368,#295);
#128=LINE('',#3370,#296);
#129=LINE('',#3372,#297);
#130=LINE('',#3374,#298);
#131=LINE('',#3381,#299);
#132=LINE('',#3385,#300);
#133=LINE('',#3389,#301);
#134=LINE('',#3393,#302);
#135=LINE('',#3394,#303);
#136=LINE('',#3396,#304);
#137=LINE('',#3405,#305);
#138=LINE('',#3409,#306);
#139=LINE('',#3413,#307);
#140=LINE('',#3417,#308);
#141=LINE('',#3418,#309);
#142=LINE('',#3420,#310);
#143=LINE('',#3423,#311);
#144=LINE('',#3424,#312);
#145=LINE('',#3426,#313);
#146=LINE('',#3428,#314);
#147=LINE('',#3430,#315);
#148=LINE('',#3432,#316);
#149=LINE('',#3434,#317);
#150=LINE('',#3436,#318);
#151=LINE('',#3441,#319);
#152=LINE('',#3442,#320);
#153=LINE('',#3444,#321);
#154=LINE('',#3446,#322);
#155=LINE('',#3450,#323);
#156=LINE('',#3452,#324);
#157=LINE('',#3457,#325);
#158=LINE('',#3458,#326);
#159=LINE('',#3460,#327);
#160=LINE('',#3462,#328);
#161=LINE('',#3466,#329);
#162=LINE('',#3468,#330);
#163=LINE('',#3475,#331);
#164=LINE('',#3477,#332);
#165=LINE('',#3479,#333);
#166=LINE('',#3483,#334);
#167=LINE('',#3485,#335);
#168=LINE('',#3487,#336);
#169=LINE('',#3491,#337);
#170=LINE('',#3493,#338);
#171=LINE('',#3495,#339);
#172=LINE('',#3499,#340);
#173=LINE('',#3508,#341);
#174=LINE('',#3512,#342);
#175=LINE('',#3514,#343);
#176=LINE('',#3518,#344);
#177=LINE('',#3520,#345);
#178=LINE('',#3522,#346);
#179=LINE('',#3526,#347);
#180=LINE('',#3528,#348);
#181=LINE('',#3534,#349);
#182=LINE('',#3538,#350);
#183=LINE('',#3540,#351);
#184=LINE('',#3544,#352);
#185=LINE('',#3546,#353);
#186=LINE('',#3548,#354);
#187=LINE('',#3552,#355);
#188=LINE('',#3554,#356);
#189=VECTOR('',#2346,1.);
#190=VECTOR('',#2349,1.);
#191=VECTOR('',#2350,1.);
#192=VECTOR('',#2351,1.);
#193=VECTOR('',#2366,1.);
#194=VECTOR('',#2369,1.);
#195=VECTOR('',#2378,1.);
#196=VECTOR('',#2379,1.);
#197=VECTOR('',#2404,1.);
#198=VECTOR('',#2405,1.);
#199=VECTOR('',#2408,1.);
#200=VECTOR('',#2411,1.);
#201=VECTOR('',#2414,1.);
#202=VECTOR('',#2417,1.);
#203=VECTOR('',#2420,1.);
#204=VECTOR('',#2421,1.);
#205=VECTOR('',#2426,1.);
#206=VECTOR('',#2429,1.);
#207=VECTOR('',#2430,1.);
#208=VECTOR('',#2431,1.);
#209=VECTOR('',#2432,1.);
#210=VECTOR('',#2433,1.);
#211=VECTOR('',#2434,1.);
#212=VECTOR('',#2439,1.);
#213=VECTOR('',#2442,1.);
#214=VECTOR('',#2445,1.);
#215=VECTOR('',#2446,1.);
#216=VECTOR('',#2447,1.);
#217=VECTOR('',#2448,1.);
#218=VECTOR('',#2449,1.);
#219=VECTOR('',#2464,1.);
#220=VECTOR('',#2465,1.);
#221=VECTOR('',#2466,1.);
#222=VECTOR('',#2467,1.);
#223=VECTOR('',#2468,1.);
#224=VECTOR('',#2469,1.);
#225=VECTOR('',#2470,1.);
#226=VECTOR('',#2471,1.);
#227=VECTOR('',#2472,1.);
#228=VECTOR('',#2495,1.);
#229=VECTOR('',#2496,1.);
#230=VECTOR('',#2497,1.);
#231=VECTOR('',#2498,1.);
#232=VECTOR('',#2499,1.);
#233=VECTOR('',#2506,1.);
#234=VECTOR('',#2511,1.);
#235=VECTOR('',#2514,1.);
#236=VECTOR('',#2515,1.);
#237=VECTOR('',#2516,1.);
#238=VECTOR('',#2517,1.);
#239=VECTOR('',#2520,1.);
#240=VECTOR('',#2535,1.);
#241=VECTOR('',#2540,1.);
#242=VECTOR('',#2543,1.);
#243=VECTOR('',#2546,1.);
#244=VECTOR('',#2549,1.);
#245=VECTOR('',#2552,1.);
#246=VECTOR('',#2553,1.);
#247=VECTOR('',#2554,1.);
#248=VECTOR('',#2555,1.);
#249=VECTOR('',#2556,1.);
#250=VECTOR('',#2583,1.);
#251=VECTOR('',#2584,1.);
#252=VECTOR('',#2585,1.);
#253=VECTOR('',#2588,1.);
#254=VECTOR('',#2589,1.);
#255=VECTOR('',#2590,1.);
#256=VECTOR('',#2593,1.);
#257=VECTOR('',#2594,1.);
#258=VECTOR('',#2597,1.);
#259=VECTOR('',#2598,1.);
#260=VECTOR('',#2609,1.);
#261=VECTOR('',#2612,1.);
#262=VECTOR('',#2615,1.);
#263=VECTOR('',#2618,1.);
#264=VECTOR('',#2625,1.);
#265=VECTOR('',#2628,1.);
#266=VECTOR('',#2629,1.);
#267=VECTOR('',#2632,1.);
#268=VECTOR('',#2641,1.);
#269=VECTOR('',#2648,1.);
#270=VECTOR('',#2655,1.);
#271=VECTOR('',#2658,1.);
#272=VECTOR('',#2659,1.);
#273=VECTOR('',#2660,1.);
#274=VECTOR('',#2661,1.);
#275=VECTOR('',#2664,1.);
#276=VECTOR('',#2665,1.);
#277=VECTOR('',#2668,1.);
#278=VECTOR('',#2669,1.);
#279=VECTOR('',#2670,1.);
#280=VECTOR('',#2673,1.);
#281=VECTOR('',#2684,1.);
#282=VECTOR('',#2693,1.);
#283=VECTOR('',#2694,1.);
#284=VECTOR('',#2699,1.);
#285=VECTOR('',#2700,1.);
#286=VECTOR('',#2709,1.);
#287=VECTOR('',#2710,1.);
#288=VECTOR('',#2715,1.);
#289=VECTOR('',#2716,1.);
#290=VECTOR('',#2719,1.);
#291=VECTOR('',#2722,1.);
#292=VECTOR('',#2727,1.);
#293=VECTOR('',#2728,1.);
#294=VECTOR('',#2733,1.);
#295=VECTOR('',#2736,1.);
#296=VECTOR('',#2739,1.);
#297=VECTOR('',#2740,1.);
#298=VECTOR('',#2743,1.);
#299=VECTOR('',#2750,1.);
#300=VECTOR('',#2753,1.);
#301=VECTOR('',#2756,1.);
#302=VECTOR('',#2759,1.);
#303=VECTOR('',#2760,1.);
#304=VECTOR('',#2763,1.);
#305=VECTOR('',#2774,1.);
#306=VECTOR('',#2777,1.);
#307=VECTOR('',#2780,1.);
#308=VECTOR('',#2783,1.);
#309=VECTOR('',#2784,1.);
#310=VECTOR('',#2787,1.);
#311=VECTOR('',#2788,1.);
#312=VECTOR('',#2789,1.);
#313=VECTOR('',#2790,1.);
#314=VECTOR('',#2793,1.);
#315=VECTOR('',#2794,1.);
#316=VECTOR('',#2797,1.);
#317=VECTOR('',#2798,1.);
#318=VECTOR('',#2799,1.);
#319=VECTOR('',#2804,1.);
#320=VECTOR('',#2805,1.);
#321=VECTOR('',#2808,1.);
#322=VECTOR('',#2809,1.);
#323=VECTOR('',#2814,1.);
#324=VECTOR('',#2817,1.);
#325=VECTOR('',#2822,1.);
#326=VECTOR('',#2823,1.);
#327=VECTOR('',#2826,1.);
#328=VECTOR('',#2827,1.);
#329=VECTOR('',#2832,1.);
#330=VECTOR('',#2835,1.);
#331=VECTOR('',#2844,1.);
#332=VECTOR('',#2847,1.);
#333=VECTOR('',#2848,1.);
#334=VECTOR('',#2853,1.);
#335=VECTOR('',#2856,1.);
#336=VECTOR('',#2857,1.);
#337=VECTOR('',#2862,1.);
#338=VECTOR('',#2865,1.);
#339=VECTOR('',#2866,1.);
#340=VECTOR('',#2873,1.);
#341=VECTOR('',#2886,1.);
#342=VECTOR('',#2889,1.);
#343=VECTOR('',#2892,1.);
#344=VECTOR('',#2895,1.);
#345=VECTOR('',#2898,1.);
#346=VECTOR('',#2899,1.);
#347=VECTOR('',#2904,1.);
#348=VECTOR('',#2907,1.);
#349=VECTOR('',#2914,1.);
#350=VECTOR('',#2917,1.);
#351=VECTOR('',#2920,1.);
#352=VECTOR('',#2923,1.);
#353=VECTOR('',#2926,1.);
#354=VECTOR('',#2927,1.);
#355=VECTOR('',#2932,1.);
#356=VECTOR('',#2935,1.);
#357=PLANE('',#2092);
#358=PLANE('',#2104);
#359=PLANE('',#2127);
#360=PLANE('',#2134);
#361=PLANE('',#2135);
#362=PLANE('',#2138);
#363=PLANE('',#2139);
#364=PLANE('',#2140);
#365=PLANE('',#2141);
#366=PLANE('',#2146);
#367=PLANE('',#2148);
#368=PLANE('',#2150);
#369=PLANE('',#2151);
#370=PLANE('',#2152);
#371=PLANE('',#2154);
#372=PLANE('',#2160);
#373=PLANE('',#2164);
#374=PLANE('',#2168);
#375=PLANE('',#2176);
#376=PLANE('',#2180);
#377=PLANE('',#2189);
#378=PLANE('',#2190);
#379=PLANE('',#2191);
#380=PLANE('',#2192);
#381=PLANE('',#2203);
#382=PLANE('',#2204);
#383=PLANE('',#2205);
#384=PLANE('',#2209);
#385=PLANE('',#2212);
#386=PLANE('',#2215);
#387=PLANE('',#2216);
#388=PLANE('',#2217);
#389=PLANE('',#2218);
#390=PLANE('',#2219);
#391=PLANE('',#2220);
#392=PLANE('',#2221);
#393=PLANE('',#2222);
#394=PLANE('',#2223);
#395=PLANE('',#2224);
#396=PLANE('',#2225);
#397=PLANE('',#2226);
#398=PLANE('',#2227);
#399=PLANE('',#2228);
#400=PLANE('',#2229);
#401=PLANE('',#2230);
#402=PLANE('',#2231);
#403=PLANE('',#2232);
#404=PLANE('',#2233);
#405=PLANE('',#2236);
#406=PLANE('',#2240);
#407=PLANE('',#2244);
#408=PLANE('',#2247);
#409=PLANE('',#2252);
#410=PLANE('',#2253);
#411=PLANE('',#2254);
#412=PLANE('',#2256);
#413=PLANE('',#2261);
#414=PLANE('',#2262);
#415=PLANE('',#2263);
#416=PLANE('',#2266);
#417=PLANE('',#2269);
#418=PLANE('',#2272);
#419=PLANE('',#2275);
#420=PLANE('',#2280);
#421=PLANE('',#2283);
#422=PLANE('',#2286);
#423=PLANE('',#2289);
#424=PLANE('',#2290);
#425=PLANE('',#2291);
#426=PLANE('',#2292);
#427=PLANE('',#2293);
#428=PLANE('',#2297);
#429=PLANE('',#2299);
#430=PLANE('',#2300);
#431=PLANE('',#2302);
#432=PLANE('',#2307);
#433=PLANE('',#2309);
#434=PLANE('',#2310);
#435=PLANE('',#2312);
#436=CONICAL_SURFACE('',#2090,0.00139999999999998,0.785398163397449);
#437=CONICAL_SURFACE('',#2206,0.0119499999995914,0.438336559857965);
#438=CONICAL_SURFACE('',#2210,0.0119499999995915,0.438336559857956);
#439=CONICAL_SURFACE('',#2213,0.0119499999999576,0.438336559857961);
#440=ORIENTED_EDGE('',*,*,#992,.T.);
#441=ORIENTED_EDGE('',*,*,#993,.T.);
#442=ORIENTED_EDGE('',*,*,#992,.F.);
#443=ORIENTED_EDGE('',*,*,#994,.T.);
#444=ORIENTED_EDGE('',*,*,#995,.T.);
#445=ORIENTED_EDGE('',*,*,#996,.T.);
#446=ORIENTED_EDGE('',*,*,#997,.T.);
#447=ORIENTED_EDGE('',*,*,#998,.T.);
#448=ORIENTED_EDGE('',*,*,#999,.T.);
#449=ORIENTED_EDGE('',*,*,#1000,.T.);
#450=ORIENTED_EDGE('',*,*,#1001,.T.);
#451=ORIENTED_EDGE('',*,*,#1002,.T.);
#452=ORIENTED_EDGE('',*,*,#993,.F.);
#453=ORIENTED_EDGE('',*,*,#1003,.T.);
#454=ORIENTED_EDGE('',*,*,#1004,.T.);
#455=ORIENTED_EDGE('',*,*,#1005,.T.);
#456=ORIENTED_EDGE('',*,*,#1006,.T.);
#457=ORIENTED_EDGE('',*,*,#1007,.T.);
#458=ORIENTED_EDGE('',*,*,#1008,.T.);
#459=ORIENTED_EDGE('',*,*,#1009,.T.);
#460=ORIENTED_EDGE('',*,*,#994,.F.);
#461=ORIENTED_EDGE('',*,*,#1010,.F.);
#462=ORIENTED_EDGE('',*,*,#995,.F.);
#463=ORIENTED_EDGE('',*,*,#996,.F.);
#464=ORIENTED_EDGE('',*,*,#1011,.F.);
#465=ORIENTED_EDGE('',*,*,#997,.F.);
#466=ORIENTED_EDGE('',*,*,#1012,.F.);
#467=ORIENTED_EDGE('',*,*,#1013,.F.);
#468=ORIENTED_EDGE('',*,*,#1014,.F.);
#469=ORIENTED_EDGE('',*,*,#1015,.F.);
#470=ORIENTED_EDGE('',*,*,#1016,.F.);
#471=ORIENTED_EDGE('',*,*,#1012,.T.);
#472=ORIENTED_EDGE('',*,*,#998,.F.);
#473=ORIENTED_EDGE('',*,*,#1014,.T.);
#474=ORIENTED_EDGE('',*,*,#1017,.F.);
#475=ORIENTED_EDGE('',*,*,#999,.F.);
#476=ORIENTED_EDGE('',*,*,#1018,.F.);
#477=ORIENTED_EDGE('',*,*,#1019,.F.);
#478=ORIENTED_EDGE('',*,*,#1020,.F.);
#479=ORIENTED_EDGE('',*,*,#1021,.F.);
#480=ORIENTED_EDGE('',*,*,#1018,.T.);
#481=ORIENTED_EDGE('',*,*,#1000,.F.);
#482=ORIENTED_EDGE('',*,*,#1017,.T.);
#483=ORIENTED_EDGE('',*,*,#1022,.F.);
#484=ORIENTED_EDGE('',*,*,#1001,.F.);
#485=ORIENTED_EDGE('',*,*,#1023,.F.);
#486=ORIENTED_EDGE('',*,*,#1002,.F.);
#487=ORIENTED_EDGE('',*,*,#1003,.F.);
#488=ORIENTED_EDGE('',*,*,#1024,.T.);
#489=ORIENTED_EDGE('',*,*,#1025,.T.);
#490=ORIENTED_EDGE('',*,*,#1026,.T.);
#491=ORIENTED_EDGE('',*,*,#1005,.F.);
#492=ORIENTED_EDGE('',*,*,#1027,.T.);
#493=ORIENTED_EDGE('',*,*,#1028,.T.);
#494=ORIENTED_EDGE('',*,*,#1029,.F.);
#495=ORIENTED_EDGE('',*,*,#1030,.T.);
#496=ORIENTED_EDGE('',*,*,#1031,.F.);
#497=ORIENTED_EDGE('',*,*,#1032,.T.);
#498=ORIENTED_EDGE('',*,*,#1033,.F.);
#499=ORIENTED_EDGE('',*,*,#1034,.T.);
#500=ORIENTED_EDGE('',*,*,#1035,.F.);
#501=ORIENTED_EDGE('',*,*,#1036,.T.);
#502=ORIENTED_EDGE('',*,*,#1027,.F.);
#503=ORIENTED_EDGE('',*,*,#1004,.F.);
#504=ORIENTED_EDGE('',*,*,#1037,.T.);
#505=ORIENTED_EDGE('',*,*,#1038,.T.);
#506=ORIENTED_EDGE('',*,*,#1037,.F.);
#507=ORIENTED_EDGE('',*,*,#1009,.F.);
#508=ORIENTED_EDGE('',*,*,#1039,.T.);
#509=ORIENTED_EDGE('',*,*,#1040,.T.);
#510=ORIENTED_EDGE('',*,*,#1039,.F.);
#511=ORIENTED_EDGE('',*,*,#1008,.F.);
#512=ORIENTED_EDGE('',*,*,#1041,.T.);
#513=ORIENTED_EDGE('',*,*,#1042,.T.);
#514=ORIENTED_EDGE('',*,*,#1043,.T.);
#515=ORIENTED_EDGE('',*,*,#1044,.T.);
#516=ORIENTED_EDGE('',*,*,#1045,.T.);
#517=ORIENTED_EDGE('',*,*,#1046,.T.);
#518=ORIENTED_EDGE('',*,*,#1047,.T.);
#519=ORIENTED_EDGE('',*,*,#1048,.T.);
#520=ORIENTED_EDGE('',*,*,#1041,.F.);
#521=ORIENTED_EDGE('',*,*,#1007,.F.);
#522=ORIENTED_EDGE('',*,*,#1049,.T.);
#523=ORIENTED_EDGE('',*,*,#1050,.T.);
#524=ORIENTED_EDGE('',*,*,#1049,.F.);
#525=ORIENTED_EDGE('',*,*,#1006,.F.);
#526=ORIENTED_EDGE('',*,*,#1026,.F.);
#527=ORIENTED_EDGE('',*,*,#1051,.T.);
#528=ORIENTED_EDGE('',*,*,#1052,.T.);
#529=ORIENTED_EDGE('',*,*,#1053,.T.);
#530=ORIENTED_EDGE('',*,*,#1054,.T.);
#531=ORIENTED_EDGE('',*,*,#1010,.T.);
#532=ORIENTED_EDGE('',*,*,#1011,.T.);
#533=ORIENTED_EDGE('',*,*,#1055,.F.);
#534=ORIENTED_EDGE('',*,*,#1015,.T.);
#535=ORIENTED_EDGE('',*,*,#1020,.T.);
#536=ORIENTED_EDGE('',*,*,#1056,.F.);
#537=ORIENTED_EDGE('',*,*,#1057,.F.);
#538=ORIENTED_EDGE('',*,*,#1058,.F.);
#539=ORIENTED_EDGE('',*,*,#1059,.F.);
#540=ORIENTED_EDGE('',*,*,#1060,.F.);
#541=ORIENTED_EDGE('',*,*,#1061,.F.);
#542=ORIENTED_EDGE('',*,*,#1062,.F.);
#543=ORIENTED_EDGE('',*,*,#1051,.F.);
#544=ORIENTED_EDGE('',*,*,#1025,.F.);
#545=ORIENTED_EDGE('',*,*,#1036,.F.);
#546=ORIENTED_EDGE('',*,*,#1038,.F.);
#547=ORIENTED_EDGE('',*,*,#1040,.F.);
#548=ORIENTED_EDGE('',*,*,#1063,.F.);
#549=ORIENTED_EDGE('',*,*,#1064,.F.);
#550=ORIENTED_EDGE('',*,*,#1065,.F.);
#551=ORIENTED_EDGE('',*,*,#1066,.F.);
#552=ORIENTED_EDGE('',*,*,#1067,.F.);
#553=ORIENTED_EDGE('',*,*,#1068,.T.);
#554=ORIENTED_EDGE('',*,*,#1016,.T.);
#555=ORIENTED_EDGE('',*,*,#1013,.T.);
#556=ORIENTED_EDGE('',*,*,#1069,.T.);
#557=ORIENTED_EDGE('',*,*,#1021,.T.);
#558=ORIENTED_EDGE('',*,*,#1019,.T.);
#559=ORIENTED_EDGE('',*,*,#1022,.T.);
#560=ORIENTED_EDGE('',*,*,#1023,.T.);
#561=ORIENTED_EDGE('',*,*,#1070,.T.);
#562=ORIENTED_EDGE('',*,*,#1024,.F.);
#563=ORIENTED_EDGE('',*,*,#1071,.F.);
#564=ORIENTED_EDGE('',*,*,#1030,.F.);
#565=ORIENTED_EDGE('',*,*,#1072,.F.);
#566=ORIENTED_EDGE('',*,*,#1073,.F.);
#567=ORIENTED_EDGE('',*,*,#1074,.F.);
#568=ORIENTED_EDGE('',*,*,#1075,.F.);
#569=ORIENTED_EDGE('',*,*,#1076,.F.);
#570=ORIENTED_EDGE('',*,*,#1077,.F.);
#571=ORIENTED_EDGE('',*,*,#1078,.F.);
#572=ORIENTED_EDGE('',*,*,#1029,.T.);
#573=ORIENTED_EDGE('',*,*,#1028,.F.);
#574=ORIENTED_EDGE('',*,*,#1035,.T.);
#575=ORIENTED_EDGE('',*,*,#1079,.T.);
#576=ORIENTED_EDGE('',*,*,#1080,.T.);
#577=ORIENTED_EDGE('',*,*,#1072,.T.);
#578=ORIENTED_EDGE('',*,*,#1081,.T.);
#579=ORIENTED_EDGE('',*,*,#1082,.T.);
#580=ORIENTED_EDGE('',*,*,#1079,.F.);
#581=ORIENTED_EDGE('',*,*,#1034,.F.);
#582=ORIENTED_EDGE('',*,*,#1083,.T.);
#583=ORIENTED_EDGE('',*,*,#1084,.T.);
#584=ORIENTED_EDGE('',*,*,#1085,.F.);
#585=ORIENTED_EDGE('',*,*,#1086,.T.);
#586=ORIENTED_EDGE('',*,*,#1087,.F.);
#587=ORIENTED_EDGE('',*,*,#1031,.T.);
#588=ORIENTED_EDGE('',*,*,#1078,.T.);
#589=ORIENTED_EDGE('',*,*,#1088,.T.);
#590=ORIENTED_EDGE('',*,*,#1083,.F.);
#591=ORIENTED_EDGE('',*,*,#1033,.T.);
#592=ORIENTED_EDGE('',*,*,#1032,.F.);
#593=ORIENTED_EDGE('',*,*,#1063,.T.);
#594=ORIENTED_EDGE('',*,*,#1045,.F.);
#595=ORIENTED_EDGE('',*,*,#1089,.T.);
#596=ORIENTED_EDGE('',*,*,#1089,.F.);
#597=ORIENTED_EDGE('',*,*,#1044,.F.);
#598=ORIENTED_EDGE('',*,*,#1090,.T.);
#599=ORIENTED_EDGE('',*,*,#1064,.T.);
#600=ORIENTED_EDGE('',*,*,#1054,.F.);
#601=ORIENTED_EDGE('',*,*,#1091,.T.);
#602=ORIENTED_EDGE('',*,*,#1065,.T.);
#603=ORIENTED_EDGE('',*,*,#1090,.F.);
#604=ORIENTED_EDGE('',*,*,#1043,.F.);
#605=ORIENTED_EDGE('',*,*,#1092,.T.);
#606=ORIENTED_EDGE('',*,*,#1093,.T.);
#607=ORIENTED_EDGE('',*,*,#1094,.T.);
#608=ORIENTED_EDGE('',*,*,#1095,.T.);
#609=ORIENTED_EDGE('',*,*,#1096,.T.);
#610=ORIENTED_EDGE('',*,*,#1097,.T.);
#611=ORIENTED_EDGE('',*,*,#1098,.T.);
#612=ORIENTED_EDGE('',*,*,#1099,.T.);
#613=ORIENTED_EDGE('',*,*,#1100,.T.);
#614=ORIENTED_EDGE('',*,*,#1048,.F.);
#615=ORIENTED_EDGE('',*,*,#1101,.T.);
#616=ORIENTED_EDGE('',*,*,#1092,.F.);
#617=ORIENTED_EDGE('',*,*,#1042,.F.);
#618=ORIENTED_EDGE('',*,*,#1102,.T.);
#619=ORIENTED_EDGE('',*,*,#1103,.T.);
#620=ORIENTED_EDGE('',*,*,#1104,.T.);
#621=ORIENTED_EDGE('',*,*,#1105,.T.);
#622=ORIENTED_EDGE('',*,*,#1047,.F.);
#623=ORIENTED_EDGE('',*,*,#1106,.T.);
#624=ORIENTED_EDGE('',*,*,#1093,.F.);
#625=ORIENTED_EDGE('',*,*,#1101,.F.);
#626=ORIENTED_EDGE('',*,*,#1046,.F.);
#627=ORIENTED_EDGE('',*,*,#1050,.F.);
#628=ORIENTED_EDGE('',*,*,#1094,.F.);
#629=ORIENTED_EDGE('',*,*,#1106,.F.);
#630=ORIENTED_EDGE('',*,*,#1107,.T.);
#631=ORIENTED_EDGE('',*,*,#1066,.T.);
#632=ORIENTED_EDGE('',*,*,#1091,.F.);
#633=ORIENTED_EDGE('',*,*,#1053,.F.);
#634=ORIENTED_EDGE('',*,*,#1052,.F.);
#635=ORIENTED_EDGE('',*,*,#1067,.T.);
#636=ORIENTED_EDGE('',*,*,#1107,.F.);
#637=ORIENTED_EDGE('',*,*,#1055,.T.);
#638=ORIENTED_EDGE('',*,*,#1108,.F.);
#639=ORIENTED_EDGE('',*,*,#1056,.T.);
#640=ORIENTED_EDGE('',*,*,#1109,.F.);
#641=ORIENTED_EDGE('',*,*,#1057,.T.);
#642=ORIENTED_EDGE('',*,*,#1110,.F.);
#643=ORIENTED_EDGE('',*,*,#1111,.F.);
#644=ORIENTED_EDGE('',*,*,#1058,.T.);
#645=ORIENTED_EDGE('',*,*,#1112,.F.);
#646=ORIENTED_EDGE('',*,*,#1113,.F.);
#647=ORIENTED_EDGE('',*,*,#1114,.F.);
#648=ORIENTED_EDGE('',*,*,#1062,.T.);
#649=ORIENTED_EDGE('',*,*,#1115,.T.);
#650=ORIENTED_EDGE('',*,*,#1116,.F.);
#651=ORIENTED_EDGE('',*,*,#1059,.T.);
#652=ORIENTED_EDGE('',*,*,#1114,.T.);
#653=ORIENTED_EDGE('',*,*,#1117,.F.);
#654=ORIENTED_EDGE('',*,*,#1118,.F.);
#655=ORIENTED_EDGE('',*,*,#1060,.T.);
#656=ORIENTED_EDGE('',*,*,#1116,.T.);
#657=ORIENTED_EDGE('',*,*,#1119,.F.);
#658=ORIENTED_EDGE('',*,*,#1120,.T.);
#659=ORIENTED_EDGE('',*,*,#1121,.T.);
#660=ORIENTED_EDGE('',*,*,#1112,.T.);
#661=ORIENTED_EDGE('',*,*,#1061,.T.);
#662=ORIENTED_EDGE('',*,*,#1118,.T.);
#663=ORIENTED_EDGE('',*,*,#1068,.F.);
#664=ORIENTED_EDGE('',*,*,#1122,.F.);
#665=ORIENTED_EDGE('',*,*,#1123,.F.);
#666=ORIENTED_EDGE('',*,*,#1069,.F.);
#667=ORIENTED_EDGE('',*,*,#1124,.T.);
#668=ORIENTED_EDGE('',*,*,#1125,.F.);
#669=ORIENTED_EDGE('',*,*,#1126,.T.);
#670=ORIENTED_EDGE('',*,*,#1127,.T.);
#671=ORIENTED_EDGE('',*,*,#1128,.T.);
#672=ORIENTED_EDGE('',*,*,#1129,.F.);
#673=ORIENTED_EDGE('',*,*,#1130,.T.);
#674=ORIENTED_EDGE('',*,*,#1131,.T.);
#675=ORIENTED_EDGE('',*,*,#1070,.F.);
#676=ORIENTED_EDGE('',*,*,#1071,.T.);
#677=ORIENTED_EDGE('',*,*,#1081,.F.);
#678=ORIENTED_EDGE('',*,*,#1073,.T.);
#679=ORIENTED_EDGE('',*,*,#1080,.F.);
#680=ORIENTED_EDGE('',*,*,#1082,.F.);
#681=ORIENTED_EDGE('',*,*,#1132,.T.);
#682=ORIENTED_EDGE('',*,*,#1075,.T.);
#683=ORIENTED_EDGE('',*,*,#1133,.T.);
#684=ORIENTED_EDGE('',*,*,#1086,.F.);
#685=ORIENTED_EDGE('',*,*,#1134,.T.);
#686=ORIENTED_EDGE('',*,*,#1077,.T.);
#687=ORIENTED_EDGE('',*,*,#1135,.T.);
#688=ORIENTED_EDGE('',*,*,#1084,.F.);
#689=ORIENTED_EDGE('',*,*,#1088,.F.);
#690=ORIENTED_EDGE('',*,*,#1136,.T.);
#691=ORIENTED_EDGE('',*,*,#1095,.F.);
#692=ORIENTED_EDGE('',*,*,#1137,.T.);
#693=ORIENTED_EDGE('',*,*,#1138,.T.);
#694=ORIENTED_EDGE('',*,*,#1139,.T.);
#695=ORIENTED_EDGE('',*,*,#1140,.T.);
#696=ORIENTED_EDGE('',*,*,#1141,.T.);
#697=ORIENTED_EDGE('',*,*,#1142,.T.);
#698=ORIENTED_EDGE('',*,*,#1137,.F.);
#699=ORIENTED_EDGE('',*,*,#1100,.F.);
#700=ORIENTED_EDGE('',*,*,#1141,.F.);
#701=ORIENTED_EDGE('',*,*,#1099,.F.);
#702=ORIENTED_EDGE('',*,*,#1143,.T.);
#703=ORIENTED_EDGE('',*,*,#1144,.T.);
#704=ORIENTED_EDGE('',*,*,#1145,.T.);
#705=ORIENTED_EDGE('',*,*,#1143,.F.);
#706=ORIENTED_EDGE('',*,*,#1098,.F.);
#707=ORIENTED_EDGE('',*,*,#1146,.T.);
#708=ORIENTED_EDGE('',*,*,#1146,.F.);
#709=ORIENTED_EDGE('',*,*,#1097,.F.);
#710=ORIENTED_EDGE('',*,*,#1147,.T.);
#711=ORIENTED_EDGE('',*,*,#1148,.T.);
#712=ORIENTED_EDGE('',*,*,#1136,.F.);
#713=ORIENTED_EDGE('',*,*,#1149,.T.);
#714=ORIENTED_EDGE('',*,*,#1147,.F.);
#715=ORIENTED_EDGE('',*,*,#1096,.F.);
#716=ORIENTED_EDGE('',*,*,#1150,.T.);
#717=ORIENTED_EDGE('',*,*,#1151,.F.);
#718=ORIENTED_EDGE('',*,*,#1152,.F.);
#719=ORIENTED_EDGE('',*,*,#1153,.T.);
#720=ORIENTED_EDGE('',*,*,#1103,.F.);
#721=ORIENTED_EDGE('',*,*,#1154,.T.);
#722=ORIENTED_EDGE('',*,*,#1155,.T.);
#723=ORIENTED_EDGE('',*,*,#1150,.F.);
#724=ORIENTED_EDGE('',*,*,#1102,.F.);
#725=ORIENTED_EDGE('',*,*,#1156,.F.);
#726=ORIENTED_EDGE('',*,*,#1157,.F.);
#727=ORIENTED_EDGE('',*,*,#1154,.F.);
#728=ORIENTED_EDGE('',*,*,#1105,.F.);
#729=ORIENTED_EDGE('',*,*,#1158,.F.);
#730=ORIENTED_EDGE('',*,*,#1158,.T.);
#731=ORIENTED_EDGE('',*,*,#1104,.F.);
#732=ORIENTED_EDGE('',*,*,#1153,.F.);
#733=ORIENTED_EDGE('',*,*,#1159,.T.);
#734=ORIENTED_EDGE('',*,*,#1108,.T.);
#735=ORIENTED_EDGE('',*,*,#1109,.T.);
#736=ORIENTED_EDGE('',*,*,#1110,.T.);
#737=ORIENTED_EDGE('',*,*,#1111,.T.);
#738=ORIENTED_EDGE('',*,*,#1121,.F.);
#739=ORIENTED_EDGE('',*,*,#1160,.F.);
#740=ORIENTED_EDGE('',*,*,#1117,.T.);
#741=ORIENTED_EDGE('',*,*,#1113,.T.);
#742=ORIENTED_EDGE('',*,*,#1120,.F.);
#743=ORIENTED_EDGE('',*,*,#1119,.T.);
#744=ORIENTED_EDGE('',*,*,#1115,.F.);
#745=ORIENTED_EDGE('',*,*,#1160,.T.);
#746=ORIENTED_EDGE('',*,*,#1122,.T.);
#747=ORIENTED_EDGE('',*,*,#1123,.T.);
#748=ORIENTED_EDGE('',*,*,#1161,.T.);
#749=ORIENTED_EDGE('',*,*,#1126,.F.);
#750=ORIENTED_EDGE('',*,*,#1162,.T.);
#751=ORIENTED_EDGE('',*,*,#1128,.F.);
#752=ORIENTED_EDGE('',*,*,#1161,.F.);
#753=ORIENTED_EDGE('',*,*,#1127,.F.);
#754=ORIENTED_EDGE('',*,*,#1163,.T.);
#755=ORIENTED_EDGE('',*,*,#1130,.F.);
#756=ORIENTED_EDGE('',*,*,#1164,.T.);
#757=ORIENTED_EDGE('',*,*,#1124,.F.);
#758=ORIENTED_EDGE('',*,*,#1163,.F.);
#759=ORIENTED_EDGE('',*,*,#1131,.F.);
#760=ORIENTED_EDGE('',*,*,#1074,.T.);
#761=ORIENTED_EDGE('',*,*,#1132,.F.);
#762=ORIENTED_EDGE('',*,*,#1087,.T.);
#763=ORIENTED_EDGE('',*,*,#1133,.F.);
#764=ORIENTED_EDGE('',*,*,#1076,.T.);
#765=ORIENTED_EDGE('',*,*,#1134,.F.);
#766=ORIENTED_EDGE('',*,*,#1085,.T.);
#767=ORIENTED_EDGE('',*,*,#1135,.F.);
#768=ORIENTED_EDGE('',*,*,#1165,.T.);
#769=ORIENTED_EDGE('',*,*,#1140,.F.);
#770=ORIENTED_EDGE('',*,*,#1166,.T.);
#771=ORIENTED_EDGE('',*,*,#1167,.T.);
#772=ORIENTED_EDGE('',*,*,#1168,.T.);
#773=ORIENTED_EDGE('',*,*,#1166,.F.);
#774=ORIENTED_EDGE('',*,*,#1139,.F.);
#775=ORIENTED_EDGE('',*,*,#1169,.T.);
#776=ORIENTED_EDGE('',*,*,#1170,.T.);
#777=ORIENTED_EDGE('',*,*,#1171,.F.);
#778=ORIENTED_EDGE('',*,*,#1172,.T.);
#779=ORIENTED_EDGE('',*,*,#1173,.T.);
#780=ORIENTED_EDGE('',*,*,#1169,.F.);
#781=ORIENTED_EDGE('',*,*,#1138,.F.);
#782=ORIENTED_EDGE('',*,*,#1142,.F.);
#783=ORIENTED_EDGE('',*,*,#1174,.T.);
#784=ORIENTED_EDGE('',*,*,#1175,.T.);
#785=ORIENTED_EDGE('',*,*,#1170,.F.);
#786=ORIENTED_EDGE('',*,*,#1176,.T.);
#787=ORIENTED_EDGE('',*,*,#1177,.T.);
#788=ORIENTED_EDGE('',*,*,#1178,.T.);
#789=ORIENTED_EDGE('',*,*,#1174,.F.);
#790=ORIENTED_EDGE('',*,*,#1144,.F.);
#791=ORIENTED_EDGE('',*,*,#1179,.T.);
#792=ORIENTED_EDGE('',*,*,#1145,.F.);
#793=ORIENTED_EDGE('',*,*,#1180,.T.);
#794=ORIENTED_EDGE('',*,*,#1181,.T.);
#795=ORIENTED_EDGE('',*,*,#1179,.F.);
#796=ORIENTED_EDGE('',*,*,#1180,.F.);
#797=ORIENTED_EDGE('',*,*,#1148,.F.);
#798=ORIENTED_EDGE('',*,*,#1182,.T.);
#799=ORIENTED_EDGE('',*,*,#1183,.T.);
#800=ORIENTED_EDGE('',*,*,#1184,.T.);
#801=ORIENTED_EDGE('',*,*,#1185,.T.);
#802=ORIENTED_EDGE('',*,*,#1186,.T.);
#803=ORIENTED_EDGE('',*,*,#1187,.T.);
#804=ORIENTED_EDGE('',*,*,#1188,.T.);
#805=ORIENTED_EDGE('',*,*,#1189,.T.);
#806=ORIENTED_EDGE('',*,*,#1190,.T.);
#807=ORIENTED_EDGE('',*,*,#1191,.T.);
#808=ORIENTED_EDGE('',*,*,#1192,.T.);
#809=ORIENTED_EDGE('',*,*,#1182,.F.);
#810=ORIENTED_EDGE('',*,*,#1149,.F.);
#811=ORIENTED_EDGE('',*,*,#1165,.F.);
#812=ORIENTED_EDGE('',*,*,#1157,.T.);
#813=ORIENTED_EDGE('',*,*,#1193,.T.);
#814=ORIENTED_EDGE('',*,*,#1151,.T.);
#815=ORIENTED_EDGE('',*,*,#1155,.F.);
#816=ORIENTED_EDGE('',*,*,#1156,.T.);
#817=ORIENTED_EDGE('',*,*,#1159,.F.);
#818=ORIENTED_EDGE('',*,*,#1152,.T.);
#819=ORIENTED_EDGE('',*,*,#1193,.F.);
#820=ORIENTED_EDGE('',*,*,#1194,.T.);
#821=ORIENTED_EDGE('',*,*,#1164,.F.);
#822=ORIENTED_EDGE('',*,*,#1129,.T.);
#823=ORIENTED_EDGE('',*,*,#1162,.F.);
#824=ORIENTED_EDGE('',*,*,#1125,.T.);
#825=ORIENTED_EDGE('',*,*,#1195,.F.);
#826=ORIENTED_EDGE('',*,*,#1196,.F.);
#827=ORIENTED_EDGE('',*,*,#1197,.F.);
#828=ORIENTED_EDGE('',*,*,#1198,.F.);
#829=ORIENTED_EDGE('',*,*,#1199,.F.);
#830=ORIENTED_EDGE('',*,*,#1200,.F.);
#831=ORIENTED_EDGE('',*,*,#1201,.F.);
#832=ORIENTED_EDGE('',*,*,#1202,.F.);
#833=ORIENTED_EDGE('',*,*,#1176,.F.);
#834=ORIENTED_EDGE('',*,*,#1181,.F.);
#835=ORIENTED_EDGE('',*,*,#1183,.F.);
#836=ORIENTED_EDGE('',*,*,#1192,.F.);
#837=ORIENTED_EDGE('',*,*,#1167,.F.);
#838=ORIENTED_EDGE('',*,*,#1168,.F.);
#839=ORIENTED_EDGE('',*,*,#1173,.F.);
#840=ORIENTED_EDGE('',*,*,#1203,.F.);
#841=ORIENTED_EDGE('',*,*,#1204,.T.);
#842=ORIENTED_EDGE('',*,*,#1205,.T.);
#843=ORIENTED_EDGE('',*,*,#1203,.T.);
#844=ORIENTED_EDGE('',*,*,#1172,.F.);
#845=ORIENTED_EDGE('',*,*,#1206,.T.);
#846=ORIENTED_EDGE('',*,*,#1207,.T.);
#847=ORIENTED_EDGE('',*,*,#1208,.T.);
#848=ORIENTED_EDGE('',*,*,#1206,.F.);
#849=ORIENTED_EDGE('',*,*,#1171,.T.);
#850=ORIENTED_EDGE('',*,*,#1175,.F.);
#851=ORIENTED_EDGE('',*,*,#1178,.F.);
#852=ORIENTED_EDGE('',*,*,#1209,.T.);
#853=ORIENTED_EDGE('',*,*,#1209,.F.);
#854=ORIENTED_EDGE('',*,*,#1177,.F.);
#855=ORIENTED_EDGE('',*,*,#1202,.T.);
#856=ORIENTED_EDGE('',*,*,#1210,.T.);
#857=ORIENTED_EDGE('',*,*,#1211,.T.);
#858=ORIENTED_EDGE('',*,*,#1212,.T.);
#859=ORIENTED_EDGE('',*,*,#1213,.F.);
#860=ORIENTED_EDGE('',*,*,#1214,.F.);
#861=ORIENTED_EDGE('',*,*,#1184,.F.);
#862=ORIENTED_EDGE('',*,*,#1215,.F.);
#863=ORIENTED_EDGE('',*,*,#1187,.F.);
#864=ORIENTED_EDGE('',*,*,#1216,.F.);
#865=ORIENTED_EDGE('',*,*,#1217,.F.);
#866=ORIENTED_EDGE('',*,*,#1215,.T.);
#867=ORIENTED_EDGE('',*,*,#1218,.F.);
#868=ORIENTED_EDGE('',*,*,#1216,.T.);
#869=ORIENTED_EDGE('',*,*,#1186,.F.);
#870=ORIENTED_EDGE('',*,*,#1219,.F.);
#871=ORIENTED_EDGE('',*,*,#1185,.F.);
#872=ORIENTED_EDGE('',*,*,#1214,.T.);
#873=ORIENTED_EDGE('',*,*,#1220,.F.);
#874=ORIENTED_EDGE('',*,*,#1219,.T.);
#875=ORIENTED_EDGE('',*,*,#1221,.F.);
#876=ORIENTED_EDGE('',*,*,#1222,.F.);
#877=ORIENTED_EDGE('',*,*,#1188,.F.);
#878=ORIENTED_EDGE('',*,*,#1223,.F.);
#879=ORIENTED_EDGE('',*,*,#1191,.F.);
#880=ORIENTED_EDGE('',*,*,#1224,.F.);
#881=ORIENTED_EDGE('',*,*,#1225,.F.);
#882=ORIENTED_EDGE('',*,*,#1223,.T.);
#883=ORIENTED_EDGE('',*,*,#1226,.F.);
#884=ORIENTED_EDGE('',*,*,#1224,.T.);
#885=ORIENTED_EDGE('',*,*,#1190,.F.);
#886=ORIENTED_EDGE('',*,*,#1227,.F.);
#887=ORIENTED_EDGE('',*,*,#1189,.F.);
#888=ORIENTED_EDGE('',*,*,#1222,.T.);
#889=ORIENTED_EDGE('',*,*,#1228,.F.);
#890=ORIENTED_EDGE('',*,*,#1227,.T.);
#891=ORIENTED_EDGE('',*,*,#1229,.F.);
#892=ORIENTED_EDGE('',*,*,#1194,.F.);
#893=ORIENTED_EDGE('',*,*,#1230,.T.);
#894=ORIENTED_EDGE('',*,*,#1231,.T.);
#895=ORIENTED_EDGE('',*,*,#1195,.T.);
#896=ORIENTED_EDGE('',*,*,#1205,.F.);
#897=ORIENTED_EDGE('',*,*,#1232,.T.);
#898=ORIENTED_EDGE('',*,*,#1233,.T.);
#899=ORIENTED_EDGE('',*,*,#1196,.T.);
#900=ORIENTED_EDGE('',*,*,#1231,.F.);
#901=ORIENTED_EDGE('',*,*,#1234,.T.);
#902=ORIENTED_EDGE('',*,*,#1235,.T.);
#903=ORIENTED_EDGE('',*,*,#1197,.T.);
#904=ORIENTED_EDGE('',*,*,#1233,.F.);
#905=ORIENTED_EDGE('',*,*,#1236,.T.);
#906=ORIENTED_EDGE('',*,*,#1237,.T.);
#907=ORIENTED_EDGE('',*,*,#1198,.T.);
#908=ORIENTED_EDGE('',*,*,#1235,.F.);
#909=ORIENTED_EDGE('',*,*,#1238,.T.);
#910=ORIENTED_EDGE('',*,*,#1239,.T.);
#911=ORIENTED_EDGE('',*,*,#1199,.T.);
#912=ORIENTED_EDGE('',*,*,#1237,.F.);
#913=ORIENTED_EDGE('',*,*,#1240,.T.);
#914=ORIENTED_EDGE('',*,*,#1241,.T.);
#915=ORIENTED_EDGE('',*,*,#1200,.T.);
#916=ORIENTED_EDGE('',*,*,#1239,.F.);
#917=ORIENTED_EDGE('',*,*,#1242,.T.);
#918=ORIENTED_EDGE('',*,*,#1210,.F.);
#919=ORIENTED_EDGE('',*,*,#1201,.T.);
#920=ORIENTED_EDGE('',*,*,#1241,.F.);
#921=ORIENTED_EDGE('',*,*,#1232,.F.);
#922=ORIENTED_EDGE('',*,*,#1230,.F.);
#923=ORIENTED_EDGE('',*,*,#1204,.F.);
#924=ORIENTED_EDGE('',*,*,#1243,.F.);
#925=ORIENTED_EDGE('',*,*,#1211,.F.);
#926=ORIENTED_EDGE('',*,*,#1242,.F.);
#927=ORIENTED_EDGE('',*,*,#1240,.F.);
#928=ORIENTED_EDGE('',*,*,#1238,.F.);
#929=ORIENTED_EDGE('',*,*,#1236,.F.);
#930=ORIENTED_EDGE('',*,*,#1234,.F.);
#931=ORIENTED_EDGE('',*,*,#1243,.T.);
#932=ORIENTED_EDGE('',*,*,#1207,.F.);
#933=ORIENTED_EDGE('',*,*,#1208,.F.);
#934=ORIENTED_EDGE('',*,*,#1212,.F.);
#935=ORIENTED_EDGE('',*,*,#1218,.T.);
#936=ORIENTED_EDGE('',*,*,#1220,.T.);
#937=ORIENTED_EDGE('',*,*,#1213,.T.);
#938=ORIENTED_EDGE('',*,*,#1217,.T.);
#939=ORIENTED_EDGE('',*,*,#1226,.T.);
#940=ORIENTED_EDGE('',*,*,#1228,.T.);
#941=ORIENTED_EDGE('',*,*,#1221,.T.);
#942=ORIENTED_EDGE('',*,*,#1225,.T.);
#943=ORIENTED_EDGE('',*,*,#1229,.T.);
#944=ORIENTED_EDGE('',*,*,#1244,.F.);
#945=ORIENTED_EDGE('',*,*,#1245,.F.);
#946=ORIENTED_EDGE('',*,*,#1246,.F.);
#947=ORIENTED_EDGE('',*,*,#1247,.F.);
#948=ORIENTED_EDGE('',*,*,#1248,.F.);
#949=ORIENTED_EDGE('',*,*,#1249,.F.);
#950=ORIENTED_EDGE('',*,*,#1250,.F.);
#951=ORIENTED_EDGE('',*,*,#1244,.T.);
#952=ORIENTED_EDGE('',*,*,#1251,.F.);
#953=ORIENTED_EDGE('',*,*,#1252,.F.);
#954=ORIENTED_EDGE('',*,*,#1245,.T.);
#955=ORIENTED_EDGE('',*,*,#1250,.T.);
#956=ORIENTED_EDGE('',*,*,#1253,.T.);
#957=ORIENTED_EDGE('',*,*,#1254,.T.);
#958=ORIENTED_EDGE('',*,*,#1246,.T.);
#959=ORIENTED_EDGE('',*,*,#1252,.T.);
#960=ORIENTED_EDGE('',*,*,#1247,.T.);
#961=ORIENTED_EDGE('',*,*,#1254,.F.);
#962=ORIENTED_EDGE('',*,*,#1255,.F.);
#963=ORIENTED_EDGE('',*,*,#1248,.T.);
#964=ORIENTED_EDGE('',*,*,#1249,.T.);
#965=ORIENTED_EDGE('',*,*,#1255,.T.);
#966=ORIENTED_EDGE('',*,*,#1253,.F.);
#967=ORIENTED_EDGE('',*,*,#1251,.T.);
#968=ORIENTED_EDGE('',*,*,#1256,.F.);
#969=ORIENTED_EDGE('',*,*,#1257,.F.);
#970=ORIENTED_EDGE('',*,*,#1258,.F.);
#971=ORIENTED_EDGE('',*,*,#1259,.F.);
#972=ORIENTED_EDGE('',*,*,#1260,.F.);
#973=ORIENTED_EDGE('',*,*,#1261,.F.);
#974=ORIENTED_EDGE('',*,*,#1262,.F.);
#975=ORIENTED_EDGE('',*,*,#1256,.T.);
#976=ORIENTED_EDGE('',*,*,#1263,.F.);
#977=ORIENTED_EDGE('',*,*,#1264,.F.);
#978=ORIENTED_EDGE('',*,*,#1257,.T.);
#979=ORIENTED_EDGE('',*,*,#1262,.T.);
#980=ORIENTED_EDGE('',*,*,#1264,.T.);
#981=ORIENTED_EDGE('',*,*,#1265,.T.);
#982=ORIENTED_EDGE('',*,*,#1266,.T.);
#983=ORIENTED_EDGE('',*,*,#1258,.T.);
#984=ORIENTED_EDGE('',*,*,#1259,.T.);
#985=ORIENTED_EDGE('',*,*,#1266,.F.);
#986=ORIENTED_EDGE('',*,*,#1267,.F.);
#987=ORIENTED_EDGE('',*,*,#1260,.T.);
#988=ORIENTED_EDGE('',*,*,#1261,.T.);
#989=ORIENTED_EDGE('',*,*,#1267,.T.);
#990=ORIENTED_EDGE('',*,*,#1265,.F.);
#991=ORIENTED_EDGE('',*,*,#1263,.T.);
#992=EDGE_CURVE('',#1268,#1268,#1462,.F.);
#993=EDGE_CURVE('',#1269,#1269,#1463,.T.);
#994=EDGE_CURVE('',#1270,#1270,#1464,.T.);
#995=EDGE_CURVE('',#1271,#1271,#1465,.F.);
#996=EDGE_CURVE('',#1272,#1272,#1466,.F.);
#997=EDGE_CURVE('',#1273,#1274,#1467,.F.);
#998=EDGE_CURVE('',#1274,#1273,#1468,.F.);
#999=EDGE_CURVE('',#1275,#1276,#1469,.F.);
#1000=EDGE_CURVE('',#1276,#1275,#1470,.F.);
#1001=EDGE_CURVE('',#1277,#1277,#1471,.F.);
#1002=EDGE_CURVE('',#1278,#1278,#1472,.F.);
#1003=EDGE_CURVE('',#1279,#1279,#1473,.F.);
#1004=EDGE_CURVE('',#1280,#1281,#21,.F.);
#1005=EDGE_CURVE('',#1281,#1282,#1474,.T.);
#1006=EDGE_CURVE('',#1282,#1283,#22,.F.);
#1007=EDGE_CURVE('',#1283,#1284,#23,.T.);
#1008=EDGE_CURVE('',#1284,#1285,#24,.T.);
#1009=EDGE_CURVE('',#1285,#1280,#1475,.T.);
#1010=EDGE_CURVE('',#1286,#1286,#1476,.T.);
#1011=EDGE_CURVE('',#1287,#1287,#1477,.T.);
#1012=EDGE_CURVE('',#1288,#1273,#25,.T.);
#1013=EDGE_CURVE('',#1289,#1288,#1478,.F.);
#1014=EDGE_CURVE('',#1274,#1289,#26,.F.);
#1015=EDGE_CURVE('',#1290,#1290,#1479,.T.);
#1016=EDGE_CURVE('',#1288,#1289,#1480,.T.);
#1017=EDGE_CURVE('',#1276,#1291,#27,.F.);
#1018=EDGE_CURVE('',#1292,#1275,#28,.T.);
#1019=EDGE_CURVE('',#1291,#1292,#1481,.F.);
#1020=EDGE_CURVE('',#1293,#1293,#1482,.T.);
#1021=EDGE_CURVE('',#1292,#1291,#1483,.T.);
#1022=EDGE_CURVE('',#1294,#1294,#1484,.T.);
#1023=EDGE_CURVE('',#1295,#1295,#1485,.T.);
#1024=EDGE_CURVE('',#1296,#1296,#1486,.F.);
#1025=EDGE_CURVE('',#1297,#1298,#1487,.T.);
#1026=EDGE_CURVE('',#1298,#1282,#29,.T.);
#1027=EDGE_CURVE('',#1281,#1297,#30,.F.);
#1028=EDGE_CURVE('',#1299,#1300,#31,.T.);
#1029=EDGE_CURVE('',#1301,#1300,#1488,.F.);
#1030=EDGE_CURVE('',#1301,#1302,#32,.F.);
#1031=EDGE_CURVE('',#1303,#1302,#1489,.F.);
#1032=EDGE_CURVE('',#1303,#1304,#33,.F.);
#1033=EDGE_CURVE('',#1305,#1304,#1490,.T.);
#1034=EDGE_CURVE('',#1305,#1306,#34,.T.);
#1035=EDGE_CURVE('',#1299,#1306,#1491,.T.);
#1036=EDGE_CURVE('',#1307,#1297,#35,.T.);
#1037=EDGE_CURVE('',#1280,#1307,#36,.T.);
#1038=EDGE_CURVE('',#1308,#1307,#1492,.T.);
#1039=EDGE_CURVE('',#1285,#1308,#37,.F.);
#1040=EDGE_CURVE('',#1309,#1308,#38,.T.);
#1041=EDGE_CURVE('',#1284,#1310,#39,.T.);
#1042=EDGE_CURVE('',#1310,#1311,#40,.F.);
#1043=EDGE_CURVE('',#1311,#1312,#41,.T.);
#1044=EDGE_CURVE('',#1312,#1313,#42,.T.);
#1045=EDGE_CURVE('',#1313,#1309,#43,.T.);
#1046=EDGE_CURVE('',#1314,#1315,#1493,.T.);
#1047=EDGE_CURVE('',#1315,#1316,#44,.T.);
#1048=EDGE_CURVE('',#1316,#1310,#1494,.T.);
#1049=EDGE_CURVE('',#1283,#1314,#45,.F.);
#1050=EDGE_CURVE('',#1317,#1314,#46,.F.);
#1051=EDGE_CURVE('',#1298,#1318,#47,.T.);
#1052=EDGE_CURVE('',#1318,#1319,#48,.T.);
#1053=EDGE_CURVE('',#1319,#1320,#49,.T.);
#1054=EDGE_CURVE('',#1320,#1317,#50,.T.);
#1055=EDGE_CURVE('',#1321,#1321,#1495,.F.);
#1056=EDGE_CURVE('',#1322,#1322,#1496,.F.);
#1057=EDGE_CURVE('',#1323,#1323,#1497,.F.);
#1058=EDGE_CURVE('',#1324,#1324,#1498,.F.);
#1059=EDGE_CURVE('',#1325,#1326,#51,.T.);
#1060=EDGE_CURVE('',#1327,#1325,#52,.T.);
#1061=EDGE_CURVE('',#1328,#1327,#53,.T.);
#1062=EDGE_CURVE('',#1326,#1328,#54,.F.);
#1063=EDGE_CURVE('',#1329,#1309,#55,.T.);
#1064=EDGE_CURVE('',#1330,#1329,#56,.T.);
#1065=EDGE_CURVE('',#1331,#1330,#57,.F.);
#1066=EDGE_CURVE('',#1332,#1331,#58,.F.);
#1067=EDGE_CURVE('',#1318,#1332,#59,.T.);
#1068=EDGE_CURVE('',#1333,#1333,#1499,.F.);
#1069=EDGE_CURVE('',#1334,#1334,#1500,.F.);
#1070=EDGE_CURVE('',#1335,#1335,#1501,.F.);
#1071=EDGE_CURVE('',#1336,#1336,#1502,.F.);
#1072=EDGE_CURVE('',#1337,#1301,#1503,.F.);
#1073=EDGE_CURVE('',#1338,#1337,#60,.T.);
#1074=EDGE_CURVE('',#1339,#1338,#61,.T.);
#1075=EDGE_CURVE('',#1340,#1339,#62,.T.);
#1076=EDGE_CURVE('',#1341,#1340,#63,.T.);
#1077=EDGE_CURVE('',#1342,#1341,#64,.T.);
#1078=EDGE_CURVE('',#1302,#1342,#1504,.F.);
#1079=EDGE_CURVE('',#1306,#1343,#1505,.T.);
#1080=EDGE_CURVE('',#1343,#1337,#65,.F.);
#1081=EDGE_CURVE('',#1344,#1344,#1506,.F.);
#1082=EDGE_CURVE('',#1345,#1343,#66,.F.);
#1083=EDGE_CURVE('',#1305,#1346,#1507,.F.);
#1084=EDGE_CURVE('',#1346,#1347,#67,.T.);
#1085=EDGE_CURVE('',#1348,#1347,#68,.F.);
#1086=EDGE_CURVE('',#1348,#1349,#69,.F.);
#1087=EDGE_CURVE('',#1345,#1349,#70,.F.);
#1088=EDGE_CURVE('',#1342,#1346,#71,.T.);
#1089=EDGE_CURVE('',#1313,#1329,#1508,.T.);
#1090=EDGE_CURVE('',#1312,#1330,#1509,.T.);
#1091=EDGE_CURVE('',#1320,#1331,#1510,.F.);
#1092=EDGE_CURVE('',#1311,#1350,#1511,.F.);
#1093=EDGE_CURVE('',#1350,#1351,#72,.T.);
#1094=EDGE_CURVE('',#1351,#1317,#1512,.F.);
#1095=EDGE_CURVE('',#1352,#1353,#1513,.F.);
#1096=EDGE_CURVE('',#1353,#1354,#73,.F.);
#1097=EDGE_CURVE('',#1354,#1355,#1514,.F.);
#1098=EDGE_CURVE('',#1355,#1356,#74,.T.);
#1099=EDGE_CURVE('',#1356,#1357,#1515,.F.);
#1100=EDGE_CURVE('',#1357,#1352,#75,.T.);
#1101=EDGE_CURVE('',#1316,#1350,#76,.F.);
#1102=EDGE_CURVE('',#1358,#1359,#77,.T.);
#1103=EDGE_CURVE('',#1359,#1360,#78,.F.);
#1104=EDGE_CURVE('',#1360,#1361,#79,.F.);
#1105=EDGE_CURVE('',#1361,#1358,#80,.T.);
#1106=EDGE_CURVE('',#1315,#1351,#81,.F.);
#1107=EDGE_CURVE('',#1319,#1332,#1516,.F.);
#1108=EDGE_CURVE('',#1362,#1362,#1517,.F.);
#1109=EDGE_CURVE('',#1363,#1363,#1518,.F.);
#1110=EDGE_CURVE('',#1364,#1364,#1519,.F.);
#1111=EDGE_CURVE('',#1365,#1365,#1520,.F.);
#1112=EDGE_CURVE('',#1366,#1328,#82,.T.);
#1113=EDGE_CURVE('',#1367,#1366,#83,.F.);
#1114=EDGE_CURVE('',#1326,#1367,#84,.T.);
#1115=EDGE_CURVE('',#1368,#1369,#85,.F.);
#1116=EDGE_CURVE('',#1325,#1369,#86,.T.);
#1117=EDGE_CURVE('',#1368,#1367,#87,.T.);
#1118=EDGE_CURVE('',#1327,#1370,#88,.F.);
#1119=EDGE_CURVE('',#1370,#1369,#89,.T.);
#1120=EDGE_CURVE('',#1370,#1371,#90,.F.);
#1121=EDGE_CURVE('',#1371,#1366,#91,.T.);
#1122=EDGE_CURVE('',#1372,#1372,#1521,.T.);
#1123=EDGE_CURVE('',#1373,#1373,#1522,.T.);
#1124=EDGE_CURVE('',#1374,#1375,#92,.T.);
#1125=EDGE_CURVE('',#1376,#1375,#1523,.T.);
#1126=EDGE_CURVE('',#1376,#1377,#93,.F.);
#1127=EDGE_CURVE('',#1377,#1378,#1524,.F.);
#1128=EDGE_CURVE('',#1378,#1379,#94,.T.);
#1129=EDGE_CURVE('',#1380,#1379,#1525,.T.);
#1130=EDGE_CURVE('',#1380,#1381,#95,.F.);
#1131=EDGE_CURVE('',#1381,#1374,#1526,.F.);
#1132=EDGE_CURVE('',#1345,#1338,#96,.F.);
#1133=EDGE_CURVE('',#1339,#1349,#97,.T.);
#1134=EDGE_CURVE('',#1348,#1340,#98,.F.);
#1135=EDGE_CURVE('',#1341,#1347,#99,.T.);
#1136=EDGE_CURVE('',#1382,#1353,#14,.T.);
#1137=EDGE_CURVE('',#1352,#1383,#15,.T.);
#1138=EDGE_CURVE('',#1383,#1384,#1527,.F.);
#1139=EDGE_CURVE('',#1384,#1385,#16,.T.);
#1140=EDGE_CURVE('',#1385,#1382,#1528,.F.);
#1141=EDGE_CURVE('',#1357,#1386,#17,.T.);
#1142=EDGE_CURVE('',#1386,#1383,#100,.T.);
#1143=EDGE_CURVE('',#1356,#1387,#18,.F.);
#1144=EDGE_CURVE('',#1387,#1386,#1529,.F.);
#1145=EDGE_CURVE('',#1388,#1387,#101,.F.);
#1146=EDGE_CURVE('',#1355,#1388,#19,.T.);
#1147=EDGE_CURVE('',#1354,#1389,#20,.T.);
#1148=EDGE_CURVE('',#1389,#1388,#1530,.F.);
#1149=EDGE_CURVE('',#1382,#1389,#102,.F.);
#1150=EDGE_CURVE('',#1359,#1390,#103,.T.);
#1151=EDGE_CURVE('',#1391,#1390,#104,.F.);
#1152=EDGE_CURVE('',#1392,#1391,#105,.F.);
#1153=EDGE_CURVE('',#1392,#1360,#106,.T.);
#1154=EDGE_CURVE('',#1358,#1393,#107,.T.);
#1155=EDGE_CURVE('',#1393,#1390,#108,.T.);
#1156=EDGE_CURVE('',#1394,#1395,#109,.T.);
#1157=EDGE_CURVE('',#1393,#1394,#110,.T.);
#1158=EDGE_CURVE('',#1395,#1361,#111,.T.);
#1159=EDGE_CURVE('',#1392,#1395,#112,.F.);
#1160=EDGE_CURVE('',#1368,#1371,#113,.F.);
#1161=EDGE_CURVE('',#1378,#1377,#114,.T.);
#1162=EDGE_CURVE('',#1376,#1379,#115,.F.);
#1163=EDGE_CURVE('',#1374,#1381,#116,.T.);
#1164=EDGE_CURVE('',#1380,#1375,#117,.F.);
#1165=EDGE_CURVE('',#1396,#1382,#118,.T.);
#1166=EDGE_CURVE('',#1385,#1397,#119,.F.);
#1167=EDGE_CURVE('',#1397,#1396,#1531,.T.);
#1168=EDGE_CURVE('',#1398,#1397,#120,.T.);
#1169=EDGE_CURVE('',#1384,#1398,#121,.F.);
#1170=EDGE_CURVE('',#1383,#1399,#122,.F.);
#1171=EDGE_CURVE('',#1400,#1399,#1532,.F.);
#1172=EDGE_CURVE('',#1400,#1401,#123,.F.);
#1173=EDGE_CURVE('',#1401,#1398,#1533,.T.);
#1174=EDGE_CURVE('',#1386,#1402,#124,.F.);
#1175=EDGE_CURVE('',#1402,#1399,#125,.F.);
#1176=EDGE_CURVE('',#1403,#1404,#1534,.T.);
#1177=EDGE_CURVE('',#1404,#1405,#126,.T.);
#1178=EDGE_CURVE('',#1405,#1402,#1535,.T.);
#1179=EDGE_CURVE('',#1387,#1403,#127,.F.);
#1180=EDGE_CURVE('',#1388,#1406,#128,.T.);
#1181=EDGE_CURVE('',#1406,#1403,#129,.F.);
#1182=EDGE_CURVE('',#1389,#1407,#130,.F.);
#1183=EDGE_CURVE('',#1407,#1406,#1536,.T.);
#1184=EDGE_CURVE('',#1408,#1409,#1537,.F.);
#1185=EDGE_CURVE('',#1409,#1410,#131,.F.);
#1186=EDGE_CURVE('',#1410,#1411,#1538,.F.);
#1187=EDGE_CURVE('',#1411,#1408,#132,.T.);
#1188=EDGE_CURVE('',#1412,#1413,#1539,.F.);
#1189=EDGE_CURVE('',#1413,#1414,#133,.T.);
#1190=EDGE_CURVE('',#1414,#1415,#1540,.F.);
#1191=EDGE_CURVE('',#1415,#1412,#134,.F.);
#1192=EDGE_CURVE('',#1396,#1407,#135,.T.);
#1193=EDGE_CURVE('',#1394,#1391,#136,.T.);
#1194=EDGE_CURVE('',#1416,#1416,#1541,.F.);
#1195=EDGE_CURVE('',#1417,#1418,#1542,.F.);
#1196=EDGE_CURVE('',#1419,#1417,#137,.F.);
#1197=EDGE_CURVE('',#1420,#1419,#1543,.F.);
#1198=EDGE_CURVE('',#1421,#1420,#138,.F.);
#1199=EDGE_CURVE('',#1422,#1421,#1544,.F.);
#1200=EDGE_CURVE('',#1423,#1422,#139,.F.);
#1201=EDGE_CURVE('',#1424,#1423,#1545,.F.);
#1202=EDGE_CURVE('',#1404,#1424,#140,.T.);
#1203=EDGE_CURVE('',#1418,#1401,#141,.F.);
#1204=EDGE_CURVE('',#1425,#1426,#142,.T.);
#1205=EDGE_CURVE('',#1426,#1418,#143,.F.);
#1206=EDGE_CURVE('',#1400,#1427,#144,.F.);
#1207=EDGE_CURVE('',#1427,#1425,#145,.T.);
#1208=EDGE_CURVE('',#1428,#1427,#146,.T.);
#1209=EDGE_CURVE('',#1405,#1428,#147,.T.);
#1210=EDGE_CURVE('',#1424,#1429,#148,.F.);
#1211=EDGE_CURVE('',#1429,#1430,#149,.F.);
#1212=EDGE_CURVE('',#1430,#1428,#150,.T.);
#1213=EDGE_CURVE('',#1431,#1432,#1546,.T.);
#1214=EDGE_CURVE('',#1409,#1431,#151,.T.);
#1215=EDGE_CURVE('',#1432,#1408,#152,.F.);
#1216=EDGE_CURVE('',#1433,#1411,#153,.T.);
#1217=EDGE_CURVE('',#1432,#1433,#154,.F.);
#1218=EDGE_CURVE('',#1433,#1434,#1547,.T.);
#1219=EDGE_CURVE('',#1434,#1410,#155,.F.);
#1220=EDGE_CURVE('',#1434,#1431,#156,.T.);
#1221=EDGE_CURVE('',#1435,#1436,#1548,.T.);
#1222=EDGE_CURVE('',#1413,#1435,#157,.T.);
#1223=EDGE_CURVE('',#1436,#1412,#158,.F.);
#1224=EDGE_CURVE('',#1437,#1415,#159,.T.);
#1225=EDGE_CURVE('',#1436,#1437,#160,.T.);
#1226=EDGE_CURVE('',#1437,#1438,#1549,.T.);
#1227=EDGE_CURVE('',#1438,#1414,#161,.F.);
#1228=EDGE_CURVE('',#1438,#1435,#162,.F.);
#1229=EDGE_CURVE('',#1439,#1439,#1550,.T.);
#1230=EDGE_CURVE('',#1426,#1440,#1551,.T.);
#1231=EDGE_CURVE('',#1440,#1417,#163,.T.);
#1232=EDGE_CURVE('',#1440,#1441,#164,.T.);
#1233=EDGE_CURVE('',#1441,#1419,#165,.T.);
#1234=EDGE_CURVE('',#1441,#1442,#1552,.T.);
#1235=EDGE_CURVE('',#1442,#1420,#166,.T.);
#1236=EDGE_CURVE('',#1442,#1443,#167,.T.);
#1237=EDGE_CURVE('',#1443,#1421,#168,.T.);
#1238=EDGE_CURVE('',#1443,#1444,#1553,.T.);
#1239=EDGE_CURVE('',#1444,#1422,#169,.T.);
#1240=EDGE_CURVE('',#1444,#1445,#170,.T.);
#1241=EDGE_CURVE('',#1445,#1423,#171,.T.);
#1242=EDGE_CURVE('',#1445,#1429,#1554,.T.);
#1243=EDGE_CURVE('',#1430,#1425,#172,.T.);
#1244=EDGE_CURVE('',#1446,#1447,#1555,.F.);
#1245=EDGE_CURVE('',#1448,#1446,#173,.T.);
#1246=EDGE_CURVE('',#1449,#1448,#1556,.T.);
#1247=EDGE_CURVE('',#1447,#1449,#174,.F.);
#1248=EDGE_CURVE('',#1450,#1447,#175,.T.);
#1249=EDGE_CURVE('',#1451,#1450,#1557,.T.);
#1250=EDGE_CURVE('',#1446,#1451,#176,.T.);
#1251=EDGE_CURVE('',#1452,#1451,#177,.T.);
#1252=EDGE_CURVE('',#1448,#1452,#178,.F.);
#1253=EDGE_CURVE('',#1452,#1453,#1558,.T.);
#1254=EDGE_CURVE('',#1453,#1449,#179,.T.);
#1255=EDGE_CURVE('',#1450,#1453,#180,.F.);
#1256=EDGE_CURVE('',#1454,#1455,#1559,.F.);
#1257=EDGE_CURVE('',#1456,#1454,#181,.T.);
#1258=EDGE_CURVE('',#1457,#1456,#1560,.T.);
#1259=EDGE_CURVE('',#1455,#1457,#182,.F.);
#1260=EDGE_CURVE('',#1458,#1455,#183,.T.);
#1261=EDGE_CURVE('',#1459,#1458,#1561,.T.);
#1262=EDGE_CURVE('',#1454,#1459,#184,.T.);
#1263=EDGE_CURVE('',#1460,#1459,#185,.T.);
#1264=EDGE_CURVE('',#1456,#1460,#186,.F.);
#1265=EDGE_CURVE('',#1460,#1461,#1562,.T.);
#1266=EDGE_CURVE('',#1461,#1457,#187,.T.);
#1267=EDGE_CURVE('',#1458,#1461,#188,.F.);
#1268=VERTEX_POINT('',#2941);
#1269=VERTEX_POINT('',#2943);
#1270=VERTEX_POINT('',#2946);
#1271=VERTEX_POINT('',#2949);
#1272=VERTEX_POINT('',#2951);
#1273=VERTEX_POINT('',#2953);
#1274=VERTEX_POINT('',#2954);
#1275=VERTEX_POINT('',#2957);
#1276=VERTEX_POINT('',#2958);
#1277=VERTEX_POINT('',#2961);
#1278=VERTEX_POINT('',#2963);
#1279=VERTEX_POINT('',#2965);
#1280=VERTEX_POINT('',#2967);
#1281=VERTEX_POINT('',#2968);
#1282=VERTEX_POINT('',#2970);
#1283=VERTEX_POINT('',#2972);
#1284=VERTEX_POINT('',#2974);
#1285=VERTEX_POINT('',#2976);
#1286=VERTEX_POINT('',#2981);
#1287=VERTEX_POINT('',#2984);
#1288=VERTEX_POINT('',#2987);
#1289=VERTEX_POINT('',#2989);
#1290=VERTEX_POINT('',#2992);
#1291=VERTEX_POINT('',#2997);
#1292=VERTEX_POINT('',#2999);
#1293=VERTEX_POINT('',#3002);
#1294=VERTEX_POINT('',#3007);
#1295=VERTEX_POINT('',#3010);
#1296=VERTEX_POINT('',#3013);
#1297=VERTEX_POINT('',#3016);
#1298=VERTEX_POINT('',#3017);
#1299=VERTEX_POINT('',#3022);
#1300=VERTEX_POINT('',#3023);
#1301=VERTEX_POINT('',#3025);
#1302=VERTEX_POINT('',#3027);
#1303=VERTEX_POINT('',#3029);
#1304=VERTEX_POINT('',#3031);
#1305=VERTEX_POINT('',#3033);
#1306=VERTEX_POINT('',#3035);
#1307=VERTEX_POINT('',#3038);
#1308=VERTEX_POINT('',#3042);
#1309=VERTEX_POINT('',#3046);
#1310=VERTEX_POINT('',#3048);
#1311=VERTEX_POINT('',#3050);
#1312=VERTEX_POINT('',#3052);
#1313=VERTEX_POINT('',#3054);
#1314=VERTEX_POINT('',#3058);
#1315=VERTEX_POINT('',#3059);
#1316=VERTEX_POINT('',#3061);
#1317=VERTEX_POINT('',#3066);
#1318=VERTEX_POINT('',#3068);
#1319=VERTEX_POINT('',#3070);
#1320=VERTEX_POINT('',#3072);
#1321=VERTEX_POINT('',#3078);
#1322=VERTEX_POINT('',#3080);
#1323=VERTEX_POINT('',#3082);
#1324=VERTEX_POINT('',#3084);
#1325=VERTEX_POINT('',#3086);
#1326=VERTEX_POINT('',#3087);
#1327=VERTEX_POINT('',#3089);
#1328=VERTEX_POINT('',#3091);
#1329=VERTEX_POINT('',#3094);
#1330=VERTEX_POINT('',#3096);
#1331=VERTEX_POINT('',#3098);
#1332=VERTEX_POINT('',#3100);
#1333=VERTEX_POINT('',#3104);
#1334=VERTEX_POINT('',#3107);
#1335=VERTEX_POINT('',#3112);
#1336=VERTEX_POINT('',#3115);
#1337=VERTEX_POINT('',#3117);
#1338=VERTEX_POINT('',#3119);
#1339=VERTEX_POINT('',#3121);
#1340=VERTEX_POINT('',#3123);
#1341=VERTEX_POINT('',#3125);
#1342=VERTEX_POINT('',#3127);
#1343=VERTEX_POINT('',#3131);
#1344=VERTEX_POINT('',#3135);
#1345=VERTEX_POINT('',#3137);
#1346=VERTEX_POINT('',#3139);
#1347=VERTEX_POINT('',#3141);
#1348=VERTEX_POINT('',#3143);
#1349=VERTEX_POINT('',#3145);
#1350=VERTEX_POINT('',#3156);
#1351=VERTEX_POINT('',#3158);
#1352=VERTEX_POINT('',#3161);
#1353=VERTEX_POINT('',#3162);
#1354=VERTEX_POINT('',#3164);
#1355=VERTEX_POINT('',#3166);
#1356=VERTEX_POINT('',#3168);
#1357=VERTEX_POINT('',#3170);
#1358=VERTEX_POINT('',#3176);
#1359=VERTEX_POINT('',#3177);
#1360=VERTEX_POINT('',#3179);
#1361=VERTEX_POINT('',#3181);
#1362=VERTEX_POINT('',#3190);
#1363=VERTEX_POINT('',#3193);
#1364=VERTEX_POINT('',#3196);
#1365=VERTEX_POINT('',#3199);
#1366=VERTEX_POINT('',#3202);
#1367=VERTEX_POINT('',#3204);
#1368=VERTEX_POINT('',#3208);
#1369=VERTEX_POINT('',#3209);
#1370=VERTEX_POINT('',#3214);
#1371=VERTEX_POINT('',#3218);
#1372=VERTEX_POINT('',#3222);
#1373=VERTEX_POINT('',#3225);
#1374=VERTEX_POINT('',#3228);
#1375=VERTEX_POINT('',#3229);
#1376=VERTEX_POINT('',#3231);
#1377=VERTEX_POINT('',#3233);
#1378=VERTEX_POINT('',#3235);
#1379=VERTEX_POINT('',#3237);
#1380=VERTEX_POINT('',#3239);
#1381=VERTEX_POINT('',#3241);
#1382=VERTEX_POINT('',#3256);
#1383=VERTEX_POINT('',#3261);
#1384=VERTEX_POINT('',#3263);
#1385=VERTEX_POINT('',#3268);
#1386=VERTEX_POINT('',#3275);
#1387=VERTEX_POINT('',#3282);
#1388=VERTEX_POINT('',#3286);
#1389=VERTEX_POINT('',#3296);
#1390=VERTEX_POINT('',#3302);
#1391=VERTEX_POINT('',#3304);
#1392=VERTEX_POINT('',#3306);
#1393=VERTEX_POINT('',#3310);
#1394=VERTEX_POINT('',#3314);
#1395=VERTEX_POINT('',#3315);
#1396=VERTEX_POINT('',#3341);
#1397=VERTEX_POINT('',#3343);
#1398=VERTEX_POINT('',#3347);
#1399=VERTEX_POINT('',#3351);
#1400=VERTEX_POINT('',#3353);
#1401=VERTEX_POINT('',#3355);
#1402=VERTEX_POINT('',#3359);
#1403=VERTEX_POINT('',#3363);
#1404=VERTEX_POINT('',#3364);
#1405=VERTEX_POINT('',#3366);
#1406=VERTEX_POINT('',#3371);
#1407=VERTEX_POINT('',#3375);
#1408=VERTEX_POINT('',#3379);
#1409=VERTEX_POINT('',#3380);
#1410=VERTEX_POINT('',#3382);
#1411=VERTEX_POINT('',#3384);
#1412=VERTEX_POINT('',#3387);
#1413=VERTEX_POINT('',#3388);
#1414=VERTEX_POINT('',#3390);
#1415=VERTEX_POINT('',#3392);
#1416=VERTEX_POINT('',#3400);
#1417=VERTEX_POINT('',#3403);
#1418=VERTEX_POINT('',#3404);
#1419=VERTEX_POINT('',#3406);
#1420=VERTEX_POINT('',#3408);
#1421=VERTEX_POINT('',#3410);
#1422=VERTEX_POINT('',#3412);
#1423=VERTEX_POINT('',#3414);
#1424=VERTEX_POINT('',#3416);
#1425=VERTEX_POINT('',#3421);
#1426=VERTEX_POINT('',#3422);
#1427=VERTEX_POINT('',#3425);
#1428=VERTEX_POINT('',#3429);
#1429=VERTEX_POINT('',#3433);
#1430=VERTEX_POINT('',#3435);
#1431=VERTEX_POINT('',#3439);
#1432=VERTEX_POINT('',#3440);
#1433=VERTEX_POINT('',#3445);
#1434=VERTEX_POINT('',#3449);
#1435=VERTEX_POINT('',#3455);
#1436=VERTEX_POINT('',#3456);
#1437=VERTEX_POINT('',#3461);
#1438=VERTEX_POINT('',#3465);
#1439=VERTEX_POINT('',#3471);
#1440=VERTEX_POINT('',#3474);
#1441=VERTEX_POINT('',#3478);
#1442=VERTEX_POINT('',#3482);
#1443=VERTEX_POINT('',#3486);
#1444=VERTEX_POINT('',#3490);
#1445=VERTEX_POINT('',#3494);
#1446=VERTEX_POINT('',#3506);
#1447=VERTEX_POINT('',#3507);
#1448=VERTEX_POINT('',#3509);
#1449=VERTEX_POINT('',#3511);
#1450=VERTEX_POINT('',#3515);
#1451=VERTEX_POINT('',#3517);
#1452=VERTEX_POINT('',#3521);
#1453=VERTEX_POINT('',#3525);
#1454=VERTEX_POINT('',#3532);
#1455=VERTEX_POINT('',#3533);
#1456=VERTEX_POINT('',#3535);
#1457=VERTEX_POINT('',#3537);
#1458=VERTEX_POINT('',#3541);
#1459=VERTEX_POINT('',#3543);
#1460=VERTEX_POINT('',#3547);
#1461=VERTEX_POINT('',#3551);
#1462=CIRCLE('',#2088,0.00199);
#1463=CIRCLE('',#2089,0.00199);
#1464=CIRCLE('',#2091,0.00140000001013536);
#1465=CIRCLE('',#2093,0.000999999999999989);
#1466=CIRCLE('',#2094,0.0009);
#1467=CIRCLE('',#2095,0.00154);
#1468=CIRCLE('',#2096,0.0023);
#1469=CIRCLE('',#2097,0.00154);
#1470=CIRCLE('',#2098,0.0023);
#1471=CIRCLE('',#2099,0.0009);
#1472=CIRCLE('',#2100,0.001);
#1473=CIRCLE('',#2101,0.0035);
#1474=CIRCLE('',#2102,0.005);
#1475=CIRCLE('',#2103,0.005);
#1476=CIRCLE('',#2106,0.000999999999999989);
#1477=CIRCLE('',#2108,0.0009);
#1478=CIRCLE('',#2110,0.00154);
#1479=CIRCLE('',#2111,0.00154);
#1480=CIRCLE('',#2113,0.0023);
#1481=CIRCLE('',#2115,0.00154);
#1482=CIRCLE('',#2116,0.00154);
#1483=CIRCLE('',#2118,0.0023);
#1484=CIRCLE('',#2120,0.0009);
#1485=CIRCLE('',#2122,0.001);
#1486=CIRCLE('',#2124,0.0035);
#1487=CIRCLE('',#2126,0.005);
#1488=CIRCLE('',#2128,0.001);
#1489=CIRCLE('',#2129,0.001);
#1490=CIRCLE('',#2130,0.001);
#1491=CIRCLE('',#2131,0.001);
#1492=CIRCLE('',#2133,0.005);
#1493=CIRCLE('',#2136,0.0113);
#1494=CIRCLE('',#2137,0.0113);
#1495=CIRCLE('',#2142,0.0009);
#1496=CIRCLE('',#2143,0.001);
#1497=CIRCLE('',#2144,0.001);
#1498=CIRCLE('',#2145,0.0009);
#1499=CIRCLE('',#2147,0.001);
#1500=CIRCLE('',#2149,0.001);
#1501=CIRCLE('',#2153,0.0027);
#1502=CIRCLE('',#2155,0.001495);
#1503=CIRCLE('',#2156,0.001);
#1504=CIRCLE('',#2157,0.001);
#1505=CIRCLE('',#2159,0.001);
#1506=CIRCLE('',#2161,0.001495);
#1507=CIRCLE('',#2162,0.001);
#1508=CIRCLE('',#2165,0.0113);
#1509=CIRCLE('',#2167,0.0113);
#1510=CIRCLE('',#2169,0.0113);
#1511=CIRCLE('',#2170,0.0113);
#1512=CIRCLE('',#2171,0.0113);
#1513=CIRCLE('',#2172,0.0119500001322508);
#1514=CIRCLE('',#2173,0.0119500000524084);
#1515=CIRCLE('',#2174,0.0119500000814168);
#1516=CIRCLE('',#2179,0.0113);
#1517=CIRCLE('',#2182,0.0009);
#1518=CIRCLE('',#2184,0.001);
#1519=CIRCLE('',#2186,0.001);
#1520=CIRCLE('',#2188,0.0009);
#1521=CIRCLE('',#2194,0.001);
#1522=CIRCLE('',#2196,0.001);
#1523=CIRCLE('',#2198,0.0027);
#1524=CIRCLE('',#2199,0.0027);
#1525=CIRCLE('',#2200,0.0027);
#1526=CIRCLE('',#2201,0.0027);
#1527=CIRCLE('',#2207,0.0127000000008171);
#1528=CIRCLE('',#2208,0.0127000000001361);
#1529=CIRCLE('',#2211,0.0127000000000071);
#1530=CIRCLE('',#2214,0.0126999999999869);
#1531=CIRCLE('',#2235,0.0127);
#1532=CIRCLE('',#2238,0.0127);
#1533=CIRCLE('',#2239,0.0127);
#1534=CIRCLE('',#2242,0.0127);
#1535=CIRCLE('',#2243,0.0127);
#1536=CIRCLE('',#2246,0.0127);
#1537=CIRCLE('',#2248,0.001);
#1538=CIRCLE('',#2249,0.001);
#1539=CIRCLE('',#2250,0.001);
#1540=CIRCLE('',#2251,0.001);
#1541=CIRCLE('',#2255,0.0009);
#1542=CIRCLE('',#2257,0.0097);
#1543=CIRCLE('',#2258,0.0097);
#1544=CIRCLE('',#2259,0.0097);
#1545=CIRCLE('',#2260,0.0097);
#1546=CIRCLE('',#2265,0.001);
#1547=CIRCLE('',#2268,0.001);
#1548=CIRCLE('',#2271,0.001);
#1549=CIRCLE('',#2274,0.001);
#1550=CIRCLE('',#2277,0.0009);
#1551=CIRCLE('',#2279,0.0097);
#1552=CIRCLE('',#2282,0.0097);
#1553=CIRCLE('',#2285,0.0097);
#1554=CIRCLE('',#2288,0.0097);
#1555=CIRCLE('',#2295,0.001);
#1556=CIRCLE('',#2296,0.001);
#1557=CIRCLE('',#2298,0.001);
#1558=CIRCLE('',#2301,0.001);
#1559=CIRCLE('',#2305,0.001);
#1560=CIRCLE('',#2306,0.001);
#1561=CIRCLE('',#2308,0.001);
#1562=CIRCLE('',#2311,0.001);
#1563=EDGE_LOOP('',(#440));
#1564=EDGE_LOOP('',(#441));
#1565=EDGE_LOOP('',(#442));
#1566=EDGE_LOOP('',(#443));
#1567=EDGE_LOOP('',(#444));
#1568=EDGE_LOOP('',(#445));
#1569=EDGE_LOOP('',(#446,#447));
#1570=EDGE_LOOP('',(#448,#449));
#1571=EDGE_LOOP('',(#450));
#1572=EDGE_LOOP('',(#451));
#1573=EDGE_LOOP('',(#452));
#1574=EDGE_LOOP('',(#453));
#1575=EDGE_LOOP('',(#454,#455,#456,#457,#458,#459));
#1576=EDGE_LOOP('',(#460));
#1577=EDGE_LOOP('',(#461));
#1578=EDGE_LOOP('',(#462));
#1579=EDGE_LOOP('',(#463));
#1580=EDGE_LOOP('',(#464));
#1581=EDGE_LOOP('',(#465,#466,#467,#468));
#1582=EDGE_LOOP('',(#469));
#1583=EDGE_LOOP('',(#470,#471,#472,#473));
#1584=EDGE_LOOP('',(#474,#475,#476,#477));
#1585=EDGE_LOOP('',(#478));
#1586=EDGE_LOOP('',(#479,#480,#481,#482));
#1587=EDGE_LOOP('',(#483));
#1588=EDGE_LOOP('',(#484));
#1589=EDGE_LOOP('',(#485));
#1590=EDGE_LOOP('',(#486));
#1591=EDGE_LOOP('',(#487));
#1592=EDGE_LOOP('',(#488));
#1593=EDGE_LOOP('',(#489,#490,#491,#492));
#1594=EDGE_LOOP('',(#493,#494,#495,#496,#497,#498,#499,#500));
#1595=EDGE_LOOP('',(#501,#502,#503,#504));
#1596=EDGE_LOOP('',(#505,#506,#507,#508));
#1597=EDGE_LOOP('',(#509,#510,#511,#512,#513,#514,#515,#516));
#1598=EDGE_LOOP('',(#517,#518,#519,#520,#521,#522));
#1599=EDGE_LOOP('',(#523,#524,#525,#526,#527,#528,#529,#530));
#1600=EDGE_LOOP('',(#531));
#1601=EDGE_LOOP('',(#532));
#1602=EDGE_LOOP('',(#533));
#1603=EDGE_LOOP('',(#534));
#1604=EDGE_LOOP('',(#535));
#1605=EDGE_LOOP('',(#536));
#1606=EDGE_LOOP('',(#537));
#1607=EDGE_LOOP('',(#538));
#1608=EDGE_LOOP('',(#539,#540,#541,#542));
#1609=EDGE_LOOP('',(#543,#544,#545,#546,#547,#548,#549,#550,#551,#552));
#1610=EDGE_LOOP('',(#553));
#1611=EDGE_LOOP('',(#554,#555));
#1612=EDGE_LOOP('',(#556));
#1613=EDGE_LOOP('',(#557,#558));
#1614=EDGE_LOOP('',(#559));
#1615=EDGE_LOOP('',(#560));
#1616=EDGE_LOOP('',(#561));
#1617=EDGE_LOOP('',(#562));
#1618=EDGE_LOOP('',(#563));
#1619=EDGE_LOOP('',(#564,#565,#566,#567,#568,#569,#570,#571));
#1620=EDGE_LOOP('',(#572,#573,#574,#575,#576,#577));
#1621=EDGE_LOOP('',(#578));
#1622=EDGE_LOOP('',(#579,#580,#581,#582,#583,#584,#585,#586));
#1623=EDGE_LOOP('',(#587,#588,#589,#590,#591,#592));
#1624=EDGE_LOOP('',(#593,#594,#595));
#1625=EDGE_LOOP('',(#596,#597,#598,#599));
#1626=EDGE_LOOP('',(#600,#601,#602,#603,#604,#605,#606,#607));
#1627=EDGE_LOOP('',(#608,#609,#610,#611,#612,#613));
#1628=EDGE_LOOP('',(#614,#615,#616,#617));
#1629=EDGE_LOOP('',(#618,#619,#620,#621));
#1630=EDGE_LOOP('',(#622,#623,#624,#625));
#1631=EDGE_LOOP('',(#626,#627,#628,#629));
#1632=EDGE_LOOP('',(#630,#631,#632,#633));
#1633=EDGE_LOOP('',(#634,#635,#636));
#1634=EDGE_LOOP('',(#637));
#1635=EDGE_LOOP('',(#638));
#1636=EDGE_LOOP('',(#639));
#1637=EDGE_LOOP('',(#640));
#1638=EDGE_LOOP('',(#641));
#1639=EDGE_LOOP('',(#642));
#1640=EDGE_LOOP('',(#643));
#1641=EDGE_LOOP('',(#644));
#1642=EDGE_LOOP('',(#645,#646,#647,#648));
#1643=EDGE_LOOP('',(#649,#650,#651,#652,#653));
#1644=EDGE_LOOP('',(#654,#655,#656,#657));
#1645=EDGE_LOOP('',(#658,#659,#660,#661,#662));
#1646=EDGE_LOOP('',(#663));
#1647=EDGE_LOOP('',(#664));
#1648=EDGE_LOOP('',(#665));
#1649=EDGE_LOOP('',(#666));
#1650=EDGE_LOOP('',(#667,#668,#669,#670,#671,#672,#673,#674));
#1651=EDGE_LOOP('',(#675));
#1652=EDGE_LOOP('',(#676));
#1653=EDGE_LOOP('',(#677));
#1654=EDGE_LOOP('',(#678,#679,#680,#681));
#1655=EDGE_LOOP('',(#682,#683,#684,#685));
#1656=EDGE_LOOP('',(#686,#687,#688,#689));
#1657=EDGE_LOOP('',(#690,#691,#692,#693,#694,#695));
#1658=EDGE_LOOP('',(#696,#697,#698,#699));
#1659=EDGE_LOOP('',(#700,#701,#702,#703));
#1660=EDGE_LOOP('',(#704,#705,#706,#707));
#1661=EDGE_LOOP('',(#708,#709,#710,#711));
#1662=EDGE_LOOP('',(#712,#713,#714,#715));
#1663=EDGE_LOOP('',(#716,#717,#718,#719,#720));
#1664=EDGE_LOOP('',(#721,#722,#723,#724));
#1665=EDGE_LOOP('',(#725,#726,#727,#728,#729));
#1666=EDGE_LOOP('',(#730,#731,#732,#733));
#1667=EDGE_LOOP('',(#734));
#1668=EDGE_LOOP('',(#735));
#1669=EDGE_LOOP('',(#736));
#1670=EDGE_LOOP('',(#737));
#1671=EDGE_LOOP('',(#738,#739,#740,#741));
#1672=EDGE_LOOP('',(#742,#743,#744,#745));
#1673=EDGE_LOOP('',(#746));
#1674=EDGE_LOOP('',(#747));
#1675=EDGE_LOOP('',(#748,#749,#750,#751));
#1676=EDGE_LOOP('',(#752,#753));
#1677=EDGE_LOOP('',(#754,#755,#756,#757));
#1678=EDGE_LOOP('',(#758,#759));
#1679=EDGE_LOOP('',(#760,#761,#762,#763));
#1680=EDGE_LOOP('',(#764,#765,#766,#767));
#1681=EDGE_LOOP('',(#768,#769,#770,#771));
#1682=EDGE_LOOP('',(#772,#773,#774,#775));
#1683=EDGE_LOOP('',(#776,#777,#778,#779,#780,#781));
#1684=EDGE_LOOP('',(#782,#783,#784,#785));
#1685=EDGE_LOOP('',(#786,#787,#788,#789,#790,#791));
#1686=EDGE_LOOP('',(#792,#793,#794,#795));
#1687=EDGE_LOOP('',(#796,#797,#798,#799));
#1688=EDGE_LOOP('',(#800,#801,#802,#803));
#1689=EDGE_LOOP('',(#804,#805,#806,#807));
#1690=EDGE_LOOP('',(#808,#809,#810,#811));
#1691=EDGE_LOOP('',(#812,#813,#814,#815));
#1692=EDGE_LOOP('',(#816,#817,#818,#819));
#1693=EDGE_LOOP('',(#820));
#1694=EDGE_LOOP('',(#821,#822,#823,#824));
#1695=EDGE_LOOP('',(#825,#826,#827,#828,#829,#830,#831,#832,#833,#834,#835,
#836,#837,#838,#839,#840));
#1696=EDGE_LOOP('',(#841,#842,#843,#844,#845,#846));
#1697=EDGE_LOOP('',(#847,#848,#849,#850,#851,#852));
#1698=EDGE_LOOP('',(#853,#854,#855,#856,#857,#858));
#1699=EDGE_LOOP('',(#859,#860,#861,#862));
#1700=EDGE_LOOP('',(#863,#864,#865,#866));
#1701=EDGE_LOOP('',(#867,#868,#869,#870));
#1702=EDGE_LOOP('',(#871,#872,#873,#874));
#1703=EDGE_LOOP('',(#875,#876,#877,#878));
#1704=EDGE_LOOP('',(#879,#880,#881,#882));
#1705=EDGE_LOOP('',(#883,#884,#885,#886));
#1706=EDGE_LOOP('',(#887,#888,#889,#890));
#1707=EDGE_LOOP('',(#891));
#1708=EDGE_LOOP('',(#892));
#1709=EDGE_LOOP('',(#893,#894,#895,#896));
#1710=EDGE_LOOP('',(#897,#898,#899,#900));
#1711=EDGE_LOOP('',(#901,#902,#903,#904));
#1712=EDGE_LOOP('',(#905,#906,#907,#908));
#1713=EDGE_LOOP('',(#909,#910,#911,#912));
#1714=EDGE_LOOP('',(#913,#914,#915,#916));
#1715=EDGE_LOOP('',(#917,#918,#919,#920));
#1716=EDGE_LOOP('',(#921,#922,#923,#924,#925,#926,#927,#928,#929,#930));
#1717=EDGE_LOOP('',(#931,#932,#933,#934));
#1718=EDGE_LOOP('',(#935,#936,#937,#938));
#1719=EDGE_LOOP('',(#939,#940,#941,#942));
#1720=EDGE_LOOP('',(#943));
#1721=EDGE_LOOP('',(#944,#945,#946,#947));
#1722=EDGE_LOOP('',(#948,#949,#950,#951));
#1723=EDGE_LOOP('',(#952,#953,#954,#955));
#1724=EDGE_LOOP('',(#956,#957,#958,#959));
#1725=EDGE_LOOP('',(#960,#961,#962,#963));
#1726=EDGE_LOOP('',(#964,#965,#966,#967));
#1727=EDGE_LOOP('',(#968,#969,#970,#971));
#1728=EDGE_LOOP('',(#972,#973,#974,#975));
#1729=EDGE_LOOP('',(#976,#977,#978,#979));
#1730=EDGE_LOOP('',(#980,#981,#982,#983));
#1731=EDGE_LOOP('',(#984,#985,#986,#987));
#1732=EDGE_LOOP('',(#988,#989,#990,#991));
#1733=FACE_BOUND('',#1563,.T.);
#1734=FACE_BOUND('',#1564,.T.);
#1735=FACE_BOUND('',#1565,.T.);
#1736=FACE_BOUND('',#1566,.T.);
#1737=FACE_BOUND('',#1567,.T.);
#1738=FACE_BOUND('',#1568,.T.);
#1739=FACE_BOUND('',#1569,.T.);
#1740=FACE_BOUND('',#1570,.T.);
#1741=FACE_BOUND('',#1571,.T.);
#1742=FACE_BOUND('',#1572,.T.);
#1743=FACE_BOUND('',#1573,.T.);
#1744=FACE_BOUND('',#1574,.T.);
#1745=FACE_BOUND('',#1575,.T.);
#1746=FACE_BOUND('',#1576,.T.);
#1747=FACE_BOUND('',#1577,.T.);
#1748=FACE_BOUND('',#1578,.T.);
#1749=FACE_BOUND('',#1579,.T.);
#1750=FACE_BOUND('',#1580,.T.);
#1751=FACE_BOUND('',#1581,.T.);
#1752=FACE_BOUND('',#1582,.T.);
#1753=FACE_BOUND('',#1583,.T.);
#1754=FACE_BOUND('',#1584,.T.);
#1755=FACE_BOUND('',#1585,.T.);
#1756=FACE_BOUND('',#1586,.T.);
#1757=FACE_BOUND('',#1587,.T.);
#1758=FACE_BOUND('',#1588,.T.);
#1759=FACE_BOUND('',#1589,.T.);
#1760=FACE_BOUND('',#1590,.T.);
#1761=FACE_BOUND('',#1591,.T.);
#1762=FACE_BOUND('',#1592,.T.);
#1763=FACE_BOUND('',#1593,.T.);
#1764=FACE_BOUND('',#1594,.T.);
#1765=FACE_BOUND('',#1595,.T.);
#1766=FACE_BOUND('',#1596,.T.);
#1767=FACE_BOUND('',#1597,.T.);
#1768=FACE_BOUND('',#1598,.T.);
#1769=FACE_BOUND('',#1599,.T.);
#1770=FACE_BOUND('',#1600,.T.);
#1771=FACE_BOUND('',#1601,.T.);
#1772=FACE_BOUND('',#1602,.T.);
#1773=FACE_BOUND('',#1603,.T.);
#1774=FACE_BOUND('',#1604,.T.);
#1775=FACE_BOUND('',#1605,.T.);
#1776=FACE_BOUND('',#1606,.T.);
#1777=FACE_BOUND('',#1607,.T.);
#1778=FACE_BOUND('',#1608,.T.);
#1779=FACE_BOUND('',#1609,.T.);
#1780=FACE_BOUND('',#1610,.T.);
#1781=FACE_BOUND('',#1611,.T.);
#1782=FACE_BOUND('',#1612,.T.);
#1783=FACE_BOUND('',#1613,.T.);
#1784=FACE_BOUND('',#1614,.T.);
#1785=FACE_BOUND('',#1615,.T.);
#1786=FACE_BOUND('',#1616,.T.);
#1787=FACE_BOUND('',#1617,.T.);
#1788=FACE_BOUND('',#1618,.T.);
#1789=FACE_BOUND('',#1619,.T.);
#1790=FACE_BOUND('',#1620,.T.);
#1791=FACE_BOUND('',#1621,.T.);
#1792=FACE_BOUND('',#1622,.T.);
#1793=FACE_BOUND('',#1623,.T.);
#1794=FACE_BOUND('',#1624,.T.);
#1795=FACE_BOUND('',#1625,.T.);
#1796=FACE_BOUND('',#1626,.T.);
#1797=FACE_BOUND('',#1627,.T.);
#1798=FACE_BOUND('',#1628,.T.);
#1799=FACE_BOUND('',#1629,.T.);
#1800=FACE_BOUND('',#1630,.T.);
#1801=FACE_BOUND('',#1631,.T.);
#1802=FACE_BOUND('',#1632,.T.);
#1803=FACE_BOUND('',#1633,.T.);
#1804=FACE_BOUND('',#1634,.T.);
#1805=FACE_BOUND('',#1635,.T.);
#1806=FACE_BOUND('',#1636,.T.);
#1807=FACE_BOUND('',#1637,.T.);
#1808=FACE_BOUND('',#1638,.T.);
#1809=FACE_BOUND('',#1639,.T.);
#1810=FACE_BOUND('',#1640,.T.);
#1811=FACE_BOUND('',#1641,.T.);
#1812=FACE_BOUND('',#1642,.T.);
#1813=FACE_BOUND('',#1643,.T.);
#1814=FACE_BOUND('',#1644,.T.);
#1815=FACE_BOUND('',#1645,.T.);
#1816=FACE_BOUND('',#1646,.T.);
#1817=FACE_BOUND('',#1647,.T.);
#1818=FACE_BOUND('',#1648,.T.);
#1819=FACE_BOUND('',#1649,.T.);
#1820=FACE_BOUND('',#1650,.T.);
#1821=FACE_BOUND('',#1651,.T.);
#1822=FACE_BOUND('',#1652,.T.);
#1823=FACE_BOUND('',#1653,.T.);
#1824=FACE_BOUND('',#1654,.T.);
#1825=FACE_BOUND('',#1655,.T.);
#1826=FACE_BOUND('',#1656,.T.);
#1827=FACE_BOUND('',#1657,.T.);
#1828=FACE_BOUND('',#1658,.T.);
#1829=FACE_BOUND('',#1659,.T.);
#1830=FACE_BOUND('',#1660,.T.);
#1831=FACE_BOUND('',#1661,.T.);
#1832=FACE_BOUND('',#1662,.T.);
#1833=FACE_BOUND('',#1663,.T.);
#1834=FACE_BOUND('',#1664,.T.);
#1835=FACE_BOUND('',#1665,.T.);
#1836=FACE_BOUND('',#1666,.T.);
#1837=FACE_BOUND('',#1667,.T.);
#1838=FACE_BOUND('',#1668,.T.);
#1839=FACE_BOUND('',#1669,.T.);
#1840=FACE_BOUND('',#1670,.T.);
#1841=FACE_BOUND('',#1671,.T.);
#1842=FACE_BOUND('',#1672,.T.);
#1843=FACE_BOUND('',#1673,.T.);
#1844=FACE_BOUND('',#1674,.T.);
#1845=FACE_BOUND('',#1675,.T.);
#1846=FACE_BOUND('',#1676,.T.);
#1847=FACE_BOUND('',#1677,.T.);
#1848=FACE_BOUND('',#1678,.T.);
#1849=FACE_BOUND('',#1679,.T.);
#1850=FACE_BOUND('',#1680,.T.);
#1851=FACE_BOUND('',#1681,.T.);
#1852=FACE_BOUND('',#1682,.T.);
#1853=FACE_BOUND('',#1683,.T.);
#1854=FACE_BOUND('',#1684,.T.);
#1855=FACE_BOUND('',#1685,.T.);
#1856=FACE_BOUND('',#1686,.T.);
#1857=FACE_BOUND('',#1687,.T.);
#1858=FACE_BOUND('',#1688,.T.);
#1859=FACE_BOUND('',#1689,.T.);
#1860=FACE_BOUND('',#1690,.T.);
#1861=FACE_BOUND('',#1691,.T.);
#1862=FACE_BOUND('',#1692,.T.);
#1863=FACE_BOUND('',#1693,.T.);
#1864=FACE_BOUND('',#1694,.T.);
#1865=FACE_BOUND('',#1695,.T.);
#1866=FACE_BOUND('',#1696,.T.);
#1867=FACE_BOUND('',#1697,.T.);
#1868=FACE_BOUND('',#1698,.T.);
#1869=FACE_BOUND('',#1699,.T.);
#1870=FACE_BOUND('',#1700,.T.);
#1871=FACE_BOUND('',#1701,.T.);
#1872=FACE_BOUND('',#1702,.T.);
#1873=FACE_BOUND('',#1703,.T.);
#1874=FACE_BOUND('',#1704,.T.);
#1875=FACE_BOUND('',#1705,.T.);
#1876=FACE_BOUND('',#1706,.T.);
#1877=FACE_BOUND('',#1707,.T.);
#1878=FACE_BOUND('',#1708,.T.);
#1879=FACE_BOUND('',#1709,.T.);
#1880=FACE_BOUND('',#1710,.T.);
#1881=FACE_BOUND('',#1711,.T.);
#1882=FACE_BOUND('',#1712,.T.);
#1883=FACE_BOUND('',#1713,.T.);
#1884=FACE_BOUND('',#1714,.T.);
#1885=FACE_BOUND('',#1715,.T.);
#1886=FACE_BOUND('',#1716,.T.);
#1887=FACE_BOUND('',#1717,.T.);
#1888=FACE_BOUND('',#1718,.T.);
#1889=FACE_BOUND('',#1719,.T.);
#1890=FACE_BOUND('',#1720,.T.);
#1891=FACE_BOUND('',#1721,.T.);
#1892=FACE_BOUND('',#1722,.T.);
#1893=FACE_BOUND('',#1723,.T.);
#1894=FACE_BOUND('',#1724,.T.);
#1895=FACE_BOUND('',#1725,.T.);
#1896=FACE_BOUND('',#1726,.T.);
#1897=FACE_BOUND('',#1727,.T.);
#1898=FACE_BOUND('',#1728,.T.);
#1899=FACE_BOUND('',#1729,.T.);
#1900=FACE_BOUND('',#1730,.T.);
#1901=FACE_BOUND('',#1731,.T.);
#1902=FACE_BOUND('',#1732,.T.);
#1903=CYLINDRICAL_SURFACE('',#2087,0.00199);
#1904=CYLINDRICAL_SURFACE('',#2105,0.000999999999999989);
#1905=CYLINDRICAL_SURFACE('',#2107,0.0009);
#1906=CYLINDRICAL_SURFACE('',#2109,0.00154);
#1907=CYLINDRICAL_SURFACE('',#2112,0.0023);
#1908=CYLINDRICAL_SURFACE('',#2114,0.00154);
#1909=CYLINDRICAL_SURFACE('',#2117,0.0023);
#1910=CYLINDRICAL_SURFACE('',#2119,0.0009);
#1911=CYLINDRICAL_SURFACE('',#2121,0.001);
#1912=CYLINDRICAL_SURFACE('',#2123,0.0035);
#1913=CYLINDRICAL_SURFACE('',#2125,0.005);
#1914=CYLINDRICAL_SURFACE('',#2132,0.005);
#1915=CYLINDRICAL_SURFACE('',#2158,0.001);
#1916=CYLINDRICAL_SURFACE('',#2163,0.001);
#1917=CYLINDRICAL_SURFACE('',#2166,0.0113);
#1918=CYLINDRICAL_SURFACE('',#2175,0.0113);
#1919=CYLINDRICAL_SURFACE('',#2177,0.0113);
#1920=CYLINDRICAL_SURFACE('',#2178,0.0113);
#1921=CYLINDRICAL_SURFACE('',#2181,0.0009);
#1922=CYLINDRICAL_SURFACE('',#2183,0.001);
#1923=CYLINDRICAL_SURFACE('',#2185,0.001);
#1924=CYLINDRICAL_SURFACE('',#2187,0.0009);
#1925=CYLINDRICAL_SURFACE('',#2193,0.001);
#1926=CYLINDRICAL_SURFACE('',#2195,0.001);
#1927=CYLINDRICAL_SURFACE('',#2197,0.0027);
#1928=CYLINDRICAL_SURFACE('',#2202,0.001495);
#1929=CYLINDRICAL_SURFACE('',#2234,0.0127);
#1930=CYLINDRICAL_SURFACE('',#2237,0.0127);
#1931=CYLINDRICAL_SURFACE('',#2241,0.0127);
#1932=CYLINDRICAL_SURFACE('',#2245,0.0127);
#1933=CYLINDRICAL_SURFACE('',#2264,0.001);
#1934=CYLINDRICAL_SURFACE('',#2267,0.001);
#1935=CYLINDRICAL_SURFACE('',#2270,0.001);
#1936=CYLINDRICAL_SURFACE('',#2273,0.001);
#1937=CYLINDRICAL_SURFACE('',#2276,0.0009);
#1938=CYLINDRICAL_SURFACE('',#2278,0.0097);
#1939=CYLINDRICAL_SURFACE('',#2281,0.0097);
#1940=CYLINDRICAL_SURFACE('',#2284,0.0097);
#1941=CYLINDRICAL_SURFACE('',#2287,0.0097);
#1942=CYLINDRICAL_SURFACE('',#2294,0.001);
#1943=CYLINDRICAL_SURFACE('',#2303,0.001);
#1944=CYLINDRICAL_SURFACE('',#2304,0.001);
#1945=CYLINDRICAL_SURFACE('',#2313,0.001);
#1946=ADVANCED_FACE('',(#1733,#1734),#1903,.T.);
#1947=ADVANCED_FACE('',(#1735,#1736),#436,.T.);
#1948=ADVANCED_FACE('',(#1737,#1738,#1739,#1740,#1741,#1742,#1743,#1744,
#1745),#357,.T.);
#1949=ADVANCED_FACE('',(#1746),#358,.T.);
#1950=ADVANCED_FACE('',(#1747,#1748),#1904,.F.);
#1951=ADVANCED_FACE('',(#1749,#1750),#1905,.F.);
#1952=ADVANCED_FACE('',(#1751,#1752),#1906,.F.);
#1953=ADVANCED_FACE('',(#1753),#1907,.F.);
#1954=ADVANCED_FACE('',(#1754,#1755),#1908,.F.);
#1955=ADVANCED_FACE('',(#1756),#1909,.F.);
#1956=ADVANCED_FACE('',(#1757,#1758),#1910,.F.);
#1957=ADVANCED_FACE('',(#1759,#1760),#1911,.F.);
#1958=ADVANCED_FACE('',(#1761,#1762),#1912,.T.);
#1959=ADVANCED_FACE('',(#1763),#1913,.T.);
#1960=ADVANCED_FACE('',(#1764,#1765),#359,.T.);
#1961=ADVANCED_FACE('',(#1766),#1914,.T.);
#1962=ADVANCED_FACE('',(#1767),#360,.T.);
#1963=ADVANCED_FACE('',(#1768),#361,.T.);
#1964=ADVANCED_FACE('',(#1769),#362,.T.);
#1965=ADVANCED_FACE('',(#1770),#363,.T.);
#1966=ADVANCED_FACE('',(#1771),#364,.T.);
#1967=ADVANCED_FACE('',(#1772,#1773,#1774,#1775,#1776,#1777,#1778,#1779),
#365,.F.);
#1968=ADVANCED_FACE('',(#1780,#1781),#366,.T.);
#1969=ADVANCED_FACE('',(#1782,#1783),#367,.T.);
#1970=ADVANCED_FACE('',(#1784),#368,.T.);
#1971=ADVANCED_FACE('',(#1785),#369,.T.);
#1972=ADVANCED_FACE('',(#1786,#1787),#370,.T.);
#1973=ADVANCED_FACE('',(#1788,#1789),#371,.F.);
#1974=ADVANCED_FACE('',(#1790),#1915,.F.);
#1975=ADVANCED_FACE('',(#1791,#1792),#372,.T.);
#1976=ADVANCED_FACE('',(#1793),#1916,.F.);
#1977=ADVANCED_FACE('',(#1794),#373,.T.);
#1978=ADVANCED_FACE('',(#1795),#1917,.T.);
#1979=ADVANCED_FACE('',(#1796,#1797),#374,.T.);
#1980=ADVANCED_FACE('',(#1798),#1918,.T.);
#1981=ADVANCED_FACE('',(#1799,#1800),#375,.T.);
#1982=ADVANCED_FACE('',(#1801),#1919,.T.);
#1983=ADVANCED_FACE('',(#1802),#1920,.T.);
#1984=ADVANCED_FACE('',(#1803),#376,.T.);
#1985=ADVANCED_FACE('',(#1804,#1805),#1921,.F.);
#1986=ADVANCED_FACE('',(#1806,#1807),#1922,.F.);
#1987=ADVANCED_FACE('',(#1808,#1809),#1923,.F.);
#1988=ADVANCED_FACE('',(#1810,#1811),#1924,.F.);
#1989=ADVANCED_FACE('',(#1812),#377,.F.);
#1990=ADVANCED_FACE('',(#1813),#378,.F.);
#1991=ADVANCED_FACE('',(#1814),#379,.F.);
#1992=ADVANCED_FACE('',(#1815),#380,.T.);
#1993=ADVANCED_FACE('',(#1816,#1817),#1925,.F.);
#1994=ADVANCED_FACE('',(#1818,#1819),#1926,.F.);
#1995=ADVANCED_FACE('',(#1820,#1821),#1927,.T.);
#1996=ADVANCED_FACE('',(#1822,#1823),#1928,.F.);
#1997=ADVANCED_FACE('',(#1824),#381,.T.);
#1998=ADVANCED_FACE('',(#1825),#382,.T.);
#1999=ADVANCED_FACE('',(#1826),#383,.T.);
#2000=ADVANCED_FACE('',(#1827),#437,.T.);
#2001=ADVANCED_FACE('',(#1828),#384,.T.);
#2002=ADVANCED_FACE('',(#1829),#438,.T.);
#2003=ADVANCED_FACE('',(#1830),#385,.T.);
#2004=ADVANCED_FACE('',(#1831),#439,.T.);
#2005=ADVANCED_FACE('',(#1832),#386,.T.);
#2006=ADVANCED_FACE('',(#1833),#387,.T.);
#2007=ADVANCED_FACE('',(#1834),#388,.T.);
#2008=ADVANCED_FACE('',(#1835),#389,.F.);
#2009=ADVANCED_FACE('',(#1836),#390,.T.);
#2010=ADVANCED_FACE('',(#1837),#391,.F.);
#2011=ADVANCED_FACE('',(#1838),#392,.F.);
#2012=ADVANCED_FACE('',(#1839),#393,.F.);
#2013=ADVANCED_FACE('',(#1840),#394,.F.);
#2014=ADVANCED_FACE('',(#1841),#395,.F.);
#2015=ADVANCED_FACE('',(#1842),#396,.F.);
#2016=ADVANCED_FACE('',(#1843),#397,.T.);
#2017=ADVANCED_FACE('',(#1844),#398,.T.);
#2018=ADVANCED_FACE('',(#1845),#399,.T.);
#2019=ADVANCED_FACE('',(#1846),#400,.T.);
#2020=ADVANCED_FACE('',(#1847),#401,.T.);
#2021=ADVANCED_FACE('',(#1848),#402,.T.);
#2022=ADVANCED_FACE('',(#1849),#403,.T.);
#2023=ADVANCED_FACE('',(#1850),#404,.T.);
#2024=ADVANCED_FACE('',(#1851),#1929,.T.);
#2025=ADVANCED_FACE('',(#1852),#405,.T.);
#2026=ADVANCED_FACE('',(#1853),#1930,.T.);
#2027=ADVANCED_FACE('',(#1854),#406,.T.);
#2028=ADVANCED_FACE('',(#1855),#1931,.T.);
#2029=ADVANCED_FACE('',(#1856),#407,.T.);
#2030=ADVANCED_FACE('',(#1857),#1932,.T.);
#2031=ADVANCED_FACE('',(#1858,#1859,#1860),#408,.T.);
#2032=ADVANCED_FACE('',(#1861),#409,.T.);
#2033=ADVANCED_FACE('',(#1862),#410,.T.);
#2034=ADVANCED_FACE('',(#1863,#1864),#411,.T.);
#2035=ADVANCED_FACE('',(#1865),#412,.F.);
#2036=ADVANCED_FACE('',(#1866),#413,.T.);
#2037=ADVANCED_FACE('',(#1867),#414,.T.);
#2038=ADVANCED_FACE('',(#1868),#415,.T.);
#2039=ADVANCED_FACE('',(#1869),#1933,.F.);
#2040=ADVANCED_FACE('',(#1870),#416,.F.);
#2041=ADVANCED_FACE('',(#1871),#1934,.F.);
#2042=ADVANCED_FACE('',(#1872),#417,.F.);
#2043=ADVANCED_FACE('',(#1873),#1935,.F.);
#2044=ADVANCED_FACE('',(#1874),#418,.F.);
#2045=ADVANCED_FACE('',(#1875),#1936,.F.);
#2046=ADVANCED_FACE('',(#1876),#419,.F.);
#2047=ADVANCED_FACE('',(#1877,#1878),#1937,.F.);
#2048=ADVANCED_FACE('',(#1879),#1938,.T.);
#2049=ADVANCED_FACE('',(#1880),#420,.T.);
#2050=ADVANCED_FACE('',(#1881),#1939,.T.);
#2051=ADVANCED_FACE('',(#1882),#421,.T.);
#2052=ADVANCED_FACE('',(#1883),#1940,.T.);
#2053=ADVANCED_FACE('',(#1884),#422,.T.);
#2054=ADVANCED_FACE('',(#1885),#1941,.T.);
#2055=ADVANCED_FACE('',(#1886),#423,.F.);
#2056=ADVANCED_FACE('',(#1887),#424,.T.);
#2057=ADVANCED_FACE('',(#1888),#425,.T.);
#2058=ADVANCED_FACE('',(#1889),#426,.T.);
#2059=ADVANCED_FACE('',(#1890),#427,.T.);
#2060=ADVANCED_FACE('',(#1891),#1942,.F.);
#2061=ADVANCED_FACE('',(#1892),#428,.F.);
#2062=ADVANCED_FACE('',(#1893),#429,.F.);
#2063=ADVANCED_FACE('',(#1894),#430,.T.);
#2064=ADVANCED_FACE('',(#1895),#431,.F.);
#2065=ADVANCED_FACE('',(#1896),#1943,.F.);
#2066=ADVANCED_FACE('',(#1897),#1944,.F.);
#2067=ADVANCED_FACE('',(#1898),#432,.F.);
#2068=ADVANCED_FACE('',(#1899),#433,.F.);
#2069=ADVANCED_FACE('',(#1900),#434,.T.);
#2070=ADVANCED_FACE('',(#1901),#435,.F.);
#2071=ADVANCED_FACE('',(#1902),#1945,.F.);
#2072=CLOSED_SHELL('',(#1946,#1947,#1948,#1949,#1950,#1951,#1952,#1953,
#1954,#1955,#1956,#1957,#1958,#1959,#1960,#1961,#1962,#1963,#1964,#1965,
#1966,#1967,#1968,#1969,#1970,#1971,#1972,#1973,#1974,#1975,#1976,#1977,
#1978,#1979,#1980,#1981,#1982,#1983,#1984,#1985,#1986,#1987,#1988,#1989,
#1990,#1991,#1992,#1993,#1994,#1995,#1996,#1997,#1998,#1999,#2000,#2001,
#2002,#2003,#2004,#2005,#2006,#2007,#2008,#2009,#2010,#2011,#2012,#2013,
#2014,#2015,#2016,#2017,#2018,#2019,#2020,#2021,#2022,#2023,#2024,#2025,
#2026,#2027,#2028,#2029,#2030,#2031,#2032,#2033,#2034,#2035,#2036,#2037,
#2038,#2039,#2040,#2041,#2042,#2043,#2044,#2045,#2046,#2047,#2048,#2049,
#2050,#2051,#2052,#2053,#2054,#2055,#2056,#2057,#2058,#2059));
#2073=CLOSED_SHELL('',(#2060,#2061,#2062,#2063,#2064,#2065));
#2074=CLOSED_SHELL('',(#2066,#2067,#2068,#2069,#2070,#2071));
#2075=STYLED_ITEM('',(#2076),#2083);
#2076=PRESENTATION_STYLE_ASSIGNMENT((#2077));
#2077=SURFACE_STYLE_USAGE(.BOTH.,#2078);
#2078=SURFACE_SIDE_STYLE('',(#2079));
#2079=SURFACE_STYLE_FILL_AREA(#2080);
#2080=FILL_AREA_STYLE('',(#2081));
#2081=FILL_AREA_STYLE_COLOUR('',#2082);
#2082=DRAUGHTING_PRE_DEFINED_COLOUR('red');
#2083=BREP_WITH_VOIDS('Part 1',#2072,(#12,#13));
#2084=SHAPE_DEFINITION_REPRESENTATION(#3562,#2085);
#2085=SHAPE_REPRESENTATION('Part 1',(#2086),#3557);
#2086=AXIS2_PLACEMENT_3D('',#2938,#2314,#2315);
#2087=AXIS2_PLACEMENT_3D('',#2939,#2316,#2317);
#2088=AXIS2_PLACEMENT_3D('',#2940,#2318,#2319);
#2089=AXIS2_PLACEMENT_3D('',#2942,#2320,#2321);
#2090=AXIS2_PLACEMENT_3D('',#2944,#2322,#2323);
#2091=AXIS2_PLACEMENT_3D('',#2945,#2324,#2325);
#2092=AXIS2_PLACEMENT_3D('',#2947,#2326,#2327);
#2093=AXIS2_PLACEMENT_3D('',#2948,#2328,#2329);
#2094=AXIS2_PLACEMENT_3D('',#2950,#2330,#2331);
#2095=AXIS2_PLACEMENT_3D('',#2952,#2332,#2333);
#2096=AXIS2_PLACEMENT_3D('',#2955,#2334,#2335);
#2097=AXIS2_PLACEMENT_3D('',#2956,#2336,#2337);
#2098=AXIS2_PLACEMENT_3D('',#2959,#2338,#2339);
#2099=AXIS2_PLACEMENT_3D('',#2960,#2340,#2341);
#2100=AXIS2_PLACEMENT_3D('',#2962,#2342,#2343);
#2101=AXIS2_PLACEMENT_3D('',#2964,#2344,#2345);
#2102=AXIS2_PLACEMENT_3D('',#2969,#2347,#2348);
#2103=AXIS2_PLACEMENT_3D('',#2977,#2352,#2353);
#2104=AXIS2_PLACEMENT_3D('',#2978,#2354,#2355);
#2105=AXIS2_PLACEMENT_3D('',#2979,#2356,#2357);
#2106=AXIS2_PLACEMENT_3D('',#2980,#2358,#2359);
#2107=AXIS2_PLACEMENT_3D('',#2982,#2360,#2361);
#2108=AXIS2_PLACEMENT_3D('',#2983,#2362,#2363);
#2109=AXIS2_PLACEMENT_3D('',#2985,#2364,#2365);
#2110=AXIS2_PLACEMENT_3D('',#2988,#2367,#2368);
#2111=AXIS2_PLACEMENT_3D('',#2991,#2370,#2371);
#2112=AXIS2_PLACEMENT_3D('',#2993,#2372,#2373);
#2113=AXIS2_PLACEMENT_3D('',#2994,#2374,#2375);
#2114=AXIS2_PLACEMENT_3D('',#2995,#2376,#2377);
#2115=AXIS2_PLACEMENT_3D('',#3000,#2380,#2381);
#2116=AXIS2_PLACEMENT_3D('',#3001,#2382,#2383);
#2117=AXIS2_PLACEMENT_3D('',#3003,#2384,#2385);
#2118=AXIS2_PLACEMENT_3D('',#3004,#2386,#2387);
#2119=AXIS2_PLACEMENT_3D('',#3005,#2388,#2389);
#2120=AXIS2_PLACEMENT_3D('',#3006,#2390,#2391);
#2121=AXIS2_PLACEMENT_3D('',#3008,#2392,#2393);
#2122=AXIS2_PLACEMENT_3D('',#3009,#2394,#2395);
#2123=AXIS2_PLACEMENT_3D('',#3011,#2396,#2397);
#2124=AXIS2_PLACEMENT_3D('',#3012,#2398,#2399);
#2125=AXIS2_PLACEMENT_3D('',#3014,#2400,#2401);
#2126=AXIS2_PLACEMENT_3D('',#3015,#2402,#2403);
#2127=AXIS2_PLACEMENT_3D('',#3020,#2406,#2407);
#2128=AXIS2_PLACEMENT_3D('',#3024,#2409,#2410);
#2129=AXIS2_PLACEMENT_3D('',#3028,#2412,#2413);
#2130=AXIS2_PLACEMENT_3D('',#3032,#2415,#2416);
#2131=AXIS2_PLACEMENT_3D('',#3036,#2418,#2419);
#2132=AXIS2_PLACEMENT_3D('',#3040,#2422,#2423);
#2133=AXIS2_PLACEMENT_3D('',#3041,#2424,#2425);
#2134=AXIS2_PLACEMENT_3D('',#3044,#2427,#2428);
#2135=AXIS2_PLACEMENT_3D('',#3056,#2435,#2436);
#2136=AXIS2_PLACEMENT_3D('',#3057,#2437,#2438);
#2137=AXIS2_PLACEMENT_3D('',#3062,#2440,#2441);
#2138=AXIS2_PLACEMENT_3D('',#3064,#2443,#2444);
#2139=AXIS2_PLACEMENT_3D('',#3074,#2450,#2451);
#2140=AXIS2_PLACEMENT_3D('',#3075,#2452,#2453);
#2141=AXIS2_PLACEMENT_3D('',#3076,#2454,#2455);
#2142=AXIS2_PLACEMENT_3D('',#3077,#2456,#2457);
#2143=AXIS2_PLACEMENT_3D('',#3079,#2458,#2459);
#2144=AXIS2_PLACEMENT_3D('',#3081,#2460,#2461);
#2145=AXIS2_PLACEMENT_3D('',#3083,#2462,#2463);
#2146=AXIS2_PLACEMENT_3D('',#3102,#2473,#2474);
#2147=AXIS2_PLACEMENT_3D('',#3103,#2475,#2476);
#2148=AXIS2_PLACEMENT_3D('',#3105,#2477,#2478);
#2149=AXIS2_PLACEMENT_3D('',#3106,#2479,#2480);
#2150=AXIS2_PLACEMENT_3D('',#3108,#2481,#2482);
#2151=AXIS2_PLACEMENT_3D('',#3109,#2483,#2484);
#2152=AXIS2_PLACEMENT_3D('',#3110,#2485,#2486);
#2153=AXIS2_PLACEMENT_3D('',#3111,#2487,#2488);
#2154=AXIS2_PLACEMENT_3D('',#3113,#2489,#2490);
#2155=AXIS2_PLACEMENT_3D('',#3114,#2491,#2492);
#2156=AXIS2_PLACEMENT_3D('',#3116,#2493,#2494);
#2157=AXIS2_PLACEMENT_3D('',#3128,#2500,#2501);
#2158=AXIS2_PLACEMENT_3D('',#3129,#2502,#2503);
#2159=AXIS2_PLACEMENT_3D('',#3130,#2504,#2505);
#2160=AXIS2_PLACEMENT_3D('',#3133,#2507,#2508);
#2161=AXIS2_PLACEMENT_3D('',#3134,#2509,#2510);
#2162=AXIS2_PLACEMENT_3D('',#3138,#2512,#2513);
#2163=AXIS2_PLACEMENT_3D('',#3147,#2518,#2519);
#2164=AXIS2_PLACEMENT_3D('',#3149,#2521,#2522);
#2165=AXIS2_PLACEMENT_3D('',#3150,#2523,#2524);
#2166=AXIS2_PLACEMENT_3D('',#3151,#2525,#2526);
#2167=AXIS2_PLACEMENT_3D('',#3152,#2527,#2528);
#2168=AXIS2_PLACEMENT_3D('',#3153,#2529,#2530);
#2169=AXIS2_PLACEMENT_3D('',#3154,#2531,#2532);
#2170=AXIS2_PLACEMENT_3D('',#3155,#2533,#2534);
#2171=AXIS2_PLACEMENT_3D('',#3159,#2536,#2537);
#2172=AXIS2_PLACEMENT_3D('',#3160,#2538,#2539);
#2173=AXIS2_PLACEMENT_3D('',#3165,#2541,#2542);
#2174=AXIS2_PLACEMENT_3D('',#3169,#2544,#2545);
#2175=AXIS2_PLACEMENT_3D('',#3172,#2547,#2548);
#2176=AXIS2_PLACEMENT_3D('',#3174,#2550,#2551);
#2177=AXIS2_PLACEMENT_3D('',#3184,#2557,#2558);
#2178=AXIS2_PLACEMENT_3D('',#3185,#2559,#2560);
#2179=AXIS2_PLACEMENT_3D('',#3186,#2561,#2562);
#2180=AXIS2_PLACEMENT_3D('',#3187,#2563,#2564);
#2181=AXIS2_PLACEMENT_3D('',#3188,#2565,#2566);
#2182=AXIS2_PLACEMENT_3D('',#3189,#2567,#2568);
#2183=AXIS2_PLACEMENT_3D('',#3191,#2569,#2570);
#2184=AXIS2_PLACEMENT_3D('',#3192,#2571,#2572);
#2185=AXIS2_PLACEMENT_3D('',#3194,#2573,#2574);
#2186=AXIS2_PLACEMENT_3D('',#3195,#2575,#2576);
#2187=AXIS2_PLACEMENT_3D('',#3197,#2577,#2578);
#2188=AXIS2_PLACEMENT_3D('',#3198,#2579,#2580);
#2189=AXIS2_PLACEMENT_3D('',#3200,#2581,#2582);
#2190=AXIS2_PLACEMENT_3D('',#3206,#2586,#2587);
#2191=AXIS2_PLACEMENT_3D('',#3212,#2591,#2592);
#2192=AXIS2_PLACEMENT_3D('',#3216,#2595,#2596);
#2193=AXIS2_PLACEMENT_3D('',#3220,#2599,#2600);
#2194=AXIS2_PLACEMENT_3D('',#3221,#2601,#2602);
#2195=AXIS2_PLACEMENT_3D('',#3223,#2603,#2604);
#2196=AXIS2_PLACEMENT_3D('',#3224,#2605,#2606);
#2197=AXIS2_PLACEMENT_3D('',#3226,#2607,#2608);
#2198=AXIS2_PLACEMENT_3D('',#3230,#2610,#2611);
#2199=AXIS2_PLACEMENT_3D('',#3234,#2613,#2614);
#2200=AXIS2_PLACEMENT_3D('',#3238,#2616,#2617);
#2201=AXIS2_PLACEMENT_3D('',#3242,#2619,#2620);
#2202=AXIS2_PLACEMENT_3D('',#3243,#2621,#2622);
#2203=AXIS2_PLACEMENT_3D('',#3244,#2623,#2624);
#2204=AXIS2_PLACEMENT_3D('',#3246,#2626,#2627);
#2205=AXIS2_PLACEMENT_3D('',#3249,#2630,#2631);
#2206=AXIS2_PLACEMENT_3D('',#3251,#2633,#2634);
#2207=AXIS2_PLACEMENT_3D('',#3262,#2635,#2636);
#2208=AXIS2_PLACEMENT_3D('',#3269,#2637,#2638);
#2209=AXIS2_PLACEMENT_3D('',#3270,#2639,#2640);
#2210=AXIS2_PLACEMENT_3D('',#3277,#2642,#2643);
#2211=AXIS2_PLACEMENT_3D('',#3283,#2644,#2645);
#2212=AXIS2_PLACEMENT_3D('',#3284,#2646,#2647);
#2213=AXIS2_PLACEMENT_3D('',#3291,#2649,#2650);
#2214=AXIS2_PLACEMENT_3D('',#3297,#2651,#2652);
#2215=AXIS2_PLACEMENT_3D('',#3298,#2653,#2654);
#2216=AXIS2_PLACEMENT_3D('',#3300,#2656,#2657);
#2217=AXIS2_PLACEMENT_3D('',#3308,#2662,#2663);
#2218=AXIS2_PLACEMENT_3D('',#3312,#2666,#2667);
#2219=AXIS2_PLACEMENT_3D('',#3318,#2671,#2672);
#2220=AXIS2_PLACEMENT_3D('',#3320,#2674,#2675);
#2221=AXIS2_PLACEMENT_3D('',#3321,#2676,#2677);
#2222=AXIS2_PLACEMENT_3D('',#3322,#2678,#2679);
#2223=AXIS2_PLACEMENT_3D('',#3323,#2680,#2681);
#2224=AXIS2_PLACEMENT_3D('',#3324,#2682,#2683);
#2225=AXIS2_PLACEMENT_3D('',#3326,#2685,#2686);
#2226=AXIS2_PLACEMENT_3D('',#3327,#2687,#2688);
#2227=AXIS2_PLACEMENT_3D('',#3328,#2689,#2690);
#2228=AXIS2_PLACEMENT_3D('',#3329,#2691,#2692);
#2229=AXIS2_PLACEMENT_3D('',#3332,#2695,#2696);
#2230=AXIS2_PLACEMENT_3D('',#3333,#2697,#2698);
#2231=AXIS2_PLACEMENT_3D('',#3336,#2701,#2702);
#2232=AXIS2_PLACEMENT_3D('',#3337,#2703,#2704);
#2233=AXIS2_PLACEMENT_3D('',#3338,#2705,#2706);
#2234=AXIS2_PLACEMENT_3D('',#3339,#2707,#2708);
#2235=AXIS2_PLACEMENT_3D('',#3344,#2711,#2712);
#2236=AXIS2_PLACEMENT_3D('',#3345,#2713,#2714);
#2237=AXIS2_PLACEMENT_3D('',#3349,#2717,#2718);
#2238=AXIS2_PLACEMENT_3D('',#3352,#2720,#2721);
#2239=AXIS2_PLACEMENT_3D('',#3356,#2723,#2724);
#2240=AXIS2_PLACEMENT_3D('',#3357,#2725,#2726);
#2241=AXIS2_PLACEMENT_3D('',#3361,#2729,#2730);
#2242=AXIS2_PLACEMENT_3D('',#3362,#2731,#2732);
#2243=AXIS2_PLACEMENT_3D('',#3367,#2734,#2735);
#2244=AXIS2_PLACEMENT_3D('',#3369,#2737,#2738);
#2245=AXIS2_PLACEMENT_3D('',#3373,#2741,#2742);
#2246=AXIS2_PLACEMENT_3D('',#3376,#2744,#2745);
#2247=AXIS2_PLACEMENT_3D('',#3377,#2746,#2747);
#2248=AXIS2_PLACEMENT_3D('',#3378,#2748,#2749);
#2249=AXIS2_PLACEMENT_3D('',#3383,#2751,#2752);
#2250=AXIS2_PLACEMENT_3D('',#3386,#2754,#2755);
#2251=AXIS2_PLACEMENT_3D('',#3391,#2757,#2758);
#2252=AXIS2_PLACEMENT_3D('',#3395,#2761,#2762);
#2253=AXIS2_PLACEMENT_3D('',#3397,#2764,#2765);
#2254=AXIS2_PLACEMENT_3D('',#3398,#2766,#2767);
#2255=AXIS2_PLACEMENT_3D('',#3399,#2768,#2769);
#2256=AXIS2_PLACEMENT_3D('',#3401,#2770,#2771);
#2257=AXIS2_PLACEMENT_3D('',#3402,#2772,#2773);
#2258=AXIS2_PLACEMENT_3D('',#3407,#2775,#2776);
#2259=AXIS2_PLACEMENT_3D('',#3411,#2778,#2779);
#2260=AXIS2_PLACEMENT_3D('',#3415,#2781,#2782);
#2261=AXIS2_PLACEMENT_3D('',#3419,#2785,#2786);
#2262=AXIS2_PLACEMENT_3D('',#3427,#2791,#2792);
#2263=AXIS2_PLACEMENT_3D('',#3431,#2795,#2796);
#2264=AXIS2_PLACEMENT_3D('',#3437,#2800,#2801);
#2265=AXIS2_PLACEMENT_3D('',#3438,#2802,#2803);
#2266=AXIS2_PLACEMENT_3D('',#3443,#2806,#2807);
#2267=AXIS2_PLACEMENT_3D('',#3447,#2810,#2811);
#2268=AXIS2_PLACEMENT_3D('',#3448,#2812,#2813);
#2269=AXIS2_PLACEMENT_3D('',#3451,#2815,#2816);
#2270=AXIS2_PLACEMENT_3D('',#3453,#2818,#2819);
#2271=AXIS2_PLACEMENT_3D('',#3454,#2820,#2821);
#2272=AXIS2_PLACEMENT_3D('',#3459,#2824,#2825);
#2273=AXIS2_PLACEMENT_3D('',#3463,#2828,#2829);
#2274=AXIS2_PLACEMENT_3D('',#3464,#2830,#2831);
#2275=AXIS2_PLACEMENT_3D('',#3467,#2833,#2834);
#2276=AXIS2_PLACEMENT_3D('',#3469,#2836,#2837);
#2277=AXIS2_PLACEMENT_3D('',#3470,#2838,#2839);
#2278=AXIS2_PLACEMENT_3D('',#3472,#2840,#2841);
#2279=AXIS2_PLACEMENT_3D('',#3473,#2842,#2843);
#2280=AXIS2_PLACEMENT_3D('',#3476,#2845,#2846);
#2281=AXIS2_PLACEMENT_3D('',#3480,#2849,#2850);
#2282=AXIS2_PLACEMENT_3D('',#3481,#2851,#2852);
#2283=AXIS2_PLACEMENT_3D('',#3484,#2854,#2855);
#2284=AXIS2_PLACEMENT_3D('',#3488,#2858,#2859);
#2285=AXIS2_PLACEMENT_3D('',#3489,#2860,#2861);
#2286=AXIS2_PLACEMENT_3D('',#3492,#2863,#2864);
#2287=AXIS2_PLACEMENT_3D('',#3496,#2867,#2868);
#2288=AXIS2_PLACEMENT_3D('',#3497,#2869,#2870);
#2289=AXIS2_PLACEMENT_3D('',#3498,#2871,#2872);
#2290=AXIS2_PLACEMENT_3D('',#3500,#2874,#2875);
#2291=AXIS2_PLACEMENT_3D('',#3501,#2876,#2877);
#2292=AXIS2_PLACEMENT_3D('',#3502,#2878,#2879);
#2293=AXIS2_PLACEMENT_3D('',#3503,#2880,#2881);
#2294=AXIS2_PLACEMENT_3D('',#3504,#2882,#2883);
#2295=AXIS2_PLACEMENT_3D('',#3505,#2884,#2885);
#2296=AXIS2_PLACEMENT_3D('',#3510,#2887,#2888);
#2297=AXIS2_PLACEMENT_3D('',#3513,#2890,#2891);
#2298=AXIS2_PLACEMENT_3D('',#3516,#2893,#2894);
#2299=AXIS2_PLACEMENT_3D('',#3519,#2896,#2897);
#2300=AXIS2_PLACEMENT_3D('',#3523,#2900,#2901);
#2301=AXIS2_PLACEMENT_3D('',#3524,#2902,#2903);
#2302=AXIS2_PLACEMENT_3D('',#3527,#2905,#2906);
#2303=AXIS2_PLACEMENT_3D('',#3529,#2908,#2909);
#2304=AXIS2_PLACEMENT_3D('',#3530,#2910,#2911);
#2305=AXIS2_PLACEMENT_3D('',#3531,#2912,#2913);
#2306=AXIS2_PLACEMENT_3D('',#3536,#2915,#2916);
#2307=AXIS2_PLACEMENT_3D('',#3539,#2918,#2919);
#2308=AXIS2_PLACEMENT_3D('',#3542,#2921,#2922);
#2309=AXIS2_PLACEMENT_3D('',#3545,#2924,#2925);
#2310=AXIS2_PLACEMENT_3D('',#3549,#2928,#2929);
#2311=AXIS2_PLACEMENT_3D('',#3550,#2930,#2931);
#2312=AXIS2_PLACEMENT_3D('',#3553,#2933,#2934);
#2313=AXIS2_PLACEMENT_3D('',#3555,#2936,#2937);
#2314=DIRECTION('',(0.,0.,1.));
#2315=DIRECTION('',(1.,0.,0.));
#2316=DIRECTION('',(6.06429631993548E-16,-7.2427375979436E-16,1.));
#2317=DIRECTION('',(0.,-1.,-7.2427375979436E-16));
#2318=DIRECTION('',(6.06429631993548E-16,-7.2427375979436E-16,1.));
#2319=DIRECTION('',(0.,-1.,-7.2427375979436E-16));
#2320=DIRECTION('',(6.06429631993548E-16,-7.2427375979436E-16,1.));
#2321=DIRECTION('',(0.,-1.,-7.2427375979436E-16));
#2322=DIRECTION('',(-1.53075392164808E-15,3.20965203151911E-16,-1.));
#2323=DIRECTION('',(-1.,0.,1.53075392164808E-15));
#2324=DIRECTION('',(-1.53075392164808E-15,3.20965203151911E-16,-1.));
#2325=DIRECTION('',(-1.,0.,1.53075392164808E-15));
#2326=DIRECTION('',(-2.54515413466784E-18,2.19053091995185E-17,1.));
#2327=DIRECTION('',(0.,-1.,2.19053091995185E-17));
#2328=DIRECTION('',(9.03841055855619E-17,2.102476358748E-16,1.));
#2329=DIRECTION('',(0.,-1.,2.102476358748E-16));
#2330=DIRECTION('',(9.59445914391282E-16,-8.02927425372375E-16,1.));
#2331=DIRECTION('',(1.,0.,-9.59445914391282E-16));
#2332=DIRECTION('',(6.48300216077137E-18,-4.32545952675322E-17,1.));
#2333=DIRECTION('',(0.,-1.,-4.32545952675322E-17));
#2334=DIRECTION('',(-5.67580243089039E-16,6.33672180284728E-16,1.));
#2335=DIRECTION('',(0.,-1.,6.33672180284728E-16));
#2336=DIRECTION('',(-5.08379105451355E-17,1.78790009657502E-16,1.));
#2337=DIRECTION('',(0.,-1.,1.78790009657502E-16));
#2338=DIRECTION('',(-3.45535638164007E-16,4.08228955217062E-16,1.));
#2339=DIRECTION('',(0.,-1.,4.08228955217062E-16));
#2340=DIRECTION('',(1.10166374622639E-15,-3.58838215522334E-16,1.));
#2341=DIRECTION('',(1.,0.,-1.10166374622639E-15));
#2342=DIRECTION('',(1.27734359285085E-16,-2.33841573975306E-16,1.));
#2343=DIRECTION('',(0.,-1.,-2.33841573975306E-16));
#2344=DIRECTION('',(5.91795778237441E-15,-3.50367882078582E-15,1.));
#2345=DIRECTION('',(1.,0.,-5.91795778237441E-15));
#2346=DIRECTION('',(0.,-1.,2.19053091995185E-17));
#2347=DIRECTION('',(8.62709135662031E-17,1.82019111283083E-16,1.));
#2348=DIRECTION('',(0.,-1.,1.82019111283083E-16));
#2349=DIRECTION('',(1.,5.5752388280332E-35,2.54515413466784E-18));
#2350=DIRECTION('',(0.,-1.,2.19053091995185E-17));
#2351=DIRECTION('',(1.,5.5752388280332E-35,2.54515413466784E-18));
#2352=DIRECTION('',(1.01910805372233E-16,1.82019111283083E-16,1.));
#2353=DIRECTION('',(0.,-1.,1.82019111283083E-16));
#2354=DIRECTION('',(5.12451475830596E-16,2.89415600323378E-16,1.));
#2355=DIRECTION('',(1.,0.,-5.12451475830596E-16));
#2356=DIRECTION('',(9.03841055855619E-17,2.102476358748E-16,1.));
#2357=DIRECTION('',(0.,-1.,2.102476358748E-16));
#2358=DIRECTION('',(9.03841055855619E-17,2.102476358748E-16,1.));
#2359=DIRECTION('',(0.,-1.,2.102476358748E-16));
#2360=DIRECTION('',(9.59445914391282E-16,-8.02927425372375E-16,1.));
#2361=DIRECTION('',(1.,0.,-9.59445914391282E-16));
#2362=DIRECTION('',(9.59445914391282E-16,-8.02927425372375E-16,1.));
#2363=DIRECTION('',(1.,0.,-9.59445914391282E-16));
#2364=DIRECTION('',(6.48300216077137E-18,-4.32545952675322E-17,1.));
#2365=DIRECTION('',(0.,-1.,-4.32545952675322E-17));
#2366=DIRECTION('',(-5.67580243089039E-16,6.33672180284728E-16,1.));
#2367=DIRECTION('',(6.48300216077137E-18,-4.32545952675322E-17,1.));
#2368=DIRECTION('',(0.,-1.,-4.32545952675322E-17));
#2369=DIRECTION('',(-5.67580243089039E-16,6.33672180284728E-16,1.));
#2370=DIRECTION('',(6.48300216077137E-18,-4.32545952675322E-17,1.));
#2371=DIRECTION('',(0.,-1.,-4.32545952675322E-17));
#2372=DIRECTION('',(-5.67580243089039E-16,6.33672180284728E-16,1.));
#2373=DIRECTION('',(0.,-1.,6.33672180284728E-16));
#2374=DIRECTION('',(-5.67580243089039E-16,6.33672180284728E-16,1.));
#2375=DIRECTION('',(0.,-1.,6.33672180284728E-16));
#2376=DIRECTION('',(-5.08379105451355E-17,1.78790009657502E-16,1.));
#2377=DIRECTION('',(0.,-1.,1.78790009657502E-16));
#2378=DIRECTION('',(-3.45535638164007E-16,4.08228955217062E-16,1.));
#2379=DIRECTION('',(-3.45535638164007E-16,4.08228955217062E-16,1.));
#2380=DIRECTION('',(-5.08379105451355E-17,1.78790009657502E-16,1.));
#2381=DIRECTION('',(0.,-1.,1.78790009657502E-16));
#2382=DIRECTION('',(-5.08379105451355E-17,1.78790009657502E-16,1.));
#2383=DIRECTION('',(0.,-1.,1.78790009657502E-16));
#2384=DIRECTION('',(-3.45535638164007E-16,4.08228955217062E-16,1.));
#2385=DIRECTION('',(0.,-1.,4.08228955217062E-16));
#2386=DIRECTION('',(-3.45535638164007E-16,4.08228955217062E-16,1.));
#2387=DIRECTION('',(0.,-1.,4.08228955217062E-16));
#2388=DIRECTION('',(1.10166374622639E-15,-3.58838215522334E-16,1.));
#2389=DIRECTION('',(1.,0.,-1.10166374622639E-15));
#2390=DIRECTION('',(1.10166374622639E-15,-3.58838215522334E-16,1.));
#2391=DIRECTION('',(1.,0.,-1.10166374622639E-15));
#2392=DIRECTION('',(1.27734359285085E-16,-2.33841573975306E-16,1.));
#2393=DIRECTION('',(0.,-1.,-2.33841573975306E-16));
#2394=DIRECTION('',(1.27734359285085E-16,-2.33841573975306E-16,1.));
#2395=DIRECTION('',(0.,-1.,-2.33841573975306E-16));
#2396=DIRECTION('',(5.91795778237441E-15,-3.50367882078582E-15,1.));
#2397=DIRECTION('',(1.,0.,-5.91795778237441E-15));
#2398=DIRECTION('',(5.91795778237441E-15,-3.50367882078582E-15,1.));
#2399=DIRECTION('',(1.,0.,-5.91795778237441E-15));
#2400=DIRECTION('',(8.62709135662031E-17,1.82019111283083E-16,1.));
#2401=DIRECTION('',(0.,-1.,1.82019111283083E-16));
#2402=DIRECTION('',(8.62709135662031E-17,1.82019111283083E-16,1.));
#2403=DIRECTION('',(0.,-1.,1.82019111283083E-16));
#2404=DIRECTION('',(8.62709135662031E-17,1.82019111283083E-16,1.));
#2405=DIRECTION('',(8.62709135662031E-17,1.82019111283083E-16,1.));
#2406=DIRECTION('',(1.,0.,0.));
#2407=DIRECTION('',(0.,0.,-1.));
#2408=DIRECTION('',(0.,0.,-1.));
#2409=DIRECTION('',(-2.06630890574325E-16,9.87081399467227E-17,1.));
#2410=DIRECTION('',(1.,0.,2.06630890574325E-16));
#2411=DIRECTION('',(0.,1.,0.));
#2412=DIRECTION('',(1.54137143507064E-17,6.27656932483327E-16,1.));
#2413=DIRECTION('',(0.,-1.,6.27656932483327E-16));
#2414=DIRECTION('',(0.,0.,-1.));
#2415=DIRECTION('',(1.54137143507064E-17,6.27656932483327E-16,1.));
#2416=DIRECTION('',(0.,-1.,6.27656932483327E-16));
#2417=DIRECTION('',(0.,1.,0.));
#2418=DIRECTION('',(-2.06630890574325E-16,9.87081399467227E-17,1.));
#2419=DIRECTION('',(1.,0.,2.06630890574325E-16));
#2420=DIRECTION('',(0.,1.,0.));
#2421=DIRECTION('',(0.,0.,-1.));
#2422=DIRECTION('',(1.01910805372233E-16,1.82019111283083E-16,1.));
#2423=DIRECTION('',(0.,-1.,1.82019111283083E-16));
#2424=DIRECTION('',(1.01910805372233E-16,1.82019111283083E-16,1.));
#2425=DIRECTION('',(0.,-1.,1.82019111283083E-16));
#2426=DIRECTION('',(1.01910805372233E-16,1.82019111283083E-16,1.));
#2427=DIRECTION('',(0.,-1.,0.));
#2428=DIRECTION('',(0.,0.,-1.));
#2429=DIRECTION('',(1.,0.,0.));
#2430=DIRECTION('',(0.,0.,-1.));
#2431=DIRECTION('',(1.,0.,0.));
#2432=DIRECTION('',(0.,0.,-1.));
#2433=DIRECTION('',(1.,0.,0.));
#2434=DIRECTION('',(0.,0.,-1.));
#2435=DIRECTION('',(-1.,3.98278349076448E-17,0.));
#2436=DIRECTION('',(-3.98278349076448E-17,-1.,0.));
#2437=DIRECTION('',(1.,-9.55393224396181E-17,-6.19139112022199E-17));
#2438=DIRECTION('',(9.55393224396181E-17,1.,0.));
#2439=DIRECTION('',(-3.98278349076448E-17,-1.,0.));
#2440=DIRECTION('',(1.,-1.00455349997277E-16,5.16597074823411E-17));
#2441=DIRECTION('',(1.00455349997277E-16,1.,0.));
#2442=DIRECTION('',(0.,0.,1.));
#2443=DIRECTION('',(4.69040215105277E-17,1.,4.44089209859094E-17));
#2444=DIRECTION('',(-1.,4.69040215105277E-17,0.));
#2445=DIRECTION('',(-1.,4.69040215105277E-17,0.));
#2446=DIRECTION('',(-1.,4.69040215105277E-17,0.));
#2447=DIRECTION('',(-2.08295698518242E-33,-4.44089209859094E-17,1.));
#2448=DIRECTION('',(-1.,4.69040215105277E-17,0.));
#2449=DIRECTION('',(-2.08295698518242E-33,-4.44089209859094E-17,1.));
#2450=DIRECTION('',(0.,0.,1.));
#2451=DIRECTION('',(1.,0.,0.));
#2452=DIRECTION('',(-4.80490867547445E-16,-4.91504984853189E-16,1.));
#2453=DIRECTION('',(0.,-1.,-4.91504984853189E-16));
#2454=DIRECTION('',(0.,0.,1.));
#2455=DIRECTION('',(1.,0.,0.));
#2456=DIRECTION('',(-7.88929936681224E-16,1.86227387063347E-15,1.));
#2457=DIRECTION('',(0.,-1.,1.86227387063347E-15));
#2458=DIRECTION('',(1.74037556949427E-17,2.82951890094537E-16,1.));
#2459=DIRECTION('',(0.,-1.,2.82951890094537E-16));
#2460=DIRECTION('',(1.14463277062398E-16,-1.92196611407438E-17,1.));
#2461=DIRECTION('',(1.,0.,-1.14463277062398E-16));
#2462=DIRECTION('',(-5.69119704582483E-16,-3.58172178616835E-16,1.));
#2463=DIRECTION('',(1.,0.,5.69119704582483E-16));
#2464=DIRECTION('',(-1.,3.68628738633564E-16,0.));
#2465=DIRECTION('',(0.,-1.,0.));
#2466=DIRECTION('',(1.,2.16840434497039E-17,-2.06887005744664E-32));
#2467=DIRECTION('',(0.,-1.,0.));
#2468=DIRECTION('',(-1.98805924764171E-16,-1.,0.));
#2469=DIRECTION('',(1.,-3.90781896020699E-17,2.7273419428118E-16));
#2470=DIRECTION('',(0.,1.,0.));
#2471=DIRECTION('',(1.,-1.27584676137267E-16,-2.78341354185815E-17));
#2472=DIRECTION('',(-4.97014811915463E-16,-1.,0.));
#2473=DIRECTION('',(-9.1584779786076E-18,-1.76830871357913E-16,1.));
#2474=DIRECTION('',(0.,-1.,-1.76830871357913E-16));
#2475=DIRECTION('',(3.27290702822273E-16,2.16310535781583E-16,1.));
#2476=DIRECTION('',(1.,0.,-3.27290702822273E-16));
#2477=DIRECTION('',(-9.15847797860389E-18,-1.76830871356416E-16,1.));
#2478=DIRECTION('',(0.,-1.,-1.76830871356416E-16));
#2479=DIRECTION('',(1.09195815405966E-16,8.91118405137582E-17,1.));
#2480=DIRECTION('',(1.,0.,-1.09195815405966E-16));
#2481=DIRECTION('',(-4.80490867547445E-16,-4.91504984858917E-16,1.));
#2482=DIRECTION('',(0.,-1.,-4.91504984858917E-16));
#2483=DIRECTION('',(0.,0.,1.));
#2484=DIRECTION('',(1.,0.,0.));
#2485=DIRECTION('',(0.,0.,1.));
#2486=DIRECTION('',(1.,0.,0.));
#2487=DIRECTION('',(-2.59695640610568E-16,3.78604146798978E-17,1.));
#2488=DIRECTION('',(1.,0.,2.59695640610568E-16));
#2489=DIRECTION('',(-4.55623055822752E-17,9.82419927743555E-18,1.));
#2490=DIRECTION('',(1.,0.,4.55623055822752E-17));
#2491=DIRECTION('',(9.47922307989099E-17,1.4996661614226E-15,1.));
#2492=DIRECTION('',(0.,-1.,1.4996661614226E-15));
#2493=DIRECTION('',(-2.06630890574325E-16,9.87081399467227E-17,1.));
#2494=DIRECTION('',(1.,0.,2.06630890574325E-16));
#2495=DIRECTION('',(-1.,0.,0.));
#2496=DIRECTION('',(-0.707106781186548,0.707106781186548,0.));
#2497=DIRECTION('',(0.,1.,0.));
#2498=DIRECTION('',(0.707106781186548,0.707106781186548,0.));
#2499=DIRECTION('',(1.,0.,0.));
#2500=DIRECTION('',(1.54137143507064E-17,6.27656932483327E-16,1.));
#2501=DIRECTION('',(0.,-1.,6.27656932483327E-16));
#2502=DIRECTION('',(-2.06630890574325E-16,9.87081399467227E-17,1.));
#2503=DIRECTION('',(1.,0.,2.06630890574325E-16));
#2504=DIRECTION('',(-2.06630890574325E-16,9.87081399467227E-17,1.));
#2505=DIRECTION('',(1.,0.,2.06630890574325E-16));
#2506=DIRECTION('',(-2.06630890574325E-16,9.87081399467227E-17,1.));
#2507=DIRECTION('',(-3.9495936283395E-17,-4.83244396879288E-17,1.));
#2508=DIRECTION('',(0.,-1.,-4.83244396879288E-17));
#2509=DIRECTION('',(9.47922307989099E-17,1.4996661614226E-15,1.));
#2510=DIRECTION('',(0.,-1.,1.4996661614226E-15));
#2511=DIRECTION('',(1.,-1.9086189908452E-33,3.9495936283395E-17));
#2512=DIRECTION('',(1.54137143507064E-17,6.27656932483327E-16,1.));
#2513=DIRECTION('',(0.,-1.,6.27656932483327E-16));
#2514=DIRECTION('',(1.,-1.9086189908452E-33,3.9495936283395E-17));
#2515=DIRECTION('',(0.707106781186548,0.707106781186548,0.));
#2516=DIRECTION('',(0.,-1.,-4.83244396879288E-17));
#2517=DIRECTION('',(-0.707106781186548,0.707106781186548,0.));
#2518=DIRECTION('',(1.54137143507064E-17,6.27656932483327E-16,1.));
#2519=DIRECTION('',(0.,-1.,6.27656932483327E-16));
#2520=DIRECTION('',(1.54137143507064E-17,6.27656932483327E-16,1.));
#2521=DIRECTION('',(-1.,1.98805924764171E-16,0.));
#2522=DIRECTION('',(-1.98805924764171E-16,-1.,0.));
#2523=DIRECTION('',(1.,-3.90781896020699E-17,2.7273419428118E-16));
#2524=DIRECTION('',(2.7273419428118E-16,0.,-1.));
#2525=DIRECTION('',(1.,-3.90781896020699E-17,2.7273419428118E-16));
#2526=DIRECTION('',(2.7273419428118E-16,0.,-1.));
#2527=DIRECTION('',(1.,-3.90781896020699E-17,2.7273419428118E-16));
#2528=DIRECTION('',(2.7273419428118E-16,0.,-1.));
#2529=DIRECTION('',(1.,0.,1.07164384616333E-17));
#2530=DIRECTION('',(1.07164384616333E-17,0.,-1.));
#2531=DIRECTION('',(1.,-1.27584676137267E-16,-2.78341354185815E-17));
#2532=DIRECTION('',(1.27584676137267E-16,1.,0.));
#2533=DIRECTION('',(1.,-1.00455349997277E-16,5.16597074823411E-17));
#2534=DIRECTION('',(1.00455349997277E-16,1.,0.));
#2535=DIRECTION('',(0.,1.,0.));
#2536=DIRECTION('',(1.,-9.55393224396181E-17,-6.19139112022199E-17));
#2537=DIRECTION('',(9.55393224396181E-17,1.,0.));
#2538=DIRECTION('',(-1.,-1.18313302722686E-15,-9.74246428545616E-16));
#2539=DIRECTION('',(1.18313302722686E-15,-1.,0.));
#2540=DIRECTION('',(0.,1.,0.));
#2541=DIRECTION('',(-1.,3.6172051368979E-16,2.51703553542249E-15));
#2542=DIRECTION('',(2.51703553542249E-15,0.,1.));
#2543=DIRECTION('',(1.07164384616333E-17,0.,-1.));
#2544=DIRECTION('',(-1.,7.77748526683745E-16,-2.86848483222876E-15));
#2545=DIRECTION('',(-2.86848483222876E-15,0.,1.));
#2546=DIRECTION('',(0.,1.,0.));
#2547=DIRECTION('',(1.,-1.00455349997277E-16,5.16597074823411E-17));
#2548=DIRECTION('',(1.00455349997277E-16,1.,0.));
#2549=DIRECTION('',(1.,-1.00455349997277E-16,5.16597074823411E-17));
#2550=DIRECTION('',(-2.59483879563356E-31,-5.22365074225498E-16,1.));
#2551=DIRECTION('',(0.,-1.,-5.22365074225498E-16));
#2552=DIRECTION('',(0.,-1.,-5.22365074225498E-16));
#2553=DIRECTION('',(1.,-1.35545316008433E-46,2.59483879563356E-31));
#2554=DIRECTION('',(0.,-1.,-5.22365074225498E-16));
#2555=DIRECTION('',(1.,-1.35545316008433E-46,2.59483879563356E-31));
#2556=DIRECTION('',(1.,-1.35545316008433E-46,2.59483879563356E-31));
#2557=DIRECTION('',(1.,-9.55393224396181E-17,-6.19139112022199E-17));
#2558=DIRECTION('',(9.55393224396181E-17,1.,0.));
#2559=DIRECTION('',(1.,-1.27584676137267E-16,-2.78341354185815E-17));
#2560=DIRECTION('',(1.27584676137267E-16,1.,0.));
#2561=DIRECTION('',(1.,-1.27584676137267E-16,-2.78341354185815E-17));
#2562=DIRECTION('',(1.27584676137267E-16,1.,0.));
#2563=DIRECTION('',(-1.,4.97014811915463E-16,0.));
#2564=DIRECTION('',(-4.97014811915463E-16,-1.,0.));
#2565=DIRECTION('',(-7.88929936681224E-16,1.86227387063347E-15,1.));
#2566=DIRECTION('',(0.,-1.,1.86227387063347E-15));
#2567=DIRECTION('',(-7.88929936681224E-16,1.86227387063347E-15,1.));
#2568=DIRECTION('',(0.,-1.,1.86227387063347E-15));
#2569=DIRECTION('',(1.74037556949427E-17,2.82951890094537E-16,1.));
#2570=DIRECTION('',(0.,-1.,2.82951890094537E-16));
#2571=DIRECTION('',(1.74037556949427E-17,2.82951890094537E-16,1.));
#2572=DIRECTION('',(0.,-1.,2.82951890094537E-16));
#2573=DIRECTION('',(1.14463277062398E-16,-1.92196611407438E-17,1.));
#2574=DIRECTION('',(1.,0.,-1.14463277062398E-16));
#2575=DIRECTION('',(1.14463277062398E-16,-1.92196611407438E-17,1.));
#2576=DIRECTION('',(1.,0.,-1.14463277062398E-16));
#2577=DIRECTION('',(-5.69119704582483E-16,-3.58172178616835E-16,1.));
#2578=DIRECTION('',(1.,0.,5.69119704582483E-16));
#2579=DIRECTION('',(-5.69119704582483E-16,-3.58172178616835E-16,1.));
#2580=DIRECTION('',(1.,0.,5.69119704582483E-16));
#2581=DIRECTION('',(0.768221279597376,0.,0.64018439966448));
#2582=DIRECTION('',(-0.64018439966448,0.,0.768221279597376));
#2583=DIRECTION('',(-0.640184399659923,0.,0.768221279601173));
#2584=DIRECTION('',(0.,-1.,0.));
#2585=DIRECTION('',(0.640184399659923,0.,-0.768221279601173));
#2586=DIRECTION('',(3.68628738633564E-16,1.,7.84755858188391E-17));
#2587=DIRECTION('',(-1.,3.68628738633564E-16,0.));
#2588=DIRECTION('',(-1.,3.68628738633564E-16,0.));
#2589=DIRECTION('',(0.,0.,-1.));
#2590=DIRECTION('',(0.,0.,1.));
#2591=DIRECTION('',(-1.,0.,0.));
#2592=DIRECTION('',(0.,0.,-1.));
#2593=DIRECTION('',(0.,9.54097911787249E-16,1.));
#2594=DIRECTION('',(0.,-1.,0.));
#2595=DIRECTION('',(-2.16840434497039E-17,1.,-9.54097911787249E-16));
#2596=DIRECTION('',(0.,9.54097911787249E-16,1.));
#2597=DIRECTION('',(1.,2.16840434497039E-17,-2.06887005744664E-32));
#2598=DIRECTION('',(0.,9.54097911787249E-16,1.));
#2599=DIRECTION('',(3.27290702822273E-16,2.16310535781583E-16,1.));
#2600=DIRECTION('',(1.,0.,-3.27290702822273E-16));
#2601=DIRECTION('',(3.27290702822273E-16,2.16310535781583E-16,1.));
#2602=DIRECTION('',(1.,0.,-3.27290702822273E-16));
#2603=DIRECTION('',(1.09195815405966E-16,8.91118405137582E-17,1.));
#2604=DIRECTION('',(1.,0.,-1.09195815405966E-16));
#2605=DIRECTION('',(1.09195815405966E-16,8.91118405137582E-17,1.));
#2606=DIRECTION('',(1.,0.,-1.09195815405966E-16));
#2607=DIRECTION('',(-2.59695640610568E-16,3.78604146798978E-17,1.));
#2608=DIRECTION('',(1.,0.,2.59695640610568E-16));
#2609=DIRECTION('',(-2.59695640610568E-16,3.78604146798978E-17,1.));
#2610=DIRECTION('',(-2.59695640610568E-16,3.78604146798978E-17,1.));
#2611=DIRECTION('',(1.,0.,2.59695640610568E-16));
#2612=DIRECTION('',(-2.59695640610568E-16,3.78604146798978E-17,1.));
#2613=DIRECTION('',(-2.59695640610568E-16,3.78604146798978E-17,1.));
#2614=DIRECTION('',(1.,0.,2.59695640610568E-16));
#2615=DIRECTION('',(-2.59695640610568E-16,3.78604146798978E-17,1.));
#2616=DIRECTION('',(-2.59695640610568E-16,3.78604146798978E-17,1.));
#2617=DIRECTION('',(1.,0.,2.59695640610568E-16));
#2618=DIRECTION('',(-2.59695640610568E-16,3.78604146798978E-17,1.));
#2619=DIRECTION('',(-2.59695640610568E-16,3.78604146798978E-17,1.));
#2620=DIRECTION('',(1.,0.,2.59695640610568E-16));
#2621=DIRECTION('',(9.47922307989099E-17,1.4996661614226E-15,1.));
#2622=DIRECTION('',(0.,-1.,1.4996661614226E-15));
#2623=DIRECTION('',(0.,1.,0.));
#2624=DIRECTION('',(-1.,0.,0.));
#2625=DIRECTION('',(0.,0.,1.));
#2626=DIRECTION('',(1.,0.,0.));
#2627=DIRECTION('',(0.,1.,0.));
#2628=DIRECTION('',(0.,0.,1.));
#2629=DIRECTION('',(0.,0.,1.));
#2630=DIRECTION('',(0.,-1.,0.));
#2631=DIRECTION('',(1.,0.,0.));
#2632=DIRECTION('',(0.,0.,1.));
#2633=DIRECTION('',(-1.,-5.57781084343873E-15,-5.31828738682858E-16));
#2634=DIRECTION('',(5.57781084343873E-15,-1.,0.));
#2635=DIRECTION('',(-1.,-1.18313302722686E-15,-9.74246428545616E-16));
#2636=DIRECTION('',(1.18313302722686E-15,-1.,0.));
#2637=DIRECTION('',(-1.,-5.57781084343873E-15,-5.31828738682858E-16));
#2638=DIRECTION('',(5.57781084343873E-15,-1.,0.));
#2639=DIRECTION('',(0.42443387623072,-1.28330322245246E-16,-0.905458935958868));
#2640=DIRECTION('',(-0.905458935958868,-1.23259516440783E-32,-0.42443387623072));
#2641=DIRECTION('',(5.44677361084871E-17,1.,-1.16197837031439E-16));
#2642=DIRECTION('',(-1.,-2.40343006805377E-15,-4.82245052178159E-16));
#2643=DIRECTION('',(2.40343006805377E-15,-1.,0.));
#2644=DIRECTION('',(-1.,-2.40343006805377E-15,-4.82245052178159E-16));
#2645=DIRECTION('',(2.40343006805377E-15,-1.,0.));
#2646=DIRECTION('',(0.424433876230721,-0.905458935958868,-8.1912234733425E-17));
#2647=DIRECTION('',(0.905458935958868,0.424433876230721,6.16297582203916E-33));
#2648=DIRECTION('',(3.47663272986283E-17,-7.416816490374E-17,1.));
#2649=DIRECTION('',(-1.,3.6172051368979E-16,2.51703553542249E-15));
#2650=DIRECTION('',(2.51703553542249E-15,0.,1.));
#2651=DIRECTION('',(-1.,3.6172051368979E-16,2.51703553542249E-15));
#2652=DIRECTION('',(2.51703553542249E-15,0.,1.));
#2653=DIRECTION('',(0.424433876230721,6.37299811725155E-17,0.905458935958868));
#2654=DIRECTION('',(0.905458935958868,-6.16297582203916E-33,-0.424433876230721));
#2655=DIRECTION('',(-2.70491629411616E-17,1.,-5.77048809411446E-17));
#2656=DIRECTION('',(-3.68628738633564E-16,-1.,7.84755858367886E-17));
#2657=DIRECTION('',(1.,-3.68628738633564E-16,0.));
#2658=DIRECTION('',(2.89283562205454E-32,7.84755858367886E-17,1.));
#2659=DIRECTION('',(-1.,0.,0.));
#2660=DIRECTION('',(0.,0.,-1.));
#2661=DIRECTION('',(-0.640184399662705,0.,-0.768221279598855));
#2662=DIRECTION('',(1.,0.,0.));
#2663=DIRECTION('',(0.,0.,1.));
#2664=DIRECTION('',(0.,0.,1.));
#2665=DIRECTION('',(0.,-1.,0.));
#2666=DIRECTION('',(2.1684043449704E-17,-1.,-9.54097911787265E-16));
#2667=DIRECTION('',(0.,9.54097911787265E-16,-1.));
#2668=DIRECTION('',(0.,0.,-1.));
#2669=DIRECTION('',(-1.,0.,0.));
#2670=DIRECTION('',(-0.64018439966448,0.,-0.768221279597376));
#2671=DIRECTION('',(-0.768221279597376,0.,0.64018439966448));
#2672=DIRECTION('',(-0.64018439966448,0.,-0.768221279597376));
#2673=DIRECTION('',(0.,-1.,0.));
#2674=DIRECTION('',(-3.82052194100126E-17,-4.92193367136432E-17,1.));
#2675=DIRECTION('',(0.,-1.,-4.92193367136432E-17));
#2676=DIRECTION('',(1.23908819626969E-17,-1.89580494204143E-16,1.));
#2677=DIRECTION('',(0.,-1.,-1.89580494204143E-16));
#2678=DIRECTION('',(1.23908819626968E-17,-1.8958049414922E-16,1.));
#2679=DIRECTION('',(0.,-1.,-1.8958049414922E-16));
#2680=DIRECTION('',(-3.82052194100126E-17,-4.92193367147754E-17,1.));
#2681=DIRECTION('',(0.,-1.,-4.92193367147754E-17));
#2682=DIRECTION('',(1.,0.,0.));
#2683=DIRECTION('',(0.,0.,1.));
#2684=DIRECTION('',(0.,-1.,0.));
#2685=DIRECTION('',(0.,0.,1.));
#2686=DIRECTION('',(-1.,0.,0.));
#2687=DIRECTION('',(1.85863229518829E-17,-1.06561584912766E-16,1.));
#2688=DIRECTION('',(0.,-1.,-1.06561584912766E-16));
#2689=DIRECTION('',(1.85863229518829E-17,-1.06561584985697E-16,1.));
#2690=DIRECTION('',(0.,-1.,-1.06561584985697E-16));
#2691=DIRECTION('',(0.,1.,0.));
#2692=DIRECTION('',(-1.,0.,0.));
#2693=DIRECTION('',(-1.,0.,0.));
#2694=DIRECTION('',(-1.,0.,0.));
#2695=DIRECTION('',(0.,0.,1.));
#2696=DIRECTION('',(1.,0.,0.));
#2697=DIRECTION('',(0.,-1.,0.));
#2698=DIRECTION('',(1.,0.,0.));
#2699=DIRECTION('',(1.,0.,0.));
#2700=DIRECTION('',(1.,0.,0.));
#2701=DIRECTION('',(2.520269886605E-17,-6.16856524066853E-33,1.));
#2702=DIRECTION('',(1.,0.,-2.520269886605E-17));
#2703=DIRECTION('',(0.707106781186548,0.707106781186548,0.));
#2704=DIRECTION('',(-0.707106781186548,0.707106781186548,0.));
#2705=DIRECTION('',(0.707106781186548,-0.707106781186548,0.));
#2706=DIRECTION('',(0.707106781186548,0.707106781186548,0.));
#2707=DIRECTION('',(1.,-1.87758922065414E-17,-1.68283071424566E-17));
#2708=DIRECTION('',(1.87758922065414E-17,1.,0.));
#2709=DIRECTION('',(1.,-1.87758922065414E-17,-1.68283071424566E-17));
#2710=DIRECTION('',(1.,-1.87758922065414E-17,-1.68283071424566E-17));
#2711=DIRECTION('',(1.,-1.87758922065414E-17,-1.68283071424566E-17));
#2712=DIRECTION('',(1.87758922065414E-17,1.,0.));
#2713=DIRECTION('',(6.93826297598466E-33,1.,6.8552710610557E-16));
#2714=DIRECTION('',(0.,-6.8552710610557E-16,1.));
#2715=DIRECTION('',(0.,-6.8552710610557E-16,1.));
#2716=DIRECTION('',(1.,-6.93826297598466E-33,-4.75636733932618E-48));
#2717=DIRECTION('',(1.,-2.13649397762791E-16,-6.38210461337516E-18));
#2718=DIRECTION('',(2.13649397762791E-16,1.,0.));
#2719=DIRECTION('',(1.,-2.13649397762791E-16,-6.38210461337516E-18));
#2720=DIRECTION('',(1.,-2.13649397762791E-16,-6.38210461337516E-18));
#2721=DIRECTION('',(2.13649397762791E-16,1.,0.));
#2722=DIRECTION('',(1.,-2.13649397762791E-16,-6.38210461337516E-18));
#2723=DIRECTION('',(1.,-2.13649397762791E-16,-6.38210461337516E-18));
#2724=DIRECTION('',(2.13649397762791E-16,1.,0.));
#2725=DIRECTION('',(0.,0.,-1.));
#2726=DIRECTION('',(0.,-1.,0.));
#2727=DIRECTION('',(1.,-2.14748542734601E-18,1.47618566123875E-16));
#2728=DIRECTION('',(0.,-1.,0.));
#2729=DIRECTION('',(1.,-2.14748542734601E-18,1.47618566123875E-16));
#2730=DIRECTION('',(1.47618566123875E-16,0.,-1.));
#2731=DIRECTION('',(1.,-2.14748542734601E-18,1.47618566123875E-16));
#2732=DIRECTION('',(1.47618566123875E-16,0.,-1.));
#2733=DIRECTION('',(1.,-2.14748542734601E-18,1.47618566123875E-16));
#2734=DIRECTION('',(1.,-2.14748542734601E-18,1.47618566123875E-16));
#2735=DIRECTION('',(1.47618566123875E-16,0.,-1.));
#2736=DIRECTION('',(1.,-2.14748542734601E-18,1.47618566123875E-16));
#2737=DIRECTION('',(0.,-1.,0.));
#2738=DIRECTION('',(0.,0.,1.));
#2739=DIRECTION('',(-1.,0.,0.));
#2740=DIRECTION('',(0.,0.,1.));
#2741=DIRECTION('',(1.,-4.3180409624025E-18,2.79020398914665E-17));
#2742=DIRECTION('',(2.79020398914665E-17,0.,-1.));
#2743=DIRECTION('',(1.,-4.3180409624025E-18,2.79020398914665E-17));
#2744=DIRECTION('',(1.,-4.3180409624025E-18,2.79020398914665E-17));
#2745=DIRECTION('',(2.79020398914665E-17,0.,-1.));
#2746=DIRECTION('',(-4.66902798939017E-18,-4.26862846316405E-16,1.));
#2747=DIRECTION('',(0.,-1.,-4.26862846316405E-16));
#2748=DIRECTION('',(-4.89101881782937E-16,-4.6114784536306E-16,1.));
#2749=DIRECTION('',(1.,0.,4.89101881782937E-16));
#2750=DIRECTION('',(1.,-1.99303457708205E-33,4.66902798939017E-18));
#2751=DIRECTION('',(-7.19776895673751E-17,-7.29735261208744E-17,1.));
#2752=DIRECTION('',(0.,-1.,-7.29735261208744E-17));
#2753=DIRECTION('',(1.,-1.99303457708205E-33,4.66902798939017E-18));
#2754=DIRECTION('',(2.93429159989726E-17,-5.41974342874622E-17,1.));
#2755=DIRECTION('',(0.,-1.,-5.41974342874622E-17));
#2756=DIRECTION('',(1.,-1.99303457708205E-33,4.66902798939017E-18));
#2757=DIRECTION('',(2.81696183042895E-16,5.47071079864838E-16,1.));
#2758=DIRECTION('',(0.,-1.,5.47071079864838E-16));
#2759=DIRECTION('',(1.,-1.99303457708205E-33,4.66902798939017E-18));
#2760=DIRECTION('',(0.,-1.,-4.26862846316405E-16));
#2761=DIRECTION('',(0.,0.,1.));
#2762=DIRECTION('',(-1.,0.,0.));
#2763=DIRECTION('',(0.,-1.,0.));
#2764=DIRECTION('',(-1.,0.,0.));
#2765=DIRECTION('',(0.,0.,-1.));
#2766=DIRECTION('',(-4.54332338968688E-17,4.75541956658802E-17,1.));
#2767=DIRECTION('',(0.,-1.,4.75541956658802E-17));
#2768=DIRECTION('',(1.37321309890821E-16,-1.13788140936859E-16,1.));
#2769=DIRECTION('',(1.,0.,-1.37321309890821E-16));
#2770=DIRECTION('',(1.,9.53901231115827E-18,-7.97610198282971E-17));
#2771=DIRECTION('',(-7.97610198282971E-17,0.,-1.));
#2772=DIRECTION('',(1.,1.88159970012402E-16,6.88958114241094E-17));
#2773=DIRECTION('',(-1.88159970012402E-16,1.,0.));
#2774=DIRECTION('',(0.,0.,1.));
#2775=DIRECTION('',(1.,-1.75278126856458E-17,2.04555571523946E-16));
#2776=DIRECTION('',(2.04555571523946E-16,0.,-1.));
#2777=DIRECTION('',(0.,-1.,0.));
#2778=DIRECTION('',(1.,2.0609713055822E-16,1.36083721530226E-16));
#2779=DIRECTION('',(-2.0609713055822E-16,1.,0.));
#2780=DIRECTION('',(0.,0.,-1.));
#2781=DIRECTION('',(1.,-3.94354726961343E-17,-3.7132380898058E-17));
#2782=DIRECTION('',(3.94354726961343E-17,1.,0.));
#2783=DIRECTION('',(0.,0.,1.));
#2784=DIRECTION('',(0.,0.,1.));
#2785=DIRECTION('',(-4.8823773737411E-16,1.,0.));
#2786=DIRECTION('',(-1.,-4.8823773737411E-16,0.));
#2787=DIRECTION('',(0.,0.,1.));
#2788=DIRECTION('',(-1.,-4.8823773737411E-16,0.));
#2789=DIRECTION('',(0.,0.,1.));
#2790=DIRECTION('',(-1.,-4.8823773737411E-16,0.));
#2791=DIRECTION('',(1.,-4.39912969315934E-19,1.41721231600763E-17));
#2792=DIRECTION('',(1.41721231600763E-17,0.,-1.));
#2793=DIRECTION('',(4.39912969315934E-19,1.,6.23450078086028E-36));
#2794=DIRECTION('',(1.41721231600763E-17,0.,-1.));
#2795=DIRECTION('',(-1.99733619834432E-16,-1.,0.));
#2796=DIRECTION('',(1.,-1.99733619834432E-16,0.));
#2797=DIRECTION('',(1.,-1.99733619834432E-16,0.));
#2798=DIRECTION('',(0.,0.,1.));
#2799=DIRECTION('',(1.,-1.99733619834432E-16,0.));
#2800=DIRECTION('',(-4.89101881782937E-16,-4.6114784536306E-16,1.));
#2801=DIRECTION('',(1.,0.,4.89101881782937E-16));
#2802=DIRECTION('',(-4.89101881782937E-16,-4.6114784536306E-16,1.));
#2803=DIRECTION('',(1.,0.,4.89101881782937E-16));
#2804=DIRECTION('',(0.,0.,-1.));
#2805=DIRECTION('',(0.,0.,-1.));
#2806=DIRECTION('',(0.,1.,0.));
#2807=DIRECTION('',(1.,0.,0.));
#2808=DIRECTION('',(-7.19776895673751E-17,-7.29735261208744E-17,1.));
#2809=DIRECTION('',(1.,0.,7.46475084592903E-17));
#2810=DIRECTION('',(-7.19776895673751E-17,-7.29735261208744E-17,1.));
#2811=DIRECTION('',(0.,-1.,-7.29735261208744E-17));
#2812=DIRECTION('',(-7.19776895673751E-17,-7.29735261208744E-17,1.));
#2813=DIRECTION('',(0.,-1.,-7.29735261208744E-17));
#2814=DIRECTION('',(0.,0.,-1.));
#2815=DIRECTION('',(0.,-1.,0.));
#2816=DIRECTION('',(-1.,0.,0.));
#2817=DIRECTION('',(1.,0.,7.46475084592903E-17));
#2818=DIRECTION('',(2.93429159989726E-17,-5.41974342874622E-17,1.));
#2819=DIRECTION('',(0.,-1.,-5.41974342874622E-17));
#2820=DIRECTION('',(2.93429159989726E-17,-5.41974342874622E-17,1.));
#2821=DIRECTION('',(0.,-1.,-5.41974342874622E-17));
#2822=DIRECTION('',(0.,0.,-1.));
#2823=DIRECTION('',(0.,0.,-1.));
#2824=DIRECTION('',(0.,-1.,0.));
#2825=DIRECTION('',(-1.,0.,0.));
#2826=DIRECTION('',(2.81696183042895E-16,5.47071079864838E-16,1.));
#2827=DIRECTION('',(1.,0.,0.));
#2828=DIRECTION('',(2.81696183042895E-16,5.47071079864838E-16,1.));
#2829=DIRECTION('',(0.,-1.,5.47071079864838E-16));
#2830=DIRECTION('',(2.81696183042895E-16,5.47071079864838E-16,1.));
#2831=DIRECTION('',(0.,-1.,5.47071079864838E-16));
#2832=DIRECTION('',(0.,0.,-1.));
#2833=DIRECTION('',(0.,1.,0.));
#2834=DIRECTION('',(1.,0.,0.));
#2835=DIRECTION('',(1.,0.,0.));
#2836=DIRECTION('',(1.37321309890821E-16,-1.13788140936859E-16,1.));
#2837=DIRECTION('',(1.,0.,-1.37321309890821E-16));
#2838=DIRECTION('',(1.37321309890821E-16,-1.13788140936859E-16,1.));
#2839=DIRECTION('',(1.,0.,-1.37321309890821E-16));
#2840=DIRECTION('',(1.,1.88159970012402E-16,6.88958114241094E-17));
#2841=DIRECTION('',(-1.88159970012402E-16,1.,0.));
#2842=DIRECTION('',(1.,1.88159970012402E-16,6.88958114241094E-17));
#2843=DIRECTION('',(-1.88159970012402E-16,1.,0.));
#2844=DIRECTION('',(1.,1.88159970012402E-16,6.88958114241094E-17));
#2845=DIRECTION('',(0.,1.,0.));
#2846=DIRECTION('',(0.,0.,1.));
#2847=DIRECTION('',(0.,0.,1.));
#2848=DIRECTION('',(1.,-1.75278126856458E-17,2.04555571523946E-16));
#2849=DIRECTION('',(1.,-1.75278126856458E-17,2.04555571523946E-16));
#2850=DIRECTION('',(2.04555571523946E-16,0.,-1.));
#2851=DIRECTION('',(1.,-1.75278126856458E-17,2.04555571523946E-16));
#2852=DIRECTION('',(2.04555571523946E-16,0.,-1.));
#2853=DIRECTION('',(1.,-1.75278126856458E-17,2.04555571523946E-16));
#2854=DIRECTION('',(0.,0.,1.));
#2855=DIRECTION('',(0.,-1.,0.));
#2856=DIRECTION('',(0.,-1.,0.));
#2857=DIRECTION('',(1.,2.0609713055822E-16,1.36083721530226E-16));
#2858=DIRECTION('',(1.,2.0609713055822E-16,1.36083721530226E-16));
#2859=DIRECTION('',(-2.0609713055822E-16,1.,0.));
#2860=DIRECTION('',(1.,2.0609713055822E-16,1.36083721530226E-16));
#2861=DIRECTION('',(-2.0609713055822E-16,1.,0.));
#2862=DIRECTION('',(1.,2.0609713055822E-16,1.36083721530226E-16));
#2863=DIRECTION('',(0.,-1.,0.));
#2864=DIRECTION('',(0.,0.,-1.));
#2865=DIRECTION('',(0.,0.,-1.));
#2866=DIRECTION('',(1.,0.,0.));
#2867=DIRECTION('',(1.,-3.94354726961343E-17,-3.7132380898058E-17));
#2868=DIRECTION('',(3.94354726961343E-17,1.,0.));
#2869=DIRECTION('',(1.,-3.94354726961343E-17,-3.7132380898058E-17));
#2870=DIRECTION('',(3.94354726961343E-17,1.,0.));
#2871=DIRECTION('',(1.,0.,0.));
#2872=DIRECTION('',(0.,0.,-1.));
#2873=DIRECTION('',(0.,1.,0.));
#2874=DIRECTION('',(0.,0.,-1.));
#2875=DIRECTION('',(0.,1.,0.));
#2876=DIRECTION('',(-7.46475084592903E-17,2.35426758276392E-17,1.));
#2877=DIRECTION('',(1.,0.,7.46475084592903E-17));
#2878=DIRECTION('',(0.,0.,1.));
#2879=DIRECTION('',(1.,0.,0.));
#2880=DIRECTION('',(-2.47817639399916E-16,-2.97381167307786E-16,1.));
#2881=DIRECTION('',(0.,-1.,-2.97381167307786E-16));
#2882=DIRECTION('',(-1.34329131912451E-16,7.49275790674831E-16,1.));
#2883=DIRECTION('',(0.,-1.,7.49275790674831E-16));
#2884=DIRECTION('',(-1.34329131912451E-16,7.49275790674831E-16,1.));
#2885=DIRECTION('',(0.,-1.,7.49275790674831E-16));
#2886=DIRECTION('',(0.,0.,1.));
#2887=DIRECTION('',(-1.34329131912451E-16,7.49275790674831E-16,1.));
#2888=DIRECTION('',(0.,-1.,7.49275790674831E-16));
#2889=DIRECTION('',(0.,0.,1.));
#2890=DIRECTION('',(4.11996825537154E-17,4.87890977489522E-17,1.));
#2891=DIRECTION('',(0.,-1.,4.87890977489522E-17));
#2892=DIRECTION('',(1.,0.,0.));
#2893=DIRECTION('',(7.48332903223102E-16,6.43134464308622E-16,1.));
#2894=DIRECTION('',(1.,0.,-7.48332903223102E-16));
#2895=DIRECTION('',(-1.,0.,0.));
#2896=DIRECTION('',(0.,1.,0.));
#2897=DIRECTION('',(-1.,0.,0.));
#2898=DIRECTION('',(7.48332903223102E-16,6.43134464308622E-16,1.));
#2899=DIRECTION('',(1.,0.,0.));
#2900=DIRECTION('',(0.,0.,1.));
#2901=DIRECTION('',(1.,0.,0.));
#2902=DIRECTION('',(7.48332903223102E-16,6.43134464308622E-16,1.));
#2903=DIRECTION('',(1.,0.,-7.48332903223102E-16));
#2904=DIRECTION('',(1.,0.,0.));
#2905=DIRECTION('',(0.,-1.,0.));
#2906=DIRECTION('',(1.,0.,0.));
#2907=DIRECTION('',(7.48332903223102E-16,6.43134464308622E-16,1.));
#2908=DIRECTION('',(7.48332903223102E-16,6.43134464308622E-16,1.));
#2909=DIRECTION('',(1.,0.,-7.48332903223102E-16));
#2910=DIRECTION('',(-5.53842699290712E-16,-6.24665801851833E-16,1.));
#2911=DIRECTION('',(0.,-1.,-6.24665801851833E-16));
#2912=DIRECTION('',(-5.53842699290712E-16,-6.24665801851833E-16,1.));
#2913=DIRECTION('',(0.,-1.,-6.24665801851833E-16));
#2914=DIRECTION('',(0.,0.,1.));
#2915=DIRECTION('',(-5.53842699290712E-16,-6.24665801851833E-16,1.));
#2916=DIRECTION('',(0.,-1.,-6.24665801851833E-16));
#2917=DIRECTION('',(0.,0.,1.));
#2918=DIRECTION('',(4.11996825537154E-17,4.87890977647371E-17,1.));
#2919=DIRECTION('',(0.,-1.,4.87890977647371E-17));
#2920=DIRECTION('',(1.,0.,0.));
#2921=DIRECTION('',(6.02652432203828E-16,6.43134464308624E-16,1.));
#2922=DIRECTION('',(0.,-1.,6.43134464308624E-16));
#2923=DIRECTION('',(-1.,0.,0.));
#2924=DIRECTION('',(0.,1.,0.));
#2925=DIRECTION('',(-1.,0.,0.));
#2926=DIRECTION('',(6.02652432203828E-16,6.43134464308624E-16,1.));
#2927=DIRECTION('',(1.,0.,0.));
#2928=DIRECTION('',(0.,0.,1.));
#2929=DIRECTION('',(1.,0.,0.));
#2930=DIRECTION('',(6.02652432203828E-16,6.43134464308624E-16,1.));
#2931=DIRECTION('',(0.,-1.,6.43134464308624E-16));
#2932=DIRECTION('',(1.,0.,0.));
#2933=DIRECTION('',(0.,-1.,0.));
#2934=DIRECTION('',(1.,0.,0.));
#2935=DIRECTION('',(6.02652432203828E-16,6.43134464308624E-16,1.));
#2936=DIRECTION('',(6.02652432203828E-16,6.43134464308624E-16,1.));
#2937=DIRECTION('',(0.,-1.,6.43134464308624E-16));
#2938=CARTESIAN_POINT('',(0.,0.,0.));
#2939=CARTESIAN_POINT('',(0.066700303030303,0.08065,0.01934));
#2940=CARTESIAN_POINT('',(0.066700303030303,0.08065,0.0199299999999922));
#2941=CARTESIAN_POINT('',(0.066700303030303,0.07866,0.0199299999999922));
#2942=CARTESIAN_POINT('',(0.066700303030303,0.08065,0.0187500000000233));
#2943=CARTESIAN_POINT('',(0.066700303030303,0.07866,0.0187500000000233));
#2944=CARTESIAN_POINT('',(0.066700303030303,0.08065,0.02052));
#2945=CARTESIAN_POINT('',(0.066700303030303,0.08065,0.0205199999898646));
#2946=CARTESIAN_POINT('',(0.0653003030201676,0.08065,0.0205199999898646));
#2947=CARTESIAN_POINT('',(0.070540303030303,0.08065,0.01875));
#2948=CARTESIAN_POINT('',(0.086240303030303,0.0890869696969697,0.0187499999999882));
#2949=CARTESIAN_POINT('',(0.086240303030303,0.0880869696969697,0.0187499999999882));
#2950=CARTESIAN_POINT('',(0.070640303030303,0.0710130303030303,0.0187499999999894));
#2951=CARTESIAN_POINT('',(0.071540303030303,0.0710130303030303,0.0187499999999894));
#2952=CARTESIAN_POINT('',(0.0577,0.07192,0.0187499999999639));
#2953=CARTESIAN_POINT('',(0.0567921617834834,0.0731639572400315,0.0187499999999847));
#2954=CARTESIAN_POINT('',(0.0563918471222598,0.0727326103857113,0.0187499999999784));
#2955=CARTESIAN_POINT('',(0.05492,0.0745,0.018749999999973));
#2956=CARTESIAN_POINT('',(0.0577,0.08938,0.0187499999999909));
#2957=CARTESIAN_POINT('',(0.0563918466410405,0.0885673900150385,0.0187499999999793));
#2958=CARTESIAN_POINT('',(0.0567921617558255,0.0881360427987248,0.0187499999999743));
#2959=CARTESIAN_POINT('',(0.05492,0.0868,0.0187499999999865));
#2960=CARTESIAN_POINT('',(0.070640303030303,0.0902869696969697,0.0187499999999894));
#2961=CARTESIAN_POINT('',(0.071540303030303,0.0902869696969697,0.0187499999999894));
#2962=CARTESIAN_POINT('',(0.086240303030303,0.0722130303030304,0.0187499999999882));
#2963=CARTESIAN_POINT('',(0.086240303030303,0.0712130303030304,0.0187499999999882));
#2964=CARTESIAN_POINT('',(0.077700303030303,0.08065,0.0187500000000102));
#2965=CARTESIAN_POINT('',(0.081200303030303,0.08065,0.0187500000000102));
#2966=CARTESIAN_POINT('',(0.089040303030302,0.08065,0.01875));
#2967=CARTESIAN_POINT('',(0.0890403030303023,0.0744499966439718,0.01875));
#2968=CARTESIAN_POINT('',(0.0890403030303017,0.0868500020450686,0.01875));
#2969=CARTESIAN_POINT('',(0.084040303030303,0.08685,0.01875));
#2970=CARTESIAN_POINT('',(0.0840403052676591,0.0918499998051451,0.01875));
#2971=CARTESIAN_POINT('',(0.070540303030303,0.0918499996102922,0.01875));
#2972=CARTESIAN_POINT('',(0.0520403030303528,0.0918499998051461,0.01875));
#2973=CARTESIAN_POINT('',(0.0520403030303694,0.08065,0.01875));
#2974=CARTESIAN_POINT('',(0.0520403030303421,0.0694500000000046,0.01875));
#2975=CARTESIAN_POINT('',(0.070540303030303,0.0694500000000062,0.01875));
#2976=CARTESIAN_POINT('',(0.0840403052676512,0.0694500000000041,0.01875));
#2977=CARTESIAN_POINT('',(0.084040303030303,0.07445,0.01875));
#2978=CARTESIAN_POINT('',(0.0667003030303029,0.08065,0.02052));
#2979=CARTESIAN_POINT('',(0.086240303030303,0.0890869696969697,0.018));
#2980=CARTESIAN_POINT('',(0.086240303030303,0.0890869696969697,0.01725));
#2981=CARTESIAN_POINT('',(0.086240303030303,0.0880869696969697,0.01725));
#2982=CARTESIAN_POINT('',(0.070640303030303,0.0710130303030303,0.018));
#2983=CARTESIAN_POINT('',(0.070640303030303,0.0710130303030303,0.01725));
#2984=CARTESIAN_POINT('',(0.071540303030303,0.0710130303030303,0.01725));
#2985=CARTESIAN_POINT('',(0.0577,0.07192,0.009375));
#2986=CARTESIAN_POINT('',(0.0567921616891414,0.0731639571078325,0.018));
#2987=CARTESIAN_POINT('',(0.0567921617834834,0.0731639572400315,0.0172500000000142));
#2988=CARTESIAN_POINT('',(0.0577,0.07192,0.0172500000000315));
#2989=CARTESIAN_POINT('',(0.0563918471222598,0.0727326103857113,0.0172500000000221));
#2990=CARTESIAN_POINT('',(0.0563918474465204,0.0727326106557491,0.018));
#2991=CARTESIAN_POINT('',(0.0577,0.07192,0.));
#2992=CARTESIAN_POINT('',(0.0577,0.07038,-6.66120767119996E-20));
#2993=CARTESIAN_POINT('',(0.05492,0.0745,0.018));
#2994=CARTESIAN_POINT('',(0.05492,0.0745,0.0172500000000068));
#2995=CARTESIAN_POINT('',(0.0577,0.08938,0.009375));
#2996=CARTESIAN_POINT('',(0.0567921616338256,0.08813604296968,0.018));
#2997=CARTESIAN_POINT('',(0.0567921617558255,0.0881360427987248,0.017250000000022));
#2998=CARTESIAN_POINT('',(0.0563918464840819,0.0885673901457504,0.018));
#2999=CARTESIAN_POINT('',(0.0563918466410405,0.0885673900150385,0.0172500000000142));
#3000=CARTESIAN_POINT('',(0.0577,0.08938,0.0172500000000315));
#3001=CARTESIAN_POINT('',(0.0577,0.08938,-3.46944695195361E-18));
#3002=CARTESIAN_POINT('',(0.0577,0.08784,-3.19411033708106E-18));
#3003=CARTESIAN_POINT('',(0.05492,0.0868,0.018));
#3004=CARTESIAN_POINT('',(0.05492,0.0868,0.0172500000000068));
#3005=CARTESIAN_POINT('',(0.070640303030303,0.0902869696969697,0.018));
#3006=CARTESIAN_POINT('',(0.070640303030303,0.0902869696969697,0.01725));
#3007=CARTESIAN_POINT('',(0.071540303030303,0.0902869696969697,0.01725));
#3008=CARTESIAN_POINT('',(0.086240303030303,0.0722130303030304,0.018));
#3009=CARTESIAN_POINT('',(0.086240303030303,0.0722130303030304,0.01725));
#3010=CARTESIAN_POINT('',(0.086240303030303,0.0712130303030304,0.01725));
#3011=CARTESIAN_POINT('',(0.077700303030303,0.08065,0.01895));
#3012=CARTESIAN_POINT('',(0.077700303030303,0.08065,0.0191499999999727));
#3013=CARTESIAN_POINT('',(0.081200303030303,0.08065,0.0191499999999726));
#3014=CARTESIAN_POINT('',(0.084040303030303,0.08685,0.009375));
#3015=CARTESIAN_POINT('',(0.084040303030303,0.08685,3.90607685085697E-14));
#3016=CARTESIAN_POINT('',(0.0890403030303023,0.0868500020450686,2.34367658449008E-14));
#3017=CARTESIAN_POINT('',(0.0840403052676591,0.09185,2.44123084296434E-14));
#3018=CARTESIAN_POINT('',(0.0840403075050153,0.091849999999998,0.009375));
#3019=CARTESIAN_POINT('',(0.0890403030303013,0.0868500040901372,0.009375));
#3020=CARTESIAN_POINT('',(0.0890403030303026,0.08065,0.009375));
#3021=CARTESIAN_POINT('',(0.0890403030303026,0.084149999999925,0.009375));
#3022=CARTESIAN_POINT('',(0.0890403030303026,0.084149999999925,0.0100999999999941));
#3023=CARTESIAN_POINT('',(0.0890403030303026,0.084149999999925,0.0073));
#3024=CARTESIAN_POINT('',(0.090040303030303,0.08415,0.0073));
#3025=CARTESIAN_POINT('',(0.089040303157076,0.0841492877542031,0.0073));
#3026=CARTESIAN_POINT('',(0.0890403030303026,0.08065,0.0073));
#3027=CARTESIAN_POINT('',(0.0890403032813675,0.0771507086105222,0.0073));
#3028=CARTESIAN_POINT('',(0.090040303030303,0.07715,0.00730000000003906));
#3029=CARTESIAN_POINT('',(0.0890403030303026,0.0771500000000106,0.00730000000003906));
#3030=CARTESIAN_POINT('',(0.0890403030303026,0.0771500000000106,0.009375));
#3031=CARTESIAN_POINT('',(0.0890403030303026,0.0771500000000106,0.0101));
#3032=CARTESIAN_POINT('',(0.090040303030303,0.07715,0.0101));
#3033=CARTESIAN_POINT('',(0.089040303282197,0.0771510037810901,0.0101));
#3034=CARTESIAN_POINT('',(0.0890403030303026,0.08065,0.0101));
#3035=CARTESIAN_POINT('',(0.0890403032840508,0.0841492876128018,0.0101));
#3036=CARTESIAN_POINT('',(0.090040303030303,0.08415,0.0100999999999941));
#3037=CARTESIAN_POINT('',(0.0890403030303026,0.08065,7.81319453579954E-15));
#3038=CARTESIAN_POINT('',(0.0890403030303026,0.0744499966439718,2.34349920216953E-14));
#3039=CARTESIAN_POINT('',(0.0890403030303026,0.0744499932879437,0.009375));
#3040=CARTESIAN_POINT('',(0.084040303030303,0.07445,0.009375));
#3041=CARTESIAN_POINT('',(0.084040303030303,0.07445,3.90572990616178E-14));
#3042=CARTESIAN_POINT('',(0.0840403052676512,0.06945,2.53872657569608E-14));
#3043=CARTESIAN_POINT('',(0.0840403075049994,0.069450000000002,0.009375));
#3044=CARTESIAN_POINT('',(0.0635403030303031,0.06945,0.009375));
#3045=CARTESIAN_POINT('',(0.0635403030303031,0.06945,1.17163223567474E-14));
#3046=CARTESIAN_POINT('',(0.0520403030303031,0.06945,-1.41678431248189E-10));
#3047=CARTESIAN_POINT('',(0.0520403030303148,0.06945,0.009375));
#3048=CARTESIAN_POINT('',(0.0520403030303089,0.06945,0.0102000010397725));
#3049=CARTESIAN_POINT('',(0.0635403030303031,0.06945,0.0102000020795451));
#3050=CARTESIAN_POINT('',(0.0430403030303087,0.06945,0.0102000010397725));
#3051=CARTESIAN_POINT('',(0.0430403030303147,0.06945,0.009375));
#3052=CARTESIAN_POINT('',(0.0430403030303098,0.06945,0.00719999896025219));
#3053=CARTESIAN_POINT('',(0.0635403030303031,0.06945,0.00719999792050436));
#3054=CARTESIAN_POINT('',(0.052040303030303,0.06945,0.00719999896025219));
#3055=CARTESIAN_POINT('',(0.0520403030303031,0.06945,0.009375));
#3056=CARTESIAN_POINT('',(0.0520403030303029,0.08065,0.014475));
#3057=CARTESIAN_POINT('',(0.0520403030302137,0.08065,0.0087));
#3058=CARTESIAN_POINT('',(0.0520403030302583,0.09185,0.0102000010397479));
#3059=CARTESIAN_POINT('',(0.0520403030302137,0.0878611022995756,0.0174000002943302));
#3060=CARTESIAN_POINT('',(0.0520403030303029,0.08065,0.0174000005886605));
#3061=CARTESIAN_POINT('',(0.052040303030303,0.0734388978519425,0.0174000003339241));
#3062=CARTESIAN_POINT('',(0.052040303030303,0.08065,0.0087));
#3063=CARTESIAN_POINT('',(0.0520403030303029,0.09185,0.014475));
#3064=CARTESIAN_POINT('',(0.0635403030303031,0.09185,0.009375));
#3065=CARTESIAN_POINT('',(0.0635403030303031,0.09185,0.0102000020794958));
#3066=CARTESIAN_POINT('',(0.0430403030303102,0.09185,0.0102000010397479));
#3067=CARTESIAN_POINT('',(0.0635403030303031,0.09185,9.76475844627345E-15));
#3068=CARTESIAN_POINT('',(0.0520403030303186,0.09185,1.24028391723652E-14));
#3069=CARTESIAN_POINT('',(0.0520403030303344,0.09185,0.009375));
#3070=CARTESIAN_POINT('',(0.0520403030303187,0.09185,0.00719999896024763));
#3071=CARTESIAN_POINT('',(0.0635403030303031,0.09185,0.00719999792049525));
#3072=CARTESIAN_POINT('',(0.0430403030303165,0.09185,0.00719999896024763));
#3073=CARTESIAN_POINT('',(0.0430403030303147,0.09185,0.009375));
#3074=CARTESIAN_POINT('',(0.086240303030303,0.0890869696969699,0.01725));
#3075=CARTESIAN_POINT('',(0.0706403030303031,0.0710130303030304,0.01725));
#3076=CARTESIAN_POINT('',(0.0660403030303031,0.08065,0.));
#3077=CARTESIAN_POINT('',(0.086240303030303,0.0890869696969697,-7.58941520739853E-19));
#3078=CARTESIAN_POINT('',(0.086240303030303,0.0881869696969697,9.1710496283027E-19));
#3079=CARTESIAN_POINT('',(0.053840303030303,0.0900869696969697,0.));
#3080=CARTESIAN_POINT('',(0.053840303030303,0.0890869696969697,2.82951890094537E-19));
#3081=CARTESIAN_POINT('',(0.053840303030303,0.0712130303030304,0.));
#3082=CARTESIAN_POINT('',(0.054840303030303,0.0712130303030304,-1.14463277062398E-19));
#3083=CARTESIAN_POINT('',(0.086240303030303,0.0722130303030304,-6.50521303491303E-19));
#3084=CARTESIAN_POINT('',(0.087140303030303,0.0722130303030304,-1.38313569367068E-19));
#3085=CARTESIAN_POINT('',(0.045910303030303,0.07815,0.));
#3086=CARTESIAN_POINT('',(0.047510303030303,0.0781500000000118,1.62630325872826E-19));
#3087=CARTESIAN_POINT('',(0.0443103030303141,0.07815,-1.93053038832769E-15));
#3088=CARTESIAN_POINT('',(0.047510303030303,0.08315,2.16840434497101E-19));
#3089=CARTESIAN_POINT('',(0.0475103030302679,0.08315,5.42101086242752E-20));
#3090=CARTESIAN_POINT('',(0.045910303030303,0.08315,0.));
#3091=CARTESIAN_POINT('',(0.0443103030303141,0.08315,-1.93053038832769E-15));
#3092=CARTESIAN_POINT('',(0.0443103030303095,0.08315,-7.72212155331076E-15));
#3093=CARTESIAN_POINT('',(0.0520403030303029,0.0714444487245361,-2.83368579035576E-10));
#3094=CARTESIAN_POINT('',(0.052040303030303,0.0734388976199939,-1.4167070121196E-10));
#3095=CARTESIAN_POINT('',(0.047540303030303,0.0734388974490392,2.71744432511767E-14));
#3096=CARTESIAN_POINT('',(0.0430403030303049,0.0734388977611342,-2.58656550171377E-10));
#3097=CARTESIAN_POINT('',(0.0430403030303027,0.0824455702742193,-5.17340273051281E-10));
#3098=CARTESIAN_POINT('',(0.0430403030303185,0.0878611022388579,-2.58663131712244E-10));
#3099=CARTESIAN_POINT('',(0.047540303030303,0.0878611025509449,1.40096267919887E-14));
#3100=CARTESIAN_POINT('',(0.052040303030303,0.0878611025509487,1.71633540713146E-14));
#3101=CARTESIAN_POINT('',(0.0520403030303029,0.089855551275464,2.03170813506404E-14));
#3102=CARTESIAN_POINT('',(0.05492,0.0742984317897747,0.01725));
#3103=CARTESIAN_POINT('',(0.05492,0.0745,0.0172499999999922));
#3104=CARTESIAN_POINT('',(0.05592,0.0745,0.0172499999999922));
#3105=CARTESIAN_POINT('',(0.05492,0.0870015682102254,0.01725));
#3106=CARTESIAN_POINT('',(0.05492,0.0868,0.0172499999999942));
#3107=CARTESIAN_POINT('',(0.05592,0.0868,0.0172499999999942));
#3108=CARTESIAN_POINT('',(0.0706403030303031,0.0902869696969697,0.01725));
#3109=CARTESIAN_POINT('',(0.086240303030303,0.0722130303030303,0.01725));
#3110=CARTESIAN_POINT('',(0.077700303030303,0.08065,0.01915));
#3111=CARTESIAN_POINT('',(0.077700303030303,0.08065,0.0191500000000079));
#3112=CARTESIAN_POINT('',(0.080400303030303,0.08065,0.0191500000000079));
#3113=CARTESIAN_POINT('',(0.091440303030303,0.08065,0.0073));
#3114=CARTESIAN_POINT('',(0.091510303030303,0.08065,0.0073));
#3115=CARTESIAN_POINT('',(0.091510303030303,0.079155,0.0073));
#3116=CARTESIAN_POINT('',(0.090040303030303,0.08415,0.0073000000000117));
#3117=CARTESIAN_POINT('',(0.0900403030302921,0.08315,0.00730000000000585));
#3118=CARTESIAN_POINT('',(0.093340303030303,0.08315,0.0073));
#3119=CARTESIAN_POINT('',(0.0933403030303076,0.08315,0.0073));
#3120=CARTESIAN_POINT('',(0.093840303030303,0.08265,0.0073));
#3121=CARTESIAN_POINT('',(0.093840303030303,0.0826499999999959,0.0073));
#3122=CARTESIAN_POINT('',(0.093840303030303,0.07865,0.0073));
#3123=CARTESIAN_POINT('',(0.093840303030303,0.0786499999999921,0.0073));
#3124=CARTESIAN_POINT('',(0.093340303030303,0.07815,0.0073));
#3125=CARTESIAN_POINT('',(0.0933403030302981,0.07815,0.00730000000000439));
#3126=CARTESIAN_POINT('',(0.090040303030303,0.07815,0.00730000000000585));
#3127=CARTESIAN_POINT('',(0.090040303091364,0.07815,0.00730000000000292));
#3128=CARTESIAN_POINT('',(0.090040303030303,0.07715,0.0073));
#3129=CARTESIAN_POINT('',(0.090040303030303,0.08415,0.0087));
#3130=CARTESIAN_POINT('',(0.090040303030303,0.08415,0.0101));
#3131=CARTESIAN_POINT('',(0.0900403030302921,0.0831499999999977,0.0101));
#3132=CARTESIAN_POINT('',(0.0900403030302811,0.08315,0.0087));
#3133=CARTESIAN_POINT('',(0.091440303030303,0.08065,0.0101));
#3134=CARTESIAN_POINT('',(0.091510303030303,0.08065,0.0100999999999825));
#3135=CARTESIAN_POINT('',(0.091510303030303,0.079155,0.0100999999999825));
#3136=CARTESIAN_POINT('',(0.091440303030303,0.0831499999999954,0.0101));
#3137=CARTESIAN_POINT('',(0.0933403030303099,0.0831499999999966,0.0101));
#3138=CARTESIAN_POINT('',(0.090040303030303,0.07715,0.0101));
#3139=CARTESIAN_POINT('',(0.090040303091364,0.07815,0.0101));
#3140=CARTESIAN_POINT('',(0.091440303030303,0.07815,0.0101));
#3141=CARTESIAN_POINT('',(0.093340303030298,0.07815,0.0101));
#3142=CARTESIAN_POINT('',(0.093340303030303,0.07815,0.0101));
#3143=CARTESIAN_POINT('',(0.0938403030302954,0.0786499999999885,0.0101));
#3144=CARTESIAN_POINT('',(0.0938403030302918,0.08065,0.0101));
#3145=CARTESIAN_POINT('',(0.0938403030302984,0.0826500000000025,0.0101));
#3146=CARTESIAN_POINT('',(0.093840303030303,0.08265,0.0101));
#3147=CARTESIAN_POINT('',(0.090040303030303,0.07715,0.0087));
#3148=CARTESIAN_POINT('',(0.0900403031524251,0.07815,0.0087));
#3149=CARTESIAN_POINT('',(0.0520403030303029,0.0714444487245361,0.0036));
#3150=CARTESIAN_POINT('',(0.052040303030303,0.08065,0.0087));
#3151=CARTESIAN_POINT('',(0.047540303030303,0.08065,0.0087));
#3152=CARTESIAN_POINT('',(0.0430403030303049,0.08065,0.0087));
#3153=CARTESIAN_POINT('',(0.0430403030303027,0.0824455702742193,0.0087));
#3154=CARTESIAN_POINT('',(0.0430403030303185,0.08065,0.0087));
#3155=CARTESIAN_POINT('',(0.0430403030303027,0.08065,0.0087));
#3156=CARTESIAN_POINT('',(0.0430403030303027,0.0734388975823104,0.0174000001104363));
#3157=CARTESIAN_POINT('',(0.0430403030303027,0.0824455702742193,0.0174000001416846));
#3158=CARTESIAN_POINT('',(0.0430403030303057,0.0878611025692078,0.0174000000708424));
#3159=CARTESIAN_POINT('',(0.0430403030303057,0.08065,0.0087));
#3160=CARTESIAN_POINT('',(0.0430403027481678,0.0806869696969697,0.0087));
#3161=CARTESIAN_POINT('',(0.0430403027542879,0.0882526823683286,-0.000549999722522736));
#3162=CARTESIAN_POINT('',(0.0430403029776623,0.0882526827147187,0.0179499993039353));
#3163=CARTESIAN_POINT('',(0.0430403030303027,0.0824455702742193,0.0179499993520407));
#3164=CARTESIAN_POINT('',(0.0430403029264946,0.0731212569899951,0.0179499995891081));
#3165=CARTESIAN_POINT('',(0.0430403029184982,0.0806869696969697,0.0087));
#3166=CARTESIAN_POINT('',(0.0430403029965954,0.0688369697152992,0.0102427284057042));
#3167=CARTESIAN_POINT('',(0.0430403030303027,0.0688369695011204,0.0087));
#3168=CARTESIAN_POINT('',(0.0430403029698833,0.0688369696732635,0.00715727266314926));
#3169=CARTESIAN_POINT('',(0.0430403028566137,0.0806869696969697,0.0087));
#3170=CARTESIAN_POINT('',(0.0430403024434058,0.073121256958594,-0.000549999855971081));
#3171=CARTESIAN_POINT('',(0.0430403030303027,0.0824455702742193,-0.000549999567118906));
#3172=CARTESIAN_POINT('',(0.047540303030303,0.08065,0.0087));
#3173=CARTESIAN_POINT('',(0.047540303030303,0.07343889754461,0.0174000000791878));
#3174=CARTESIAN_POINT('',(0.0475403030303028,0.08065,0.0174));
#3175=CARTESIAN_POINT('',(0.0475103030302327,0.08065,0.0174));
#3176=CARTESIAN_POINT('',(0.0475103030302679,0.083149999999981,0.0174));
#3177=CARTESIAN_POINT('',(0.0475103030302532,0.0781500000000119,0.0174));
#3178=CARTESIAN_POINT('',(0.0475403030303028,0.0781500000000158,0.0174));
#3179=CARTESIAN_POINT('',(0.044310303030303,0.0781500000000079,0.0174));
#3180=CARTESIAN_POINT('',(0.044310303030303,0.08065,0.0174));
#3181=CARTESIAN_POINT('',(0.044310303030303,0.0831499999999883,0.0174));
#3182=CARTESIAN_POINT('',(0.0475403030303028,0.0831499999999766,0.0174));
#3183=CARTESIAN_POINT('',(0.0475403030303028,0.0878611027584263,0.0174));
#3184=CARTESIAN_POINT('',(0.047540303030303,0.08065,0.0087));
#3185=CARTESIAN_POINT('',(0.047540303030303,0.08065,0.0087));
#3186=CARTESIAN_POINT('',(0.052040303030303,0.08065,0.0087));
#3187=CARTESIAN_POINT('',(0.0520403030303029,0.089855551275464,0.0036));
#3188=CARTESIAN_POINT('',(0.086240303030303,0.0890869696969697,0.00075));
#3189=CARTESIAN_POINT('',(0.086240303030303,0.0890869696969697,0.00149999999999736));
#3190=CARTESIAN_POINT('',(0.086240303030303,0.0881869696969697,0.00149999999999736));
#3191=CARTESIAN_POINT('',(0.053840303030303,0.0900869696969697,0.0045));
#3192=CARTESIAN_POINT('',(0.053840303030303,0.0900869696969697,0.00899999999999706));
#3193=CARTESIAN_POINT('',(0.053840303030303,0.0890869696969697,0.00899999999999706));
#3194=CARTESIAN_POINT('',(0.053840303030303,0.0712130303030304,0.0045));
#3195=CARTESIAN_POINT('',(0.053840303030303,0.0712130303030304,0.00899999999999705));
#3196=CARTESIAN_POINT('',(0.054840303030303,0.0712130303030304,0.00899999999999705));
#3197=CARTESIAN_POINT('',(0.086240303030303,0.0722130303030304,0.00075));
#3198=CARTESIAN_POINT('',(0.086240303030303,0.0722130303030304,0.00149999999999736));
#3199=CARTESIAN_POINT('',(0.087140303030303,0.0722130303030304,0.00149999999999736));
#3200=CARTESIAN_POINT('',(0.045310303030303,0.08315,-0.0012));
#3201=CARTESIAN_POINT('',(0.0453103030302994,0.08315,-0.00119999999999131));
#3202=CARTESIAN_POINT('',(0.0453103030303103,0.08315,-0.00120000000000334));
#3203=CARTESIAN_POINT('',(0.045310303030303,0.08315,-0.00119999999999131));
#3204=CARTESIAN_POINT('',(0.045310303030303,0.07815,-0.00119999999999347));
#3205=CARTESIAN_POINT('',(0.0443103030303187,0.07815,0.));
#3206=CARTESIAN_POINT('',(0.045910303030303,0.07815,-0.0012));
#3207=CARTESIAN_POINT('',(0.045910303030303,0.07815,-0.00239999999999414));
#3208=CARTESIAN_POINT('',(0.0453103030303109,0.07815,-0.0023999999999956));
#3209=CARTESIAN_POINT('',(0.0475103030302987,0.0781500000000118,-0.00239999999999853));
#3210=CARTESIAN_POINT('',(0.047510303030303,0.0781500000000236,2.16840434497101E-19));
#3211=CARTESIAN_POINT('',(0.045310303030303,0.07815,-0.0024));
#3212=CARTESIAN_POINT('',(0.047510303030303,0.08315,2.16840434497101E-19));
#3213=CARTESIAN_POINT('',(0.0475103030302327,0.08315,-0.0012));
#3214=CARTESIAN_POINT('',(0.047510303030265,0.08315,-0.00239999999998242));
#3215=CARTESIAN_POINT('',(0.0475103030302972,0.08315,-0.0024));
#3216=CARTESIAN_POINT('',(0.045910303030303,0.08315,-0.0012));
#3217=CARTESIAN_POINT('',(0.045910303030303,0.08315,-0.00239999999997656));
#3218=CARTESIAN_POINT('',(0.0453103030303187,0.08315,-0.00239999999998828));
#3219=CARTESIAN_POINT('',(0.0453103030303187,0.08315,-0.0012));
#3220=CARTESIAN_POINT('',(0.05492,0.0745,0.014));
#3221=CARTESIAN_POINT('',(0.05492,0.0745,0.0107500000000078));
#3222=CARTESIAN_POINT('',(0.05592,0.0745,0.0107500000000078));
#3223=CARTESIAN_POINT('',(0.05492,0.0868,0.014));
#3224=CARTESIAN_POINT('',(0.05492,0.0868,0.01075));
#3225=CARTESIAN_POINT('',(0.05592,0.0868,0.01075));
#3226=CARTESIAN_POINT('',(0.077700303030303,0.08065,0.023275));
#3227=CARTESIAN_POINT('',(0.0757337072694415,0.0787999996990915,0.023275));
#3228=CARTESIAN_POINT('',(0.0757337071279074,0.0787999998495458,0.0194000000000316));
#3229=CARTESIAN_POINT('',(0.0757337071279074,0.0787999998495458,0.0273999999999684));
#3230=CARTESIAN_POINT('',(0.077700303030303,0.08065,0.0273999999999604));
#3231=CARTESIAN_POINT('',(0.0757337070266527,0.082500000042818,0.0273999999999604));
#3232=CARTESIAN_POINT('',(0.0757337070669321,0.0825000000856361,0.023275));
#3233=CARTESIAN_POINT('',(0.0757337070266527,0.082500000042818,0.0194000000000316));
#3234=CARTESIAN_POINT('',(0.077700303030303,0.08065,0.0194000000000316));
#3235=CARTESIAN_POINT('',(0.0796668989326987,0.0825000001504542,0.0194000000000316));
#3236=CARTESIAN_POINT('',(0.0796668987911646,0.0825000003009084,0.023275));
#3237=CARTESIAN_POINT('',(0.0796668989326987,0.0825000001504542,0.0273999999999789));
#3238=CARTESIAN_POINT('',(0.077700303030303,0.08065,0.0273999999999789));
#3239=CARTESIAN_POINT('',(0.0796668990339477,0.078799999957176,0.0273999999999789));
#3240=CARTESIAN_POINT('',(0.0796668989936626,0.078799999914352,0.023275));
#3241=CARTESIAN_POINT('',(0.0796668990339477,0.078799999957176,0.0194000000000316));
#3242=CARTESIAN_POINT('',(0.077700303030303,0.08065,0.0194000000000316));
#3243=CARTESIAN_POINT('',(0.091510303030303,0.08065,0.0087));
#3244=CARTESIAN_POINT('',(0.093340303030303,0.08315,0.0073));
#3245=CARTESIAN_POINT('',(0.0933403030303122,0.08315,0.0073));
#3246=CARTESIAN_POINT('',(0.093840303030303,0.07865,0.0073));
#3247=CARTESIAN_POINT('',(0.093840303030303,0.0826499999999917,0.0073));
#3248=CARTESIAN_POINT('',(0.093840303030303,0.0786499999999842,0.0073));
#3249=CARTESIAN_POINT('',(0.090040303030303,0.07815,0.0073));
#3250=CARTESIAN_POINT('',(0.0933403030302933,0.07815,0.0073));
#3251=CARTESIAN_POINT('',(0.0430403030311746,0.0806869696969697,0.0087));
#3252=CARTESIAN_POINT('',(0.0414403031142705,0.0885157616732411,0.0187000007596264));
#3253=CARTESIAN_POINT('',(0.0419827506821805,0.0884280690991253,0.0184457276542328));
#3254=CARTESIAN_POINT('',(0.0425160839732104,0.0883403754779305,0.0181957276740267));
#3255=CARTESIAN_POINT('',(0.0430403029250218,0.0882526828125078,0.0179499992558298));
#3256=CARTESIAN_POINT('',(0.0414403030301577,0.0885157621972399,0.0187000003994721));
#3257=CARTESIAN_POINT('',(0.043040302760408,0.0882526821737973,-0.000549999877926552));
#3258=CARTESIAN_POINT('',(0.0425160840036956,0.0883403754543683,-0.000795727666416474));
#3259=CARTESIAN_POINT('',(0.0419827508046443,0.0884280690789687,-0.00104572759681803));
#3260=CARTESIAN_POINT('',(0.0414403033317987,0.088515761636483,-0.00130000065890638));
#3261=CARTESIAN_POINT('',(0.0414403032475735,0.0885157621611818,-0.00130000029827081));
#3262=CARTESIAN_POINT('',(0.0414403030285597,0.0806869696969697,0.0087));
#3263=CARTESIAN_POINT('',(0.0414402996051594,0.0932869696969691,0.00710940000244989));
#3264=CARTESIAN_POINT('',(0.0414403022616722,0.0932869696969691,0.00710939975118692));
#3265=CARTESIAN_POINT('',(0.0417190751746344,0.0932869696969691,0.00815276061184192));
#3266=CARTESIAN_POINT('',(0.0417193033541548,0.0932869696969691,0.00924638352396046));
#3267=CARTESIAN_POINT('',(0.0414403030302338,0.0932869696969691,0.0102905973723222));
#3268=CARTESIAN_POINT('',(0.0414403030295125,0.0932869696969826,0.0102905973749148));
#3269=CARTESIAN_POINT('',(0.0414403030300125,0.0806869696969697,0.0087));
#3270=CARTESIAN_POINT('',(0.042240303032046,0.0806869696924687,-0.000924999999182967));
#3271=CARTESIAN_POINT('',(0.0430403025978838,0.0731212576009121,-0.000549999911190973));
#3272=CARTESIAN_POINT('',(0.0425071705909777,0.0730320729758995,-0.000799905539428183));
#3273=CARTESIAN_POINT('',(0.0419738309073791,0.072944428325236,-0.00104990880762058));
#3274=CARTESIAN_POINT('',(0.0414403035079617,0.0728581767637693,-0.00129999977609749));
#3275=CARTESIAN_POINT('',(0.0414403034442687,0.0728581767534725,-0.0012999998059536));
#3276=CARTESIAN_POINT('',(0.041440303032046,0.0806869696924687,-0.00129999999918296));
#3277=CARTESIAN_POINT('',(0.0430403030311746,0.0806869696969697,0.0087));
#3278=CARTESIAN_POINT('',(0.0414403030302243,0.0680869696969329,0.00710940272598292));
#3279=CARTESIAN_POINT('',(0.0419736228472718,0.0683369633611739,0.00712439110837061));
#3280=CARTESIAN_POINT('',(0.0425069561806653,0.0685869633612021,0.00714034861170905));
#3281=CARTESIAN_POINT('',(0.043040303030348,0.0688369696969908,0.00715727270052392));
#3282=CARTESIAN_POINT('',(0.0414403030302217,0.0680869696847868,0.00710940277423676));
#3283=CARTESIAN_POINT('',(0.041440303030288,0.0806869696969697,0.0087));
#3284=CARTESIAN_POINT('',(0.0422403030303029,0.0684619696969697,0.0087));
#3285=CARTESIAN_POINT('',(0.0414403030302858,0.0680869696969617,0.0087));
#3286=CARTESIAN_POINT('',(0.0414403030420488,0.0680869696597999,0.0102905968358073));
#3287=CARTESIAN_POINT('',(0.0430403030457558,0.0688369697042133,0.0102427286099151));
#3288=CARTESIAN_POINT('',(0.0425069697072658,0.068586969701796,0.0102586846351537));
#3289=CARTESIAN_POINT('',(0.0419736363687758,0.0683369696993789,0.0102746406603922));
#3290=CARTESIAN_POINT('',(0.0414403030302858,0.0680869696969617,0.0102905966856307));
#3291=CARTESIAN_POINT('',(0.0430403030303933,0.0806869696969697,0.0087));
#3292=CARTESIAN_POINT('',(0.0430403029344909,0.0731212572857589,0.0179499998261754));
#3293=CARTESIAN_POINT('',(0.0425160839946078,0.0730335639378971,0.0181957276703797));
#3294=CARTESIAN_POINT('',(0.0419827508007513,0.0729458703143798,0.0184457275986531));
#3295=CARTESIAN_POINT('',(0.0414403033332854,0.0728581777561075,0.0187000006569652));
#3296=CARTESIAN_POINT('',(0.0414403032491912,0.0728581772322245,0.0187000002968905));
#3297=CARTESIAN_POINT('',(0.0414403030303308,0.0806869696969697,0.0087));
#3298=CARTESIAN_POINT('',(0.0422403030304837,0.0806869697013422,0.0183249999999153));
#3299=CARTESIAN_POINT('',(0.0414403030303933,0.0806869697013422,0.0186999999999577));
#3300=CARTESIAN_POINT('',(0.045910303030303,0.07815,0.0186));
#3301=CARTESIAN_POINT('',(0.0475103030302737,0.07815,0.0186));
#3302=CARTESIAN_POINT('',(0.0475103030302884,0.07815,0.0197999999999942));
#3303=CARTESIAN_POINT('',(0.047510303030303,0.07815,0.0198));
#3304=CARTESIAN_POINT('',(0.0453103030303109,0.07815,0.0198));
#3305=CARTESIAN_POINT('',(0.045310303030303,0.07815,0.0198));
#3306=CARTESIAN_POINT('',(0.0453103030303051,0.07815,0.0186000000000068));
#3307=CARTESIAN_POINT('',(0.0453103030303058,0.07815,0.018600000000009));
#3308=CARTESIAN_POINT('',(0.047510303030303,0.08315,0.0174));
#3309=CARTESIAN_POINT('',(0.047510303030303,0.0831499999999942,0.0174));
#3310=CARTESIAN_POINT('',(0.047510303030303,0.0831499999999956,0.0197999999999883));
#3311=CARTESIAN_POINT('',(0.047510303030303,0.08315,0.0197999999999766));
#3312=CARTESIAN_POINT('',(0.045910303030303,0.08315,0.0186));
#3313=CARTESIAN_POINT('',(0.045310303030303,0.08315,0.0198));
#3314=CARTESIAN_POINT('',(0.0453103030303109,0.08315,0.0198));
#3315=CARTESIAN_POINT('',(0.0453103030303058,0.08315,0.0186000000000033));
#3316=CARTESIAN_POINT('',(0.047510303030303,0.08315,0.0198));
#3317=CARTESIAN_POINT('',(0.045310303030303,0.08315,0.0186));
#3318=CARTESIAN_POINT('',(0.045310303030303,0.08315,0.0186));
#3319=CARTESIAN_POINT('',(0.0453103030303086,0.08315,0.0186000000000067));
#3320=CARTESIAN_POINT('',(0.0862403030303031,0.0890869696969699,0.0015));
#3321=CARTESIAN_POINT('',(0.053840303030303,0.0900869696969695,0.009));
#3322=CARTESIAN_POINT('',(0.053840303030303,0.0712130303030304,0.009));
#3323=CARTESIAN_POINT('',(0.0862403030303031,0.0722130303030305,0.0015));
#3324=CARTESIAN_POINT('',(0.045310303030303,0.08315,-0.0024));
#3325=CARTESIAN_POINT('',(0.0453103030303187,0.08315,-0.0024));
#3326=CARTESIAN_POINT('',(0.047510303030303,0.08315,-0.0024));
#3327=CARTESIAN_POINT('',(0.05492,0.0745,0.01075));
#3328=CARTESIAN_POINT('',(0.05492,0.0868,0.01075));
#3329=CARTESIAN_POINT('',(0.0796668990742327,0.0825,0.0194));
#3330=CARTESIAN_POINT('',(0.0796668990742327,0.0825,0.0194000000000158));
#3331=CARTESIAN_POINT('',(0.0796668990742327,0.0825,0.0273999999999842));
#3332=CARTESIAN_POINT('',(0.077700303030303,0.082925,0.0194));
#3333=CARTESIAN_POINT('',(0.0757337069863733,0.0788,0.0194));
#3334=CARTESIAN_POINT('',(0.0757337069863733,0.0788,0.0194000000000158));
#3335=CARTESIAN_POINT('',(0.0757337069863733,0.0788,0.0274));
#3336=CARTESIAN_POINT('',(0.077700303030303,0.078375,0.0194));
#3337=CARTESIAN_POINT('',(0.093840303030303,0.08265,0.0073));
#3338=CARTESIAN_POINT('',(0.093340303030303,0.07815,0.0073));
#3339=CARTESIAN_POINT('',(0.031090303030303,0.0806869696969697,0.0087));
#3340=CARTESIAN_POINT('',(0.031090303030303,0.0885157627073896,0.0187));
#3341=CARTESIAN_POINT('',(0.0207403030304271,0.0885157627073896,0.0187));
#3342=CARTESIAN_POINT('',(0.031090303030303,0.093286969696996,0.0102905973718501));
#3343=CARTESIAN_POINT('',(0.0207403030303801,0.0932869696969758,0.0102905973719567));
#3344=CARTESIAN_POINT('',(0.0207403030304519,0.0806869696969697,0.0087));
#3345=CARTESIAN_POINT('',(0.0313027964686231,0.0932869696969691,0.0087));
#3346=CARTESIAN_POINT('',(0.0207403030303083,0.0932869696969691,0.0087));
#3347=CARTESIAN_POINT('',(0.0207403030303057,0.0932869696969691,0.00710940258940426));
#3348=CARTESIAN_POINT('',(0.0313027964686231,0.0932869696969691,0.00710940255087193));
#3349=CARTESIAN_POINT('',(0.031090303030303,0.0806869696969697,0.0087));
#3350=CARTESIAN_POINT('',(0.041440303029257,0.0885157626368587,-0.00129999979549162));
#3351=CARTESIAN_POINT('',(0.0272903030304351,0.0885157626721242,-0.00129999989774581));
#3352=CARTESIAN_POINT('',(0.0272903030304351,0.0806869696969697,0.0087));
#3353=CARTESIAN_POINT('',(0.0272903030304351,0.0891369697292798,-0.000780901827039429));
#3354=CARTESIAN_POINT('',(0.031090303030303,0.0891369697615902,-0.000780901798242308));
#3355=CARTESIAN_POINT('',(0.020740303030303,0.0891369697292798,-0.000780901827039429));
#3356=CARTESIAN_POINT('',(0.020740303030303,0.0806869696969697,0.0087));
#3357=CARTESIAN_POINT('',(0.041440303030303,0.0885157627073896,-0.0013));
#3358=CARTESIAN_POINT('',(0.0414403034215211,0.0728581768203979,-0.00129999961190016));
#3359=CARTESIAN_POINT('',(0.0272903030303011,0.0728581767534738,-0.00129999980595008));
#3360=CARTESIAN_POINT('',(0.0272903030303031,0.0885157627073896,-0.0013));
#3361=CARTESIAN_POINT('',(0.031090303030303,0.0806869696969697,0.0087));
#3362=CARTESIAN_POINT('',(0.0207403030304519,0.0806869696969697,0.0087));
#3363=CARTESIAN_POINT('',(0.0207403030304519,0.0680869696847868,0.00710940272444896));
#3364=CARTESIAN_POINT('',(0.0207403030303775,0.0722369696969651,-0.000780901855827842));
#3365=CARTESIAN_POINT('',(0.031090303030303,0.0722369696969505,-0.000780901855819131));
#3366=CARTESIAN_POINT('',(0.0272903030303011,0.0722369696969692,-0.000780901855835825));
#3367=CARTESIAN_POINT('',(0.0272903030303011,0.0806869696969697,0.0087));
#3368=CARTESIAN_POINT('',(0.031090303030303,0.0680869696726039,0.0071094028209566));
#3369=CARTESIAN_POINT('',(0.041440303030303,0.0680869696969697,0.00710940262794127));
#3370=CARTESIAN_POINT('',(0.041440303030303,0.0680869696969697,0.0102905969798413));
#3371=CARTESIAN_POINT('',(0.0207403030304022,0.0680869696969697,0.01029059717595));
#3372=CARTESIAN_POINT('',(0.020740303030303,0.0680869696969697,0.00710940262794127));
#3373=CARTESIAN_POINT('',(0.031090303030303,0.0806869696969697,0.0087));
#3374=CARTESIAN_POINT('',(0.0414403030303165,0.0728581767573366,0.0186999997947499));
#3375=CARTESIAN_POINT('',(0.0207403030305013,0.0728581767219432,0.018699999897375));
#3376=CARTESIAN_POINT('',(0.0207403030305013,0.0806869696969697,0.0087));
#3377=CARTESIAN_POINT('',(0.0310903030303029,0.0806869696969697,0.0187));
#3378=CARTESIAN_POINT('',(0.039,0.0841,0.0186999999999961));
#3379=CARTESIAN_POINT('',(0.039000000000007,0.0851000001613899,0.0186999999999961));
#3380=CARTESIAN_POINT('',(0.039000000000007,0.0830999998386101,0.0187));
#3381=CARTESIAN_POINT('',(0.0310903030303029,0.0830999996772202,0.0187));
#3382=CARTESIAN_POINT('',(0.0328,0.0830999998386101,0.0187));
#3383=CARTESIAN_POINT('',(0.0328,0.0841,0.0187));
#3384=CARTESIAN_POINT('',(0.0327999999999965,0.0851000001613899,0.0187));
#3385=CARTESIAN_POINT('',(0.0310903030303029,0.0851000003227799,0.0187));
#3386=CARTESIAN_POINT('',(0.0328,0.0772,0.0187));
#3387=CARTESIAN_POINT('',(0.0328,0.0761999998386101,0.0187));
#3388=CARTESIAN_POINT('',(0.032799999993729,0.07820000016139,0.0187));
#3389=CARTESIAN_POINT('',(0.0310903030303029,0.0782000003227799,0.0187));
#3390=CARTESIAN_POINT('',(0.0390000000000105,0.07820000016139,0.0186999999999942));
#3391=CARTESIAN_POINT('',(0.039,0.0772,0.0186999999999942));
#3392=CARTESIAN_POINT('',(0.039,0.0761999998386101,0.0187));
#3393=CARTESIAN_POINT('',(0.0310903030303029,0.0761999996772202,0.0187));
#3394=CARTESIAN_POINT('',(0.0207403030304023,0.0806869696969697,0.0187));
#3395=CARTESIAN_POINT('',(0.047510303030303,0.08315,0.0198));
#3396=CARTESIAN_POINT('',(0.0453103030303187,0.08315,0.0198));
#3397=CARTESIAN_POINT('',(0.045310303030303,0.08315,0.0198));
#3398=CARTESIAN_POINT('',(0.0777003030303031,0.08065,0.0274));
#3399=CARTESIAN_POINT('',(0.077700303030303,0.08065,0.027399999999993));
#3400=CARTESIAN_POINT('',(0.078600303030303,0.08065,0.027399999999993));
#3401=CARTESIAN_POINT('',(0.020740303030303,0.0806869696969698,0.00895954907208186));
#3402=CARTESIAN_POINT('',(0.0207403030303034,0.0806869696969697,0.0087));
#3403=CARTESIAN_POINT('',(0.0207403030303034,0.0902869696969683,0.00731075560104514));
#3404=CARTESIAN_POINT('',(0.0207403030303032,0.0891369696969694,0.00393686027918531));
#3405=CARTESIAN_POINT('',(0.020740303030303,0.0902869696969697,0.00731075560105499));
#3406=CARTESIAN_POINT('',(0.020740303030303,0.0902869696969697,0.010089244398945));
#3407=CARTESIAN_POINT('',(0.020740303030303,0.0806869696969697,0.0087));
#3408=CARTESIAN_POINT('',(0.020740303030303,0.0889990091579018,0.0136999999999907));
#3409=CARTESIAN_POINT('',(0.020740303030303,0.0889990091578962,0.0137));
#3410=CARTESIAN_POINT('',(0.0207403030303032,0.0723749302360432,0.0137));
#3411=CARTESIAN_POINT('',(0.0207403030303033,0.0806869696969697,0.0087));
#3412=CARTESIAN_POINT('',(0.0207403030303033,0.071086970089772,0.0100892471132941));
#3413=CARTESIAN_POINT('',(0.020740303030303,0.0710869696969697,0.010089244398945));
#3414=CARTESIAN_POINT('',(0.020740303030303,0.0710869696969697,0.00731075762220067));
#3415=CARTESIAN_POINT('',(0.020740303030303,0.0806869696969697,0.0087));
#3416=CARTESIAN_POINT('',(0.020740303030303,0.07223696969697,0.00393686025388263));
#3417=CARTESIAN_POINT('',(0.020740303030303,0.07223696969697,-0.00218156986040721));
#3418=CARTESIAN_POINT('',(0.020740303030303,0.0891369696969694,-0.0021815698604072));
#3419=CARTESIAN_POINT('',(0.0205903030303031,0.0891369696969694,-0.0021815698604072));
#3420=CARTESIAN_POINT('',(0.013890303030303,0.0891369696969694,-0.0021815698604072));
#3421=CARTESIAN_POINT('',(0.0138903030303049,0.0891369696969694,-0.00829999999998438));
#3422=CARTESIAN_POINT('',(0.0138903030303049,0.0891369696969694,0.00393686027918531));
#3423=CARTESIAN_POINT('',(0.0205903030303031,0.0891369696969694,0.00393686027918555));
#3424=CARTESIAN_POINT('',(0.0272903030300385,0.0891369696969694,-0.0021815698604072));
#3425=CARTESIAN_POINT('',(0.0272903030301708,0.0891369696969694,-0.00829999999996875));
#3426=CARTESIAN_POINT('',(0.0205903030303031,0.0891369696969694,-0.00829999999996875));
#3427=CARTESIAN_POINT('',(0.0272903030303031,0.0806869696969697,-0.00454045092791813));
#3428=CARTESIAN_POINT('',(0.0272903030303031,0.0806869696969697,-0.00829999999996875));
#3429=CARTESIAN_POINT('',(0.0272903030303031,0.0722369696969834,-0.00829999999998438));
#3430=CARTESIAN_POINT('',(0.0272903030303031,0.0722369696969879,-0.00454045092791813));
#3431=CARTESIAN_POINT('',(0.0205903030303031,0.07223696969697,-0.00218156986040721));
#3432=CARTESIAN_POINT('',(0.0205903030303031,0.07223696969697,0.0039368602285802));
#3433=CARTESIAN_POINT('',(0.0138903030303186,0.07223696969697,0.00393686025388263));
#3434=CARTESIAN_POINT('',(0.0138903030303343,0.07223696969697,-0.00218156986040721));
#3435=CARTESIAN_POINT('',(0.0138903030303225,0.07223696969697,-0.0083));
#3436=CARTESIAN_POINT('',(0.0205903030303031,0.07223696969697,-0.0083));
#3437=CARTESIAN_POINT('',(0.039,0.0841,0.01745));
#3438=CARTESIAN_POINT('',(0.039,0.0841,0.016200000000002));
#3439=CARTESIAN_POINT('',(0.039000000000007,0.0830999999641356,0.016200000000002));
#3440=CARTESIAN_POINT('',(0.039000000000007,0.0851000001793221,0.0162));
#3441=CARTESIAN_POINT('',(0.0390000000000141,0.0831,0.0187));
#3442=CARTESIAN_POINT('',(0.0390000000000141,0.0851,0.0187));
#3443=CARTESIAN_POINT('',(0.0328,0.0851,0.0187));
#3444=CARTESIAN_POINT('',(0.032799999999993,0.0851,0.01745));
#3445=CARTESIAN_POINT('',(0.0327999999999965,0.0851000001793221,0.0162000000000029));
#3446=CARTESIAN_POINT('',(0.0359,0.0851000003586443,0.0162));
#3447=CARTESIAN_POINT('',(0.0328,0.0841,0.01745));
#3448=CARTESIAN_POINT('',(0.0328,0.0841,0.0162000000000029));
#3449=CARTESIAN_POINT('',(0.0328,0.0830999999641356,0.0162));
#3450=CARTESIAN_POINT('',(0.0328,0.0831,0.0187));
#3451=CARTESIAN_POINT('',(0.039,0.0831,0.0187));
#3452=CARTESIAN_POINT('',(0.0359,0.0830999999282712,0.0162));
#3453=CARTESIAN_POINT('',(0.0328,0.0772,0.01745));
#3454=CARTESIAN_POINT('',(0.0328,0.0772,0.0162000000000029));
#3455=CARTESIAN_POINT('',(0.032799999993729,0.0782000000358644,0.0162000000000029));
#3456=CARTESIAN_POINT('',(0.0328,0.0761999998206779,0.0162));
#3457=CARTESIAN_POINT('',(0.032799999987458,0.0782,0.0187));
#3458=CARTESIAN_POINT('',(0.0328,0.0762,0.0187));
#3459=CARTESIAN_POINT('',(0.039,0.0762,0.0187));
#3460=CARTESIAN_POINT('',(0.039,0.0762,0.01745));
#3461=CARTESIAN_POINT('',(0.039,0.0761999998206779,0.0162000000000029));
#3462=CARTESIAN_POINT('',(0.0359,0.0761999996413557,0.0162));
#3463=CARTESIAN_POINT('',(0.039,0.0772,0.01745));
#3464=CARTESIAN_POINT('',(0.039,0.0772,0.0162000000000029));
#3465=CARTESIAN_POINT('',(0.0390000000000105,0.0782000000358644,0.0162));
#3466=CARTESIAN_POINT('',(0.0390000000000211,0.0782,0.0187));
#3467=CARTESIAN_POINT('',(0.0328,0.0782,0.0187));
#3468=CARTESIAN_POINT('',(0.0359,0.0782000000717289,0.0162));
#3469=CARTESIAN_POINT('',(0.077700303030303,0.08065,0.023075));
#3470=CARTESIAN_POINT('',(0.077700303030303,0.08065,0.018750000000007));
#3471=CARTESIAN_POINT('',(0.078600303030303,0.08065,0.018750000000007));
#3472=CARTESIAN_POINT('',(0.017315303030303,0.0806869696969697,0.0087));
#3473=CARTESIAN_POINT('',(0.0138903030303069,0.0806869696969697,0.0087));
#3474=CARTESIAN_POINT('',(0.0138903030303428,0.090286969696969,0.00731075560104514));
#3475=CARTESIAN_POINT('',(0.017315303030303,0.0902869696969668,0.00731075560103528));
#3476=CARTESIAN_POINT('',(0.013890303030303,0.0902869696969697,0.00731075560105499));
#3477=CARTESIAN_POINT('',(0.0138903030303788,0.0902869696969697,0.00731075560105499));
#3478=CARTESIAN_POINT('',(0.0138903030303409,0.0902869696969697,0.010089244398945));
#3479=CARTESIAN_POINT('',(0.013890303030303,0.0902869696969697,0.010089244398945));
#3480=CARTESIAN_POINT('',(0.017315303030303,0.0806869696969697,0.0087));
#3481=CARTESIAN_POINT('',(0.013890303030303,0.0806869696969697,0.0087));
#3482=CARTESIAN_POINT('',(0.0138903030303409,0.0889990091579018,0.0136999999999954));
#3483=CARTESIAN_POINT('',(0.017315303030303,0.0889990091579074,0.0136999999999814));
#3484=CARTESIAN_POINT('',(0.013890303030303,0.0889990091578962,0.0137));
#3485=CARTESIAN_POINT('',(0.0138903030303788,0.0889990091578962,0.0137));
#3486=CARTESIAN_POINT('',(0.0138903030303409,0.0723749302360432,0.0137));
#3487=CARTESIAN_POINT('',(0.013890303030303,0.0723749302360432,0.0137));
#3488=CARTESIAN_POINT('',(0.017315303030303,0.0806869696969697,0.0087));
#3489=CARTESIAN_POINT('',(0.013890303030303,0.0806869696969697,0.0087));
#3490=CARTESIAN_POINT('',(0.013890303030303,0.071086970089772,0.0100892471132941));
#3491=CARTESIAN_POINT('',(0.017315303030303,0.0710869704825743,0.0100892498276433));
#3492=CARTESIAN_POINT('',(0.013890303030303,0.0710869696969697,0.010089244398945));
#3493=CARTESIAN_POINT('',(0.0138903030303219,0.0710869696969697,0.010089244398945));
#3494=CARTESIAN_POINT('',(0.0138903030303125,0.0710869696969697,0.00731075762220067));
#3495=CARTESIAN_POINT('',(0.013890303030303,0.0710869696969697,0.00731075964334625));
#3496=CARTESIAN_POINT('',(0.017315303030303,0.0806869696969697,0.0087));
#3497=CARTESIAN_POINT('',(0.013890303030303,0.0806869696969697,0.0087));
#3498=CARTESIAN_POINT('',(0.013890303030303,0.0806869696969697,0.0027));
#3499=CARTESIAN_POINT('',(0.0138903030303108,0.0722369696969697,-0.0083));
#3500=CARTESIAN_POINT('',(0.013890303030303,0.0722369696969697,-0.0083));
#3501=CARTESIAN_POINT('',(0.0359,0.0841,0.0162));
#3502=CARTESIAN_POINT('',(0.0359,0.0772,0.0162));
#3503=CARTESIAN_POINT('',(0.0777003030303031,0.08065,0.01875));
#3504=CARTESIAN_POINT('',(0.039,0.0841,0.00125));
#3505=CARTESIAN_POINT('',(0.039,0.0841,0.00249999999999706));
#3506=CARTESIAN_POINT('',(0.039,0.0851,0.00249999999999414));
#3507=CARTESIAN_POINT('',(0.039,0.0831,0.00249999999999854));
#3508=CARTESIAN_POINT('',(0.039,0.0851,0.));
#3509=CARTESIAN_POINT('',(0.039,0.0850999998803412,2.92919867522381E-15));
#3510=CARTESIAN_POINT('',(0.039,0.0841,2.92994795092483E-15));
#3511=CARTESIAN_POINT('',(0.039,0.0831000000132954,1.17177221538316E-14));
#3512=CARTESIAN_POINT('',(0.039,0.0831,0.));
#3513=CARTESIAN_POINT('',(0.0385,0.0841,0.00249999999999997));
#3514=CARTESIAN_POINT('',(0.038,0.0831,0.0025));
#3515=CARTESIAN_POINT('',(0.0380000001743891,0.0831,0.00249999999998827));
#3516=CARTESIAN_POINT('',(0.038,0.0841,0.00249999999999705));
#3517=CARTESIAN_POINT('',(0.037999999999992,0.0851,0.00249999999999853));
#3518=CARTESIAN_POINT('',(0.039,0.0851,0.0025));
#3519=CARTESIAN_POINT('',(0.039,0.0851,0.));
#3520=CARTESIAN_POINT('',(0.0379999999999842,0.0851,0.00125));
#3521=CARTESIAN_POINT('',(0.037999999999992,0.0850999998803412,2.34374188965502E-14));
#3522=CARTESIAN_POINT('',(0.0385,0.0850999997606824,0.));
#3523=CARTESIAN_POINT('',(0.0385,0.0841,0.));
#3524=CARTESIAN_POINT('',(0.038,0.0841,2.34380657243572E-14));
#3525=CARTESIAN_POINT('',(0.0380000001743891,0.0831000000132955,5.85859116581453E-15));
#3526=CARTESIAN_POINT('',(0.0385,0.0831000000265909,0.));
#3527=CARTESIAN_POINT('',(0.038,0.0831,0.));
#3528=CARTESIAN_POINT('',(0.0380000003487782,0.0831,0.00125));
#3529=CARTESIAN_POINT('',(0.038,0.0841,0.00125));
#3530=CARTESIAN_POINT('',(0.039,0.0772,0.00125));
#3531=CARTESIAN_POINT('',(0.039,0.0772,0.00249999999999706));
#3532=CARTESIAN_POINT('',(0.039,0.0782,0.00249999999999414));
#3533=CARTESIAN_POINT('',(0.039,0.0762,0.00249999999999854));
#3534=CARTESIAN_POINT('',(0.039,0.0782,0.));
#3535=CARTESIAN_POINT('',(0.039,0.0781999998803412,6.24665727105062E-19));
#3536=CARTESIAN_POINT('',(0.039,0.0772,0.));
#3537=CARTESIAN_POINT('',(0.039,0.0762000000132954,-6.24665793546635E-19));
#3538=CARTESIAN_POINT('',(0.039,0.0762,0.));
#3539=CARTESIAN_POINT('',(0.0385,0.0772,0.00249999999999997));
#3540=CARTESIAN_POINT('',(0.038,0.0762,0.0025));
#3541=CARTESIAN_POINT('',(0.0380000001759683,0.0762,0.00249999999999609));
#3542=CARTESIAN_POINT('',(0.038,0.0772,0.00249999999999803));
#3543=CARTESIAN_POINT('',(0.0379999999999947,0.0782,0.00249999999999902));
#3544=CARTESIAN_POINT('',(0.039,0.0782,0.0025));
#3545=CARTESIAN_POINT('',(0.039,0.0782,0.));
#3546=CARTESIAN_POINT('',(0.0379999999999894,0.0782,0.00125));
#3547=CARTESIAN_POINT('',(0.0379999999999947,0.0781999998803412,2.34374188965502E-14));
#3548=CARTESIAN_POINT('',(0.0385,0.0781999997606824,0.));
#3549=CARTESIAN_POINT('',(0.0385,0.0772,0.));
#3550=CARTESIAN_POINT('',(0.038,0.0772,2.34380657243572E-14));
#3551=CARTESIAN_POINT('',(0.0380000001759683,0.0762000000132955,5.85967536798702E-15));
#3552=CARTESIAN_POINT('',(0.0385,0.0762000000265909,0.));
#3553=CARTESIAN_POINT('',(0.038,0.0762,0.));
#3554=CARTESIAN_POINT('',(0.0380000003519366,0.0762,0.00125));
#3555=CARTESIAN_POINT('',(0.038,0.0772,0.00125));
#3556=MECHANICAL_DESIGN_GEOMETRIC_PRESENTATION_REPRESENTATION('',(#2075),
#3557);
#3557=(
GEOMETRIC_REPRESENTATION_CONTEXT(3)
GLOBAL_UNCERTAINTY_ASSIGNED_CONTEXT((#3558))
GLOBAL_UNIT_ASSIGNED_CONTEXT((#3561,#3560,#3559))
REPRESENTATION_CONTEXT('Part 1','TOP_LEVEL_ASSEMBLY_PART')
);
#3558=UNCERTAINTY_MEASURE_WITH_UNIT(LENGTH_MEASURE(2.E-5),#3561,
'DISTANCE_ACCURACY_VALUE','Maximum Tolerance applied to model');
#3559=(
NAMED_UNIT(*)
SI_UNIT($,.STERADIAN.)
SOLID_ANGLE_UNIT()
);
#3560=(
NAMED_UNIT(*)
PLANE_ANGLE_UNIT()
SI_UNIT($,.RADIAN.)
);
#3561=(
LENGTH_UNIT()
NAMED_UNIT(*)
SI_UNIT($,.METRE.)
);
#3562=PRODUCT_DEFINITION_SHAPE('','',#3563);
#3563=PRODUCT_DEFINITION('','',#3565,#3564);
#3564=PRODUCT_DEFINITION_CONTEXT('',#3571,'design');
#3565=PRODUCT_DEFINITION_FORMATION_WITH_SPECIFIED_SOURCE('','',#3567,
 .NOT_KNOWN.);
#3566=PRODUCT_RELATED_PRODUCT_CATEGORY('','',(#3567));
#3567=PRODUCT('Part 1','Part 1','Part 1',(#3569));
#3568=PRODUCT_CATEGORY('','');
#3569=PRODUCT_CONTEXT('',#3571,'mechanical');
#3570=APPLICATION_PROTOCOL_DEFINITION('international standard',
'ap242_managed_model_based_3d_engineering',2020,#3571);
#3571=APPLICATION_CONTEXT('managed model based 3d engineering');
ENDSEC;
END-ISO-10303-21;
