ISO-10303-21;
HEADER;
/* Generated by software containing ST-Developer
 * from STEP Tools, Inc. (www.steptools.com) 
 */
/* OPTION: using custom renumber hook */

FILE_DESCRIPTION(
/* description */ ('STEP AP242 Edition 2',
'CAx-IF Rec.Pracs.---Representation and Presentation of Product Manufa
cturing Information (PMI)---4.0---2014-10-13',
'CAx-IF Rec.Pracs.---3D Tessellated Geometry---0.4---2014-09-14','2;1',
'CAx-IF Rec.Pracs.---User Defined Attributes---1.5---2016-08-15'),
/* implementation_level */ '2;1');

FILE_NAME(
/* name */ 'Full Assembly - Part 1 (5)',
/* time_stamp */ '2026-08-15T05:10:10Z',
/* author */ (''),
/* organization */ (''),
/* preprocessor_version */ 'ST-DEVELOPER v20',
/* originating_system */ 'ONSHAPE BY PTC INC, 1.219',
/* authorisation */ '  ');

FILE_SCHEMA (('AP242_MANAGED_MODEL_BASED_3D_ENGINEERING_MIM_LF { 1 0 10303 442 3 1 4 }'));
ENDSEC;

DATA;
#10=SHAPE_REPRESENTATION_RELATIONSHIP('','',#1379,#11);
#11=ADVANCED_BREP_SHAPE_REPRESENTATION('',(#1377),#2327);
#12=B_SPLINE_CURVE_WITH_KNOTS('',3,(#2029,#2030,#2031,#2032,#2033,#2034,
#2035,#2036,#2037,#2038,#2039),.UNSPECIFIED.,.F.,.F.,(4,1,1,1,1,1,1,1,4),
(1.55158384577955E-17,0.000629269296935326,0.00125853859387064,0.00188780789080595,
0.00251707718774126,0.00314634648467657,0.00377561578161188,0.00440488507854719,
0.0050341543754825),.UNSPECIFIED.);
#13=B_SPLINE_CURVE_WITH_KNOTS('',3,(#2041,#2042,#2043,#2044,#2045,#2046,
#2047,#2048,#2049,#2050,#2051,#2052,#2053,#2054,#2055,#2056,#2057),
 .UNSPECIFIED.,.T.,.F.,(1,1,1,1,1,1,1,1,1,1,1,1,1,1,1,1,1,1,1,1,1),(-0.0022430856169271,
-0.00168231421269532,-0.00112154280846355,0.,0.00112154280846355,0.00168231421269532,
0.0022430856169271,0.00280385702115887,0.00336462842539064,0.00392539982962242,
0.00448617123385419,0.00504694263808596,0.00560771404231774,0.00616848544654951,
0.00672925685078129,0.00729002825501306,0.00785079965924483,0.00897234246770838,
0.0100938852761719,0.0106546566804037,0.0112154280846355),.UNSPECIFIED.);
#14=B_SPLINE_CURVE_WITH_KNOTS('',3,(#2263,#2264,#2265,#2266),
 .UNSPECIFIED.,.F.,.F.,(4,4),(0.,0.000147865927008085),.UNSPECIFIED.);
#15=CYLINDRICAL_SURFACE('',#1404,0.00135);
#16=CYLINDRICAL_SURFACE('',#1405,0.00135);
#17=CYLINDRICAL_SURFACE('',#1406,0.00135);
#18=CYLINDRICAL_SURFACE('',#1407,0.00135);
#19=CYLINDRICAL_SURFACE('',#1453,0.01);
#20=CYLINDRICAL_SURFACE('',#1455,0.003175);
#21=CYLINDRICAL_SURFACE('',#1460,0.01);
#22=CYLINDRICAL_SURFACE('',#1463,0.003175);
#23=CYLINDRICAL_SURFACE('',#1468,0.0015);
#24=CYLINDRICAL_SURFACE('',#1469,0.0015);
#25=CYLINDRICAL_SURFACE('',#1474,0.003175);
#26=CYLINDRICAL_SURFACE('',#1475,0.003175);
#27=CYLINDRICAL_SURFACE('',#1476,0.003175);
#28=CYLINDRICAL_SURFACE('',#1477,0.003175);
#29=CYLINDRICAL_SURFACE('',#1478,0.003175);
#30=CYLINDRICAL_SURFACE('',#1479,0.003175);
#31=CYLINDRICAL_SURFACE('',#1480,0.003175);
#32=CYLINDRICAL_SURFACE('',#1481,0.003175);
#33=CYLINDRICAL_SURFACE('',#1484,0.0018288);
#34=CYLINDRICAL_SURFACE('',#1485,0.0018288);
#35=CYLINDRICAL_SURFACE('',#1486,0.0018288);
#36=CYLINDRICAL_SURFACE('',#1490,0.0018288);
#37=CYLINDRICAL_SURFACE('',#1491,0.0018288);
#38=CYLINDRICAL_SURFACE('',#1492,0.0018288);
#39=CYLINDRICAL_SURFACE('',#1496,0.0018288);
#40=CYLINDRICAL_SURFACE('',#1497,0.0018288);
#41=CYLINDRICAL_SURFACE('',#1498,0.0018288);
#42=CYLINDRICAL_SURFACE('',#1499,0.003175);
#43=CYLINDRICAL_SURFACE('',#1500,0.003175);
#44=CYLINDRICAL_SURFACE('',#1508,0.003175);
#45=CYLINDRICAL_SURFACE('',#1509,0.003175);
#46=CYLINDRICAL_SURFACE('',#1510,0.00190095175901257);
#47=CYLINDRICAL_SURFACE('',#1511,0.0019009614);
#48=CIRCLE('',#1386,0.003175);
#49=CIRCLE('',#1388,0.00135);
#50=CIRCLE('',#1389,0.00135);
#51=CIRCLE('',#1390,0.00135);
#52=CIRCLE('',#1391,0.00135);
#53=CIRCLE('',#1395,0.003175);
#54=CIRCLE('',#1396,0.003175);
#55=CIRCLE('',#1397,0.003175);
#56=CIRCLE('',#1399,0.003175);
#57=CIRCLE('',#1402,0.003175);
#58=CIRCLE('',#1410,0.003175);
#59=CIRCLE('',#1411,0.003175);
#60=CIRCLE('',#1412,0.003175);
#61=CIRCLE('',#1413,0.003175);
#62=CIRCLE('',#1414,0.003175);
#63=CIRCLE('',#1415,0.0018288);
#64=CIRCLE('',#1416,0.0018288);
#65=CIRCLE('',#1417,0.0018288);
#66=CIRCLE('',#1418,0.003175);
#67=CIRCLE('',#1419,0.003175);
#68=CIRCLE('',#1420,0.0018288);
#69=CIRCLE('',#1421,0.0018288);
#70=CIRCLE('',#1422,0.0018288);
#71=CIRCLE('',#1423,0.0018288);
#72=CIRCLE('',#1424,0.0018288);
#73=CIRCLE('',#1425,0.0018288);
#74=CIRCLE('',#1427,0.0018288);
#75=CIRCLE('',#1428,0.0018288);
#76=CIRCLE('',#1429,0.0018288);
#77=CIRCLE('',#1430,0.003175);
#78=CIRCLE('',#1431,0.003175);
#79=CIRCLE('',#1432,0.003175);
#80=CIRCLE('',#1433,0.003175);
#81=CIRCLE('',#1434,0.003175);
#82=CIRCLE('',#1435,0.003175);
#83=CIRCLE('',#1436,0.003175);
#84=CIRCLE('',#1437,0.0018288);
#85=CIRCLE('',#1438,0.0018288);
#86=CIRCLE('',#1439,0.0018288);
#87=CIRCLE('',#1440,0.0018288);
#88=CIRCLE('',#1441,0.0018288);
#89=CIRCLE('',#1442,0.0018288);
#90=CIRCLE('',#1444,0.003175);
#91=CIRCLE('',#1445,0.003175);
#92=CIRCLE('',#1446,0.003175);
#93=CIRCLE('',#1447,0.003175);
#94=CIRCLE('',#1449,0.0015);
#95=CIRCLE('',#1450,0.0015);
#96=CIRCLE('',#1451,0.003175);
#97=CIRCLE('',#1452,0.01);
#98=CIRCLE('',#1454,0.01);
#99=CIRCLE('',#1456,0.003175);
#100=CIRCLE('',#1458,0.0015);
#101=CIRCLE('',#1459,0.0015);
#102=CIRCLE('',#1461,0.01);
#103=CIRCLE('',#1462,0.01);
#104=CIRCLE('',#1464,0.003175);
#105=CIRCLE('',#1465,0.003175);
#106=CIRCLE('',#1502,0.00190095175901257);
#107=CIRCLE('',#1503,0.0019009614);
#108=CIRCLE('',#1505,0.0019009614);
#109=CIRCLE('',#1506,0.00190095175901257);
#110=LINE('',#1908,#236);
#111=LINE('',#1911,#237);
#112=LINE('',#1913,#238);
#113=LINE('',#1915,#239);
#114=LINE('',#1917,#240);
#115=LINE('',#1919,#241);
#116=LINE('',#1921,#242);
#117=LINE('',#1923,#243);
#118=LINE('',#1925,#244);
#119=LINE('',#1928,#245);
#120=LINE('',#1930,#246);
#121=LINE('',#1932,#247);
#122=LINE('',#1936,#248);
#123=LINE('',#1938,#249);
#124=LINE('',#1940,#250);
#125=LINE('',#1950,#251);
#126=LINE('',#1952,#252);
#127=LINE('',#1954,#253);
#128=LINE('',#1956,#254);
#129=LINE('',#1958,#255);
#130=LINE('',#1960,#256);
#131=LINE('',#1962,#257);
#132=LINE('',#1964,#258);
#133=LINE('',#1966,#259);
#134=LINE('',#1968,#260);
#135=LINE('',#1970,#261);
#136=LINE('',#1972,#262);
#137=LINE('',#1974,#263);
#138=LINE('',#1976,#264);
#139=LINE('',#1979,#265);
#140=LINE('',#1983,#266);
#141=LINE('',#1985,#267);
#142=LINE('',#1987,#268);
#143=LINE('',#1989,#269);
#144=LINE('',#1995,#270);
#145=LINE('',#1997,#271);
#146=LINE('',#1999,#272);
#147=LINE('',#2001,#273);
#148=LINE('',#2004,#274);
#149=LINE('',#2007,#275);
#150=LINE('',#2009,#276);
#151=LINE('',#2011,#277);
#152=LINE('',#2013,#278);
#153=LINE('',#2015,#279);
#154=LINE('',#2017,#280);
#155=LINE('',#2019,#281);
#156=LINE('',#2021,#282);
#157=LINE('',#2022,#283);
#158=LINE('',#2060,#284);
#159=LINE('',#2062,#285);
#160=LINE('',#2064,#286);
#161=LINE('',#2069,#287);
#162=LINE('',#2072,#288);
#163=LINE('',#2074,#289);
#164=LINE('',#2076,#290);
#165=LINE('',#2080,#291);
#166=LINE('',#2084,#292);
#167=LINE('',#2088,#293);
#168=LINE('',#2091,#294);
#169=LINE('',#2095,#295);
#170=LINE('',#2100,#296);
#171=LINE('',#2104,#297);
#172=LINE('',#2106,#298);
#173=LINE('',#2108,#299);
#174=LINE('',#2112,#300);
#175=LINE('',#2116,#301);
#176=LINE('',#2120,#302);
#177=LINE('',#2124,#303);
#178=LINE('',#2128,#304);
#179=LINE('',#2132,#305);
#180=LINE('',#2136,#306);
#181=LINE('',#2140,#307);
#182=LINE('',#2143,#308);
#183=LINE('',#2148,#309);
#184=LINE('',#2150,#310);
#185=LINE('',#2152,#311);
#186=LINE('',#2157,#312);
#187=LINE('',#2159,#313);
#188=LINE('',#2161,#314);
#189=LINE('',#2165,#315);
#190=LINE('',#2168,#316);
#191=LINE('',#2172,#317);
#192=LINE('',#2175,#318);
#193=LINE('',#2180,#319);
#194=LINE('',#2184,#320);
#195=LINE('',#2187,#321);
#196=LINE('',#2192,#322);
#197=LINE('',#2196,#323);
#198=LINE('',#2202,#324);
#199=LINE('',#2204,#325);
#200=LINE('',#2206,#326);
#201=LINE('',#2211,#327);
#202=LINE('',#2214,#328);
#203=LINE('',#2222,#329);
#204=LINE('',#2234,#330);
#205=LINE('',#2244,#331);
#206=LINE('',#2246,#332);
#207=LINE('',#2250,#333);
#208=LINE('',#2251,#334);
#209=LINE('',#2253,#335);
#210=LINE('',#2254,#336);
#211=LINE('',#2256,#337);
#212=LINE('',#2257,#338);
#213=LINE('',#2259,#339);
#214=LINE('',#2260,#340);
#215=LINE('',#2274,#341);
#216=LINE('',#2275,#342);
#217=LINE('',#2277,#343);
#218=LINE('',#2278,#344);
#219=LINE('',#2283,#345);
#220=LINE('',#2284,#346);
#221=LINE('',#2286,#347);
#222=LINE('',#2287,#348);
#223=LINE('',#2289,#349);
#224=LINE('',#2290,#350);
#225=LINE('',#2295,#351);
#226=LINE('',#2296,#352);
#227=LINE('',#2298,#353);
#228=LINE('',#2299,#354);
#229=LINE('',#2301,#355);
#230=LINE('',#2302,#356);
#231=LINE('',#2309,#357);
#232=LINE('',#2313,#358);
#233=LINE('',#2315,#359);
#234=LINE('',#2316,#360);
#235=LINE('',#2321,#361);
#236=VECTOR('',#1520,1.);
#237=VECTOR('',#1521,1.);
#238=VECTOR('',#1522,1.);
#239=VECTOR('',#1523,1.);
#240=VECTOR('',#1524,1.);
#241=VECTOR('',#1525,1.);
#242=VECTOR('',#1526,1.);
#243=VECTOR('',#1527,1.);
#244=VECTOR('',#1530,1.);
#245=VECTOR('',#1531,1.);
#246=VECTOR('',#1532,1.);
#247=VECTOR('',#1533,1.);
#248=VECTOR('',#1538,1.);
#249=VECTOR('',#1539,1.);
#250=VECTOR('',#1540,1.);
#251=VECTOR('',#1551,1.);
#252=VECTOR('',#1552,1.);
#253=VECTOR('',#1553,1.);
#254=VECTOR('',#1554,1.);
#255=VECTOR('',#1555,1.);
#256=VECTOR('',#1556,1.);
#257=VECTOR('',#1557,1.);
#258=VECTOR('',#1558,1.);
#259=VECTOR('',#1559,1.);
#260=VECTOR('',#1560,1.);
#261=VECTOR('',#1561,1.);
#262=VECTOR('',#1562,1.);
#263=VECTOR('',#1563,1.);
#264=VECTOR('',#1566,1.);
#265=VECTOR('',#1567,1.);
#266=VECTOR('',#1570,1.);
#267=VECTOR('',#1571,1.);
#268=VECTOR('',#1572,1.);
#269=VECTOR('',#1575,1.);
#270=VECTOR('',#1580,1.);
#271=VECTOR('',#1581,1.);
#272=VECTOR('',#1582,1.);
#273=VECTOR('',#1583,1.);
#274=VECTOR('',#1588,1.);
#275=VECTOR('',#1591,1.);
#276=VECTOR('',#1592,1.);
#277=VECTOR('',#1593,1.);
#278=VECTOR('',#1596,1.);
#279=VECTOR('',#1597,1.);
#280=VECTOR('',#1598,1.);
#281=VECTOR('',#1599,1.);
#282=VECTOR('',#1602,1.);
#283=VECTOR('',#1603,1.);
#284=VECTOR('',#1618,1.);
#285=VECTOR('',#1619,1.);
#286=VECTOR('',#1620,1.);
#287=VECTOR('',#1625,1.);
#288=VECTOR('',#1628,1.);
#289=VECTOR('',#1629,1.);
#290=VECTOR('',#1630,1.);
#291=VECTOR('',#1633,1.);
#292=VECTOR('',#1636,1.);
#293=VECTOR('',#1639,1.);
#294=VECTOR('',#1642,1.);
#295=VECTOR('',#1645,1.);
#296=VECTOR('',#1650,1.);
#297=VECTOR('',#1653,1.);
#298=VECTOR('',#1654,1.);
#299=VECTOR('',#1655,1.);
#300=VECTOR('',#1658,1.);
#301=VECTOR('',#1661,1.);
#302=VECTOR('',#1664,1.);
#303=VECTOR('',#1667,1.);
#304=VECTOR('',#1670,1.);
#305=VECTOR('',#1673,1.);
#306=VECTOR('',#1678,1.);
#307=VECTOR('',#1681,1.);
#308=VECTOR('',#1684,1.);
#309=VECTOR('',#1687,1.);
#310=VECTOR('',#1688,1.);
#311=VECTOR('',#1689,1.);
#312=VECTOR('',#1694,1.);
#313=VECTOR('',#1695,1.);
#314=VECTOR('',#1696,1.);
#315=VECTOR('',#1699,1.);
#316=VECTOR('',#1702,1.);
#317=VECTOR('',#1705,1.);
#318=VECTOR('',#1708,1.);
#319=VECTOR('',#1711,1.);
#320=VECTOR('',#1714,1.);
#321=VECTOR('',#1717,1.);
#322=VECTOR('',#1720,1.);
#323=VECTOR('',#1723,1.);
#324=VECTOR('',#1730,1.);
#325=VECTOR('',#1731,1.);
#326=VECTOR('',#1732,1.);
#327=VECTOR('',#1737,1.);
#328=VECTOR('',#1740,1.);
#329=VECTOR('',#1749,1.);
#330=VECTOR('',#1766,1.);
#331=VECTOR('',#1781,1.);
#332=VECTOR('',#1784,1.);
#333=VECTOR('',#1791,1.);
#334=VECTOR('',#1792,1.);
#335=VECTOR('',#1795,1.);
#336=VECTOR('',#1796,1.);
#337=VECTOR('',#1799,1.);
#338=VECTOR('',#1800,1.);
#339=VECTOR('',#1803,1.);
#340=VECTOR('',#1804,1.);
#341=VECTOR('',#1823,1.);
#342=VECTOR('',#1824,1.);
#343=VECTOR('',#1827,1.);
#344=VECTOR('',#1828,1.);
#345=VECTOR('',#1837,1.);
#346=VECTOR('',#1838,1.);
#347=VECTOR('',#1841,1.);
#348=VECTOR('',#1842,1.);
#349=VECTOR('',#1845,1.);
#350=VECTOR('',#1846,1.);
#351=VECTOR('',#1855,1.);
#352=VECTOR('',#1856,1.);
#353=VECTOR('',#1859,1.);
#354=VECTOR('',#1860,1.);
#355=VECTOR('',#1863,1.);
#356=VECTOR('',#1864,1.);
#357=VECTOR('',#1877,1.);
#358=VECTOR('',#1882,1.);
#359=VECTOR('',#1885,1.);
#360=VECTOR('',#1886,1.);
#361=VECTOR('',#1893,1.);
#362=ORIENTED_EDGE('',*,*,#750,.F.);
#363=ORIENTED_EDGE('',*,*,#751,.F.);
#364=ORIENTED_EDGE('',*,*,#752,.F.);
#365=ORIENTED_EDGE('',*,*,#753,.T.);
#366=ORIENTED_EDGE('',*,*,#754,.F.);
#367=ORIENTED_EDGE('',*,*,#755,.T.);
#368=ORIENTED_EDGE('',*,*,#756,.T.);
#369=ORIENTED_EDGE('',*,*,#757,.T.);
#370=ORIENTED_EDGE('',*,*,#758,.F.);
#371=ORIENTED_EDGE('',*,*,#759,.T.);
#372=ORIENTED_EDGE('',*,*,#760,.F.);
#373=ORIENTED_EDGE('',*,*,#761,.T.);
#374=ORIENTED_EDGE('',*,*,#762,.T.);
#375=ORIENTED_EDGE('',*,*,#763,.T.);
#376=ORIENTED_EDGE('',*,*,#754,.T.);
#377=ORIENTED_EDGE('',*,*,#764,.T.);
#378=ORIENTED_EDGE('',*,*,#765,.T.);
#379=ORIENTED_EDGE('',*,*,#766,.F.);
#380=ORIENTED_EDGE('',*,*,#767,.T.);
#381=ORIENTED_EDGE('',*,*,#768,.T.);
#382=ORIENTED_EDGE('',*,*,#769,.T.);
#383=ORIENTED_EDGE('',*,*,#770,.T.);
#384=ORIENTED_EDGE('',*,*,#771,.T.);
#385=ORIENTED_EDGE('',*,*,#772,.F.);
#386=ORIENTED_EDGE('',*,*,#773,.T.);
#387=ORIENTED_EDGE('',*,*,#774,.T.);
#388=ORIENTED_EDGE('',*,*,#775,.T.);
#389=ORIENTED_EDGE('',*,*,#776,.F.);
#390=ORIENTED_EDGE('',*,*,#777,.T.);
#391=ORIENTED_EDGE('',*,*,#778,.F.);
#392=ORIENTED_EDGE('',*,*,#779,.F.);
#393=ORIENTED_EDGE('',*,*,#780,.T.);
#394=ORIENTED_EDGE('',*,*,#781,.T.);
#395=ORIENTED_EDGE('',*,*,#782,.F.);
#396=ORIENTED_EDGE('',*,*,#783,.F.);
#397=ORIENTED_EDGE('',*,*,#784,.T.);
#398=ORIENTED_EDGE('',*,*,#766,.T.);
#399=ORIENTED_EDGE('',*,*,#785,.F.);
#400=ORIENTED_EDGE('',*,*,#786,.T.);
#401=ORIENTED_EDGE('',*,*,#787,.F.);
#402=ORIENTED_EDGE('',*,*,#788,.T.);
#403=ORIENTED_EDGE('',*,*,#789,.F.);
#404=ORIENTED_EDGE('',*,*,#790,.F.);
#405=ORIENTED_EDGE('',*,*,#791,.F.);
#406=ORIENTED_EDGE('',*,*,#792,.T.);
#407=ORIENTED_EDGE('',*,*,#758,.T.);
#408=ORIENTED_EDGE('',*,*,#793,.T.);
#409=ORIENTED_EDGE('',*,*,#794,.T.);
#410=ORIENTED_EDGE('',*,*,#795,.T.);
#411=ORIENTED_EDGE('',*,*,#796,.T.);
#412=ORIENTED_EDGE('',*,*,#797,.F.);
#413=ORIENTED_EDGE('',*,*,#781,.F.);
#414=ORIENTED_EDGE('',*,*,#798,.T.);
#415=ORIENTED_EDGE('',*,*,#799,.F.);
#416=ORIENTED_EDGE('',*,*,#800,.T.);
#417=ORIENTED_EDGE('',*,*,#785,.T.);
#418=ORIENTED_EDGE('',*,*,#801,.F.);
#419=ORIENTED_EDGE('',*,*,#802,.F.);
#420=ORIENTED_EDGE('',*,*,#803,.F.);
#421=ORIENTED_EDGE('',*,*,#775,.F.);
#422=ORIENTED_EDGE('',*,*,#804,.F.);
#423=ORIENTED_EDGE('',*,*,#790,.T.);
#424=ORIENTED_EDGE('',*,*,#805,.T.);
#425=ORIENTED_EDGE('',*,*,#806,.T.);
#426=ORIENTED_EDGE('',*,*,#807,.T.);
#427=ORIENTED_EDGE('',*,*,#756,.F.);
#428=ORIENTED_EDGE('',*,*,#808,.F.);
#429=ORIENTED_EDGE('',*,*,#783,.T.);
#430=ORIENTED_EDGE('',*,*,#809,.T.);
#431=ORIENTED_EDGE('',*,*,#810,.T.);
#432=ORIENTED_EDGE('',*,*,#755,.F.);
#433=ORIENTED_EDGE('',*,*,#767,.F.);
#434=ORIENTED_EDGE('',*,*,#784,.F.);
#435=ORIENTED_EDGE('',*,*,#808,.T.);
#436=ORIENTED_EDGE('',*,*,#771,.F.);
#437=ORIENTED_EDGE('',*,*,#751,.T.);
#438=ORIENTED_EDGE('',*,*,#770,.F.);
#439=ORIENTED_EDGE('',*,*,#750,.T.);
#440=ORIENTED_EDGE('',*,*,#769,.F.);
#441=ORIENTED_EDGE('',*,*,#787,.T.);
#442=ORIENTED_EDGE('',*,*,#811,.T.);
#443=ORIENTED_EDGE('',*,*,#768,.F.);
#444=ORIENTED_EDGE('',*,*,#812,.T.);
#445=ORIENTED_EDGE('',*,*,#777,.F.);
#446=ORIENTED_EDGE('',*,*,#813,.T.);
#447=ORIENTED_EDGE('',*,*,#814,.F.);
#448=ORIENTED_EDGE('',*,*,#815,.F.);
#449=ORIENTED_EDGE('',*,*,#816,.T.);
#450=ORIENTED_EDGE('',*,*,#817,.T.);
#451=ORIENTED_EDGE('',*,*,#809,.F.);
#452=ORIENTED_EDGE('',*,*,#782,.T.);
#453=ORIENTED_EDGE('',*,*,#797,.T.);
#454=ORIENTED_EDGE('',*,*,#818,.T.);
#455=ORIENTED_EDGE('',*,*,#819,.F.);
#456=ORIENTED_EDGE('',*,*,#820,.F.);
#457=ORIENTED_EDGE('',*,*,#821,.T.);
#458=ORIENTED_EDGE('',*,*,#822,.T.);
#459=ORIENTED_EDGE('',*,*,#823,.F.);
#460=ORIENTED_EDGE('',*,*,#824,.T.);
#461=ORIENTED_EDGE('',*,*,#825,.F.);
#462=ORIENTED_EDGE('',*,*,#826,.T.);
#463=ORIENTED_EDGE('',*,*,#827,.F.);
#464=ORIENTED_EDGE('',*,*,#778,.T.);
#465=ORIENTED_EDGE('',*,*,#815,.T.);
#466=ORIENTED_EDGE('',*,*,#828,.F.);
#467=ORIENTED_EDGE('',*,*,#829,.T.);
#468=ORIENTED_EDGE('',*,*,#830,.F.);
#469=ORIENTED_EDGE('',*,*,#831,.T.);
#470=ORIENTED_EDGE('',*,*,#832,.F.);
#471=ORIENTED_EDGE('',*,*,#801,.T.);
#472=ORIENTED_EDGE('',*,*,#804,.T.);
#473=ORIENTED_EDGE('',*,*,#833,.T.);
#474=ORIENTED_EDGE('',*,*,#834,.T.);
#475=ORIENTED_EDGE('',*,*,#835,.T.);
#476=ORIENTED_EDGE('',*,*,#836,.F.);
#477=ORIENTED_EDGE('',*,*,#837,.T.);
#478=ORIENTED_EDGE('',*,*,#838,.T.);
#479=ORIENTED_EDGE('',*,*,#839,.F.);
#480=ORIENTED_EDGE('',*,*,#840,.T.);
#481=ORIENTED_EDGE('',*,*,#841,.F.);
#482=ORIENTED_EDGE('',*,*,#842,.F.);
#483=ORIENTED_EDGE('',*,*,#843,.F.);
#484=ORIENTED_EDGE('',*,*,#844,.T.);
#485=ORIENTED_EDGE('',*,*,#845,.F.);
#486=ORIENTED_EDGE('',*,*,#846,.T.);
#487=ORIENTED_EDGE('',*,*,#847,.F.);
#488=ORIENTED_EDGE('',*,*,#848,.T.);
#489=ORIENTED_EDGE('',*,*,#849,.F.);
#490=ORIENTED_EDGE('',*,*,#850,.T.);
#491=ORIENTED_EDGE('',*,*,#813,.F.);
#492=ORIENTED_EDGE('',*,*,#776,.T.);
#493=ORIENTED_EDGE('',*,*,#803,.T.);
#494=ORIENTED_EDGE('',*,*,#851,.F.);
#495=ORIENTED_EDGE('',*,*,#852,.F.);
#496=ORIENTED_EDGE('',*,*,#853,.F.);
#497=ORIENTED_EDGE('',*,*,#854,.F.);
#498=ORIENTED_EDGE('',*,*,#855,.F.);
#499=ORIENTED_EDGE('',*,*,#856,.T.);
#500=ORIENTED_EDGE('',*,*,#857,.T.);
#501=ORIENTED_EDGE('',*,*,#858,.F.);
#502=ORIENTED_EDGE('',*,*,#859,.T.);
#503=ORIENTED_EDGE('',*,*,#860,.T.);
#504=ORIENTED_EDGE('',*,*,#861,.T.);
#505=ORIENTED_EDGE('',*,*,#795,.F.);
#506=ORIENTED_EDGE('',*,*,#862,.T.);
#507=ORIENTED_EDGE('',*,*,#863,.F.);
#508=ORIENTED_EDGE('',*,*,#864,.F.);
#509=ORIENTED_EDGE('',*,*,#865,.T.);
#510=ORIENTED_EDGE('',*,*,#866,.T.);
#511=ORIENTED_EDGE('',*,*,#867,.F.);
#512=ORIENTED_EDGE('',*,*,#868,.T.);
#513=ORIENTED_EDGE('',*,*,#806,.F.);
#514=ORIENTED_EDGE('',*,*,#869,.T.);
#515=ORIENTED_EDGE('',*,*,#870,.T.);
#516=ORIENTED_EDGE('',*,*,#871,.T.);
#517=ORIENTED_EDGE('',*,*,#872,.T.);
#518=ORIENTED_EDGE('',*,*,#873,.F.);
#519=ORIENTED_EDGE('',*,*,#874,.F.);
#520=ORIENTED_EDGE('',*,*,#875,.F.);
#521=ORIENTED_EDGE('',*,*,#876,.F.);
#522=ORIENTED_EDGE('',*,*,#877,.F.);
#523=ORIENTED_EDGE('',*,*,#878,.F.);
#524=ORIENTED_EDGE('',*,*,#879,.F.);
#525=ORIENTED_EDGE('',*,*,#880,.F.);
#526=ORIENTED_EDGE('',*,*,#881,.F.);
#527=ORIENTED_EDGE('',*,*,#882,.F.);
#528=ORIENTED_EDGE('',*,*,#883,.T.);
#529=ORIENTED_EDGE('',*,*,#884,.F.);
#530=ORIENTED_EDGE('',*,*,#789,.T.);
#531=ORIENTED_EDGE('',*,*,#885,.T.);
#532=ORIENTED_EDGE('',*,*,#886,.T.);
#533=ORIENTED_EDGE('',*,*,#887,.T.);
#534=ORIENTED_EDGE('',*,*,#888,.F.);
#535=ORIENTED_EDGE('',*,*,#889,.T.);
#536=ORIENTED_EDGE('',*,*,#752,.T.);
#537=ORIENTED_EDGE('',*,*,#890,.T.);
#538=ORIENTED_EDGE('',*,*,#891,.F.);
#539=ORIENTED_EDGE('',*,*,#892,.T.);
#540=ORIENTED_EDGE('',*,*,#779,.T.);
#541=ORIENTED_EDGE('',*,*,#827,.T.);
#542=ORIENTED_EDGE('',*,*,#893,.T.);
#543=ORIENTED_EDGE('',*,*,#869,.F.);
#544=ORIENTED_EDGE('',*,*,#805,.F.);
#545=ORIENTED_EDGE('',*,*,#894,.T.);
#546=ORIENTED_EDGE('',*,*,#895,.T.);
#547=ORIENTED_EDGE('',*,*,#896,.F.);
#548=ORIENTED_EDGE('',*,*,#858,.T.);
#549=ORIENTED_EDGE('',*,*,#897,.T.);
#550=ORIENTED_EDGE('',*,*,#821,.F.);
#551=ORIENTED_EDGE('',*,*,#898,.T.);
#552=ORIENTED_EDGE('',*,*,#899,.T.);
#553=ORIENTED_EDGE('',*,*,#859,.F.);
#554=ORIENTED_EDGE('',*,*,#898,.F.);
#555=ORIENTED_EDGE('',*,*,#820,.T.);
#556=ORIENTED_EDGE('',*,*,#896,.T.);
#557=ORIENTED_EDGE('',*,*,#900,.F.);
#558=ORIENTED_EDGE('',*,*,#901,.F.);
#559=ORIENTED_EDGE('',*,*,#902,.F.);
#560=ORIENTED_EDGE('',*,*,#819,.T.);
#561=ORIENTED_EDGE('',*,*,#903,.T.);
#562=ORIENTED_EDGE('',*,*,#860,.F.);
#563=ORIENTED_EDGE('',*,*,#899,.F.);
#564=ORIENTED_EDGE('',*,*,#900,.T.);
#565=ORIENTED_EDGE('',*,*,#904,.T.);
#566=ORIENTED_EDGE('',*,*,#837,.F.);
#567=ORIENTED_EDGE('',*,*,#905,.F.);
#568=ORIENTED_EDGE('',*,*,#864,.T.);
#569=ORIENTED_EDGE('',*,*,#906,.T.);
#570=ORIENTED_EDGE('',*,*,#907,.F.);
#571=ORIENTED_EDGE('',*,*,#836,.T.);
#572=ORIENTED_EDGE('',*,*,#908,.T.);
#573=ORIENTED_EDGE('',*,*,#865,.F.);
#574=ORIENTED_EDGE('',*,*,#905,.T.);
#575=ORIENTED_EDGE('',*,*,#906,.F.);
#576=ORIENTED_EDGE('',*,*,#863,.T.);
#577=ORIENTED_EDGE('',*,*,#909,.T.);
#578=ORIENTED_EDGE('',*,*,#838,.F.);
#579=ORIENTED_EDGE('',*,*,#904,.F.);
#580=ORIENTED_EDGE('',*,*,#907,.T.);
#581=ORIENTED_EDGE('',*,*,#895,.F.);
#582=ORIENTED_EDGE('',*,*,#902,.T.);
#583=ORIENTED_EDGE('',*,*,#894,.F.);
#584=ORIENTED_EDGE('',*,*,#901,.T.);
#585=ORIENTED_EDGE('',*,*,#891,.T.);
#586=ORIENTED_EDGE('',*,*,#910,.T.);
#587=ORIENTED_EDGE('',*,*,#791,.T.);
#588=ORIENTED_EDGE('',*,*,#911,.T.);
#589=ORIENTED_EDGE('',*,*,#871,.F.);
#590=ORIENTED_EDGE('',*,*,#912,.T.);
#591=ORIENTED_EDGE('',*,*,#825,.T.);
#592=ORIENTED_EDGE('',*,*,#913,.T.);
#593=ORIENTED_EDGE('',*,*,#823,.T.);
#594=ORIENTED_EDGE('',*,*,#914,.T.);
#595=ORIENTED_EDGE('',*,*,#856,.F.);
#596=ORIENTED_EDGE('',*,*,#915,.T.);
#597=ORIENTED_EDGE('',*,*,#867,.T.);
#598=ORIENTED_EDGE('',*,*,#916,.T.);
#599=ORIENTED_EDGE('',*,*,#834,.F.);
#600=ORIENTED_EDGE('',*,*,#917,.T.);
#601=ORIENTED_EDGE('',*,*,#861,.F.);
#602=ORIENTED_EDGE('',*,*,#903,.F.);
#603=ORIENTED_EDGE('',*,*,#818,.F.);
#604=ORIENTED_EDGE('',*,*,#796,.F.);
#605=ORIENTED_EDGE('',*,*,#862,.F.);
#606=ORIENTED_EDGE('',*,*,#794,.F.);
#607=ORIENTED_EDGE('',*,*,#918,.T.);
#608=ORIENTED_EDGE('',*,*,#816,.F.);
#609=ORIENTED_EDGE('',*,*,#909,.F.);
#610=ORIENTED_EDGE('',*,*,#857,.F.);
#611=ORIENTED_EDGE('',*,*,#914,.F.);
#612=ORIENTED_EDGE('',*,*,#822,.F.);
#613=ORIENTED_EDGE('',*,*,#897,.F.);
#614=ORIENTED_EDGE('',*,*,#866,.F.);
#615=ORIENTED_EDGE('',*,*,#908,.F.);
#616=ORIENTED_EDGE('',*,*,#835,.F.);
#617=ORIENTED_EDGE('',*,*,#916,.F.);
#618=ORIENTED_EDGE('',*,*,#798,.F.);
#619=ORIENTED_EDGE('',*,*,#780,.F.);
#620=ORIENTED_EDGE('',*,*,#892,.F.);
#621=ORIENTED_EDGE('',*,*,#911,.F.);
#622=ORIENTED_EDGE('',*,*,#868,.F.);
#623=ORIENTED_EDGE('',*,*,#917,.F.);
#624=ORIENTED_EDGE('',*,*,#833,.F.);
#625=ORIENTED_EDGE('',*,*,#807,.F.);
#626=ORIENTED_EDGE('',*,*,#870,.F.);
#627=ORIENTED_EDGE('',*,*,#893,.F.);
#628=ORIENTED_EDGE('',*,*,#826,.F.);
#629=ORIENTED_EDGE('',*,*,#912,.F.);
#630=ORIENTED_EDGE('',*,*,#872,.F.);
#631=ORIENTED_EDGE('',*,*,#913,.F.);
#632=ORIENTED_EDGE('',*,*,#824,.F.);
#633=ORIENTED_EDGE('',*,*,#915,.F.);
#634=ORIENTED_EDGE('',*,*,#852,.T.);
#635=ORIENTED_EDGE('',*,*,#919,.F.);
#636=ORIENTED_EDGE('',*,*,#831,.F.);
#637=ORIENTED_EDGE('',*,*,#920,.F.);
#638=ORIENTED_EDGE('',*,*,#829,.F.);
#639=ORIENTED_EDGE('',*,*,#921,.F.);
#640=ORIENTED_EDGE('',*,*,#854,.T.);
#641=ORIENTED_EDGE('',*,*,#922,.F.);
#642=ORIENTED_EDGE('',*,*,#830,.T.);
#643=ORIENTED_EDGE('',*,*,#922,.T.);
#644=ORIENTED_EDGE('',*,*,#853,.T.);
#645=ORIENTED_EDGE('',*,*,#920,.T.);
#646=ORIENTED_EDGE('',*,*,#851,.T.);
#647=ORIENTED_EDGE('',*,*,#802,.T.);
#648=ORIENTED_EDGE('',*,*,#832,.T.);
#649=ORIENTED_EDGE('',*,*,#919,.T.);
#650=ORIENTED_EDGE('',*,*,#855,.T.);
#651=ORIENTED_EDGE('',*,*,#921,.T.);
#652=ORIENTED_EDGE('',*,*,#828,.T.);
#653=ORIENTED_EDGE('',*,*,#814,.T.);
#654=ORIENTED_EDGE('',*,*,#850,.F.);
#655=ORIENTED_EDGE('',*,*,#923,.F.);
#656=ORIENTED_EDGE('',*,*,#877,.T.);
#657=ORIENTED_EDGE('',*,*,#924,.F.);
#658=ORIENTED_EDGE('',*,*,#873,.T.);
#659=ORIENTED_EDGE('',*,*,#925,.F.);
#660=ORIENTED_EDGE('',*,*,#848,.F.);
#661=ORIENTED_EDGE('',*,*,#926,.F.);
#662=ORIENTED_EDGE('',*,*,#846,.F.);
#663=ORIENTED_EDGE('',*,*,#927,.F.);
#664=ORIENTED_EDGE('',*,*,#875,.T.);
#665=ORIENTED_EDGE('',*,*,#928,.F.);
#666=ORIENTED_EDGE('',*,*,#874,.T.);
#667=ORIENTED_EDGE('',*,*,#926,.T.);
#668=ORIENTED_EDGE('',*,*,#847,.T.);
#669=ORIENTED_EDGE('',*,*,#928,.T.);
#670=ORIENTED_EDGE('',*,*,#876,.T.);
#671=ORIENTED_EDGE('',*,*,#927,.T.);
#672=ORIENTED_EDGE('',*,*,#845,.T.);
#673=ORIENTED_EDGE('',*,*,#924,.T.);
#674=ORIENTED_EDGE('',*,*,#849,.T.);
#675=ORIENTED_EDGE('',*,*,#925,.T.);
#676=ORIENTED_EDGE('',*,*,#878,.T.);
#677=ORIENTED_EDGE('',*,*,#923,.T.);
#678=ORIENTED_EDGE('',*,*,#883,.F.);
#679=ORIENTED_EDGE('',*,*,#929,.F.);
#680=ORIENTED_EDGE('',*,*,#842,.T.);
#681=ORIENTED_EDGE('',*,*,#930,.F.);
#682=ORIENTED_EDGE('',*,*,#879,.T.);
#683=ORIENTED_EDGE('',*,*,#931,.F.);
#684=ORIENTED_EDGE('',*,*,#840,.F.);
#685=ORIENTED_EDGE('',*,*,#932,.F.);
#686=ORIENTED_EDGE('',*,*,#844,.F.);
#687=ORIENTED_EDGE('',*,*,#933,.F.);
#688=ORIENTED_EDGE('',*,*,#881,.T.);
#689=ORIENTED_EDGE('',*,*,#934,.F.);
#690=ORIENTED_EDGE('',*,*,#839,.T.);
#691=ORIENTED_EDGE('',*,*,#934,.T.);
#692=ORIENTED_EDGE('',*,*,#880,.T.);
#693=ORIENTED_EDGE('',*,*,#932,.T.);
#694=ORIENTED_EDGE('',*,*,#884,.T.);
#695=ORIENTED_EDGE('',*,*,#930,.T.);
#696=ORIENTED_EDGE('',*,*,#841,.T.);
#697=ORIENTED_EDGE('',*,*,#931,.T.);
#698=ORIENTED_EDGE('',*,*,#843,.T.);
#699=ORIENTED_EDGE('',*,*,#929,.T.);
#700=ORIENTED_EDGE('',*,*,#882,.T.);
#701=ORIENTED_EDGE('',*,*,#933,.T.);
#702=ORIENTED_EDGE('',*,*,#792,.F.);
#703=ORIENTED_EDGE('',*,*,#910,.F.);
#704=ORIENTED_EDGE('',*,*,#890,.F.);
#705=ORIENTED_EDGE('',*,*,#759,.F.);
#706=ORIENTED_EDGE('',*,*,#793,.F.);
#707=ORIENTED_EDGE('',*,*,#757,.F.);
#708=ORIENTED_EDGE('',*,*,#810,.F.);
#709=ORIENTED_EDGE('',*,*,#817,.F.);
#710=ORIENTED_EDGE('',*,*,#918,.F.);
#711=ORIENTED_EDGE('',*,*,#886,.F.);
#712=ORIENTED_EDGE('',*,*,#935,.T.);
#713=ORIENTED_EDGE('',*,*,#799,.T.);
#714=ORIENTED_EDGE('',*,*,#774,.F.);
#715=ORIENTED_EDGE('',*,*,#936,.T.);
#716=ORIENTED_EDGE('',*,*,#762,.F.);
#717=ORIENTED_EDGE('',*,*,#937,.T.);
#718=ORIENTED_EDGE('',*,*,#938,.F.);
#719=ORIENTED_EDGE('',*,*,#765,.F.);
#720=ORIENTED_EDGE('',*,*,#939,.T.);
#721=ORIENTED_EDGE('',*,*,#888,.T.);
#722=ORIENTED_EDGE('',*,*,#940,.T.);
#723=ORIENTED_EDGE('',*,*,#941,.T.);
#724=ORIENTED_EDGE('',*,*,#760,.T.);
#725=ORIENTED_EDGE('',*,*,#942,.T.);
#726=ORIENTED_EDGE('',*,*,#772,.T.);
#727=ORIENTED_EDGE('',*,*,#938,.T.);
#728=ORIENTED_EDGE('',*,*,#943,.T.);
#729=ORIENTED_EDGE('',*,*,#940,.F.);
#730=ORIENTED_EDGE('',*,*,#887,.F.);
#731=ORIENTED_EDGE('',*,*,#800,.F.);
#732=ORIENTED_EDGE('',*,*,#935,.F.);
#733=ORIENTED_EDGE('',*,*,#885,.F.);
#734=ORIENTED_EDGE('',*,*,#788,.F.);
#735=ORIENTED_EDGE('',*,*,#811,.F.);
#736=ORIENTED_EDGE('',*,*,#786,.F.);
#737=ORIENTED_EDGE('',*,*,#764,.F.);
#738=ORIENTED_EDGE('',*,*,#753,.F.);
#739=ORIENTED_EDGE('',*,*,#889,.F.);
#740=ORIENTED_EDGE('',*,*,#939,.F.);
#741=ORIENTED_EDGE('',*,*,#812,.F.);
#742=ORIENTED_EDGE('',*,*,#936,.F.);
#743=ORIENTED_EDGE('',*,*,#773,.F.);
#744=ORIENTED_EDGE('',*,*,#942,.F.);
#745=ORIENTED_EDGE('',*,*,#763,.F.);
#746=ORIENTED_EDGE('',*,*,#937,.F.);
#747=ORIENTED_EDGE('',*,*,#761,.F.);
#748=ORIENTED_EDGE('',*,*,#941,.F.);
#749=ORIENTED_EDGE('',*,*,#943,.F.);
#750=EDGE_CURVE('',#944,#944,#1078,.T.);
#751=EDGE_CURVE('',#945,#945,#1079,.T.);
#752=EDGE_CURVE('',#946,#947,#110,.T.);
#753=EDGE_CURVE('',#946,#948,#111,.F.);
#754=EDGE_CURVE('',#949,#948,#112,.T.);
#755=EDGE_CURVE('',#949,#950,#113,.T.);
#756=EDGE_CURVE('',#950,#951,#114,.T.);
#757=EDGE_CURVE('',#951,#952,#115,.F.);
#758=EDGE_CURVE('',#953,#952,#116,.T.);
#759=EDGE_CURVE('',#953,#947,#117,.T.);
#760=EDGE_CURVE('',#954,#955,#118,.T.);
#761=EDGE_CURVE('',#954,#956,#119,.F.);
#762=EDGE_CURVE('',#956,#957,#120,.T.);
#763=EDGE_CURVE('',#957,#955,#121,.T.);
#764=EDGE_CURVE('',#948,#958,#48,.T.);
#765=EDGE_CURVE('',#958,#959,#122,.T.);
#766=EDGE_CURVE('',#960,#959,#123,.T.);
#767=EDGE_CURVE('',#960,#949,#124,.T.);
#768=EDGE_CURVE('',#961,#961,#49,.T.);
#769=EDGE_CURVE('',#962,#962,#50,.T.);
#770=EDGE_CURVE('',#963,#963,#51,.T.);
#771=EDGE_CURVE('',#964,#964,#52,.T.);
#772=EDGE_CURVE('',#965,#959,#125,.T.);
#773=EDGE_CURVE('',#965,#966,#126,.F.);
#774=EDGE_CURVE('',#966,#967,#127,.T.);
#775=EDGE_CURVE('',#967,#968,#128,.T.);
#776=EDGE_CURVE('',#969,#968,#129,.T.);
#777=EDGE_CURVE('',#969,#970,#130,.T.);
#778=EDGE_CURVE('',#971,#970,#131,.T.);
#779=EDGE_CURVE('',#972,#971,#132,.T.);
#780=EDGE_CURVE('',#972,#973,#133,.F.);
#781=EDGE_CURVE('',#973,#974,#134,.T.);
#782=EDGE_CURVE('',#975,#974,#135,.T.);
#783=EDGE_CURVE('',#976,#975,#136,.T.);
#784=EDGE_CURVE('',#976,#960,#137,.T.);
#785=EDGE_CURVE('',#977,#978,#138,.T.);
#786=EDGE_CURVE('',#977,#979,#139,.T.);
#787=EDGE_CURVE('',#980,#979,#1080,.T.);
#788=EDGE_CURVE('',#980,#981,#140,.T.);
#789=EDGE_CURVE('',#982,#981,#141,.T.);
#790=EDGE_CURVE('',#978,#982,#142,.T.);
#791=EDGE_CURVE('',#983,#984,#143,.T.);
#792=EDGE_CURVE('',#983,#953,#53,.T.);
#793=EDGE_CURVE('',#952,#985,#54,.F.);
#794=EDGE_CURVE('',#985,#986,#144,.F.);
#795=EDGE_CURVE('',#986,#987,#145,.T.);
#796=EDGE_CURVE('',#987,#988,#146,.T.);
#797=EDGE_CURVE('',#974,#988,#147,.T.);
#798=EDGE_CURVE('',#973,#984,#55,.T.);
#799=EDGE_CURVE('',#989,#967,#148,.T.);
#800=EDGE_CURVE('',#989,#977,#56,.T.);
#801=EDGE_CURVE('',#990,#978,#149,.T.);
#802=EDGE_CURVE('',#991,#990,#150,.T.);
#803=EDGE_CURVE('',#968,#991,#151,.T.);
#804=EDGE_CURVE('',#978,#992,#152,.T.);
#805=EDGE_CURVE('',#982,#993,#153,.T.);
#806=EDGE_CURVE('',#993,#994,#154,.T.);
#807=EDGE_CURVE('',#994,#992,#155,.T.);
#808=EDGE_CURVE('',#976,#950,#156,.T.);
#809=EDGE_CURVE('',#975,#995,#157,.T.);
#810=EDGE_CURVE('',#995,#951,#57,.T.);
#811=EDGE_CURVE('',#979,#980,#12,.T.);
#812=EDGE_CURVE('',#996,#996,#13,.T.);
#813=EDGE_CURVE('',#969,#997,#158,.T.);
#814=EDGE_CURVE('',#998,#997,#159,.T.);
#815=EDGE_CURVE('',#970,#998,#160,.T.);
#816=EDGE_CURVE('',#999,#1000,#58,.F.);
#817=EDGE_CURVE('',#1000,#995,#161,.T.);
#818=EDGE_CURVE('',#988,#1001,#59,.F.);
#819=EDGE_CURVE('',#1002,#1001,#162,.T.);
#820=EDGE_CURVE('',#1003,#1002,#163,.T.);
#821=EDGE_CURVE('',#1003,#1004,#164,.T.);
#822=EDGE_CURVE('',#1004,#1005,#60,.T.);
#823=EDGE_CURVE('',#1006,#1005,#165,.T.);
#824=EDGE_CURVE('',#1006,#1007,#61,.F.);
#825=EDGE_CURVE('',#1008,#1007,#166,.T.);
#826=EDGE_CURVE('',#1008,#1009,#62,.T.);
#827=EDGE_CURVE('',#971,#1009,#167,.T.);
#828=EDGE_CURVE('',#1010,#998,#63,.T.);
#829=EDGE_CURVE('',#1010,#1011,#168,.T.);
#830=EDGE_CURVE('',#1012,#1011,#64,.T.);
#831=EDGE_CURVE('',#1012,#1013,#169,.T.);
#832=EDGE_CURVE('',#990,#1013,#65,.T.);
#833=EDGE_CURVE('',#992,#1014,#66,.F.);
#834=EDGE_CURVE('',#1014,#1015,#170,.T.);
#835=EDGE_CURVE('',#1015,#1016,#67,.T.);
#836=EDGE_CURVE('',#1017,#1016,#171,.T.);
#837=EDGE_CURVE('',#1017,#1018,#172,.T.);
#838=EDGE_CURVE('',#1018,#999,#173,.T.);
#839=EDGE_CURVE('',#1019,#1020,#68,.T.);
#840=EDGE_CURVE('',#1019,#1021,#174,.T.);
#841=EDGE_CURVE('',#1022,#1021,#69,.T.);
#842=EDGE_CURVE('',#1023,#1022,#175,.T.);
#843=EDGE_CURVE('',#1024,#1023,#70,.T.);
#844=EDGE_CURVE('',#1024,#1020,#176,.T.);
#845=EDGE_CURVE('',#1025,#1026,#71,.T.);
#846=EDGE_CURVE('',#1025,#1027,#177,.T.);
#847=EDGE_CURVE('',#1028,#1027,#72,.T.);
#848=EDGE_CURVE('',#1028,#1029,#178,.T.);
#849=EDGE_CURVE('',#1030,#1029,#73,.T.);
#850=EDGE_CURVE('',#1030,#1026,#179,.T.);
#851=EDGE_CURVE('',#1031,#991,#74,.F.);
#852=EDGE_CURVE('',#1032,#1031,#180,.T.);
#853=EDGE_CURVE('',#1033,#1032,#75,.F.);
#854=EDGE_CURVE('',#1034,#1033,#181,.T.);
#855=EDGE_CURVE('',#997,#1034,#76,.F.);
#856=EDGE_CURVE('',#1035,#1036,#182,.T.);
#857=EDGE_CURVE('',#1036,#1037,#77,.F.);
#858=EDGE_CURVE('',#1038,#1037,#183,.T.);
#859=EDGE_CURVE('',#1038,#1039,#184,.T.);
#860=EDGE_CURVE('',#1039,#1040,#185,.T.);
#861=EDGE_CURVE('',#1040,#987,#78,.T.);
#862=EDGE_CURVE('',#986,#1041,#79,.T.);
#863=EDGE_CURVE('',#1042,#1041,#186,.T.);
#864=EDGE_CURVE('',#1043,#1042,#187,.T.);
#865=EDGE_CURVE('',#1043,#1044,#188,.T.);
#866=EDGE_CURVE('',#1044,#1045,#80,.F.);
#867=EDGE_CURVE('',#1046,#1045,#189,.T.);
#868=EDGE_CURVE('',#1046,#994,#81,.T.);
#869=EDGE_CURVE('',#993,#1047,#190,.T.);
#870=EDGE_CURVE('',#1047,#1048,#82,.F.);
#871=EDGE_CURVE('',#1048,#1049,#191,.T.);
#872=EDGE_CURVE('',#1049,#1035,#83,.T.);
#873=EDGE_CURVE('',#1050,#1051,#192,.T.);
#874=EDGE_CURVE('',#1052,#1050,#84,.F.);
#875=EDGE_CURVE('',#1053,#1052,#193,.T.);
#876=EDGE_CURVE('',#1054,#1053,#85,.F.);
#877=EDGE_CURVE('',#1055,#1054,#194,.T.);
#878=EDGE_CURVE('',#1051,#1055,#86,.F.);
#879=EDGE_CURVE('',#1056,#1057,#195,.T.);
#880=EDGE_CURVE('',#1058,#1056,#87,.F.);
#881=EDGE_CURVE('',#1059,#1058,#196,.T.);
#882=EDGE_CURVE('',#1060,#1059,#88,.F.);
#883=EDGE_CURVE('',#1060,#1061,#197,.T.);
#884=EDGE_CURVE('',#1057,#1061,#89,.F.);
#885=EDGE_CURVE('',#981,#1062,#90,.F.);
#886=EDGE_CURVE('',#1062,#1063,#198,.T.);
#887=EDGE_CURVE('',#1063,#1064,#199,.T.);
#888=EDGE_CURVE('',#1065,#1064,#200,.T.);
#889=EDGE_CURVE('',#1065,#946,#91,.F.);
#890=EDGE_CURVE('',#947,#1066,#92,.F.);
#891=EDGE_CURVE('',#1067,#1066,#201,.T.);
#892=EDGE_CURVE('',#1067,#972,#93,.F.);
#893=EDGE_CURVE('',#1009,#1047,#202,.F.);
#894=EDGE_CURVE('',#1068,#1068,#94,.F.);
#895=EDGE_CURVE('',#1069,#1069,#95,.F.);
#896=EDGE_CURVE('',#1070,#1070,#96,.T.);
#897=EDGE_CURVE('',#1037,#1004,#203,.T.);
#898=EDGE_CURVE('',#1003,#1038,#97,.T.);
#899=EDGE_CURVE('',#1002,#1039,#98,.T.);
#900=EDGE_CURVE('',#1071,#1071,#99,.T.);
#901=EDGE_CURVE('',#1072,#1072,#100,.F.);
#902=EDGE_CURVE('',#1073,#1073,#101,.F.);
#903=EDGE_CURVE('',#1001,#1040,#204,.F.);
#904=EDGE_CURVE('',#1042,#1018,#102,.T.);
#905=EDGE_CURVE('',#1043,#1017,#103,.T.);
#906=EDGE_CURVE('',#1074,#1074,#104,.T.);
#907=EDGE_CURVE('',#1075,#1075,#105,.T.);
#908=EDGE_CURVE('',#1016,#1044,#205,.F.);
#909=EDGE_CURVE('',#1041,#999,#206,.T.);
#910=EDGE_CURVE('',#1066,#983,#207,.F.);
#911=EDGE_CURVE('',#984,#1067,#208,.T.);
#912=EDGE_CURVE('',#1048,#1008,#209,.T.);
#913=EDGE_CURVE('',#1007,#1049,#210,.F.);
#914=EDGE_CURVE('',#1005,#1036,#211,.F.);
#915=EDGE_CURVE('',#1035,#1006,#212,.T.);
#916=EDGE_CURVE('',#1045,#1015,#213,.T.);
#917=EDGE_CURVE('',#1014,#1046,#214,.F.);
#918=EDGE_CURVE('',#985,#1000,#14,.T.);
#919=EDGE_CURVE('',#1013,#1031,#215,.F.);
#920=EDGE_CURVE('',#1032,#1012,#216,.T.);
#921=EDGE_CURVE('',#1034,#1010,#217,.F.);
#922=EDGE_CURVE('',#1011,#1033,#218,.F.);
#923=EDGE_CURVE('',#1055,#1030,#219,.T.);
#924=EDGE_CURVE('',#1026,#1054,#220,.T.);
#925=EDGE_CURVE('',#1029,#1051,#221,.F.);
#926=EDGE_CURVE('',#1050,#1028,#222,.F.);
#927=EDGE_CURVE('',#1053,#1025,#223,.F.);
#928=EDGE_CURVE('',#1027,#1052,#224,.T.);
#929=EDGE_CURVE('',#1023,#1060,#225,.F.);
#930=EDGE_CURVE('',#1061,#1022,#226,.F.);
#931=EDGE_CURVE('',#1021,#1057,#227,.T.);
#932=EDGE_CURVE('',#1056,#1019,#228,.T.);
#933=EDGE_CURVE('',#1059,#1024,#229,.T.);
#934=EDGE_CURVE('',#1020,#1058,#230,.F.);
#935=EDGE_CURVE('',#1062,#989,#231,.F.);
#936=EDGE_CURVE('',#966,#957,#106,.F.);
#937=EDGE_CURVE('',#956,#1076,#107,.F.);
#938=EDGE_CURVE('',#1063,#1076,#232,.T.);
#939=EDGE_CURVE('',#958,#1065,#233,.T.);
#940=EDGE_CURVE('',#1064,#1077,#234,.T.);
#941=EDGE_CURVE('',#1077,#954,#108,.T.);
#942=EDGE_CURVE('',#955,#965,#109,.T.);
#943=EDGE_CURVE('',#1076,#1077,#235,.T.);
#944=VERTEX_POINT('',#1905);
#945=VERTEX_POINT('',#1907);
#946=VERTEX_POINT('',#1909);
#947=VERTEX_POINT('',#1910);
#948=VERTEX_POINT('',#1912);
#949=VERTEX_POINT('',#1914);
#950=VERTEX_POINT('',#1916);
#951=VERTEX_POINT('',#1918);
#952=VERTEX_POINT('',#1920);
#953=VERTEX_POINT('',#1922);
#954=VERTEX_POINT('',#1926);
#955=VERTEX_POINT('',#1927);
#956=VERTEX_POINT('',#1929);
#957=VERTEX_POINT('',#1931);
#958=VERTEX_POINT('',#1935);
#959=VERTEX_POINT('',#1937);
#960=VERTEX_POINT('',#1939);
#961=VERTEX_POINT('',#1943);
#962=VERTEX_POINT('',#1945);
#963=VERTEX_POINT('',#1947);
#964=VERTEX_POINT('',#1949);
#965=VERTEX_POINT('',#1951);
#966=VERTEX_POINT('',#1953);
#967=VERTEX_POINT('',#1955);
#968=VERTEX_POINT('',#1957);
#969=VERTEX_POINT('',#1959);
#970=VERTEX_POINT('',#1961);
#971=VERTEX_POINT('',#1963);
#972=VERTEX_POINT('',#1965);
#973=VERTEX_POINT('',#1967);
#974=VERTEX_POINT('',#1969);
#975=VERTEX_POINT('',#1971);
#976=VERTEX_POINT('',#1973);
#977=VERTEX_POINT('',#1977);
#978=VERTEX_POINT('',#1978);
#979=VERTEX_POINT('',#1980);
#980=VERTEX_POINT('',#1982);
#981=VERTEX_POINT('',#1984);
#982=VERTEX_POINT('',#1986);
#983=VERTEX_POINT('',#1990);
#984=VERTEX_POINT('',#1991);
#985=VERTEX_POINT('',#1994);
#986=VERTEX_POINT('',#1996);
#987=VERTEX_POINT('',#1998);
#988=VERTEX_POINT('',#2000);
#989=VERTEX_POINT('',#2005);
#990=VERTEX_POINT('',#2008);
#991=VERTEX_POINT('',#2010);
#992=VERTEX_POINT('',#2014);
#993=VERTEX_POINT('',#2016);
#994=VERTEX_POINT('',#2018);
#995=VERTEX_POINT('',#2023);
#996=VERTEX_POINT('',#2058);
#997=VERTEX_POINT('',#2061);
#998=VERTEX_POINT('',#2063);
#999=VERTEX_POINT('',#2067);
#1000=VERTEX_POINT('',#2068);
#1001=VERTEX_POINT('',#2071);
#1002=VERTEX_POINT('',#2073);
#1003=VERTEX_POINT('',#2075);
#1004=VERTEX_POINT('',#2077);
#1005=VERTEX_POINT('',#2079);
#1006=VERTEX_POINT('',#2081);
#1007=VERTEX_POINT('',#2083);
#1008=VERTEX_POINT('',#2085);
#1009=VERTEX_POINT('',#2087);
#1010=VERTEX_POINT('',#2090);
#1011=VERTEX_POINT('',#2092);
#1012=VERTEX_POINT('',#2094);
#1013=VERTEX_POINT('',#2096);
#1014=VERTEX_POINT('',#2099);
#1015=VERTEX_POINT('',#2101);
#1016=VERTEX_POINT('',#2103);
#1017=VERTEX_POINT('',#2105);
#1018=VERTEX_POINT('',#2107);
#1019=VERTEX_POINT('',#2110);
#1020=VERTEX_POINT('',#2111);
#1021=VERTEX_POINT('',#2113);
#1022=VERTEX_POINT('',#2115);
#1023=VERTEX_POINT('',#2117);
#1024=VERTEX_POINT('',#2119);
#1025=VERTEX_POINT('',#2122);
#1026=VERTEX_POINT('',#2123);
#1027=VERTEX_POINT('',#2125);
#1028=VERTEX_POINT('',#2127);
#1029=VERTEX_POINT('',#2129);
#1030=VERTEX_POINT('',#2131);
#1031=VERTEX_POINT('',#2135);
#1032=VERTEX_POINT('',#2137);
#1033=VERTEX_POINT('',#2139);
#1034=VERTEX_POINT('',#2141);
#1035=VERTEX_POINT('',#2144);
#1036=VERTEX_POINT('',#2145);
#1037=VERTEX_POINT('',#2147);
#1038=VERTEX_POINT('',#2149);
#1039=VERTEX_POINT('',#2151);
#1040=VERTEX_POINT('',#2153);
#1041=VERTEX_POINT('',#2156);
#1042=VERTEX_POINT('',#2158);
#1043=VERTEX_POINT('',#2160);
#1044=VERTEX_POINT('',#2162);
#1045=VERTEX_POINT('',#2164);
#1046=VERTEX_POINT('',#2166);
#1047=VERTEX_POINT('',#2169);
#1048=VERTEX_POINT('',#2171);
#1049=VERTEX_POINT('',#2173);
#1050=VERTEX_POINT('',#2176);
#1051=VERTEX_POINT('',#2177);
#1052=VERTEX_POINT('',#2179);
#1053=VERTEX_POINT('',#2181);
#1054=VERTEX_POINT('',#2183);
#1055=VERTEX_POINT('',#2185);
#1056=VERTEX_POINT('',#2188);
#1057=VERTEX_POINT('',#2189);
#1058=VERTEX_POINT('',#2191);
#1059=VERTEX_POINT('',#2193);
#1060=VERTEX_POINT('',#2195);
#1061=VERTEX_POINT('',#2197);
#1062=VERTEX_POINT('',#2201);
#1063=VERTEX_POINT('',#2203);
#1064=VERTEX_POINT('',#2205);
#1065=VERTEX_POINT('',#2207);
#1066=VERTEX_POINT('',#2210);
#1067=VERTEX_POINT('',#2212);
#1068=VERTEX_POINT('',#2217);
#1069=VERTEX_POINT('',#2219);
#1070=VERTEX_POINT('',#2221);
#1071=VERTEX_POINT('',#2228);
#1072=VERTEX_POINT('',#2231);
#1073=VERTEX_POINT('',#2233);
#1074=VERTEX_POINT('',#2240);
#1075=VERTEX_POINT('',#2242);
#1076=VERTEX_POINT('',#2312);
#1077=VERTEX_POINT('',#2317);
#1078=ELLIPSE('',#1382,0.00150575564787621,0.00135);
#1079=ELLIPSE('',#1383,0.00150575564787621,0.00135);
#1080=ELLIPSE('',#1393,0.00150575564787621,0.00135);
#1081=EDGE_LOOP('',(#362));
#1082=EDGE_LOOP('',(#363));
#1083=EDGE_LOOP('',(#364,#365,#366,#367,#368,#369,#370,#371));
#1084=EDGE_LOOP('',(#372,#373,#374,#375));
#1085=EDGE_LOOP('',(#376,#377,#378,#379,#380));
#1086=EDGE_LOOP('',(#381));
#1087=EDGE_LOOP('',(#382));
#1088=EDGE_LOOP('',(#383));
#1089=EDGE_LOOP('',(#384));
#1090=EDGE_LOOP('',(#385,#386,#387,#388,#389,#390,#391,#392,#393,#394,#395,
#396,#397,#398));
#1091=EDGE_LOOP('',(#399,#400,#401,#402,#403,#404));
#1092=EDGE_LOOP('',(#405,#406,#407,#408,#409,#410,#411,#412,#413,#414));
#1093=EDGE_LOOP('',(#415,#416,#417,#418,#419,#420,#421));
#1094=EDGE_LOOP('',(#422,#423,#424,#425,#426));
#1095=EDGE_LOOP('',(#427,#428,#429,#430,#431));
#1096=EDGE_LOOP('',(#432,#433,#434,#435));
#1097=EDGE_LOOP('',(#436));
#1098=EDGE_LOOP('',(#437));
#1099=EDGE_LOOP('',(#438));
#1100=EDGE_LOOP('',(#439));
#1101=EDGE_LOOP('',(#440));
#1102=EDGE_LOOP('',(#441,#442));
#1103=EDGE_LOOP('',(#443));
#1104=EDGE_LOOP('',(#444));
#1105=EDGE_LOOP('',(#445,#446,#447,#448));
#1106=EDGE_LOOP('',(#449,#450,#451,#452,#453,#454,#455,#456,#457,#458,#459,
#460,#461,#462,#463,#464,#465,#466,#467,#468,#469,#470,#471,#472,#473,#474,
#475,#476,#477,#478));
#1107=EDGE_LOOP('',(#479,#480,#481,#482,#483,#484));
#1108=EDGE_LOOP('',(#485,#486,#487,#488,#489,#490));
#1109=EDGE_LOOP('',(#491,#492,#493,#494,#495,#496,#497,#498));
#1110=EDGE_LOOP('',(#499,#500,#501,#502,#503,#504,#505,#506,#507,#508,#509,
#510,#511,#512,#513,#514,#515,#516,#517));
#1111=EDGE_LOOP('',(#518,#519,#520,#521,#522,#523));
#1112=EDGE_LOOP('',(#524,#525,#526,#527,#528,#529));
#1113=EDGE_LOOP('',(#530,#531,#532,#533,#534,#535,#536,#537,#538,#539,#540,
#541,#542,#543,#544));
#1114=EDGE_LOOP('',(#545));
#1115=EDGE_LOOP('',(#546));
#1116=EDGE_LOOP('',(#547));
#1117=EDGE_LOOP('',(#548,#549,#550,#551));
#1118=EDGE_LOOP('',(#552,#553,#554,#555));
#1119=EDGE_LOOP('',(#556));
#1120=EDGE_LOOP('',(#557));
#1121=EDGE_LOOP('',(#558));
#1122=EDGE_LOOP('',(#559));
#1123=EDGE_LOOP('',(#560,#561,#562,#563));
#1124=EDGE_LOOP('',(#564));
#1125=EDGE_LOOP('',(#565,#566,#567,#568));
#1126=EDGE_LOOP('',(#569));
#1127=EDGE_LOOP('',(#570));
#1128=EDGE_LOOP('',(#571,#572,#573,#574));
#1129=EDGE_LOOP('',(#575));
#1130=EDGE_LOOP('',(#576,#577,#578,#579));
#1131=EDGE_LOOP('',(#580));
#1132=EDGE_LOOP('',(#581));
#1133=EDGE_LOOP('',(#582));
#1134=EDGE_LOOP('',(#583));
#1135=EDGE_LOOP('',(#584));
#1136=EDGE_LOOP('',(#585,#586,#587,#588));
#1137=EDGE_LOOP('',(#589,#590,#591,#592));
#1138=EDGE_LOOP('',(#593,#594,#595,#596));
#1139=EDGE_LOOP('',(#597,#598,#599,#600));
#1140=EDGE_LOOP('',(#601,#602,#603,#604));
#1141=EDGE_LOOP('',(#605,#606,#607,#608,#609));
#1142=EDGE_LOOP('',(#610,#611,#612,#613));
#1143=EDGE_LOOP('',(#614,#615,#616,#617));
#1144=EDGE_LOOP('',(#618,#619,#620,#621));
#1145=EDGE_LOOP('',(#622,#623,#624,#625));
#1146=EDGE_LOOP('',(#626,#627,#628,#629));
#1147=EDGE_LOOP('',(#630,#631,#632,#633));
#1148=EDGE_LOOP('',(#634,#635,#636,#637));
#1149=EDGE_LOOP('',(#638,#639,#640,#641));
#1150=EDGE_LOOP('',(#642,#643,#644,#645));
#1151=EDGE_LOOP('',(#646,#647,#648,#649));
#1152=EDGE_LOOP('',(#650,#651,#652,#653));
#1153=EDGE_LOOP('',(#654,#655,#656,#657));
#1154=EDGE_LOOP('',(#658,#659,#660,#661));
#1155=EDGE_LOOP('',(#662,#663,#664,#665));
#1156=EDGE_LOOP('',(#666,#667,#668,#669));
#1157=EDGE_LOOP('',(#670,#671,#672,#673));
#1158=EDGE_LOOP('',(#674,#675,#676,#677));
#1159=EDGE_LOOP('',(#678,#679,#680,#681));
#1160=EDGE_LOOP('',(#682,#683,#684,#685));
#1161=EDGE_LOOP('',(#686,#687,#688,#689));
#1162=EDGE_LOOP('',(#690,#691,#692,#693));
#1163=EDGE_LOOP('',(#694,#695,#696,#697));
#1164=EDGE_LOOP('',(#698,#699,#700,#701));
#1165=EDGE_LOOP('',(#702,#703,#704,#705));
#1166=EDGE_LOOP('',(#706,#707,#708,#709,#710));
#1167=EDGE_LOOP('',(#711,#712,#713,#714,#715,#716,#717,#718));
#1168=EDGE_LOOP('',(#719,#720,#721,#722,#723,#724,#725,#726));
#1169=EDGE_LOOP('',(#727,#728,#729,#730));
#1170=EDGE_LOOP('',(#731,#732,#733,#734,#735,#736));
#1171=EDGE_LOOP('',(#737,#738,#739,#740));
#1172=EDGE_LOOP('',(#741));
#1173=EDGE_LOOP('',(#742,#743,#744,#745));
#1174=EDGE_LOOP('',(#746,#747,#748,#749));
#1175=FACE_BOUND('',#1081,.T.);
#1176=FACE_BOUND('',#1082,.T.);
#1177=FACE_BOUND('',#1083,.T.);
#1178=FACE_BOUND('',#1084,.T.);
#1179=FACE_BOUND('',#1085,.T.);
#1180=FACE_BOUND('',#1086,.T.);
#1181=FACE_BOUND('',#1087,.T.);
#1182=FACE_BOUND('',#1088,.T.);
#1183=FACE_BOUND('',#1089,.T.);
#1184=FACE_BOUND('',#1090,.T.);
#1185=FACE_BOUND('',#1091,.T.);
#1186=FACE_BOUND('',#1092,.T.);
#1187=FACE_BOUND('',#1093,.T.);
#1188=FACE_BOUND('',#1094,.T.);
#1189=FACE_BOUND('',#1095,.T.);
#1190=FACE_BOUND('',#1096,.T.);
#1191=FACE_BOUND('',#1097,.T.);
#1192=FACE_BOUND('',#1098,.T.);
#1193=FACE_BOUND('',#1099,.T.);
#1194=FACE_BOUND('',#1100,.T.);
#1195=FACE_BOUND('',#1101,.T.);
#1196=FACE_BOUND('',#1102,.T.);
#1197=FACE_BOUND('',#1103,.T.);
#1198=FACE_BOUND('',#1104,.T.);
#1199=FACE_BOUND('',#1105,.T.);
#1200=FACE_BOUND('',#1106,.T.);
#1201=FACE_BOUND('',#1107,.T.);
#1202=FACE_BOUND('',#1108,.T.);
#1203=FACE_BOUND('',#1109,.T.);
#1204=FACE_BOUND('',#1110,.T.);
#1205=FACE_BOUND('',#1111,.T.);
#1206=FACE_BOUND('',#1112,.T.);
#1207=FACE_BOUND('',#1113,.T.);
#1208=FACE_BOUND('',#1114,.T.);
#1209=FACE_BOUND('',#1115,.T.);
#1210=FACE_BOUND('',#1116,.T.);
#1211=FACE_BOUND('',#1117,.T.);
#1212=FACE_BOUND('',#1118,.T.);
#1213=FACE_BOUND('',#1119,.T.);
#1214=FACE_BOUND('',#1120,.T.);
#1215=FACE_BOUND('',#1121,.T.);
#1216=FACE_BOUND('',#1122,.T.);
#1217=FACE_BOUND('',#1123,.T.);
#1218=FACE_BOUND('',#1124,.T.);
#1219=FACE_BOUND('',#1125,.T.);
#1220=FACE_BOUND('',#1126,.T.);
#1221=FACE_BOUND('',#1127,.T.);
#1222=FACE_BOUND('',#1128,.T.);
#1223=FACE_BOUND('',#1129,.T.);
#1224=FACE_BOUND('',#1130,.T.);
#1225=FACE_BOUND('',#1131,.T.);
#1226=FACE_BOUND('',#1132,.T.);
#1227=FACE_BOUND('',#1133,.T.);
#1228=FACE_BOUND('',#1134,.T.);
#1229=FACE_BOUND('',#1135,.T.);
#1230=FACE_BOUND('',#1136,.T.);
#1231=FACE_BOUND('',#1137,.T.);
#1232=FACE_BOUND('',#1138,.T.);
#1233=FACE_BOUND('',#1139,.T.);
#1234=FACE_BOUND('',#1140,.T.);
#1235=FACE_BOUND('',#1141,.T.);
#1236=FACE_BOUND('',#1142,.T.);
#1237=FACE_BOUND('',#1143,.T.);
#1238=FACE_BOUND('',#1144,.T.);
#1239=FACE_BOUND('',#1145,.T.);
#1240=FACE_BOUND('',#1146,.T.);
#1241=FACE_BOUND('',#1147,.T.);
#1242=FACE_BOUND('',#1148,.T.);
#1243=FACE_BOUND('',#1149,.T.);
#1244=FACE_BOUND('',#1150,.T.);
#1245=FACE_BOUND('',#1151,.T.);
#1246=FACE_BOUND('',#1152,.T.);
#1247=FACE_BOUND('',#1153,.T.);
#1248=FACE_BOUND('',#1154,.T.);
#1249=FACE_BOUND('',#1155,.T.);
#1250=FACE_BOUND('',#1156,.T.);
#1251=FACE_BOUND('',#1157,.T.);
#1252=FACE_BOUND('',#1158,.T.);
#1253=FACE_BOUND('',#1159,.T.);
#1254=FACE_BOUND('',#1160,.T.);
#1255=FACE_BOUND('',#1161,.T.);
#1256=FACE_BOUND('',#1162,.T.);
#1257=FACE_BOUND('',#1163,.T.);
#1258=FACE_BOUND('',#1164,.T.);
#1259=FACE_BOUND('',#1165,.T.);
#1260=FACE_BOUND('',#1166,.T.);
#1261=FACE_BOUND('',#1167,.T.);
#1262=FACE_BOUND('',#1168,.T.);
#1263=FACE_BOUND('',#1169,.T.);
#1264=FACE_BOUND('',#1170,.T.);
#1265=FACE_BOUND('',#1171,.T.);
#1266=FACE_BOUND('',#1172,.T.);
#1267=FACE_BOUND('',#1173,.T.);
#1268=FACE_BOUND('',#1174,.T.);
#1269=PLANE('',#1381);
#1270=PLANE('',#1384);
#1271=PLANE('',#1385);
#1272=PLANE('',#1387);
#1273=PLANE('',#1392);
#1274=PLANE('',#1394);
#1275=PLANE('',#1398);
#1276=PLANE('',#1400);
#1277=PLANE('',#1401);
#1278=PLANE('',#1403);
#1279=PLANE('',#1408);
#1280=PLANE('',#1409);
#1281=PLANE('',#1426);
#1282=PLANE('',#1443);
#1283=PLANE('',#1448);
#1284=PLANE('',#1457);
#1285=PLANE('',#1466);
#1286=PLANE('',#1467);
#1287=PLANE('',#1470);
#1288=PLANE('',#1471);
#1289=PLANE('',#1472);
#1290=PLANE('',#1473);
#1291=PLANE('',#1482);
#1292=PLANE('',#1483);
#1293=PLANE('',#1487);
#1294=PLANE('',#1488);
#1295=PLANE('',#1489);
#1296=PLANE('',#1493);
#1297=PLANE('',#1494);
#1298=PLANE('',#1495);
#1299=PLANE('',#1501);
#1300=PLANE('',#1504);
#1301=PLANE('',#1507);
#1302=ADVANCED_FACE('',(#1175,#1176,#1177),#1269,.T.);
#1303=ADVANCED_FACE('',(#1178),#1270,.F.);
#1304=ADVANCED_FACE('',(#1179),#1271,.T.);
#1305=ADVANCED_FACE('',(#1180,#1181,#1182,#1183,#1184),#1272,.T.);
#1306=ADVANCED_FACE('',(#1185),#1273,.T.);
#1307=ADVANCED_FACE('',(#1186),#1274,.T.);
#1308=ADVANCED_FACE('',(#1187),#1275,.T.);
#1309=ADVANCED_FACE('',(#1188),#1276,.T.);
#1310=ADVANCED_FACE('',(#1189),#1277,.F.);
#1311=ADVANCED_FACE('',(#1190),#1278,.F.);
#1312=ADVANCED_FACE('',(#1191,#1192),#15,.F.);
#1313=ADVANCED_FACE('',(#1193,#1194),#16,.F.);
#1314=ADVANCED_FACE('',(#1195,#1196),#17,.F.);
#1315=ADVANCED_FACE('',(#1197,#1198),#18,.F.);
#1316=ADVANCED_FACE('',(#1199),#1279,.F.);
#1317=ADVANCED_FACE('',(#1200,#1201,#1202),#1280,.T.);
#1318=ADVANCED_FACE('',(#1203,#1204,#1205,#1206),#1281,.F.);
#1319=ADVANCED_FACE('',(#1207),#1282,.F.);
#1320=ADVANCED_FACE('',(#1208,#1209,#1210,#1211),#1283,.T.);
#1321=ADVANCED_FACE('',(#1212),#19,.T.);
#1322=ADVANCED_FACE('',(#1213,#1214),#20,.F.);
#1323=ADVANCED_FACE('',(#1215,#1216,#1217,#1218),#1284,.F.);
#1324=ADVANCED_FACE('',(#1219),#21,.T.);
#1325=ADVANCED_FACE('',(#1220,#1221),#22,.F.);
#1326=ADVANCED_FACE('',(#1222,#1223),#1285,.T.);
#1327=ADVANCED_FACE('',(#1224,#1225),#1286,.F.);
#1328=ADVANCED_FACE('',(#1226,#1227),#23,.F.);
#1329=ADVANCED_FACE('',(#1228,#1229),#24,.F.);
#1330=ADVANCED_FACE('',(#1230),#1287,.T.);
#1331=ADVANCED_FACE('',(#1231),#1288,.F.);
#1332=ADVANCED_FACE('',(#1232),#1289,.F.);
#1333=ADVANCED_FACE('',(#1233),#1290,.T.);
#1334=ADVANCED_FACE('',(#1234),#25,.F.);
#1335=ADVANCED_FACE('',(#1235),#26,.F.);
#1336=ADVANCED_FACE('',(#1236),#27,.T.);
#1337=ADVANCED_FACE('',(#1237),#28,.T.);
#1338=ADVANCED_FACE('',(#1238),#29,.T.);
#1339=ADVANCED_FACE('',(#1239),#30,.F.);
#1340=ADVANCED_FACE('',(#1240),#31,.T.);
#1341=ADVANCED_FACE('',(#1241),#32,.F.);
#1342=ADVANCED_FACE('',(#1242),#1291,.T.);
#1343=ADVANCED_FACE('',(#1243),#1292,.T.);
#1344=ADVANCED_FACE('',(#1244),#33,.F.);
#1345=ADVANCED_FACE('',(#1245),#34,.F.);
#1346=ADVANCED_FACE('',(#1246),#35,.F.);
#1347=ADVANCED_FACE('',(#1247),#1293,.F.);
#1348=ADVANCED_FACE('',(#1248),#1294,.T.);
#1349=ADVANCED_FACE('',(#1249),#1295,.T.);
#1350=ADVANCED_FACE('',(#1250),#36,.F.);
#1351=ADVANCED_FACE('',(#1251),#37,.F.);
#1352=ADVANCED_FACE('',(#1252),#38,.F.);
#1353=ADVANCED_FACE('',(#1253),#1296,.T.);
#1354=ADVANCED_FACE('',(#1254),#1297,.T.);
#1355=ADVANCED_FACE('',(#1255),#1298,.T.);
#1356=ADVANCED_FACE('',(#1256),#39,.F.);
#1357=ADVANCED_FACE('',(#1257),#40,.F.);
#1358=ADVANCED_FACE('',(#1258),#41,.F.);
#1359=ADVANCED_FACE('',(#1259),#42,.T.);
#1360=ADVANCED_FACE('',(#1260),#43,.F.);
#1361=ADVANCED_FACE('',(#1261),#1299,.T.);
#1362=ADVANCED_FACE('',(#1262),#1300,.F.);
#1363=ADVANCED_FACE('',(#1263),#1301,.F.);
#1364=ADVANCED_FACE('',(#1264),#44,.T.);
#1365=ADVANCED_FACE('',(#1265,#1266),#45,.T.);
#1366=ADVANCED_FACE('',(#1267),#46,.T.);
#1367=ADVANCED_FACE('',(#1268),#47,.T.);
#1368=CLOSED_SHELL('',(#1302,#1303,#1304,#1305,#1306,#1307,#1308,#1309,
#1310,#1311,#1312,#1313,#1314,#1315,#1316,#1317,#1318,#1319,#1320,#1321,
#1322,#1323,#1324,#1325,#1326,#1327,#1328,#1329,#1330,#1331,#1332,#1333,
#1334,#1335,#1336,#1337,#1338,#1339,#1340,#1341,#1342,#1343,#1344,#1345,
#1346,#1347,#1348,#1349,#1350,#1351,#1352,#1353,#1354,#1355,#1356,#1357,
#1358,#1359,#1360,#1361,#1362,#1363,#1364,#1365,#1366,#1367));
#1369=STYLED_ITEM('',(#1370),#1377);
#1370=PRESENTATION_STYLE_ASSIGNMENT((#1371));
#1371=SURFACE_STYLE_USAGE(.BOTH.,#1372);
#1372=SURFACE_SIDE_STYLE('',(#1373));
#1373=SURFACE_STYLE_FILL_AREA(#1374);
#1374=FILL_AREA_STYLE('',(#1375));
#1375=FILL_AREA_STYLE_COLOUR('',#1376);
#1376=COLOUR_RGB('',0.615686274509804,0.811764705882353,0.929411764705882);
#1377=MANIFOLD_SOLID_BREP('Part 1',#1368);
#1378=SHAPE_DEFINITION_REPRESENTATION(#2332,#1379);
#1379=SHAPE_REPRESENTATION('Part 1',(#1380),#2327);
#1380=AXIS2_PLACEMENT_3D('',#1902,#1512,#1513);
#1381=AXIS2_PLACEMENT_3D('',#1903,#1514,#1515);
#1382=AXIS2_PLACEMENT_3D('',#1904,#1516,#1517);
#1383=AXIS2_PLACEMENT_3D('',#1906,#1518,#1519);
#1384=AXIS2_PLACEMENT_3D('',#1924,#1528,#1529);
#1385=AXIS2_PLACEMENT_3D('',#1933,#1534,#1535);
#1386=AXIS2_PLACEMENT_3D('',#1934,#1536,#1537);
#1387=AXIS2_PLACEMENT_3D('',#1941,#1541,#1542);
#1388=AXIS2_PLACEMENT_3D('',#1942,#1543,#1544);
#1389=AXIS2_PLACEMENT_3D('',#1944,#1545,#1546);
#1390=AXIS2_PLACEMENT_3D('',#1946,#1547,#1548);
#1391=AXIS2_PLACEMENT_3D('',#1948,#1549,#1550);
#1392=AXIS2_PLACEMENT_3D('',#1975,#1564,#1565);
#1393=AXIS2_PLACEMENT_3D('',#1981,#1568,#1569);
#1394=AXIS2_PLACEMENT_3D('',#1988,#1573,#1574);
#1395=AXIS2_PLACEMENT_3D('',#1992,#1576,#1577);
#1396=AXIS2_PLACEMENT_3D('',#1993,#1578,#1579);
#1397=AXIS2_PLACEMENT_3D('',#2002,#1584,#1585);
#1398=AXIS2_PLACEMENT_3D('',#2003,#1586,#1587);
#1399=AXIS2_PLACEMENT_3D('',#2006,#1589,#1590);
#1400=AXIS2_PLACEMENT_3D('',#2012,#1594,#1595);
#1401=AXIS2_PLACEMENT_3D('',#2020,#1600,#1601);
#1402=AXIS2_PLACEMENT_3D('',#2024,#1604,#1605);
#1403=AXIS2_PLACEMENT_3D('',#2025,#1606,#1607);
#1404=AXIS2_PLACEMENT_3D('',#2026,#1608,#1609);
#1405=AXIS2_PLACEMENT_3D('',#2027,#1610,#1611);
#1406=AXIS2_PLACEMENT_3D('',#2028,#1612,#1613);
#1407=AXIS2_PLACEMENT_3D('',#2040,#1614,#1615);
#1408=AXIS2_PLACEMENT_3D('',#2059,#1616,#1617);
#1409=AXIS2_PLACEMENT_3D('',#2065,#1621,#1622);
#1410=AXIS2_PLACEMENT_3D('',#2066,#1623,#1624);
#1411=AXIS2_PLACEMENT_3D('',#2070,#1626,#1627);
#1412=AXIS2_PLACEMENT_3D('',#2078,#1631,#1632);
#1413=AXIS2_PLACEMENT_3D('',#2082,#1634,#1635);
#1414=AXIS2_PLACEMENT_3D('',#2086,#1637,#1638);
#1415=AXIS2_PLACEMENT_3D('',#2089,#1640,#1641);
#1416=AXIS2_PLACEMENT_3D('',#2093,#1643,#1644);
#1417=AXIS2_PLACEMENT_3D('',#2097,#1646,#1647);
#1418=AXIS2_PLACEMENT_3D('',#2098,#1648,#1649);
#1419=AXIS2_PLACEMENT_3D('',#2102,#1651,#1652);
#1420=AXIS2_PLACEMENT_3D('',#2109,#1656,#1657);
#1421=AXIS2_PLACEMENT_3D('',#2114,#1659,#1660);
#1422=AXIS2_PLACEMENT_3D('',#2118,#1662,#1663);
#1423=AXIS2_PLACEMENT_3D('',#2121,#1665,#1666);
#1424=AXIS2_PLACEMENT_3D('',#2126,#1668,#1669);
#1425=AXIS2_PLACEMENT_3D('',#2130,#1671,#1672);
#1426=AXIS2_PLACEMENT_3D('',#2133,#1674,#1675);
#1427=AXIS2_PLACEMENT_3D('',#2134,#1676,#1677);
#1428=AXIS2_PLACEMENT_3D('',#2138,#1679,#1680);
#1429=AXIS2_PLACEMENT_3D('',#2142,#1682,#1683);
#1430=AXIS2_PLACEMENT_3D('',#2146,#1685,#1686);
#1431=AXIS2_PLACEMENT_3D('',#2154,#1690,#1691);
#1432=AXIS2_PLACEMENT_3D('',#2155,#1692,#1693);
#1433=AXIS2_PLACEMENT_3D('',#2163,#1697,#1698);
#1434=AXIS2_PLACEMENT_3D('',#2167,#1700,#1701);
#1435=AXIS2_PLACEMENT_3D('',#2170,#1703,#1704);
#1436=AXIS2_PLACEMENT_3D('',#2174,#1706,#1707);
#1437=AXIS2_PLACEMENT_3D('',#2178,#1709,#1710);
#1438=AXIS2_PLACEMENT_3D('',#2182,#1712,#1713);
#1439=AXIS2_PLACEMENT_3D('',#2186,#1715,#1716);
#1440=AXIS2_PLACEMENT_3D('',#2190,#1718,#1719);
#1441=AXIS2_PLACEMENT_3D('',#2194,#1721,#1722);
#1442=AXIS2_PLACEMENT_3D('',#2198,#1724,#1725);
#1443=AXIS2_PLACEMENT_3D('',#2199,#1726,#1727);
#1444=AXIS2_PLACEMENT_3D('',#2200,#1728,#1729);
#1445=AXIS2_PLACEMENT_3D('',#2208,#1733,#1734);
#1446=AXIS2_PLACEMENT_3D('',#2209,#1735,#1736);
#1447=AXIS2_PLACEMENT_3D('',#2213,#1738,#1739);
#1448=AXIS2_PLACEMENT_3D('',#2215,#1741,#1742);
#1449=AXIS2_PLACEMENT_3D('',#2216,#1743,#1744);
#1450=AXIS2_PLACEMENT_3D('',#2218,#1745,#1746);
#1451=AXIS2_PLACEMENT_3D('',#2220,#1747,#1748);
#1452=AXIS2_PLACEMENT_3D('',#2223,#1750,#1751);
#1453=AXIS2_PLACEMENT_3D('',#2224,#1752,#1753);
#1454=AXIS2_PLACEMENT_3D('',#2225,#1754,#1755);
#1455=AXIS2_PLACEMENT_3D('',#2226,#1756,#1757);
#1456=AXIS2_PLACEMENT_3D('',#2227,#1758,#1759);
#1457=AXIS2_PLACEMENT_3D('',#2229,#1760,#1761);
#1458=AXIS2_PLACEMENT_3D('',#2230,#1762,#1763);
#1459=AXIS2_PLACEMENT_3D('',#2232,#1764,#1765);
#1460=AXIS2_PLACEMENT_3D('',#2235,#1767,#1768);
#1461=AXIS2_PLACEMENT_3D('',#2236,#1769,#1770);
#1462=AXIS2_PLACEMENT_3D('',#2237,#1771,#1772);
#1463=AXIS2_PLACEMENT_3D('',#2238,#1773,#1774);
#1464=AXIS2_PLACEMENT_3D('',#2239,#1775,#1776);
#1465=AXIS2_PLACEMENT_3D('',#2241,#1777,#1778);
#1466=AXIS2_PLACEMENT_3D('',#2243,#1779,#1780);
#1467=AXIS2_PLACEMENT_3D('',#2245,#1782,#1783);
#1468=AXIS2_PLACEMENT_3D('',#2247,#1785,#1786);
#1469=AXIS2_PLACEMENT_3D('',#2248,#1787,#1788);
#1470=AXIS2_PLACEMENT_3D('',#2249,#1789,#1790);
#1471=AXIS2_PLACEMENT_3D('',#2252,#1793,#1794);
#1472=AXIS2_PLACEMENT_3D('',#2255,#1797,#1798);
#1473=AXIS2_PLACEMENT_3D('',#2258,#1801,#1802);
#1474=AXIS2_PLACEMENT_3D('',#2261,#1805,#1806);
#1475=AXIS2_PLACEMENT_3D('',#2262,#1807,#1808);
#1476=AXIS2_PLACEMENT_3D('',#2267,#1809,#1810);
#1477=AXIS2_PLACEMENT_3D('',#2268,#1811,#1812);
#1478=AXIS2_PLACEMENT_3D('',#2269,#1813,#1814);
#1479=AXIS2_PLACEMENT_3D('',#2270,#1815,#1816);
#1480=AXIS2_PLACEMENT_3D('',#2271,#1817,#1818);
#1481=AXIS2_PLACEMENT_3D('',#2272,#1819,#1820);
#1482=AXIS2_PLACEMENT_3D('',#2273,#1821,#1822);
#1483=AXIS2_PLACEMENT_3D('',#2276,#1825,#1826);
#1484=AXIS2_PLACEMENT_3D('',#2279,#1829,#1830);
#1485=AXIS2_PLACEMENT_3D('',#2280,#1831,#1832);
#1486=AXIS2_PLACEMENT_3D('',#2281,#1833,#1834);
#1487=AXIS2_PLACEMENT_3D('',#2282,#1835,#1836);
#1488=AXIS2_PLACEMENT_3D('',#2285,#1839,#1840);
#1489=AXIS2_PLACEMENT_3D('',#2288,#1843,#1844);
#1490=AXIS2_PLACEMENT_3D('',#2291,#1847,#1848);
#1491=AXIS2_PLACEMENT_3D('',#2292,#1849,#1850);
#1492=AXIS2_PLACEMENT_3D('',#2293,#1851,#1852);
#1493=AXIS2_PLACEMENT_3D('',#2294,#1853,#1854);
#1494=AXIS2_PLACEMENT_3D('',#2297,#1857,#1858);
#1495=AXIS2_PLACEMENT_3D('',#2300,#1861,#1862);
#1496=AXIS2_PLACEMENT_3D('',#2303,#1865,#1866);
#1497=AXIS2_PLACEMENT_3D('',#2304,#1867,#1868);
#1498=AXIS2_PLACEMENT_3D('',#2305,#1869,#1870);
#1499=AXIS2_PLACEMENT_3D('',#2306,#1871,#1872);
#1500=AXIS2_PLACEMENT_3D('',#2307,#1873,#1874);
#1501=AXIS2_PLACEMENT_3D('',#2308,#1875,#1876);
#1502=AXIS2_PLACEMENT_3D('',#2310,#1878,#1879);
#1503=AXIS2_PLACEMENT_3D('',#2311,#1880,#1881);
#1504=AXIS2_PLACEMENT_3D('',#2314,#1883,#1884);
#1505=AXIS2_PLACEMENT_3D('',#2318,#1887,#1888);
#1506=AXIS2_PLACEMENT_3D('',#2319,#1889,#1890);
#1507=AXIS2_PLACEMENT_3D('',#2320,#1891,#1892);
#1508=AXIS2_PLACEMENT_3D('',#2322,#1894,#1895);
#1509=AXIS2_PLACEMENT_3D('',#2323,#1896,#1897);
#1510=AXIS2_PLACEMENT_3D('',#2324,#1898,#1899);
#1511=AXIS2_PLACEMENT_3D('',#2325,#1900,#1901);
#1512=DIRECTION('',(0.,0.,1.));
#1513=DIRECTION('',(1.,0.,0.));
#1514=DIRECTION('',(-0.896559811616249,0.,0.442922684217726));
#1515=DIRECTION('',(0.442922684217726,0.,0.896559811616249));
#1516=DIRECTION('',(-0.896559811616249,0.,0.442922684217726));
#1517=DIRECTION('',(-0.442922684217726,0.,-0.896559811616249));
#1518=DIRECTION('',(-0.896559811616249,0.,0.442922684217726));
#1519=DIRECTION('',(-0.442922684217726,0.,-0.896559811616249));
#1520=DIRECTION('',(0.442922684217727,0.,0.896559811616249));
#1521=DIRECTION('',(0.,1.,0.));
#1522=DIRECTION('',(-0.442922684217726,0.,-0.896559811616249));
#1523=DIRECTION('',(0.,-1.,0.));
#1524=DIRECTION('',(-0.442922684217726,-5.48600829921711E-17,-0.896559811616249));
#1525=DIRECTION('',(0.,1.,0.));
#1526=DIRECTION('',(-0.442922684217726,0.,-0.896559811616249));
#1527=DIRECTION('',(0.,1.,0.));
#1528=DIRECTION('',(0.,1.,0.));
#1529=DIRECTION('',(0.,0.,1.));
#1530=DIRECTION('',(1.,0.,0.));
#1531=DIRECTION('',(-2.78759999353497E-16,0.,1.));
#1532=DIRECTION('',(1.,0.,0.));
#1533=DIRECTION('',(0.,0.,1.));
#1534=DIRECTION('',(0.,-1.,0.));
#1535=DIRECTION('',(0.,0.,-1.));
#1536=DIRECTION('',(0.,-1.,0.));
#1537=DIRECTION('',(0.,0.,-1.));
#1538=DIRECTION('',(1.,0.,0.));
#1539=DIRECTION('',(0.,0.,-1.));
#1540=DIRECTION('',(-1.,0.,0.));
#1541=DIRECTION('',(1.,0.,0.));
#1542=DIRECTION('',(0.,0.,-1.));
#1543=DIRECTION('',(-1.,0.,0.));
#1544=DIRECTION('',(0.,0.,1.));
#1545=DIRECTION('',(-1.,0.,0.));
#1546=DIRECTION('',(0.,0.,1.));
#1547=DIRECTION('',(-1.,0.,0.));
#1548=DIRECTION('',(0.,0.,1.));
#1549=DIRECTION('',(-1.,0.,0.));
#1550=DIRECTION('',(0.,0.,1.));
#1551=DIRECTION('',(0.,-1.,0.));
#1552=DIRECTION('',(0.,0.,1.));
#1553=DIRECTION('',(0.,-1.,0.));
#1554=DIRECTION('',(0.,0.,-1.));
#1555=DIRECTION('',(0.,-1.,0.));
#1556=DIRECTION('',(0.,0.,1.));
#1557=DIRECTION('',(0.,-1.,0.));
#1558=DIRECTION('',(0.,0.,-1.));
#1559=DIRECTION('',(0.,1.,0.));
#1560=DIRECTION('',(0.,0.,-1.));
#1561=DIRECTION('',(0.,-1.,0.));
#1562=DIRECTION('',(0.,0.,-1.));
#1563=DIRECTION('',(0.,1.,0.));
#1564=DIRECTION('',(-0.896559811616249,0.,0.442922684217726));
#1565=DIRECTION('',(0.442922684217726,0.,0.896559811616249));
#1566=DIRECTION('',(-0.442922684217726,0.,-0.896559811616249));
#1567=DIRECTION('',(0.,1.,0.));
#1568=DIRECTION('',(-0.896559811616249,0.,0.442922684217726));
#1569=DIRECTION('',(-0.442922684217726,0.,-0.896559811616249));
#1570=DIRECTION('',(0.,1.,0.));
#1571=DIRECTION('',(0.442922684217727,0.,0.896559811616249));
#1572=DIRECTION('',(0.,1.,0.));
#1573=DIRECTION('',(0.,-1.,0.));
#1574=DIRECTION('',(0.,0.,-1.));
#1575=DIRECTION('',(1.,0.,0.));
#1576=DIRECTION('',(0.,-1.,0.));
#1577=DIRECTION('',(0.,0.,-1.));
#1578=DIRECTION('',(0.,-1.,0.));
#1579=DIRECTION('',(0.,0.,-1.));
#1580=DIRECTION('',(0.,0.,1.));
#1581=DIRECTION('',(1.,0.,0.));
#1582=DIRECTION('',(0.,0.,1.));
#1583=DIRECTION('',(1.,0.,0.));
#1584=DIRECTION('',(0.,-1.,0.));
#1585=DIRECTION('',(0.,0.,-1.));
#1586=DIRECTION('',(0.,-1.,0.));
#1587=DIRECTION('',(0.,0.,-1.));
#1588=DIRECTION('',(1.,0.,0.));
#1589=DIRECTION('',(0.,-1.,0.));
#1590=DIRECTION('',(0.,0.,-1.));
#1591=DIRECTION('',(-1.,0.,0.));
#1592=DIRECTION('',(0.,0.,1.));
#1593=DIRECTION('',(-1.,0.,0.));
#1594=DIRECTION('',(-1.,0.,0.));
#1595=DIRECTION('',(0.,0.,1.));
#1596=DIRECTION('',(0.,-1.,0.));
#1597=DIRECTION('',(0.,0.,-1.));
#1598=DIRECTION('',(0.,-1.,0.));
#1599=DIRECTION('',(0.,0.,1.));
#1600=DIRECTION('',(1.23859276002228E-16,-1.,0.));
#1601=DIRECTION('',(1.,1.23859276002228E-16,0.));
#1602=DIRECTION('',(-1.,-1.23859276002228E-16,0.));
#1603=DIRECTION('',(-1.,-1.23859276002228E-16,0.));
#1604=DIRECTION('',(1.23859276002228E-16,-1.,0.));
#1605=DIRECTION('',(1.,1.23859276002228E-16,0.));
#1606=DIRECTION('',(0.,0.,1.));
#1607=DIRECTION('',(1.,0.,0.));
#1608=DIRECTION('',(-1.,0.,0.));
#1609=DIRECTION('',(0.,0.,1.));
#1610=DIRECTION('',(-1.,0.,0.));
#1611=DIRECTION('',(0.,0.,1.));
#1612=DIRECTION('',(-1.,0.,0.));
#1613=DIRECTION('',(0.,0.,1.));
#1614=DIRECTION('',(-1.,0.,0.));
#1615=DIRECTION('',(0.,0.,1.));
#1616=DIRECTION('',(0.,1.,0.));
#1617=DIRECTION('',(0.,0.,1.));
#1618=DIRECTION('',(1.,0.,0.));
#1619=DIRECTION('',(0.,0.,-1.));
#1620=DIRECTION('',(1.,0.,0.));
#1621=DIRECTION('',(0.,0.,1.));
#1622=DIRECTION('',(1.,0.,0.));
#1623=DIRECTION('',(0.,0.,1.));
#1624=DIRECTION('',(1.,0.,0.));
#1625=DIRECTION('',(0.,1.,0.));
#1626=DIRECTION('',(0.,0.,1.));
#1627=DIRECTION('',(1.,0.,0.));
#1628=DIRECTION('',(4.55307998944044E-17,1.,0.));
#1629=DIRECTION('',(-1.,4.55307998944044E-17,0.));
#1630=DIRECTION('',(4.55307998944044E-17,1.,0.));
#1631=DIRECTION('',(0.,0.,1.));
#1632=DIRECTION('',(1.,0.,0.));
#1633=DIRECTION('',(1.,0.,0.));
#1634=DIRECTION('',(0.,0.,1.));
#1635=DIRECTION('',(1.,0.,0.));
#1636=DIRECTION('',(0.,-1.,0.));
#1637=DIRECTION('',(0.,0.,1.));
#1638=DIRECTION('',(1.,0.,0.));
#1639=DIRECTION('',(1.,0.,0.));
#1640=DIRECTION('',(0.,0.,1.));
#1641=DIRECTION('',(1.,0.,0.));
#1642=DIRECTION('',(-0.38377589459126,-0.923426262746884,0.));
#1643=DIRECTION('',(0.,0.,1.));
#1644=DIRECTION('',(1.,0.,0.));
#1645=DIRECTION('',(-0.392860060948756,0.919598266914059,0.));
#1646=DIRECTION('',(0.,0.,1.));
#1647=DIRECTION('',(1.,0.,0.));
#1648=DIRECTION('',(0.,0.,1.));
#1649=DIRECTION('',(1.,0.,0.));
#1650=DIRECTION('',(-1.,0.,0.));
#1651=DIRECTION('',(0.,0.,1.));
#1652=DIRECTION('',(1.,0.,0.));
#1653=DIRECTION('',(4.55307998944044E-17,1.,0.));
#1654=DIRECTION('',(1.,-4.55307998944044E-17,0.));
#1655=DIRECTION('',(0.,1.,0.));
#1656=DIRECTION('',(0.,0.,1.));
#1657=DIRECTION('',(1.,0.,0.));
#1658=DIRECTION('',(-0.999767753748149,-0.0215508367675485,0.));
#1659=DIRECTION('',(0.,0.,1.));
#1660=DIRECTION('',(1.,0.,0.));
#1661=DIRECTION('',(0.,-1.,0.));
#1662=DIRECTION('',(0.,0.,1.));
#1663=DIRECTION('',(1.,0.,0.));
#1664=DIRECTION('',(0.392860060948756,-0.919598266914059,0.));
#1665=DIRECTION('',(0.,0.,1.));
#1666=DIRECTION('',(1.,0.,0.));
#1667=DIRECTION('',(-0.999767753748149,-0.0215508367675485,0.));
#1668=DIRECTION('',(0.,0.,1.));
#1669=DIRECTION('',(1.,0.,0.));
#1670=DIRECTION('',(0.38377589459126,0.923426262746884,0.));
#1671=DIRECTION('',(0.,0.,1.));
#1672=DIRECTION('',(1.,0.,0.));
#1673=DIRECTION('',(0.,-1.,0.));
#1674=DIRECTION('',(0.,0.,1.));
#1675=DIRECTION('',(1.,0.,0.));
#1676=DIRECTION('',(0.,0.,1.));
#1677=DIRECTION('',(1.,0.,0.));
#1678=DIRECTION('',(-0.392860060948756,0.919598266914059,0.));
#1679=DIRECTION('',(0.,0.,1.));
#1680=DIRECTION('',(1.,0.,0.));
#1681=DIRECTION('',(-0.38377589459126,-0.923426262746884,0.));
#1682=DIRECTION('',(0.,0.,1.));
#1683=DIRECTION('',(1.,0.,0.));
#1684=DIRECTION('',(1.,0.,0.));
#1685=DIRECTION('',(0.,0.,1.));
#1686=DIRECTION('',(1.,0.,0.));
#1687=DIRECTION('',(4.55307998944044E-17,1.,0.));
#1688=DIRECTION('',(-1.,4.55307998944044E-17,0.));
#1689=DIRECTION('',(4.55307998944044E-17,1.,0.));
#1690=DIRECTION('',(0.,0.,1.));
#1691=DIRECTION('',(1.,0.,0.));
#1692=DIRECTION('',(0.,0.,1.));
#1693=DIRECTION('',(1.,0.,0.));
#1694=DIRECTION('',(0.,1.,0.));
#1695=DIRECTION('',(1.,-4.55307998944044E-17,0.));
#1696=DIRECTION('',(4.55307998944044E-17,1.,0.));
#1697=DIRECTION('',(0.,0.,1.));
#1698=DIRECTION('',(1.,0.,0.));
#1699=DIRECTION('',(-1.,0.,0.));
#1700=DIRECTION('',(0.,0.,1.));
#1701=DIRECTION('',(1.,0.,0.));
#1702=DIRECTION('',(1.,0.,0.));
#1703=DIRECTION('',(0.,0.,1.));
#1704=DIRECTION('',(1.,0.,0.));
#1705=DIRECTION('',(0.,-1.,0.));
#1706=DIRECTION('',(0.,0.,1.));
#1707=DIRECTION('',(1.,0.,0.));
#1708=DIRECTION('',(0.38377589459126,0.923426262746884,0.));
#1709=DIRECTION('',(0.,0.,1.));
#1710=DIRECTION('',(1.,0.,0.));
#1711=DIRECTION('',(-0.999767753748149,-0.0215508367675485,0.));
#1712=DIRECTION('',(0.,0.,1.));
#1713=DIRECTION('',(1.,0.,0.));
#1714=DIRECTION('',(0.,-1.,0.));
#1715=DIRECTION('',(0.,0.,1.));
#1716=DIRECTION('',(1.,0.,0.));
#1717=DIRECTION('',(-0.999767753748149,-0.0215508367675485,0.));
#1718=DIRECTION('',(0.,0.,1.));
#1719=DIRECTION('',(1.,0.,0.));
#1720=DIRECTION('',(0.392860060948756,-0.919598266914059,0.));
#1721=DIRECTION('',(0.,0.,1.));
#1722=DIRECTION('',(1.,0.,0.));
#1723=DIRECTION('',(0.,-1.,0.));
#1724=DIRECTION('',(0.,0.,1.));
#1725=DIRECTION('',(1.,0.,0.));
#1726=DIRECTION('',(0.,-1.,0.));
#1727=DIRECTION('',(0.,0.,-1.));
#1728=DIRECTION('',(0.,-1.,0.));
#1729=DIRECTION('',(0.,0.,-1.));
#1730=DIRECTION('',(1.,0.,0.));
#1731=DIRECTION('',(-2.78759999353497E-16,0.,1.));
#1732=DIRECTION('',(1.,0.,0.));
#1733=DIRECTION('',(0.,-1.,0.));
#1734=DIRECTION('',(0.,0.,-1.));
#1735=DIRECTION('',(0.,-1.,0.));
#1736=DIRECTION('',(0.,0.,-1.));
#1737=DIRECTION('',(-1.,0.,0.));
#1738=DIRECTION('',(0.,-1.,0.));
#1739=DIRECTION('',(0.,0.,-1.));
#1740=DIRECTION('',(0.,0.,1.));
#1741=DIRECTION('',(1.,-4.55307998944044E-17,0.));
#1742=DIRECTION('',(4.55307998944044E-17,1.,0.));
#1743=DIRECTION('',(1.,-4.55307998944044E-17,0.));
#1744=DIRECTION('',(4.55307998944044E-17,1.,0.));
#1745=DIRECTION('',(1.,-4.55307998944044E-17,0.));
#1746=DIRECTION('',(4.55307998944044E-17,1.,0.));
#1747=DIRECTION('',(1.,-4.55307998944044E-17,0.));
#1748=DIRECTION('',(4.55307998944044E-17,1.,0.));
#1749=DIRECTION('',(0.,0.,1.));
#1750=DIRECTION('',(1.,-4.55307998944044E-17,0.));
#1751=DIRECTION('',(4.55307998944044E-17,1.,0.));
#1752=DIRECTION('',(-1.,4.55307998944044E-17,0.));
#1753=DIRECTION('',(-4.55307998944044E-17,-1.,0.));
#1754=DIRECTION('',(1.,-4.55307998944044E-17,0.));
#1755=DIRECTION('',(4.55307998944044E-17,1.,0.));
#1756=DIRECTION('',(-1.,4.55307998944044E-17,0.));
#1757=DIRECTION('',(-4.55307998944044E-17,-1.,0.));
#1758=DIRECTION('',(1.,-4.55307998944044E-17,0.));
#1759=DIRECTION('',(4.55307998944044E-17,1.,0.));
#1760=DIRECTION('',(1.,-4.55307998944044E-17,0.));
#1761=DIRECTION('',(4.55307998944044E-17,1.,0.));
#1762=DIRECTION('',(1.,-4.55307998944044E-17,0.));
#1763=DIRECTION('',(4.55307998944044E-17,1.,0.));
#1764=DIRECTION('',(1.,-4.55307998944044E-17,0.));
#1765=DIRECTION('',(4.55307998944044E-17,1.,0.));
#1766=DIRECTION('',(0.,0.,1.));
#1767=DIRECTION('',(1.,-4.55307998944044E-17,0.));
#1768=DIRECTION('',(4.55307998944044E-17,1.,0.));
#1769=DIRECTION('',(-1.,4.55307998944044E-17,0.));
#1770=DIRECTION('',(-4.55307998944044E-17,-1.,0.));
#1771=DIRECTION('',(-1.,4.55307998944044E-17,0.));
#1772=DIRECTION('',(-4.55307998944044E-17,-1.,0.));
#1773=DIRECTION('',(1.,-4.55307998944044E-17,0.));
#1774=DIRECTION('',(4.55307998944044E-17,1.,0.));
#1775=DIRECTION('',(-1.,4.55307998944044E-17,0.));
#1776=DIRECTION('',(-4.55307998944044E-17,-1.,0.));
#1777=DIRECTION('',(-1.,4.55307998944044E-17,0.));
#1778=DIRECTION('',(-4.55307998944044E-17,-1.,0.));
#1779=DIRECTION('',(-1.,4.55307998944044E-17,0.));
#1780=DIRECTION('',(-4.55307998944044E-17,-1.,0.));
#1781=DIRECTION('',(0.,0.,1.));
#1782=DIRECTION('',(-1.,4.55307998944044E-17,0.));
#1783=DIRECTION('',(-4.55307998944044E-17,-1.,0.));
#1784=DIRECTION('',(0.,0.,1.));
#1785=DIRECTION('',(1.,-4.55307998944044E-17,0.));
#1786=DIRECTION('',(4.55307998944044E-17,1.,0.));
#1787=DIRECTION('',(1.,-4.55307998944044E-17,0.));
#1788=DIRECTION('',(4.55307998944044E-17,1.,0.));
#1789=DIRECTION('',(0.,0.,1.));
#1790=DIRECTION('',(1.,0.,0.));
#1791=DIRECTION('',(0.,1.,0.));
#1792=DIRECTION('',(0.,1.,0.));
#1793=DIRECTION('',(-1.,0.,0.));
#1794=DIRECTION('',(0.,0.,1.));
#1795=DIRECTION('',(0.,0.,1.));
#1796=DIRECTION('',(0.,0.,1.));
#1797=DIRECTION('',(0.,-1.,0.));
#1798=DIRECTION('',(0.,0.,-1.));
#1799=DIRECTION('',(0.,0.,1.));
#1800=DIRECTION('',(0.,0.,1.));
#1801=DIRECTION('',(0.,1.,0.));
#1802=DIRECTION('',(0.,0.,1.));
#1803=DIRECTION('',(0.,0.,1.));
#1804=DIRECTION('',(0.,0.,1.));
#1805=DIRECTION('',(0.,0.,1.));
#1806=DIRECTION('',(1.,0.,0.));
#1807=DIRECTION('',(0.,0.,1.));
#1808=DIRECTION('',(1.,0.,0.));
#1809=DIRECTION('',(0.,0.,-1.));
#1810=DIRECTION('',(-1.,0.,0.));
#1811=DIRECTION('',(0.,0.,1.));
#1812=DIRECTION('',(1.,0.,0.));
#1813=DIRECTION('',(0.,1.,0.));
#1814=DIRECTION('',(0.,0.,1.));
#1815=DIRECTION('',(0.,0.,-1.));
#1816=DIRECTION('',(-1.,0.,0.));
#1817=DIRECTION('',(0.,0.,1.));
#1818=DIRECTION('',(1.,0.,0.));
#1819=DIRECTION('',(0.,0.,-1.));
#1820=DIRECTION('',(-1.,0.,0.));
#1821=DIRECTION('',(0.919598266914059,0.392860060948756,0.));
#1822=DIRECTION('',(-0.392860060948756,0.919598266914059,0.));
#1823=DIRECTION('',(0.,0.,1.));
#1824=DIRECTION('',(0.,0.,1.));
#1825=DIRECTION('',(-0.923426262746884,0.38377589459126,0.));
#1826=DIRECTION('',(-0.38377589459126,-0.923426262746884,0.));
#1827=DIRECTION('',(0.,0.,-1.));
#1828=DIRECTION('',(0.,0.,1.));
#1829=DIRECTION('',(0.,0.,1.));
#1830=DIRECTION('',(1.,0.,0.));
#1831=DIRECTION('',(0.,0.,-1.));
#1832=DIRECTION('',(-1.,0.,0.));
#1833=DIRECTION('',(0.,0.,1.));
#1834=DIRECTION('',(1.,0.,0.));
#1835=DIRECTION('',(1.,0.,0.));
#1836=DIRECTION('',(0.,0.,-1.));
#1837=DIRECTION('',(0.,0.,1.));
#1838=DIRECTION('',(0.,0.,-1.));
#1839=DIRECTION('',(0.923426262746884,-0.38377589459126,0.));
#1840=DIRECTION('',(0.38377589459126,0.923426262746884,0.));
#1841=DIRECTION('',(0.,0.,1.));
#1842=DIRECTION('',(0.,0.,-1.));
#1843=DIRECTION('',(-0.0215508367675485,0.999767753748149,0.));
#1844=DIRECTION('',(-0.999767753748149,-0.0215508367675485,0.));
#1845=DIRECTION('',(0.,0.,-1.));
#1846=DIRECTION('',(0.,0.,-1.));
#1847=DIRECTION('',(0.,0.,-1.));
#1848=DIRECTION('',(-1.,0.,0.));
#1849=DIRECTION('',(0.,0.,1.));
#1850=DIRECTION('',(1.,0.,0.));
#1851=DIRECTION('',(0.,0.,-1.));
#1852=DIRECTION('',(-1.,0.,0.));
#1853=DIRECTION('',(1.,0.,0.));
#1854=DIRECTION('',(0.,0.,-1.));
#1855=DIRECTION('',(0.,0.,1.));
#1856=DIRECTION('',(0.,0.,-1.));
#1857=DIRECTION('',(-0.0215508367675485,0.999767753748149,0.));
#1858=DIRECTION('',(-0.999767753748149,-0.0215508367675485,0.));
#1859=DIRECTION('',(0.,0.,-1.));
#1860=DIRECTION('',(0.,0.,1.));
#1861=DIRECTION('',(-0.919598266914059,-0.392860060948756,0.));
#1862=DIRECTION('',(0.392860060948756,-0.919598266914059,0.));
#1863=DIRECTION('',(0.,0.,1.));
#1864=DIRECTION('',(0.,0.,1.));
#1865=DIRECTION('',(0.,0.,1.));
#1866=DIRECTION('',(1.,0.,0.));
#1867=DIRECTION('',(0.,0.,-1.));
#1868=DIRECTION('',(-1.,0.,0.));
#1869=DIRECTION('',(0.,0.,1.));
#1870=DIRECTION('',(1.,0.,0.));
#1871=DIRECTION('',(0.,1.,0.));
#1872=DIRECTION('',(0.,0.,1.));
#1873=DIRECTION('',(0.,-1.,0.));
#1874=DIRECTION('',(0.,0.,-1.));
#1875=DIRECTION('',(0.,0.,1.));
#1876=DIRECTION('',(1.,0.,0.));
#1877=DIRECTION('',(0.,1.,0.));
#1878=DIRECTION('',(0.,0.,1.));
#1879=DIRECTION('',(1.,0.,0.));
#1880=DIRECTION('',(0.,0.,1.));
#1881=DIRECTION('',(1.,0.,0.));
#1882=DIRECTION('',(0.,-1.,0.));
#1883=DIRECTION('',(0.,0.,1.));
#1884=DIRECTION('',(1.,0.,0.));
#1885=DIRECTION('',(0.,1.,0.));
#1886=DIRECTION('',(0.,-1.,0.));
#1887=DIRECTION('',(0.,0.,1.));
#1888=DIRECTION('',(1.,0.,0.));
#1889=DIRECTION('',(0.,0.,1.));
#1890=DIRECTION('',(1.,0.,0.));
#1891=DIRECTION('',(1.,0.,2.78759999353496E-16));
#1892=DIRECTION('',(2.78759999353497E-16,0.,-1.));
#1893=DIRECTION('',(-2.78759999353497E-16,0.,1.));
#1894=DIRECTION('',(0.,1.,0.));
#1895=DIRECTION('',(0.,0.,1.));
#1896=DIRECTION('',(0.,-1.,0.));
#1897=DIRECTION('',(0.,0.,-1.));
#1898=DIRECTION('',(0.,0.,-1.));
#1899=DIRECTION('',(-1.,0.,0.));
#1900=DIRECTION('',(-2.78759999353497E-16,0.,1.));
#1901=DIRECTION('',(1.,0.,2.78759999353497E-16));
#1902=CARTESIAN_POINT('',(0.,0.,0.));
#1903=CARTESIAN_POINT('',(-0.0129972,-0.036449,0.020525));
#1904=CARTESIAN_POINT('',(-0.017037729145679,-0.0097045,0.0123462));
#1905=CARTESIAN_POINT('',(-0.0177046624790123,-0.0097045,0.0109962));
#1906=CARTESIAN_POINT('',(-0.0120937276444444,-0.0097045,0.0223538));
#1907=CARTESIAN_POINT('',(-0.0127606609777778,-0.0097045,0.0210038));
#1908=CARTESIAN_POINT('',(-0.0129972,0.042291,0.020525));
#1909=CARTESIAN_POINT('',(-0.0108353432638043,0.042291,0.0249010094870015));
#1910=CARTESIAN_POINT('',(-0.00686819158804927,0.042291,0.0329312795223913));
#1911=CARTESIAN_POINT('',(-0.0108353432638043,0.0350455,0.0249010094870015));
#1912=CARTESIAN_POINT('',(-0.0108353432638043,0.0350455,0.0249010094870015));
#1913=CARTESIAN_POINT('',(-0.00851602740734984,0.0350455,0.0295957462016359));
#1914=CARTESIAN_POINT('',(-0.00913145679012346,0.0350455,0.02835));
#1915=CARTESIAN_POINT('',(-0.00913145679012346,0.0147955,0.02835));
#1916=CARTESIAN_POINT('',(-0.00913145679012346,-0.0054545,0.02835));
#1917=CARTESIAN_POINT('',(-0.00851602740734984,-0.0054545,0.0295957462016359));
#1918=CARTESIAN_POINT('',(-0.0191262084119507,-0.0054545,0.00811872047760872));
#1919=CARTESIAN_POINT('',(-0.0191262084119507,-0.0127,0.00811872047760872));
#1920=CARTESIAN_POINT('',(-0.0191262084119507,-0.0127,0.00811872047760872));
#1921=CARTESIAN_POINT('',(-0.0261628995455066,-0.0127,-0.00612488162700009));
#1922=CARTESIAN_POINT('',(-0.00686819158804927,-0.0127,0.0329312795223913));
#1923=CARTESIAN_POINT('',(-0.00686819158804927,-0.036449,0.0329312795223913));
#1924=CARTESIAN_POINT('',(-0.0173888,0.0392955,0.0172082299646102));
#1925=CARTESIAN_POINT('',(-0.0173888,0.0392955,0.0203197299646102));
#1926=CARTESIAN_POINT('',(-0.00217990066009977,0.0392955,0.0203197299646102));
#1927=CARTESIAN_POINT('',(0.00611024824098741,0.0392955,0.0203197299646102));
#1928=CARTESIAN_POINT('',(-0.00217990066009977,0.0392955,0.0172082299646102));
#1929=CARTESIAN_POINT('',(-0.00217990066009977,0.0392955,0.0140967299646101));
#1930=CARTESIAN_POINT('',(-0.0173888,0.0392955,0.0140967299646101));
#1931=CARTESIAN_POINT('',(0.00611024824098741,0.0392955,0.0140967299646101));
#1932=CARTESIAN_POINT('',(0.00611024824098742,0.0392955,0.0203197299646102));
#1933=CARTESIAN_POINT('',(-0.0059944,0.0350455,0.02835));
#1934=CARTESIAN_POINT('',(-0.00798876586192274,0.0350455,0.0234947299646102));
#1935=CARTESIAN_POINT('',(-0.00798876586192275,0.0350455,0.0203197299646102));
#1936=CARTESIAN_POINT('',(-0.0173888,0.0350455,0.0203197299646102));
#1937=CARTESIAN_POINT('',(0.0080112,0.0350455,0.0203197299646102));
#1938=CARTESIAN_POINT('',(0.0080112,0.0350455,0.02835));
#1939=CARTESIAN_POINT('',(0.0080112,0.0350455,0.02835));
#1940=CARTESIAN_POINT('',(-0.0059944,0.0350455,0.02835));
#1941=CARTESIAN_POINT('',(0.0080112,-0.00907725,0.02835));
#1942=CARTESIAN_POINT('',(0.0080112,0.0392955,0.0223538));
#1943=CARTESIAN_POINT('',(0.0080112,0.0392955,0.0237038));
#1944=CARTESIAN_POINT('',(0.0080112,0.0392955,0.0123462));
#1945=CARTESIAN_POINT('',(0.0080112,0.0392955,0.0136962));
#1946=CARTESIAN_POINT('',(0.0080112,-0.0097045,0.0123462));
#1947=CARTESIAN_POINT('',(0.0080112,-0.0097045,0.0136962));
#1948=CARTESIAN_POINT('',(0.0080112,-0.0097045,0.0223538));
#1949=CARTESIAN_POINT('',(0.0080112,-0.0097045,0.0237038));
#1950=CARTESIAN_POINT('',(0.0080112,0.0371705,0.0203197299646102));
#1951=CARTESIAN_POINT('',(0.0080112,0.0411964517590125,0.0203197299646102));
#1952=CARTESIAN_POINT('',(0.0080112,0.0411964517590125,0.0140967299646101));
#1953=CARTESIAN_POINT('',(0.0080112,0.0411964517590125,0.0140967299646101));
#1954=CARTESIAN_POINT('',(0.0080112,0.0371705,0.0140967299646101));
#1955=CARTESIAN_POINT('',(0.0080112,0.0350455,0.0140967299646101));
#1956=CARTESIAN_POINT('',(0.0080112,0.0350455,0.02835));
#1957=CARTESIAN_POINT('',(0.0080112,0.0350455,8.67361737988404E-19));
#1958=CARTESIAN_POINT('',(0.0080112,0.03866825,0.));
#1959=CARTESIAN_POINT('',(0.0080112,0.035941,8.67361737988404E-19));
#1960=CARTESIAN_POINT('',(0.0080112,0.035941,8.67361737988404E-19));
#1961=CARTESIAN_POINT('',(0.0080112,0.035941,0.00635));
#1962=CARTESIAN_POINT('',(0.0080112,0.03866825,0.00635));
#1963=CARTESIAN_POINT('',(0.0080112,0.042291,0.00635));
#1964=CARTESIAN_POINT('',(0.0080112,0.042291,0.02835));
#1965=CARTESIAN_POINT('',(0.0080112,0.042291,0.031525));
#1966=CARTESIAN_POINT('',(0.0080112,-0.00907725,0.031525));
#1967=CARTESIAN_POINT('',(0.0080112,-0.0127,0.031525));
#1968=CARTESIAN_POINT('',(0.0080112,-0.0127,0.02835));
#1969=CARTESIAN_POINT('',(0.0080112,-0.0127,0.00635));
#1970=CARTESIAN_POINT('',(0.0080112,-0.00907725,0.00635));
#1971=CARTESIAN_POINT('',(0.0080112,-0.0054545,0.00635));
#1972=CARTESIAN_POINT('',(0.0080112,-0.0054545,0.02835));
#1973=CARTESIAN_POINT('',(0.0080112,-0.0054545,0.02835));
#1974=CARTESIAN_POINT('',(0.0080112,0.0147955,0.02835));
#1975=CARTESIAN_POINT('',(-0.0129972,-0.036449,0.020525));
#1976=CARTESIAN_POINT('',(-0.00851602740734984,0.0350455,0.0295957462016359));
#1977=CARTESIAN_POINT('',(-0.0170467157082488,0.0350455,0.0123280094870014));
#1978=CARTESIAN_POINT('',(-0.02,0.0350455,0.00635));
#1979=CARTESIAN_POINT('',(-0.0170467157082488,-0.036449,0.0123280094870014));
#1980=CARTESIAN_POINT('',(-0.0170467157082488,0.0379456225591792,0.0123280094870014));
#1981=CARTESIAN_POINT('',(-0.017037729145679,0.0392955,0.0123462));
#1982=CARTESIAN_POINT('',(-0.0170467157082488,0.0406453774408208,0.0123280094870014));
#1983=CARTESIAN_POINT('',(-0.0170467157082488,-0.036449,0.0123280094870014));
#1984=CARTESIAN_POINT('',(-0.0170467157082488,0.042291,0.0123280094870014));
#1985=CARTESIAN_POINT('',(-0.0129972,0.042291,0.020525));
#1986=CARTESIAN_POINT('',(-0.02,0.042291,0.00635));
#1987=CARTESIAN_POINT('',(-0.02,-0.036449,0.00635));
#1988=CARTESIAN_POINT('',(6.93889390390723E-18,-0.0127,-0.01905));
#1989=CARTESIAN_POINT('',(6.93889390390723E-18,-0.0127,0.0347));
#1990=CARTESIAN_POINT('',(-0.00402161418616768,-0.0127,0.0347));
#1991=CARTESIAN_POINT('',(0.0048362,-0.0127,0.0347));
#1992=CARTESIAN_POINT('',(-0.00402161418616768,-0.0127,0.031525));
#1993=CARTESIAN_POINT('',(-0.0219727858138323,-0.0127,0.009525));
#1994=CARTESIAN_POINT('',(-0.021825,-0.0127,0.00635344133694015));
#1995=CARTESIAN_POINT('',(-0.021825,-0.0127,-0.01905));
#1996=CARTESIAN_POINT('',(-0.021825,-0.0127,0.));
#1997=CARTESIAN_POINT('',(0.,-0.0127,0.));
#1998=CARTESIAN_POINT('',(0.021825,-0.0127,0.));
#1999=CARTESIAN_POINT('',(0.021825,-0.0127,-0.01905));
#2000=CARTESIAN_POINT('',(0.021825,-0.0127,0.00635));
#2001=CARTESIAN_POINT('',(6.93889390390723E-18,-0.0127,0.00635));
#2002=CARTESIAN_POINT('',(0.0048362,-0.0127,0.031525));
#2003=CARTESIAN_POINT('',(-0.0059944,0.0350455,0.02835));
#2004=CARTESIAN_POINT('',(-0.0173888,0.0350455,0.0140967299646101));
#2005=CARTESIAN_POINT('',(-0.0142001383063672,0.0350455,0.0140967299646101));
#2006=CARTESIAN_POINT('',(-0.0142001383063672,0.0350455,0.0109217299646101));
#2007=CARTESIAN_POINT('',(-0.0059944,0.0350455,0.00635));
#2008=CARTESIAN_POINT('',(-0.0126373831784524,0.0350455,0.00635));
#2009=CARTESIAN_POINT('',(-0.0126373831784524,0.0350455,8.67361737988404E-19));
#2010=CARTESIAN_POINT('',(-0.0126373831784524,0.0350455,8.67361737988404E-19));
#2011=CARTESIAN_POINT('',(-0.0059944,0.0350455,0.));
#2012=CARTESIAN_POINT('',(-0.02,-0.0090795,0.02835));
#2013=CARTESIAN_POINT('',(-0.02,0.00439508933070842,0.00635));
#2014=CARTESIAN_POINT('',(-0.02,-0.0022795,0.00635));
#2015=CARTESIAN_POINT('',(-0.02,0.042291,0.02835));
#2016=CARTESIAN_POINT('',(-0.02,0.042291,0.));
#2017=CARTESIAN_POINT('',(-0.02,0.,0.));
#2018=CARTESIAN_POINT('',(-0.02,-0.0022795,0.));
#2019=CARTESIAN_POINT('',(-0.02,-0.0022795,0.00635));
#2020=CARTESIAN_POINT('',(-0.0059944,-0.0054545,0.02835));
#2021=CARTESIAN_POINT('',(-0.0059944,-0.0054545,0.02835));
#2022=CARTESIAN_POINT('',(-0.0059944,-0.0054545,0.00635));
#2023=CARTESIAN_POINT('',(-0.0219727858138323,-0.0054545,0.00635));
#2024=CARTESIAN_POINT('',(-0.0219727858138323,-0.0054545,0.009525));
#2025=CARTESIAN_POINT('',(-0.0059944,0.0147955,0.02835));
#2026=CARTESIAN_POINT('',(0.0080112,-0.0097045,0.0223538));
#2027=CARTESIAN_POINT('',(0.0080112,-0.0097045,0.0123462));
#2028=CARTESIAN_POINT('',(0.0080112,0.0392955,0.0123462));
#2029=CARTESIAN_POINT('',(-0.0170467157082488,0.0379456225591792,0.0123280094870014));
#2030=CARTESIAN_POINT('',(-0.0169522984941062,0.0379430471091128,0.0125191278982756));
#2031=CARTESIAN_POINT('',(-0.0167286446468963,0.0380168893529397,0.0128736320233935));
#2032=CARTESIAN_POINT('',(-0.0163319622494113,0.0382973975870865,0.0132954991836273));
#2033=CARTESIAN_POINT('',(-0.0159346814507085,0.0386864477612822,0.0135924550996675));
#2034=CARTESIAN_POINT('',(-0.0156483134055442,0.0392961455209785,0.013748087806582));
#2035=CARTESIAN_POINT('',(-0.015934962217915,0.0399048189035499,0.0135923931730556));
#2036=CARTESIAN_POINT('',(-0.0163330768121918,0.0402944094048278,0.0132942648429709));
#2037=CARTESIAN_POINT('',(-0.0167267477218161,0.0405730549221576,0.0128760559144786));
#2038=CARTESIAN_POINT('',(-0.0169523514909167,0.0406479514452753,0.0125190206226447));
#2039=CARTESIAN_POINT('',(-0.0170467157082488,0.0406453774408208,0.0123280094870014));
#2040=CARTESIAN_POINT('',(0.0080112,0.0392955,0.0223538));
#2041=CARTESIAN_POINT('',(-0.0111872599462487,0.0383584867340987,0.0234528215391059));
#2042=CARTESIAN_POINT('',(-0.0111367156378698,0.0392961070912784,0.023870965002479));
#2043=CARTESIAN_POINT('',(-0.0111869675163734,0.0402306919920662,0.0234532834534571));
#2044=CARTESIAN_POINT('',(-0.0111014158434403,0.0406131384504803,0.022790830943986));
#2045=CARTESIAN_POINT('',(-0.0109257946329937,0.0406749701941228,0.0222437482257442));
#2046=CARTESIAN_POINT('',(-0.0106613754623494,0.040537494906883,0.0217538464676635));
#2047=CARTESIAN_POINT('',(-0.0103579095942639,0.0402533080899346,0.0213646364888696));
#2048=CARTESIAN_POINT('',(-0.0100663221504612,0.039852400232679,0.0210870353286137));
#2049=CARTESIAN_POINT('',(-0.00990307113284863,0.0392943754948893,0.0209621814274262));
#2050=CARTESIAN_POINT('',(-0.0100663623368152,0.038738992694249,0.0210870400019156));
#2051=CARTESIAN_POINT('',(-0.0103584503279887,0.0383369239243126,0.021365235886814));
#2052=CARTESIAN_POINT('',(-0.0106615269112829,0.0380534500375175,0.0217540887882298));
#2053=CARTESIAN_POINT('',(-0.0109255051226293,0.0379163833341006,0.0222435049360145));
#2054=CARTESIAN_POINT('',(-0.0111005557630433,0.0379768316634957,0.0227871693856404));
#2055=CARTESIAN_POINT('',(-0.0111872599462487,0.0383584867340987,0.0234528215391059));
#2056=CARTESIAN_POINT('',(-0.0111367156378698,0.0392961070912784,0.023870965002479));
#2057=CARTESIAN_POINT('',(-0.0111869675163734,0.0402306919920662,0.0234532834534571));
#2058=CARTESIAN_POINT('',(-0.0111568748752463,0.0392955,0.0237038));
#2059=CARTESIAN_POINT('',(0.,0.035941,0.0145288));
#2060=CARTESIAN_POINT('',(0.,0.035941,0.));
#2061=CARTESIAN_POINT('',(0.0106387040050215,0.035941,0.));
#2062=CARTESIAN_POINT('',(0.0106387040050214,0.035941,0.0145288));
#2063=CARTESIAN_POINT('',(0.0106387040050215,0.035941,0.00635));
#2064=CARTESIAN_POINT('',(0.,0.035941,0.00635));
#2065=CARTESIAN_POINT('',(0.,0.,0.00635));
#2066=CARTESIAN_POINT('',(-0.021825,-0.015875,0.00635));
#2067=CARTESIAN_POINT('',(-0.025,-0.015875,0.00635));
#2068=CARTESIAN_POINT('',(-0.0219727858138323,-0.0127034413369402,0.00635));
#2069=CARTESIAN_POINT('',(-0.0219727858138323,-0.0054545,0.00635));
#2070=CARTESIAN_POINT('',(0.021825,-0.015875,0.00635));
#2071=CARTESIAN_POINT('',(0.025,-0.015875,0.00635));
#2072=CARTESIAN_POINT('',(0.025,6.93889390390723E-18,0.00635));
#2073=CARTESIAN_POINT('',(0.025,-0.0381424172821958,0.00635));
#2074=CARTESIAN_POINT('',(0.03135,-0.0381424172821958,0.00635));
#2075=CARTESIAN_POINT('',(0.03135,-0.0381424172821958,0.00635));
#2076=CARTESIAN_POINT('',(0.03135,6.64977332457776E-18,0.00635));
#2077=CARTESIAN_POINT('',(0.03135,-0.0086295,0.00635));
#2078=CARTESIAN_POINT('',(0.028175,-0.0086295,0.00635));
#2079=CARTESIAN_POINT('',(0.028175,-0.0054545,0.00635));
#2080=CARTESIAN_POINT('',(0.025675,-0.0054545,0.00635));
#2081=CARTESIAN_POINT('',(0.023175,-0.0054545,0.00635));
#2082=CARTESIAN_POINT('',(0.023175,-0.0022795,0.00635));
#2083=CARTESIAN_POINT('',(0.02,-0.0022795,0.00635));
#2084=CARTESIAN_POINT('',(0.02,0.00439508933070842,0.00635));
#2085=CARTESIAN_POINT('',(0.02,0.039116,0.00635));
#2086=CARTESIAN_POINT('',(0.016825,0.039116,0.00635));
#2087=CARTESIAN_POINT('',(0.016825,0.042291,0.00635));
#2088=CARTESIAN_POINT('',(0.,0.042291,0.00635));
#2089=CARTESIAN_POINT('',(0.0106387040050214,0.0341122,0.00635));
#2090=CARTESIAN_POINT('',(0.012327465954333,0.0334103506439715,0.00635));
#2091=CARTESIAN_POINT('',(-0.0013284238381474,0.000552092860522332,0.00635));
#2092=CARTESIAN_POINT('',(0.00162524993921994,0.00765910498933962,0.00635));
#2093=CARTESIAN_POINT('',(-6.35120100915656E-5,0.00836095434536812,0.00635));
#2094=CARTESIAN_POINT('',(-0.00174527332062399,0.00764249186590503,0.00635));
#2095=CARTESIAN_POINT('',(0.00128511972560664,0.000549013881270674,0.00635));
#2096=CARTESIAN_POINT('',(-0.0127464205621624,0.0333937375205369,0.00635));
#2097=CARTESIAN_POINT('',(-0.0110646592516299,0.0341122,0.00635));
#2098=CARTESIAN_POINT('',(-0.023175,-0.0022795,0.00635));
#2099=CARTESIAN_POINT('',(-0.023175,-0.0054545,0.00635));
#2100=CARTESIAN_POINT('',(-0.025675,-0.0054545,0.00635));
#2101=CARTESIAN_POINT('',(-0.028175,-0.0054545,0.00635));
#2102=CARTESIAN_POINT('',(-0.028175,-0.0086295,0.00635));
#2103=CARTESIAN_POINT('',(-0.03135,-0.0086295,0.00635));
#2104=CARTESIAN_POINT('',(-0.03135,-6.64977332457776E-18,0.00635));
#2105=CARTESIAN_POINT('',(-0.03135,-0.0381424172821958,0.00635));
#2106=CARTESIAN_POINT('',(-0.03135,-0.0381424172821958,0.00635));
#2107=CARTESIAN_POINT('',(-0.025,-0.0381424172821958,0.00635));
#2108=CARTESIAN_POINT('',(-0.025,-0.0301625,0.00635));
#2109=CARTESIAN_POINT('',(-0.00732779363273483,-0.000108675276451943,0.00635));
#2110=CARTESIAN_POINT('',(-0.00728838146245434,-0.00193705054450656,0.00635));
#2111=CARTESIAN_POINT('',(-0.0056460323222024,0.000609787203011142,0.00635));
#2112=CARTESIAN_POINT('',(3.83503595310359E-5,-0.00177911666341942,0.00635));
#2113=CARTESIAN_POINT('',(-0.0117817878297195,-0.00203390970683516,0.00635));
#2114=CARTESIAN_POINT('',(-0.0118212,-0.000205534438780546,0.00635));
#2115=CARTESIAN_POINT('',(-0.01365,-0.000205534438780546,0.00635));
#2116=CARTESIAN_POINT('',(-0.01365,0.,0.00635));
#2117=CARTESIAN_POINT('',(-0.01365,0.0104093923985837,0.00635));
#2118=CARTESIAN_POINT('',(-0.0118212,0.0104093923985837,0.00635));
#2119=CARTESIAN_POINT('',(-0.0101394386894676,0.0111278548780468,0.00635));
#2120=CARTESIAN_POINT('',(-0.00455432926929764,-0.00194564750575392,0.00635));
#2121=CARTESIAN_POINT('',(0.0118212,0.000304097424502615,0.00635));
#2122=CARTESIAN_POINT('',(0.0118606121702805,-0.001524277843552,0.00635));
#2123=CARTESIAN_POINT('',(0.01365,0.000304097424502615,0.00635));
#2124=CARTESIAN_POINT('',(3.83503595310359E-5,-0.00177911666341942,0.00635));
#2125=CARTESIAN_POINT('',(0.0074252010580911,-0.00161988686926563,0.00635));
#2126=CARTESIAN_POINT('',(0.00738578888781061,0.000208488398788985,0.00635));
#2127=CARTESIAN_POINT('',(0.0056970269384991,0.000910337754817483,0.00635));
#2128=CARTESIAN_POINT('',(0.00453533293029532,-0.00188488407013218,0.00635));
#2129=CARTESIAN_POINT('',(0.0101324380506885,0.0115826472062416,0.00635));
#2130=CARTESIAN_POINT('',(0.0118212,0.0108807978502131,0.00635));
#2131=CARTESIAN_POINT('',(0.01365,0.0108807978502131,0.00635));
#2132=CARTESIAN_POINT('',(0.01365,0.,0.00635));
#2133=CARTESIAN_POINT('',(0.,0.,0.));
#2134=CARTESIAN_POINT('',(-0.0110646592516299,0.0341122,0.));
#2135=CARTESIAN_POINT('',(-0.0127464205621624,0.0333937375205369,0.));
#2136=CARTESIAN_POINT('',(0.00128511972560664,0.000549013881270674,0.));
#2137=CARTESIAN_POINT('',(-0.00174527332062399,0.00764249186590503,0.));
#2138=CARTESIAN_POINT('',(-6.35120100915656E-5,0.00836095434536812,0.));
#2139=CARTESIAN_POINT('',(0.00162524993921994,0.00765910498933962,0.));
#2140=CARTESIAN_POINT('',(-0.0013284238381474,0.000552092860522332,0.));
#2141=CARTESIAN_POINT('',(0.012327465954333,0.0334103506439715,0.));
#2142=CARTESIAN_POINT('',(0.0106387040050214,0.0341122,0.));
#2143=CARTESIAN_POINT('',(0.,-0.0054545,0.));
#2144=CARTESIAN_POINT('',(0.023175,-0.0054545,0.));
#2145=CARTESIAN_POINT('',(0.028175,-0.0054545,0.));
#2146=CARTESIAN_POINT('',(0.028175,-0.0086295,0.));
#2147=CARTESIAN_POINT('',(0.03135,-0.0086295,0.));
#2148=CARTESIAN_POINT('',(0.03135,6.64977332457776E-18,0.));
#2149=CARTESIAN_POINT('',(0.03135,-0.0381424172821958,0.));
#2150=CARTESIAN_POINT('',(0.03135,-0.0381424172821958,0.));
#2151=CARTESIAN_POINT('',(0.025,-0.0381424172821958,-1.7347234759768E-18));
#2152=CARTESIAN_POINT('',(0.025,-1.13826999736011E-18,0.));
#2153=CARTESIAN_POINT('',(0.025,-0.015875,0.));
#2154=CARTESIAN_POINT('',(0.021825,-0.015875,0.));
#2155=CARTESIAN_POINT('',(-0.021825,-0.015875,0.));
#2156=CARTESIAN_POINT('',(-0.025,-0.015875,0.));
#2157=CARTESIAN_POINT('',(-0.025,0.,0.));
#2158=CARTESIAN_POINT('',(-0.025,-0.0381424172821958,0.));
#2159=CARTESIAN_POINT('',(-0.03135,-0.0381424172821958,0.));
#2160=CARTESIAN_POINT('',(-0.03135,-0.0381424172821958,0.));
#2161=CARTESIAN_POINT('',(-0.03135,-6.64977332457776E-18,0.));
#2162=CARTESIAN_POINT('',(-0.03135,-0.0086295,0.));
#2163=CARTESIAN_POINT('',(-0.028175,-0.0086295,0.));
#2164=CARTESIAN_POINT('',(-0.028175,-0.0054545,0.));
#2165=CARTESIAN_POINT('',(0.,-0.0054545,0.));
#2166=CARTESIAN_POINT('',(-0.023175,-0.0054545,0.));
#2167=CARTESIAN_POINT('',(-0.023175,-0.0022795,0.));
#2168=CARTESIAN_POINT('',(0.,0.042291,0.));
#2169=CARTESIAN_POINT('',(0.016825,0.042291,0.));
#2170=CARTESIAN_POINT('',(0.016825,0.039116,0.));
#2171=CARTESIAN_POINT('',(0.02,0.039116,0.));
#2172=CARTESIAN_POINT('',(0.02,0.,0.));
#2173=CARTESIAN_POINT('',(0.02,-0.0022795,0.));
#2174=CARTESIAN_POINT('',(0.023175,-0.0022795,0.));
#2175=CARTESIAN_POINT('',(0.00453533293029532,-0.00188488407013218,0.));
#2176=CARTESIAN_POINT('',(0.0056970269384991,0.000910337754817483,0.));
#2177=CARTESIAN_POINT('',(0.0101324380506885,0.0115826472062416,0.));
#2178=CARTESIAN_POINT('',(0.00738578888781061,0.000208488398788985,0.));
#2179=CARTESIAN_POINT('',(0.0074252010580911,-0.00161988686926563,0.));
#2180=CARTESIAN_POINT('',(3.83503595310359E-5,-0.00177911666341942,0.));
#2181=CARTESIAN_POINT('',(0.0118606121702805,-0.001524277843552,0.));
#2182=CARTESIAN_POINT('',(0.0118212,0.000304097424502615,0.));
#2183=CARTESIAN_POINT('',(0.01365,0.000304097424502615,0.));
#2184=CARTESIAN_POINT('',(0.01365,0.,0.));
#2185=CARTESIAN_POINT('',(0.01365,0.0108807978502131,0.));
#2186=CARTESIAN_POINT('',(0.0118212,0.0108807978502131,0.));
#2187=CARTESIAN_POINT('',(3.83503595310359E-5,-0.00177911666341942,0.));
#2188=CARTESIAN_POINT('',(-0.00728838146245434,-0.00193705054450656,0.));
#2189=CARTESIAN_POINT('',(-0.0117817878297195,-0.00203390970683516,0.));
#2190=CARTESIAN_POINT('',(-0.00732779363273483,-0.000108675276451943,0.));
#2191=CARTESIAN_POINT('',(-0.0056460323222024,0.000609787203011142,0.));
#2192=CARTESIAN_POINT('',(-0.00455432926929764,-0.00194564750575392,0.));
#2193=CARTESIAN_POINT('',(-0.0101394386894676,0.0111278548780468,0.));
#2194=CARTESIAN_POINT('',(-0.0118212,0.0104093923985837,0.));
#2195=CARTESIAN_POINT('',(-0.01365,0.0104093923985837,0.));
#2196=CARTESIAN_POINT('',(-0.01365,0.,0.));
#2197=CARTESIAN_POINT('',(-0.01365,-0.000205534438780546,0.));
#2198=CARTESIAN_POINT('',(-0.0118212,-0.000205534438780546,0.));
#2199=CARTESIAN_POINT('',(0.,0.042291,0.));
#2200=CARTESIAN_POINT('',(-0.0142001383063672,0.042291,0.0109217299646101));
#2201=CARTESIAN_POINT('',(-0.0142001383063672,0.042291,0.0140967299646101));
#2202=CARTESIAN_POINT('',(0.,0.042291,0.0140967299646101));
#2203=CARTESIAN_POINT('',(-0.00408086206009977,0.042291,0.0140967299646101));
#2204=CARTESIAN_POINT('',(-0.00408086206009976,0.042291,-1.13758110523512E-18));
#2205=CARTESIAN_POINT('',(-0.00408086206009977,0.042291,0.0203197299646102));
#2206=CARTESIAN_POINT('',(0.,0.042291,0.0203197299646102));
#2207=CARTESIAN_POINT('',(-0.00798876586192274,0.042291,0.0203197299646102));
#2208=CARTESIAN_POINT('',(-0.00798876586192274,0.042291,0.0234947299646102));
#2209=CARTESIAN_POINT('',(-0.00402161418616768,0.042291,0.031525));
#2210=CARTESIAN_POINT('',(-0.00402161418616768,0.042291,0.0347));
#2211=CARTESIAN_POINT('',(-0.0059944,0.042291,0.0347));
#2212=CARTESIAN_POINT('',(0.0048362,0.042291,0.0347));
#2213=CARTESIAN_POINT('',(0.0048362,0.042291,0.031525));
#2214=CARTESIAN_POINT('',(0.016825,0.042291,0.));
#2215=CARTESIAN_POINT('',(0.03135,-0.0097625,0.003175));
#2216=CARTESIAN_POINT('',(0.03135,-0.047625,0.010675));
#2217=CARTESIAN_POINT('',(0.03135,-0.046125,0.010675));
#2218=CARTESIAN_POINT('',(0.03135,-0.047625,-0.004325));
#2219=CARTESIAN_POINT('',(0.03135,-0.046125,-0.004325));
#2220=CARTESIAN_POINT('',(0.03135,-0.047625,0.003175));
#2221=CARTESIAN_POINT('',(0.03135,-0.04445,0.003175));
#2222=CARTESIAN_POINT('',(0.03135,-0.0086295,0.00635));
#2223=CARTESIAN_POINT('',(0.03135,-0.047625,0.003175));
#2224=CARTESIAN_POINT('',(0.03135,-0.047625,0.003175));
#2225=CARTESIAN_POINT('',(0.025,-0.047625,0.003175));
#2226=CARTESIAN_POINT('',(0.03135,-0.047625,0.003175));
#2227=CARTESIAN_POINT('',(0.025,-0.047625,0.003175));
#2228=CARTESIAN_POINT('',(0.025,-0.04445,0.003175));
#2229=CARTESIAN_POINT('',(0.025,-0.0097625,0.003175));
#2230=CARTESIAN_POINT('',(0.025,-0.047625,0.010675));
#2231=CARTESIAN_POINT('',(0.025,-0.046125,0.010675));
#2232=CARTESIAN_POINT('',(0.025,-0.047625,-0.004325));
#2233=CARTESIAN_POINT('',(0.025,-0.046125,-0.004325));
#2234=CARTESIAN_POINT('',(0.025,-0.015875,0.003175));
#2235=CARTESIAN_POINT('',(-0.03135,-0.047625,0.003175));
#2236=CARTESIAN_POINT('',(-0.025,-0.047625,0.003175));
#2237=CARTESIAN_POINT('',(-0.03135,-0.047625,0.003175));
#2238=CARTESIAN_POINT('',(-0.03135,-0.047625,0.003175));
#2239=CARTESIAN_POINT('',(-0.03135,-0.047625,0.003175));
#2240=CARTESIAN_POINT('',(-0.03135,-0.0508,0.003175));
#2241=CARTESIAN_POINT('',(-0.025,-0.047625,0.003175));
#2242=CARTESIAN_POINT('',(-0.025,-0.0508,0.003175));
#2243=CARTESIAN_POINT('',(-0.03135,-0.0097625,0.00405480687185591));
#2244=CARTESIAN_POINT('',(-0.03135,-0.0086295,0.00405480687185591));
#2245=CARTESIAN_POINT('',(-0.025,-0.0097625,0.00405480687185591));
#2246=CARTESIAN_POINT('',(-0.025,-0.015875,0.00405480687185591));
#2247=CARTESIAN_POINT('',(-0.025,-0.047625,-0.004325));
#2248=CARTESIAN_POINT('',(-0.025,-0.047625,0.010675));
#2249=CARTESIAN_POINT('',(-0.0059944,0.0147955,0.0347));
#2250=CARTESIAN_POINT('',(-0.00402161418616768,0.0147955,0.0347));
#2251=CARTESIAN_POINT('',(0.0048362,0.0147955,0.0347));
#2252=CARTESIAN_POINT('',(0.02,0.00439508933070842,-0.01905));
#2253=CARTESIAN_POINT('',(0.02,0.039116,-0.01905));
#2254=CARTESIAN_POINT('',(0.02,-0.0022795,-6.93889390390723E-18));
#2255=CARTESIAN_POINT('',(0.025675,-0.0054545,-0.01905));
#2256=CARTESIAN_POINT('',(0.028175,-0.0054545,0.));
#2257=CARTESIAN_POINT('',(0.023175,-0.0054545,0.00635));
#2258=CARTESIAN_POINT('',(-0.025675,-0.0054545,-0.01905));
#2259=CARTESIAN_POINT('',(-0.028175,-0.0054545,-0.01905));
#2260=CARTESIAN_POINT('',(-0.023175,-0.0054545,-6.93889390390723E-18));
#2261=CARTESIAN_POINT('',(0.021825,-0.015875,-0.01905));
#2262=CARTESIAN_POINT('',(-0.021825,-0.015875,0.00405480687185591));
#2263=CARTESIAN_POINT('',(-0.021825,-0.0127,0.00635344133694016));
#2264=CARTESIAN_POINT('',(-0.0218742619089918,-0.0127,0.00635114586897481));
#2265=CARTESIAN_POINT('',(-0.0219235239048405,-0.0127011458689748,0.00635));
#2266=CARTESIAN_POINT('',(-0.0219727858138323,-0.0127034413369402,0.00635));
#2267=CARTESIAN_POINT('',(0.028175,-0.0086295,0.003175));
#2268=CARTESIAN_POINT('',(-0.028175,-0.0086295,-0.01905));
#2269=CARTESIAN_POINT('',(0.0048362,0.0147955,0.031525));
#2270=CARTESIAN_POINT('',(-0.023175,-0.0022795,0.02835));
#2271=CARTESIAN_POINT('',(0.016825,0.039116,-0.01905));
#2272=CARTESIAN_POINT('',(0.023175,-0.0022795,-0.01905));
#2273=CARTESIAN_POINT('',(-0.00708027550254786,0.0201305486783786,0.0145288));
#2274=CARTESIAN_POINT('',(-0.0127464205621624,0.0333937375205369,0.0145288));
#2275=CARTESIAN_POINT('',(-0.00174527332062399,0.00764249186590503,0.0145288));
#2276=CARTESIAN_POINT('',(0.00660315363091229,0.0196367384653272,0.0145288));
#2277=CARTESIAN_POINT('',(0.012327465954333,0.0334103506439715,0.0145288));
#2278=CARTESIAN_POINT('',(0.00162524993921994,0.00765910498933962,0.0145288));
#2279=CARTESIAN_POINT('',(-6.35120100915656E-5,0.00836095434536812,0.0145288));
#2280=CARTESIAN_POINT('',(-0.0110646592516299,0.0341122,0.0145288));
#2281=CARTESIAN_POINT('',(0.0106387040050214,0.0341122,0.0145288));
#2282=CARTESIAN_POINT('',(0.01365,0.,0.0145288));
#2283=CARTESIAN_POINT('',(0.01365,0.0108807978502131,0.0145288));
#2284=CARTESIAN_POINT('',(0.01365,0.000304097424502615,0.0145288));
#2285=CARTESIAN_POINT('',(0.012466910399355,0.0171997615346727,0.0145288));
#2286=CARTESIAN_POINT('',(0.0101324380506885,0.0115826472062416,0.0145288));
#2287=CARTESIAN_POINT('',(0.0056970269384991,0.000910337754817483,0.0145288));
#2288=CARTESIAN_POINT('',(-6.84239067369656E-5,-0.00178141827274288,0.0145288));
#2289=CARTESIAN_POINT('',(0.0118606121702805,-0.001524277843552,0.0145288));
#2290=CARTESIAN_POINT('',(0.0074252010580911,-0.00161988686926563,0.0145288));
#2291=CARTESIAN_POINT('',(0.00738578888781061,0.000208488398788985,0.0145288));
#2292=CARTESIAN_POINT('',(0.0118212,0.000304097424502615,0.0145288));
#2293=CARTESIAN_POINT('',(0.0118212,0.0108807978502131,0.0145288));
#2294=CARTESIAN_POINT('',(-0.01365,0.,0.0145288));
#2295=CARTESIAN_POINT('',(-0.01365,0.0104093923985837,0.0145288));
#2296=CARTESIAN_POINT('',(-0.01365,-0.000205534438780546,0.0145288));
#2297=CARTESIAN_POINT('',(-6.84239067369656E-5,-0.00178141827274288,0.0145288));
#2298=CARTESIAN_POINT('',(-0.0117817878297195,-0.00203390970683516,0.0145288));
#2299=CARTESIAN_POINT('',(-0.00728838146245434,-0.00193705054450656,0.0145288));
#2300=CARTESIAN_POINT('',(-0.0129197244974521,0.017635887291354,0.0145288));
#2301=CARTESIAN_POINT('',(-0.0101394386894676,0.0111278548780468,0.0145288));
#2302=CARTESIAN_POINT('',(-0.0056460323222024,0.00060978720301114,0.0145288));
#2303=CARTESIAN_POINT('',(-0.00732779363273483,-0.000108675276451943,0.0145288));
#2304=CARTESIAN_POINT('',(-0.0118212,-0.000205534438780546,0.0145288));
#2305=CARTESIAN_POINT('',(-0.0118212,0.0104093923985837,0.0145288));
#2306=CARTESIAN_POINT('',(-0.00402161418616768,-0.036449,0.031525));
#2307=CARTESIAN_POINT('',(-0.0219727858138323,0.,0.009525));
#2308=CARTESIAN_POINT('',(-0.0173888,0.0371705,0.0140967299646101));
#2309=CARTESIAN_POINT('',(-0.0142001383063672,0.0371705,0.0140967299646101));
#2310=CARTESIAN_POINT('',(0.00611024824098742,0.0411964517590125,0.0140967299646101));
#2311=CARTESIAN_POINT('',(-0.00217990066009977,0.0411964614,0.0140967299646101));
#2312=CARTESIAN_POINT('',(-0.00408086206009977,0.0411964614,0.0140967299646101));
#2313=CARTESIAN_POINT('',(-0.00408086206009977,0.0646955,0.0140967299646101));
#2314=CARTESIAN_POINT('',(-0.0173888,0.0371705,0.0203197299646102));
#2315=CARTESIAN_POINT('',(-0.00798876586192274,0.042291,0.0203197299646102));
#2316=CARTESIAN_POINT('',(-0.00408086206009977,0.0646955,0.0203197299646102));
#2317=CARTESIAN_POINT('',(-0.00408086206009977,0.0411964614,0.0203197299646102));
#2318=CARTESIAN_POINT('',(-0.00217990066009977,0.0411964614,0.0203197299646102));
#2319=CARTESIAN_POINT('',(0.00611024824098742,0.0411964517590125,0.0203197299646102));
#2320=CARTESIAN_POINT('',(-0.00408086206009977,0.0646955,0.0172082299646102));
#2321=CARTESIAN_POINT('',(-0.00408086206009977,0.0411964614,0.0172082299646102));
#2322=CARTESIAN_POINT('',(-0.0142001383063672,-0.036449,0.0109217299646101));
#2323=CARTESIAN_POINT('',(-0.00798876586192274,0.0371705,0.0234947299646102));
#2324=CARTESIAN_POINT('',(0.00611024824098742,0.0411964517590125,0.0172082299646102));
#2325=CARTESIAN_POINT('',(-0.00217990066009977,0.0411964614,0.0172082299646102));
#2326=MECHANICAL_DESIGN_GEOMETRIC_PRESENTATION_REPRESENTATION('',(#1369),
#2327);
#2327=(
GEOMETRIC_REPRESENTATION_CONTEXT(3)
GLOBAL_UNCERTAINTY_ASSIGNED_CONTEXT((#2328))
GLOBAL_UNIT_ASSIGNED_CONTEXT((#2331,#2330,#2329))
REPRESENTATION_CONTEXT('Part 1','TOP_LEVEL_ASSEMBLY_PART')
);
#2328=UNCERTAINTY_MEASURE_WITH_UNIT(LENGTH_MEASURE(2.E-5),#2331,
'DISTANCE_ACCURACY_VALUE','Maximum Tolerance applied to model');
#2329=(
NAMED_UNIT(*)
SI_UNIT($,.STERADIAN.)
SOLID_ANGLE_UNIT()
);
#2330=(
NAMED_UNIT(*)
PLANE_ANGLE_UNIT()
SI_UNIT($,.RADIAN.)
);
#2331=(
LENGTH_UNIT()
NAMED_UNIT(*)
SI_UNIT($,.METRE.)
);
#2332=PRODUCT_DEFINITION_SHAPE('','',#2333);
#2333=PRODUCT_DEFINITION('','',#2335,#2334);
#2334=PRODUCT_DEFINITION_CONTEXT('',#2341,'design');
#2335=PRODUCT_DEFINITION_FORMATION_WITH_SPECIFIED_SOURCE('','',#2337,
 .NOT_KNOWN.);
#2336=PRODUCT_RELATED_PRODUCT_CATEGORY('','',(#2337));
#2337=PRODUCT('Part 1','Part 1','Part 1',(#2339));
#2338=PRODUCT_CATEGORY('','');
#2339=PRODUCT_CONTEXT('',#2341,'mechanical');
#2340=APPLICATION_PROTOCOL_DEFINITION('international standard',
'ap242_managed_model_based_3d_engineering',2020,#2341);
#2341=APPLICATION_CONTEXT('managed model based 3d engineering');
ENDSEC;
END-ISO-10303-21;
