ISO-10303-21;
HEADER;
/* Generated by software containing ST-Developer
 * from STEP Tools, Inc. (www.steptools.com) 
 */
/* OPTION: using custom renumber hook */

FILE_DESCRIPTION(
/* description */ ('STEP AP242 Edition 2',
'CAx-IF Rec.Pracs.---Representation and Presentation of Product Manufa
cturing Information (PMI)---4.0---2014-10-13',
'CAx-IF Rec.Pracs.---3D Tessellated Geometry---0.4---2014-09-14','2;1',
'CAx-IF Rec.Pracs.---User Defined Attributes---1.5---2016-08-15'),
/* implementation_level */ '2;1');

FILE_NAME(
/* name */ 'Full Assembly - Main Servo Platform',
/* time_stamp */ '2026-08-15T05:10:10Z',
/* author */ (''),
/* organization */ (''),
/* preprocessor_version */ 'ST-DEVELOPER v20',
/* originating_system */ 'ONSHAPE BY PTC INC, 1.219',
/* authorisation */ '  ');

FILE_SCHEMA (('AP242_MANAGED_MODEL_BASED_3D_ENGINEERING_MIM_LF { 1 0 10303 442 3 1 4 }'));
ENDSEC;

DATA;
#10=SHAPE_REPRESENTATION_RELATIONSHIP('','',#1639,#11);
#11=ADVANCED_BREP_SHAPE_REPRESENTATION('',(#1637),#2761);
#12=CYLINDRICAL_SURFACE('',#1730,0.0014);
#13=CYLINDRICAL_SURFACE('',#1731,0.0014);
#14=CYLINDRICAL_SURFACE('',#1732,0.0014);
#15=CYLINDRICAL_SURFACE('',#1734,0.0014);
#16=CYLINDRICAL_SURFACE('',#1735,0.0014);
#17=CYLINDRICAL_SURFACE('',#1737,0.0014);
#18=CYLINDRICAL_SURFACE('',#1739,0.0014);
#19=CYLINDRICAL_SURFACE('',#1741,0.0014);
#20=CYLINDRICAL_SURFACE('',#1746,0.016);
#21=CYLINDRICAL_SURFACE('',#1747,0.016);
#22=CYLINDRICAL_SURFACE('',#1748,0.0141);
#23=CYLINDRICAL_SURFACE('',#1749,0.0141);
#24=CYLINDRICAL_SURFACE('',#1753,0.0018288);
#25=CYLINDRICAL_SURFACE('',#1754,0.0018288);
#26=CYLINDRICAL_SURFACE('',#1755,0.0018288);
#27=CYLINDRICAL_SURFACE('',#1756,0.0018288);
#28=CYLINDRICAL_SURFACE('',#1757,0.0018288);
#29=CYLINDRICAL_SURFACE('',#1761,0.0018288);
#30=CYLINDRICAL_SURFACE('',#1762,0.0018288);
#31=CYLINDRICAL_SURFACE('',#1763,0.0018288);
#32=CYLINDRICAL_SURFACE('',#1767,0.0018288);
#33=CYLINDRICAL_SURFACE('',#1768,0.0018288);
#34=CYLINDRICAL_SURFACE('',#1769,0.0018288);
#35=CYLINDRICAL_SURFACE('',#1771,0.01271);
#36=CYLINDRICAL_SURFACE('',#1774,0.01271);
#37=CYLINDRICAL_SURFACE('',#1777,0.0018288);
#38=CYLINDRICAL_SURFACE('',#1778,0.0018288);
#39=CYLINDRICAL_SURFACE('',#1779,0.0018288);
#40=CYLINDRICAL_SURFACE('',#1780,0.0018288);
#41=CYLINDRICAL_SURFACE('',#1781,0.0018288);
#42=CYLINDRICAL_SURFACE('',#1783,0.01271);
#43=CYLINDRICAL_SURFACE('',#1784,0.01271);
#44=CYLINDRICAL_SURFACE('',#1789,0.0018288);
#45=CYLINDRICAL_SURFACE('',#1790,0.0018288);
#46=CYLINDRICAL_SURFACE('',#1791,0.0018288);
#47=CYLINDRICAL_SURFACE('',#1792,0.0018288);
#48=CYLINDRICAL_SURFACE('',#1793,0.0018288);
#49=CYLINDRICAL_SURFACE('',#1797,0.003175);
#50=CYLINDRICAL_SURFACE('',#1798,0.003175);
#51=CYLINDRICAL_SURFACE('',#1799,0.00635);
#52=CYLINDRICAL_SURFACE('',#1802,0.00635);
#53=CYLINDRICAL_SURFACE('',#1805,0.00635);
#54=CYLINDRICAL_SURFACE('',#1808,0.00635);
#55=CIRCLE('',#1643,0.0018288);
#56=CIRCLE('',#1644,0.0018288);
#57=CIRCLE('',#1645,0.0018288);
#58=CIRCLE('',#1646,0.00635);
#59=CIRCLE('',#1647,0.016);
#60=CIRCLE('',#1648,0.016);
#61=CIRCLE('',#1649,0.00635);
#62=CIRCLE('',#1650,0.00635);
#63=CIRCLE('',#1651,0.003175);
#64=CIRCLE('',#1652,0.003175);
#65=CIRCLE('',#1653,0.00635);
#66=CIRCLE('',#1654,0.0014);
#67=CIRCLE('',#1655,0.0014);
#68=CIRCLE('',#1656,0.0014);
#69=CIRCLE('',#1657,0.0014);
#70=CIRCLE('',#1658,0.0018288);
#71=CIRCLE('',#1659,0.0018288);
#72=CIRCLE('',#1660,0.0018288);
#73=CIRCLE('',#1661,0.0018288);
#74=CIRCLE('',#1662,0.0141);
#75=CIRCLE('',#1663,0.0018288);
#76=CIRCLE('',#1664,0.0141);
#77=CIRCLE('',#1665,0.0018288);
#78=CIRCLE('',#1666,0.0018288);
#79=CIRCLE('',#1667,0.0018288);
#80=CIRCLE('',#1668,0.01271);
#81=CIRCLE('',#1669,0.0018288);
#82=CIRCLE('',#1670,0.0018288);
#83=CIRCLE('',#1671,0.0018288);
#84=CIRCLE('',#1672,0.0018288);
#85=CIRCLE('',#1673,0.01271);
#86=CIRCLE('',#1674,0.0018288);
#87=CIRCLE('',#1675,0.0018288);
#88=CIRCLE('',#1676,0.0018288);
#89=CIRCLE('',#1677,0.0018288);
#90=CIRCLE('',#1678,0.0018288);
#91=CIRCLE('',#1679,0.01271);
#92=CIRCLE('',#1680,0.0018288);
#93=CIRCLE('',#1681,0.01271);
#94=CIRCLE('',#1683,0.0018288);
#95=CIRCLE('',#1684,0.0018288);
#96=CIRCLE('',#1685,0.0018288);
#97=CIRCLE('',#1686,0.0018288);
#98=CIRCLE('',#1687,0.0018288);
#99=CIRCLE('',#1688,0.0141);
#100=CIRCLE('',#1689,0.0018288);
#101=CIRCLE('',#1690,0.0141);
#102=CIRCLE('',#1691,0.0018288);
#103=CIRCLE('',#1692,0.0018288);
#104=CIRCLE('',#1693,0.003175);
#105=CIRCLE('',#1694,0.003175);
#106=CIRCLE('',#1695,0.016);
#107=CIRCLE('',#1696,0.016);
#108=CIRCLE('',#1697,0.0014);
#109=CIRCLE('',#1698,0.0014);
#110=CIRCLE('',#1699,0.0014);
#111=CIRCLE('',#1700,0.0014);
#112=CIRCLE('',#1701,0.0014);
#113=CIRCLE('',#1702,0.0014);
#114=CIRCLE('',#1703,0.0014);
#115=CIRCLE('',#1704,0.0014);
#116=CIRCLE('',#1705,0.0018288);
#117=CIRCLE('',#1706,0.0018288);
#118=CIRCLE('',#1707,0.0018288);
#119=CIRCLE('',#1708,0.0018288);
#120=CIRCLE('',#1709,0.0018288);
#121=CIRCLE('',#1710,0.0018288);
#122=CIRCLE('',#1711,0.01271);
#123=CIRCLE('',#1712,0.0018288);
#124=CIRCLE('',#1713,0.01271);
#125=CIRCLE('',#1714,0.0018288);
#126=CIRCLE('',#1715,0.0018288);
#127=CIRCLE('',#1716,0.0018288);
#128=CIRCLE('',#1717,0.01271);
#129=CIRCLE('',#1718,0.0018288);
#130=CIRCLE('',#1719,0.01271);
#131=CIRCLE('',#1720,0.0018288);
#132=CIRCLE('',#1721,0.0018288);
#133=CIRCLE('',#1736,0.0014);
#134=CIRCLE('',#1738,0.0014);
#135=CIRCLE('',#1740,0.0014);
#136=CIRCLE('',#1742,0.0014);
#137=CIRCLE('',#1800,0.00635);
#138=CIRCLE('',#1803,0.00635);
#139=CIRCLE('',#1806,0.00635);
#140=CIRCLE('',#1809,0.00635);
#141=ORIENTED_EDGE('',*,*,#593,.F.);
#142=ORIENTED_EDGE('',*,*,#594,.T.);
#143=ORIENTED_EDGE('',*,*,#595,.F.);
#144=ORIENTED_EDGE('',*,*,#596,.F.);
#145=ORIENTED_EDGE('',*,*,#597,.F.);
#146=ORIENTED_EDGE('',*,*,#598,.F.);
#147=ORIENTED_EDGE('',*,*,#599,.T.);
#148=ORIENTED_EDGE('',*,*,#596,.T.);
#149=ORIENTED_EDGE('',*,*,#600,.T.);
#150=ORIENTED_EDGE('',*,*,#601,.F.);
#151=ORIENTED_EDGE('',*,*,#602,.F.);
#152=ORIENTED_EDGE('',*,*,#603,.T.);
#153=ORIENTED_EDGE('',*,*,#604,.F.);
#154=ORIENTED_EDGE('',*,*,#605,.T.);
#155=ORIENTED_EDGE('',*,*,#606,.F.);
#156=ORIENTED_EDGE('',*,*,#607,.F.);
#157=ORIENTED_EDGE('',*,*,#608,.F.);
#158=ORIENTED_EDGE('',*,*,#609,.T.);
#159=ORIENTED_EDGE('',*,*,#610,.T.);
#160=ORIENTED_EDGE('',*,*,#611,.F.);
#161=ORIENTED_EDGE('',*,*,#612,.T.);
#162=ORIENTED_EDGE('',*,*,#613,.T.);
#163=ORIENTED_EDGE('',*,*,#614,.T.);
#164=ORIENTED_EDGE('',*,*,#615,.F.);
#165=ORIENTED_EDGE('',*,*,#616,.F.);
#166=ORIENTED_EDGE('',*,*,#617,.T.);
#167=ORIENTED_EDGE('',*,*,#618,.T.);
#168=ORIENTED_EDGE('',*,*,#619,.T.);
#169=ORIENTED_EDGE('',*,*,#620,.F.);
#170=ORIENTED_EDGE('',*,*,#621,.F.);
#171=ORIENTED_EDGE('',*,*,#622,.F.);
#172=ORIENTED_EDGE('',*,*,#623,.F.);
#173=ORIENTED_EDGE('',*,*,#624,.F.);
#174=ORIENTED_EDGE('',*,*,#625,.T.);
#175=ORIENTED_EDGE('',*,*,#626,.F.);
#176=ORIENTED_EDGE('',*,*,#627,.T.);
#177=ORIENTED_EDGE('',*,*,#628,.T.);
#178=ORIENTED_EDGE('',*,*,#629,.F.);
#179=ORIENTED_EDGE('',*,*,#630,.F.);
#180=ORIENTED_EDGE('',*,*,#631,.F.);
#181=ORIENTED_EDGE('',*,*,#632,.F.);
#182=ORIENTED_EDGE('',*,*,#633,.F.);
#183=ORIENTED_EDGE('',*,*,#634,.F.);
#184=ORIENTED_EDGE('',*,*,#635,.T.);
#185=ORIENTED_EDGE('',*,*,#636,.F.);
#186=ORIENTED_EDGE('',*,*,#637,.T.);
#187=ORIENTED_EDGE('',*,*,#638,.F.);
#188=ORIENTED_EDGE('',*,*,#639,.T.);
#189=ORIENTED_EDGE('',*,*,#640,.F.);
#190=ORIENTED_EDGE('',*,*,#641,.T.);
#191=ORIENTED_EDGE('',*,*,#642,.F.);
#192=ORIENTED_EDGE('',*,*,#643,.T.);
#193=ORIENTED_EDGE('',*,*,#644,.F.);
#194=ORIENTED_EDGE('',*,*,#645,.T.);
#195=ORIENTED_EDGE('',*,*,#646,.F.);
#196=ORIENTED_EDGE('',*,*,#647,.T.);
#197=ORIENTED_EDGE('',*,*,#648,.F.);
#198=ORIENTED_EDGE('',*,*,#649,.T.);
#199=ORIENTED_EDGE('',*,*,#650,.F.);
#200=ORIENTED_EDGE('',*,*,#651,.T.);
#201=ORIENTED_EDGE('',*,*,#652,.F.);
#202=ORIENTED_EDGE('',*,*,#653,.T.);
#203=ORIENTED_EDGE('',*,*,#654,.F.);
#204=ORIENTED_EDGE('',*,*,#655,.F.);
#205=ORIENTED_EDGE('',*,*,#656,.F.);
#206=ORIENTED_EDGE('',*,*,#657,.T.);
#207=ORIENTED_EDGE('',*,*,#658,.F.);
#208=ORIENTED_EDGE('',*,*,#659,.F.);
#209=ORIENTED_EDGE('',*,*,#660,.F.);
#210=ORIENTED_EDGE('',*,*,#661,.F.);
#211=ORIENTED_EDGE('',*,*,#662,.F.);
#212=ORIENTED_EDGE('',*,*,#663,.T.);
#213=ORIENTED_EDGE('',*,*,#664,.F.);
#214=ORIENTED_EDGE('',*,*,#665,.T.);
#215=ORIENTED_EDGE('',*,*,#666,.F.);
#216=ORIENTED_EDGE('',*,*,#667,.T.);
#217=ORIENTED_EDGE('',*,*,#668,.F.);
#218=ORIENTED_EDGE('',*,*,#669,.F.);
#219=ORIENTED_EDGE('',*,*,#670,.F.);
#220=ORIENTED_EDGE('',*,*,#671,.F.);
#221=ORIENTED_EDGE('',*,*,#672,.T.);
#222=ORIENTED_EDGE('',*,*,#673,.F.);
#223=ORIENTED_EDGE('',*,*,#674,.F.);
#224=ORIENTED_EDGE('',*,*,#675,.T.);
#225=ORIENTED_EDGE('',*,*,#676,.F.);
#226=ORIENTED_EDGE('',*,*,#677,.T.);
#227=ORIENTED_EDGE('',*,*,#678,.T.);
#228=ORIENTED_EDGE('',*,*,#679,.T.);
#229=ORIENTED_EDGE('',*,*,#680,.F.);
#230=ORIENTED_EDGE('',*,*,#681,.T.);
#231=ORIENTED_EDGE('',*,*,#682,.F.);
#232=ORIENTED_EDGE('',*,*,#683,.T.);
#233=ORIENTED_EDGE('',*,*,#684,.F.);
#234=ORIENTED_EDGE('',*,*,#685,.T.);
#235=ORIENTED_EDGE('',*,*,#686,.F.);
#236=ORIENTED_EDGE('',*,*,#687,.T.);
#237=ORIENTED_EDGE('',*,*,#688,.F.);
#238=ORIENTED_EDGE('',*,*,#689,.T.);
#239=ORIENTED_EDGE('',*,*,#690,.F.);
#240=ORIENTED_EDGE('',*,*,#691,.T.);
#241=ORIENTED_EDGE('',*,*,#692,.T.);
#242=ORIENTED_EDGE('',*,*,#693,.T.);
#243=ORIENTED_EDGE('',*,*,#694,.T.);
#244=ORIENTED_EDGE('',*,*,#695,.F.);
#245=ORIENTED_EDGE('',*,*,#696,.T.);
#246=ORIENTED_EDGE('',*,*,#697,.F.);
#247=ORIENTED_EDGE('',*,*,#698,.T.);
#248=ORIENTED_EDGE('',*,*,#699,.T.);
#249=ORIENTED_EDGE('',*,*,#700,.T.);
#250=ORIENTED_EDGE('',*,*,#701,.F.);
#251=ORIENTED_EDGE('',*,*,#702,.F.);
#252=ORIENTED_EDGE('',*,*,#703,.F.);
#253=ORIENTED_EDGE('',*,*,#704,.F.);
#254=ORIENTED_EDGE('',*,*,#705,.F.);
#255=ORIENTED_EDGE('',*,*,#706,.T.);
#256=ORIENTED_EDGE('',*,*,#707,.T.);
#257=ORIENTED_EDGE('',*,*,#708,.F.);
#258=ORIENTED_EDGE('',*,*,#709,.T.);
#259=ORIENTED_EDGE('',*,*,#710,.T.);
#260=ORIENTED_EDGE('',*,*,#711,.F.);
#261=ORIENTED_EDGE('',*,*,#594,.F.);
#262=ORIENTED_EDGE('',*,*,#712,.F.);
#263=ORIENTED_EDGE('',*,*,#713,.T.);
#264=ORIENTED_EDGE('',*,*,#714,.T.);
#265=ORIENTED_EDGE('',*,*,#715,.T.);
#266=ORIENTED_EDGE('',*,*,#716,.T.);
#267=ORIENTED_EDGE('',*,*,#717,.F.);
#268=ORIENTED_EDGE('',*,*,#718,.T.);
#269=ORIENTED_EDGE('',*,*,#719,.F.);
#270=ORIENTED_EDGE('',*,*,#720,.T.);
#271=ORIENTED_EDGE('',*,*,#721,.F.);
#272=ORIENTED_EDGE('',*,*,#722,.T.);
#273=ORIENTED_EDGE('',*,*,#723,.T.);
#274=ORIENTED_EDGE('',*,*,#724,.T.);
#275=ORIENTED_EDGE('',*,*,#725,.T.);
#276=ORIENTED_EDGE('',*,*,#726,.F.);
#277=ORIENTED_EDGE('',*,*,#727,.T.);
#278=ORIENTED_EDGE('',*,*,#728,.F.);
#279=ORIENTED_EDGE('',*,*,#729,.F.);
#280=ORIENTED_EDGE('',*,*,#730,.T.);
#281=ORIENTED_EDGE('',*,*,#731,.T.);
#282=ORIENTED_EDGE('',*,*,#732,.F.);
#283=ORIENTED_EDGE('',*,*,#733,.T.);
#284=ORIENTED_EDGE('',*,*,#734,.F.);
#285=ORIENTED_EDGE('',*,*,#735,.F.);
#286=ORIENTED_EDGE('',*,*,#736,.T.);
#287=ORIENTED_EDGE('',*,*,#737,.F.);
#288=ORIENTED_EDGE('',*,*,#738,.T.);
#289=ORIENTED_EDGE('',*,*,#739,.F.);
#290=ORIENTED_EDGE('',*,*,#740,.F.);
#291=ORIENTED_EDGE('',*,*,#741,.T.);
#292=ORIENTED_EDGE('',*,*,#742,.F.);
#293=ORIENTED_EDGE('',*,*,#743,.T.);
#294=ORIENTED_EDGE('',*,*,#744,.T.);
#295=ORIENTED_EDGE('',*,*,#745,.F.);
#296=ORIENTED_EDGE('',*,*,#746,.T.);
#297=ORIENTED_EDGE('',*,*,#619,.F.);
#298=ORIENTED_EDGE('',*,*,#747,.T.);
#299=ORIENTED_EDGE('',*,*,#695,.T.);
#300=ORIENTED_EDGE('',*,*,#748,.F.);
#301=ORIENTED_EDGE('',*,*,#692,.F.);
#302=ORIENTED_EDGE('',*,*,#749,.T.);
#303=ORIENTED_EDGE('',*,*,#626,.T.);
#304=ORIENTED_EDGE('',*,*,#750,.T.);
#305=ORIENTED_EDGE('',*,*,#628,.F.);
#306=ORIENTED_EDGE('',*,*,#751,.T.);
#307=ORIENTED_EDGE('',*,*,#690,.T.);
#308=ORIENTED_EDGE('',*,*,#752,.F.);
#309=ORIENTED_EDGE('',*,*,#612,.F.);
#310=ORIENTED_EDGE('',*,*,#610,.F.);
#311=ORIENTED_EDGE('',*,*,#701,.T.);
#312=ORIENTED_EDGE('',*,*,#753,.T.);
#313=ORIENTED_EDGE('',*,*,#613,.F.);
#314=ORIENTED_EDGE('',*,*,#752,.T.);
#315=ORIENTED_EDGE('',*,*,#709,.F.);
#316=ORIENTED_EDGE('',*,*,#754,.F.);
#317=ORIENTED_EDGE('',*,*,#602,.T.);
#318=ORIENTED_EDGE('',*,*,#755,.T.);
#319=ORIENTED_EDGE('',*,*,#708,.T.);
#320=ORIENTED_EDGE('',*,*,#756,.T.);
#321=ORIENTED_EDGE('',*,*,#603,.F.);
#322=ORIENTED_EDGE('',*,*,#754,.T.);
#323=ORIENTED_EDGE('',*,*,#711,.T.);
#324=ORIENTED_EDGE('',*,*,#757,.F.);
#325=ORIENTED_EDGE('',*,*,#600,.F.);
#326=ORIENTED_EDGE('',*,*,#595,.T.);
#327=ORIENTED_EDGE('',*,*,#694,.F.);
#328=ORIENTED_EDGE('',*,*,#758,.T.);
#329=ORIENTED_EDGE('',*,*,#624,.T.);
#330=ORIENTED_EDGE('',*,*,#622,.T.);
#331=ORIENTED_EDGE('',*,*,#620,.T.);
#332=ORIENTED_EDGE('',*,*,#748,.T.);
#333=ORIENTED_EDGE('',*,*,#632,.T.);
#334=ORIENTED_EDGE('',*,*,#715,.F.);
#335=ORIENTED_EDGE('',*,*,#631,.T.);
#336=ORIENTED_EDGE('',*,*,#714,.F.);
#337=ORIENTED_EDGE('',*,*,#630,.T.);
#338=ORIENTED_EDGE('',*,*,#713,.F.);
#339=ORIENTED_EDGE('',*,*,#710,.F.);
#340=ORIENTED_EDGE('',*,*,#755,.F.);
#341=ORIENTED_EDGE('',*,*,#601,.T.);
#342=ORIENTED_EDGE('',*,*,#757,.T.);
#343=ORIENTED_EDGE('',*,*,#633,.T.);
#344=ORIENTED_EDGE('',*,*,#716,.F.);
#345=ORIENTED_EDGE('',*,*,#705,.T.);
#346=ORIENTED_EDGE('',*,*,#759,.F.);
#347=ORIENTED_EDGE('',*,*,#704,.T.);
#348=ORIENTED_EDGE('',*,*,#760,.F.);
#349=ORIENTED_EDGE('',*,*,#703,.T.);
#350=ORIENTED_EDGE('',*,*,#761,.F.);
#351=ORIENTED_EDGE('',*,*,#702,.T.);
#352=ORIENTED_EDGE('',*,*,#762,.F.);
#353=ORIENTED_EDGE('',*,*,#615,.T.);
#354=ORIENTED_EDGE('',*,*,#763,.T.);
#355=ORIENTED_EDGE('',*,*,#699,.F.);
#356=ORIENTED_EDGE('',*,*,#764,.T.);
#357=ORIENTED_EDGE('',*,*,#697,.T.);
#358=ORIENTED_EDGE('',*,*,#765,.T.);
#359=ORIENTED_EDGE('',*,*,#617,.F.);
#360=ORIENTED_EDGE('',*,*,#766,.F.);
#361=ORIENTED_EDGE('',*,*,#766,.T.);
#362=ORIENTED_EDGE('',*,*,#616,.T.);
#363=ORIENTED_EDGE('',*,*,#764,.F.);
#364=ORIENTED_EDGE('',*,*,#698,.F.);
#365=ORIENTED_EDGE('',*,*,#696,.F.);
#366=ORIENTED_EDGE('',*,*,#747,.F.);
#367=ORIENTED_EDGE('',*,*,#618,.F.);
#368=ORIENTED_EDGE('',*,*,#765,.F.);
#369=ORIENTED_EDGE('',*,*,#700,.F.);
#370=ORIENTED_EDGE('',*,*,#763,.F.);
#371=ORIENTED_EDGE('',*,*,#614,.F.);
#372=ORIENTED_EDGE('',*,*,#753,.F.);
#373=ORIENTED_EDGE('',*,*,#686,.T.);
#374=ORIENTED_EDGE('',*,*,#767,.F.);
#375=ORIENTED_EDGE('',*,*,#641,.F.);
#376=ORIENTED_EDGE('',*,*,#768,.F.);
#377=ORIENTED_EDGE('',*,*,#684,.T.);
#378=ORIENTED_EDGE('',*,*,#769,.F.);
#379=ORIENTED_EDGE('',*,*,#643,.F.);
#380=ORIENTED_EDGE('',*,*,#770,.F.);
#381=ORIENTED_EDGE('',*,*,#680,.T.);
#382=ORIENTED_EDGE('',*,*,#771,.F.);
#383=ORIENTED_EDGE('',*,*,#637,.F.);
#384=ORIENTED_EDGE('',*,*,#772,.F.);
#385=ORIENTED_EDGE('',*,*,#682,.T.);
#386=ORIENTED_EDGE('',*,*,#773,.F.);
#387=ORIENTED_EDGE('',*,*,#635,.F.);
#388=ORIENTED_EDGE('',*,*,#774,.F.);
#389=ORIENTED_EDGE('',*,*,#688,.T.);
#390=ORIENTED_EDGE('',*,*,#775,.F.);
#391=ORIENTED_EDGE('',*,*,#639,.F.);
#392=ORIENTED_EDGE('',*,*,#776,.F.);
#393=ORIENTED_EDGE('',*,*,#776,.T.);
#394=ORIENTED_EDGE('',*,*,#638,.T.);
#395=ORIENTED_EDGE('',*,*,#771,.T.);
#396=ORIENTED_EDGE('',*,*,#689,.F.);
#397=ORIENTED_EDGE('',*,*,#772,.T.);
#398=ORIENTED_EDGE('',*,*,#636,.T.);
#399=ORIENTED_EDGE('',*,*,#773,.T.);
#400=ORIENTED_EDGE('',*,*,#681,.F.);
#401=ORIENTED_EDGE('',*,*,#774,.T.);
#402=ORIENTED_EDGE('',*,*,#634,.T.);
#403=ORIENTED_EDGE('',*,*,#769,.T.);
#404=ORIENTED_EDGE('',*,*,#683,.F.);
#405=ORIENTED_EDGE('',*,*,#768,.T.);
#406=ORIENTED_EDGE('',*,*,#640,.T.);
#407=ORIENTED_EDGE('',*,*,#775,.T.);
#408=ORIENTED_EDGE('',*,*,#687,.F.);
#409=ORIENTED_EDGE('',*,*,#770,.T.);
#410=ORIENTED_EDGE('',*,*,#642,.T.);
#411=ORIENTED_EDGE('',*,*,#767,.T.);
#412=ORIENTED_EDGE('',*,*,#685,.F.);
#413=ORIENTED_EDGE('',*,*,#719,.T.);
#414=ORIENTED_EDGE('',*,*,#777,.F.);
#415=ORIENTED_EDGE('',*,*,#649,.F.);
#416=ORIENTED_EDGE('',*,*,#778,.F.);
#417=ORIENTED_EDGE('',*,*,#717,.T.);
#418=ORIENTED_EDGE('',*,*,#779,.F.);
#419=ORIENTED_EDGE('',*,*,#645,.F.);
#420=ORIENTED_EDGE('',*,*,#780,.F.);
#421=ORIENTED_EDGE('',*,*,#721,.T.);
#422=ORIENTED_EDGE('',*,*,#781,.F.);
#423=ORIENTED_EDGE('',*,*,#647,.F.);
#424=ORIENTED_EDGE('',*,*,#782,.F.);
#425=ORIENTED_EDGE('',*,*,#782,.T.);
#426=ORIENTED_EDGE('',*,*,#646,.T.);
#427=ORIENTED_EDGE('',*,*,#779,.T.);
#428=ORIENTED_EDGE('',*,*,#722,.F.);
#429=ORIENTED_EDGE('',*,*,#780,.T.);
#430=ORIENTED_EDGE('',*,*,#644,.T.);
#431=ORIENTED_EDGE('',*,*,#777,.T.);
#432=ORIENTED_EDGE('',*,*,#718,.F.);
#433=ORIENTED_EDGE('',*,*,#778,.T.);
#434=ORIENTED_EDGE('',*,*,#648,.T.);
#435=ORIENTED_EDGE('',*,*,#781,.T.);
#436=ORIENTED_EDGE('',*,*,#720,.F.);
#437=ORIENTED_EDGE('',*,*,#783,.F.);
#438=ORIENTED_EDGE('',*,*,#607,.T.);
#439=ORIENTED_EDGE('',*,*,#784,.F.);
#440=ORIENTED_EDGE('',*,*,#678,.F.);
#441=ORIENTED_EDGE('',*,*,#674,.T.);
#442=ORIENTED_EDGE('',*,*,#785,.F.);
#443=ORIENTED_EDGE('',*,*,#605,.F.);
#444=ORIENTED_EDGE('',*,*,#786,.F.);
#445=ORIENTED_EDGE('',*,*,#676,.T.);
#446=ORIENTED_EDGE('',*,*,#787,.F.);
#447=ORIENTED_EDGE('',*,*,#609,.F.);
#448=ORIENTED_EDGE('',*,*,#788,.F.);
#449=ORIENTED_EDGE('',*,*,#786,.T.);
#450=ORIENTED_EDGE('',*,*,#604,.T.);
#451=ORIENTED_EDGE('',*,*,#787,.T.);
#452=ORIENTED_EDGE('',*,*,#675,.F.);
#453=ORIENTED_EDGE('',*,*,#784,.T.);
#454=ORIENTED_EDGE('',*,*,#606,.T.);
#455=ORIENTED_EDGE('',*,*,#785,.T.);
#456=ORIENTED_EDGE('',*,*,#679,.F.);
#457=ORIENTED_EDGE('',*,*,#788,.T.);
#458=ORIENTED_EDGE('',*,*,#608,.T.);
#459=ORIENTED_EDGE('',*,*,#783,.T.);
#460=ORIENTED_EDGE('',*,*,#677,.F.);
#461=ORIENTED_EDGE('',*,*,#789,.F.);
#462=ORIENTED_EDGE('',*,*,#660,.T.);
#463=ORIENTED_EDGE('',*,*,#790,.F.);
#464=ORIENTED_EDGE('',*,*,#731,.F.);
#465=ORIENTED_EDGE('',*,*,#729,.T.);
#466=ORIENTED_EDGE('',*,*,#791,.T.);
#467=ORIENTED_EDGE('',*,*,#650,.T.);
#468=ORIENTED_EDGE('',*,*,#792,.F.);
#469=ORIENTED_EDGE('',*,*,#728,.T.);
#470=ORIENTED_EDGE('',*,*,#793,.F.);
#471=ORIENTED_EDGE('',*,*,#651,.F.);
#472=ORIENTED_EDGE('',*,*,#791,.F.);
#473=ORIENTED_EDGE('',*,*,#794,.F.);
#474=ORIENTED_EDGE('',*,*,#655,.T.);
#475=ORIENTED_EDGE('',*,*,#795,.F.);
#476=ORIENTED_EDGE('',*,*,#724,.F.);
#477=ORIENTED_EDGE('',*,*,#732,.T.);
#478=ORIENTED_EDGE('',*,*,#790,.T.);
#479=ORIENTED_EDGE('',*,*,#659,.T.);
#480=ORIENTED_EDGE('',*,*,#796,.F.);
#481=ORIENTED_EDGE('',*,*,#726,.T.);
#482=ORIENTED_EDGE('',*,*,#797,.F.);
#483=ORIENTED_EDGE('',*,*,#653,.F.);
#484=ORIENTED_EDGE('',*,*,#798,.F.);
#485=ORIENTED_EDGE('',*,*,#734,.T.);
#486=ORIENTED_EDGE('',*,*,#799,.F.);
#487=ORIENTED_EDGE('',*,*,#657,.F.);
#488=ORIENTED_EDGE('',*,*,#800,.F.);
#489=ORIENTED_EDGE('',*,*,#798,.T.);
#490=ORIENTED_EDGE('',*,*,#652,.T.);
#491=ORIENTED_EDGE('',*,*,#793,.T.);
#492=ORIENTED_EDGE('',*,*,#727,.F.);
#493=ORIENTED_EDGE('',*,*,#796,.T.);
#494=ORIENTED_EDGE('',*,*,#658,.T.);
#495=ORIENTED_EDGE('',*,*,#799,.T.);
#496=ORIENTED_EDGE('',*,*,#733,.F.);
#497=ORIENTED_EDGE('',*,*,#795,.T.);
#498=ORIENTED_EDGE('',*,*,#654,.T.);
#499=ORIENTED_EDGE('',*,*,#797,.T.);
#500=ORIENTED_EDGE('',*,*,#725,.F.);
#501=ORIENTED_EDGE('',*,*,#800,.T.);
#502=ORIENTED_EDGE('',*,*,#656,.T.);
#503=ORIENTED_EDGE('',*,*,#794,.T.);
#504=ORIENTED_EDGE('',*,*,#723,.F.);
#505=ORIENTED_EDGE('',*,*,#792,.T.);
#506=ORIENTED_EDGE('',*,*,#661,.T.);
#507=ORIENTED_EDGE('',*,*,#789,.T.);
#508=ORIENTED_EDGE('',*,*,#730,.F.);
#509=ORIENTED_EDGE('',*,*,#801,.F.);
#510=ORIENTED_EDGE('',*,*,#669,.T.);
#511=ORIENTED_EDGE('',*,*,#802,.F.);
#512=ORIENTED_EDGE('',*,*,#743,.F.);
#513=ORIENTED_EDGE('',*,*,#739,.T.);
#514=ORIENTED_EDGE('',*,*,#803,.F.);
#515=ORIENTED_EDGE('',*,*,#673,.T.);
#516=ORIENTED_EDGE('',*,*,#804,.T.);
#517=ORIENTED_EDGE('',*,*,#742,.T.);
#518=ORIENTED_EDGE('',*,*,#805,.F.);
#519=ORIENTED_EDGE('',*,*,#670,.T.);
#520=ORIENTED_EDGE('',*,*,#801,.T.);
#521=ORIENTED_EDGE('',*,*,#735,.T.);
#522=ORIENTED_EDGE('',*,*,#806,.F.);
#523=ORIENTED_EDGE('',*,*,#665,.F.);
#524=ORIENTED_EDGE('',*,*,#807,.F.);
#525=ORIENTED_EDGE('',*,*,#740,.T.);
#526=ORIENTED_EDGE('',*,*,#804,.F.);
#527=ORIENTED_EDGE('',*,*,#672,.F.);
#528=ORIENTED_EDGE('',*,*,#808,.F.);
#529=ORIENTED_EDGE('',*,*,#745,.T.);
#530=ORIENTED_EDGE('',*,*,#809,.F.);
#531=ORIENTED_EDGE('',*,*,#667,.F.);
#532=ORIENTED_EDGE('',*,*,#810,.F.);
#533=ORIENTED_EDGE('',*,*,#737,.T.);
#534=ORIENTED_EDGE('',*,*,#811,.F.);
#535=ORIENTED_EDGE('',*,*,#663,.F.);
#536=ORIENTED_EDGE('',*,*,#812,.F.);
#537=ORIENTED_EDGE('',*,*,#802,.T.);
#538=ORIENTED_EDGE('',*,*,#668,.T.);
#539=ORIENTED_EDGE('',*,*,#809,.T.);
#540=ORIENTED_EDGE('',*,*,#744,.F.);
#541=ORIENTED_EDGE('',*,*,#812,.T.);
#542=ORIENTED_EDGE('',*,*,#662,.T.);
#543=ORIENTED_EDGE('',*,*,#803,.T.);
#544=ORIENTED_EDGE('',*,*,#738,.F.);
#545=ORIENTED_EDGE('',*,*,#807,.T.);
#546=ORIENTED_EDGE('',*,*,#664,.T.);
#547=ORIENTED_EDGE('',*,*,#811,.T.);
#548=ORIENTED_EDGE('',*,*,#736,.F.);
#549=ORIENTED_EDGE('',*,*,#810,.T.);
#550=ORIENTED_EDGE('',*,*,#666,.T.);
#551=ORIENTED_EDGE('',*,*,#806,.T.);
#552=ORIENTED_EDGE('',*,*,#746,.F.);
#553=ORIENTED_EDGE('',*,*,#808,.T.);
#554=ORIENTED_EDGE('',*,*,#671,.T.);
#555=ORIENTED_EDGE('',*,*,#805,.T.);
#556=ORIENTED_EDGE('',*,*,#741,.F.);
#557=ORIENTED_EDGE('',*,*,#813,.T.);
#558=ORIENTED_EDGE('',*,*,#598,.T.);
#559=ORIENTED_EDGE('',*,*,#814,.F.);
#560=ORIENTED_EDGE('',*,*,#706,.F.);
#561=ORIENTED_EDGE('',*,*,#814,.T.);
#562=ORIENTED_EDGE('',*,*,#597,.T.);
#563=ORIENTED_EDGE('',*,*,#756,.F.);
#564=ORIENTED_EDGE('',*,*,#707,.F.);
#565=ORIENTED_EDGE('',*,*,#712,.T.);
#566=ORIENTED_EDGE('',*,*,#593,.T.);
#567=ORIENTED_EDGE('',*,*,#599,.F.);
#568=ORIENTED_EDGE('',*,*,#813,.F.);
#569=ORIENTED_EDGE('',*,*,#627,.F.);
#570=ORIENTED_EDGE('',*,*,#749,.F.);
#571=ORIENTED_EDGE('',*,*,#691,.F.);
#572=ORIENTED_EDGE('',*,*,#751,.F.);
#573=ORIENTED_EDGE('',*,*,#625,.F.);
#574=ORIENTED_EDGE('',*,*,#758,.F.);
#575=ORIENTED_EDGE('',*,*,#693,.F.);
#576=ORIENTED_EDGE('',*,*,#750,.F.);
#577=ORIENTED_EDGE('',*,*,#815,.F.);
#578=ORIENTED_EDGE('',*,*,#611,.T.);
#579=ORIENTED_EDGE('',*,*,#762,.T.);
#580=ORIENTED_EDGE('',*,*,#815,.T.);
#581=ORIENTED_EDGE('',*,*,#816,.F.);
#582=ORIENTED_EDGE('',*,*,#621,.T.);
#583=ORIENTED_EDGE('',*,*,#761,.T.);
#584=ORIENTED_EDGE('',*,*,#816,.T.);
#585=ORIENTED_EDGE('',*,*,#817,.F.);
#586=ORIENTED_EDGE('',*,*,#623,.T.);
#587=ORIENTED_EDGE('',*,*,#760,.T.);
#588=ORIENTED_EDGE('',*,*,#817,.T.);
#589=ORIENTED_EDGE('',*,*,#818,.F.);
#590=ORIENTED_EDGE('',*,*,#629,.T.);
#591=ORIENTED_EDGE('',*,*,#759,.T.);
#592=ORIENTED_EDGE('',*,*,#818,.T.);
#593=EDGE_CURVE('',#819,#820,#975,.T.);
#594=EDGE_CURVE('',#819,#821,#976,.T.);
#595=EDGE_CURVE('',#822,#821,#977,.T.);
#596=EDGE_CURVE('',#820,#822,#978,.T.);
#597=EDGE_CURVE('',#823,#824,#979,.T.);
#598=EDGE_CURVE('',#825,#823,#980,.T.);
#599=EDGE_CURVE('',#825,#820,#981,.T.);
#600=EDGE_CURVE('',#822,#826,#982,.T.);
#601=EDGE_CURVE('',#827,#826,#983,.T.);
#602=EDGE_CURVE('',#828,#827,#984,.T.);
#603=EDGE_CURVE('',#828,#824,#985,.T.);
#604=EDGE_CURVE('',#829,#830,#55,.T.);
#605=EDGE_CURVE('',#829,#831,#986,.T.);
#606=EDGE_CURVE('',#832,#831,#56,.T.);
#607=EDGE_CURVE('',#833,#832,#987,.T.);
#608=EDGE_CURVE('',#834,#833,#57,.T.);
#609=EDGE_CURVE('',#834,#830,#988,.T.);
#610=EDGE_CURVE('',#835,#836,#989,.T.);
#611=EDGE_CURVE('',#836,#836,#58,.T.);
#612=EDGE_CURVE('',#836,#837,#990,.T.);
#613=EDGE_CURVE('',#837,#838,#991,.T.);
#614=EDGE_CURVE('',#838,#839,#59,.T.);
#615=EDGE_CURVE('',#840,#839,#992,.T.);
#616=EDGE_CURVE('',#841,#840,#993,.T.);
#617=EDGE_CURVE('',#841,#842,#994,.T.);
#618=EDGE_CURVE('',#842,#843,#60,.T.);
#619=EDGE_CURVE('',#843,#844,#995,.T.);
#620=EDGE_CURVE('',#845,#844,#996,.T.);
#621=EDGE_CURVE('',#845,#845,#61,.T.);
#622=EDGE_CURVE('',#846,#845,#997,.T.);
#623=EDGE_CURVE('',#846,#846,#62,.T.);
#624=EDGE_CURVE('',#847,#846,#998,.T.);
#625=EDGE_CURVE('',#847,#848,#63,.T.);
#626=EDGE_CURVE('',#849,#848,#999,.T.);
#627=EDGE_CURVE('',#849,#850,#64,.T.);
#628=EDGE_CURVE('',#850,#835,#1000,.T.);
#629=EDGE_CURVE('',#835,#835,#65,.T.);
#630=EDGE_CURVE('',#851,#851,#66,.T.);
#631=EDGE_CURVE('',#852,#852,#67,.T.);
#632=EDGE_CURVE('',#853,#853,#68,.T.);
#633=EDGE_CURVE('',#854,#854,#69,.T.);
#634=EDGE_CURVE('',#855,#856,#70,.T.);
#635=EDGE_CURVE('',#855,#857,#1001,.T.);
#636=EDGE_CURVE('',#858,#857,#71,.T.);
#637=EDGE_CURVE('',#858,#859,#1002,.T.);
#638=EDGE_CURVE('',#860,#859,#72,.T.);
#639=EDGE_CURVE('',#860,#861,#1003,.T.);
#640=EDGE_CURVE('',#862,#861,#73,.T.);
#641=EDGE_CURVE('',#862,#863,#74,.T.);
#642=EDGE_CURVE('',#864,#863,#75,.T.);
#643=EDGE_CURVE('',#864,#856,#76,.T.);
#644=EDGE_CURVE('',#865,#866,#77,.T.);
#645=EDGE_CURVE('',#865,#867,#1004,.T.);
#646=EDGE_CURVE('',#868,#867,#78,.T.);
#647=EDGE_CURVE('',#868,#869,#1005,.T.);
#648=EDGE_CURVE('',#870,#869,#79,.T.);
#649=EDGE_CURVE('',#870,#866,#1006,.T.);
#650=EDGE_CURVE('',#871,#872,#80,.F.);
#651=EDGE_CURVE('',#871,#873,#1007,.T.);
#652=EDGE_CURVE('',#874,#873,#81,.T.);
#653=EDGE_CURVE('',#874,#875,#1008,.T.);
#654=EDGE_CURVE('',#876,#875,#82,.T.);
#655=EDGE_CURVE('',#877,#876,#1009,.T.);
#656=EDGE_CURVE('',#878,#877,#83,.T.);
#657=EDGE_CURVE('',#878,#879,#1010,.T.);
#658=EDGE_CURVE('',#880,#879,#84,.T.);
#659=EDGE_CURVE('',#881,#880,#85,.F.);
#660=EDGE_CURVE('',#882,#881,#1011,.T.);
#661=EDGE_CURVE('',#872,#882,#86,.T.);
#662=EDGE_CURVE('',#883,#884,#87,.T.);
#663=EDGE_CURVE('',#883,#885,#1012,.T.);
#664=EDGE_CURVE('',#886,#885,#88,.T.);
#665=EDGE_CURVE('',#886,#887,#1013,.T.);
#666=EDGE_CURVE('',#888,#887,#89,.T.);
#667=EDGE_CURVE('',#888,#889,#1014,.T.);
#668=EDGE_CURVE('',#890,#889,#90,.T.);
#669=EDGE_CURVE('',#891,#890,#1015,.T.);
#670=EDGE_CURVE('',#892,#891,#91,.F.);
#671=EDGE_CURVE('',#893,#892,#92,.T.);
#672=EDGE_CURVE('',#893,#894,#1016,.T.);
#673=EDGE_CURVE('',#884,#894,#93,.F.);
#674=EDGE_CURVE('',#895,#896,#1017,.T.);
#675=EDGE_CURVE('',#895,#897,#94,.T.);
#676=EDGE_CURVE('',#898,#897,#1018,.T.);
#677=EDGE_CURVE('',#898,#899,#95,.T.);
#678=EDGE_CURVE('',#899,#900,#1019,.T.);
#679=EDGE_CURVE('',#900,#896,#96,.T.);
#680=EDGE_CURVE('',#901,#902,#1020,.T.);
#681=EDGE_CURVE('',#901,#903,#97,.T.);
#682=EDGE_CURVE('',#904,#903,#1021,.T.);
#683=EDGE_CURVE('',#904,#905,#98,.T.);
#684=EDGE_CURVE('',#906,#905,#99,.T.);
#685=EDGE_CURVE('',#906,#907,#100,.T.);
#686=EDGE_CURVE('',#908,#907,#101,.T.);
#687=EDGE_CURVE('',#908,#909,#102,.T.);
#688=EDGE_CURVE('',#910,#909,#1022,.T.);
#689=EDGE_CURVE('',#910,#902,#103,.T.);
#690=EDGE_CURVE('',#911,#912,#1023,.T.);
#691=EDGE_CURVE('',#911,#913,#104,.F.);
#692=EDGE_CURVE('',#913,#914,#1024,.T.);
#693=EDGE_CURVE('',#914,#915,#105,.F.);
#694=EDGE_CURVE('',#915,#916,#1025,.T.);
#695=EDGE_CURVE('',#917,#916,#1026,.T.);
#696=EDGE_CURVE('',#917,#918,#106,.F.);
#697=EDGE_CURVE('',#919,#918,#1027,.T.);
#698=EDGE_CURVE('',#919,#920,#1028,.T.);
#699=EDGE_CURVE('',#920,#921,#1029,.T.);
#700=EDGE_CURVE('',#921,#922,#107,.F.);
#701=EDGE_CURVE('',#912,#922,#1030,.T.);
#702=EDGE_CURVE('',#923,#923,#108,.F.);
#703=EDGE_CURVE('',#924,#924,#109,.F.);
#704=EDGE_CURVE('',#925,#925,#110,.F.);
#705=EDGE_CURVE('',#926,#926,#111,.F.);
#706=EDGE_CURVE('',#927,#928,#1031,.T.);
#707=EDGE_CURVE('',#928,#929,#1032,.T.);
#708=EDGE_CURVE('',#930,#929,#1033,.T.);
#709=EDGE_CURVE('',#930,#931,#1034,.T.);
#710=EDGE_CURVE('',#931,#932,#1035,.T.);
#711=EDGE_CURVE('',#821,#932,#1036,.T.);
#712=EDGE_CURVE('',#927,#819,#1037,.T.);
#713=EDGE_CURVE('',#933,#933,#112,.T.);
#714=EDGE_CURVE('',#934,#934,#113,.T.);
#715=EDGE_CURVE('',#935,#935,#114,.T.);
#716=EDGE_CURVE('',#936,#936,#115,.T.);
#717=EDGE_CURVE('',#937,#938,#1038,.T.);
#718=EDGE_CURVE('',#937,#939,#116,.T.);
#719=EDGE_CURVE('',#940,#939,#1039,.T.);
#720=EDGE_CURVE('',#940,#941,#117,.T.);
#721=EDGE_CURVE('',#942,#941,#1040,.T.);
#722=EDGE_CURVE('',#942,#938,#118,.T.);
#723=EDGE_CURVE('',#943,#944,#119,.T.);
#724=EDGE_CURVE('',#944,#945,#1041,.T.);
#725=EDGE_CURVE('',#945,#946,#120,.T.);
#726=EDGE_CURVE('',#947,#946,#1042,.T.);
#727=EDGE_CURVE('',#947,#948,#121,.T.);
#728=EDGE_CURVE('',#949,#948,#1043,.T.);
#729=EDGE_CURVE('',#950,#949,#122,.T.);
#730=EDGE_CURVE('',#950,#951,#123,.T.);
#731=EDGE_CURVE('',#951,#952,#1044,.T.);
#732=EDGE_CURVE('',#953,#952,#124,.T.);
#733=EDGE_CURVE('',#953,#954,#125,.T.);
#734=EDGE_CURVE('',#943,#954,#1045,.T.);
#735=EDGE_CURVE('',#955,#956,#1046,.T.);
#736=EDGE_CURVE('',#955,#957,#126,.T.);
#737=EDGE_CURVE('',#958,#957,#1047,.T.);
#738=EDGE_CURVE('',#958,#959,#127,.T.);
#739=EDGE_CURVE('',#960,#959,#128,.T.);
#740=EDGE_CURVE('',#961,#960,#1048,.T.);
#741=EDGE_CURVE('',#961,#962,#129,.T.);
#742=EDGE_CURVE('',#963,#962,#130,.T.);
#743=EDGE_CURVE('',#963,#964,#1049,.T.);
#744=EDGE_CURVE('',#964,#965,#131,.T.);
#745=EDGE_CURVE('',#966,#965,#1050,.T.);
#746=EDGE_CURVE('',#966,#956,#132,.T.);
#747=EDGE_CURVE('',#843,#917,#1051,.F.);
#748=EDGE_CURVE('',#844,#916,#1052,.T.);
#749=EDGE_CURVE('',#913,#849,#1053,.F.);
#750=EDGE_CURVE('',#848,#914,#1054,.T.);
#751=EDGE_CURVE('',#850,#911,#1055,.T.);
#752=EDGE_CURVE('',#837,#912,#1056,.T.);
#753=EDGE_CURVE('',#922,#838,#1057,.T.);
#754=EDGE_CURVE('',#828,#930,#1058,.T.);
#755=EDGE_CURVE('',#827,#931,#1059,.T.);
#756=EDGE_CURVE('',#929,#824,#1060,.T.);
#757=EDGE_CURVE('',#826,#932,#1061,.T.);
#758=EDGE_CURVE('',#915,#847,#1062,.F.);
#759=EDGE_CURVE('',#967,#967,#133,.T.);
#760=EDGE_CURVE('',#968,#968,#134,.T.);
#761=EDGE_CURVE('',#969,#969,#135,.T.);
#762=EDGE_CURVE('',#970,#970,#136,.T.);
#763=EDGE_CURVE('',#839,#921,#1063,.F.);
#764=EDGE_CURVE('',#920,#840,#1064,.T.);
#765=EDGE_CURVE('',#918,#842,#1065,.T.);
#766=EDGE_CURVE('',#919,#841,#1066,.T.);
#767=EDGE_CURVE('',#863,#907,#1067,.F.);
#768=EDGE_CURVE('',#908,#862,#1068,.T.);
#769=EDGE_CURVE('',#856,#905,#1069,.F.);
#770=EDGE_CURVE('',#906,#864,#1070,.T.);
#771=EDGE_CURVE('',#859,#902,#1071,.F.);
#772=EDGE_CURVE('',#901,#858,#1072,.T.);
#773=EDGE_CURVE('',#857,#903,#1073,.F.);
#774=EDGE_CURVE('',#904,#855,#1074,.T.);
#775=EDGE_CURVE('',#861,#909,#1075,.F.);
#776=EDGE_CURVE('',#910,#860,#1076,.T.);
#777=EDGE_CURVE('',#866,#939,#1077,.F.);
#778=EDGE_CURVE('',#940,#870,#1078,.F.);
#779=EDGE_CURVE('',#867,#938,#1079,.T.);
#780=EDGE_CURVE('',#937,#865,#1080,.T.);
#781=EDGE_CURVE('',#869,#941,#1081,.T.);
#782=EDGE_CURVE('',#942,#868,#1082,.F.);
#783=EDGE_CURVE('',#833,#899,#1083,.T.);
#784=EDGE_CURVE('',#900,#832,#1084,.T.);
#785=EDGE_CURVE('',#831,#896,#1085,.F.);
#786=EDGE_CURVE('',#895,#829,#1086,.T.);
#787=EDGE_CURVE('',#830,#897,#1087,.F.);
#788=EDGE_CURVE('',#898,#834,#1088,.F.);
#789=EDGE_CURVE('',#882,#951,#1089,.F.);
#790=EDGE_CURVE('',#952,#881,#1090,.T.);
#791=EDGE_CURVE('',#949,#871,#1091,.T.);
#792=EDGE_CURVE('',#950,#872,#1092,.F.);
#793=EDGE_CURVE('',#873,#948,#1093,.F.);
#794=EDGE_CURVE('',#877,#944,#1094,.T.);
#795=EDGE_CURVE('',#945,#876,#1095,.T.);
#796=EDGE_CURVE('',#953,#880,#1096,.T.);
#797=EDGE_CURVE('',#875,#946,#1097,.F.);
#798=EDGE_CURVE('',#947,#874,#1098,.T.);
#799=EDGE_CURVE('',#879,#954,#1099,.F.);
#800=EDGE_CURVE('',#943,#878,#1100,.F.);
#801=EDGE_CURVE('',#891,#963,#1101,.F.);
#802=EDGE_CURVE('',#964,#890,#1102,.T.);
#803=EDGE_CURVE('',#884,#959,#1103,.T.);
#804=EDGE_CURVE('',#894,#960,#1104,.F.);
#805=EDGE_CURVE('',#892,#962,#1105,.F.);
#806=EDGE_CURVE('',#887,#956,#1106,.F.);
#807=EDGE_CURVE('',#955,#886,#1107,.F.);
#808=EDGE_CURVE('',#961,#893,#1108,.T.);
#809=EDGE_CURVE('',#889,#965,#1109,.F.);
#810=EDGE_CURVE('',#966,#888,#1110,.T.);
#811=EDGE_CURVE('',#885,#957,#1111,.T.);
#812=EDGE_CURVE('',#958,#883,#1112,.F.);
#813=EDGE_CURVE('',#927,#825,#1113,.T.);
#814=EDGE_CURVE('',#928,#823,#1114,.T.);
#815=EDGE_CURVE('',#971,#971,#137,.T.);
#816=EDGE_CURVE('',#972,#972,#138,.T.);
#817=EDGE_CURVE('',#973,#973,#139,.T.);
#818=EDGE_CURVE('',#974,#974,#140,.T.);
#819=VERTEX_POINT('',#2296);
#820=VERTEX_POINT('',#2297);
#821=VERTEX_POINT('',#2299);
#822=VERTEX_POINT('',#2301);
#823=VERTEX_POINT('',#2305);
#824=VERTEX_POINT('',#2306);
#825=VERTEX_POINT('',#2308);
#826=VERTEX_POINT('',#2311);
#827=VERTEX_POINT('',#2313);
#828=VERTEX_POINT('',#2315);
#829=VERTEX_POINT('',#2318);
#830=VERTEX_POINT('',#2319);
#831=VERTEX_POINT('',#2321);
#832=VERTEX_POINT('',#2323);
#833=VERTEX_POINT('',#2325);
#834=VERTEX_POINT('',#2327);
#835=VERTEX_POINT('',#2330);
#836=VERTEX_POINT('',#2331);
#837=VERTEX_POINT('',#2334);
#838=VERTEX_POINT('',#2336);
#839=VERTEX_POINT('',#2338);
#840=VERTEX_POINT('',#2340);
#841=VERTEX_POINT('',#2342);
#842=VERTEX_POINT('',#2344);
#843=VERTEX_POINT('',#2346);
#844=VERTEX_POINT('',#2348);
#845=VERTEX_POINT('',#2350);
#846=VERTEX_POINT('',#2353);
#847=VERTEX_POINT('',#2356);
#848=VERTEX_POINT('',#2358);
#849=VERTEX_POINT('',#2360);
#850=VERTEX_POINT('',#2362);
#851=VERTEX_POINT('',#2366);
#852=VERTEX_POINT('',#2368);
#853=VERTEX_POINT('',#2370);
#854=VERTEX_POINT('',#2372);
#855=VERTEX_POINT('',#2374);
#856=VERTEX_POINT('',#2375);
#857=VERTEX_POINT('',#2377);
#858=VERTEX_POINT('',#2379);
#859=VERTEX_POINT('',#2381);
#860=VERTEX_POINT('',#2383);
#861=VERTEX_POINT('',#2385);
#862=VERTEX_POINT('',#2387);
#863=VERTEX_POINT('',#2389);
#864=VERTEX_POINT('',#2391);
#865=VERTEX_POINT('',#2394);
#866=VERTEX_POINT('',#2395);
#867=VERTEX_POINT('',#2397);
#868=VERTEX_POINT('',#2399);
#869=VERTEX_POINT('',#2401);
#870=VERTEX_POINT('',#2403);
#871=VERTEX_POINT('',#2406);
#872=VERTEX_POINT('',#2407);
#873=VERTEX_POINT('',#2409);
#874=VERTEX_POINT('',#2411);
#875=VERTEX_POINT('',#2413);
#876=VERTEX_POINT('',#2415);
#877=VERTEX_POINT('',#2417);
#878=VERTEX_POINT('',#2419);
#879=VERTEX_POINT('',#2421);
#880=VERTEX_POINT('',#2423);
#881=VERTEX_POINT('',#2425);
#882=VERTEX_POINT('',#2427);
#883=VERTEX_POINT('',#2430);
#884=VERTEX_POINT('',#2431);
#885=VERTEX_POINT('',#2433);
#886=VERTEX_POINT('',#2435);
#887=VERTEX_POINT('',#2437);
#888=VERTEX_POINT('',#2439);
#889=VERTEX_POINT('',#2441);
#890=VERTEX_POINT('',#2443);
#891=VERTEX_POINT('',#2445);
#892=VERTEX_POINT('',#2447);
#893=VERTEX_POINT('',#2449);
#894=VERTEX_POINT('',#2451);
#895=VERTEX_POINT('',#2455);
#896=VERTEX_POINT('',#2456);
#897=VERTEX_POINT('',#2458);
#898=VERTEX_POINT('',#2460);
#899=VERTEX_POINT('',#2462);
#900=VERTEX_POINT('',#2464);
#901=VERTEX_POINT('',#2467);
#902=VERTEX_POINT('',#2468);
#903=VERTEX_POINT('',#2470);
#904=VERTEX_POINT('',#2472);
#905=VERTEX_POINT('',#2474);
#906=VERTEX_POINT('',#2476);
#907=VERTEX_POINT('',#2478);
#908=VERTEX_POINT('',#2480);
#909=VERTEX_POINT('',#2482);
#910=VERTEX_POINT('',#2484);
#911=VERTEX_POINT('',#2487);
#912=VERTEX_POINT('',#2488);
#913=VERTEX_POINT('',#2490);
#914=VERTEX_POINT('',#2492);
#915=VERTEX_POINT('',#2494);
#916=VERTEX_POINT('',#2496);
#917=VERTEX_POINT('',#2498);
#918=VERTEX_POINT('',#2500);
#919=VERTEX_POINT('',#2502);
#920=VERTEX_POINT('',#2504);
#921=VERTEX_POINT('',#2506);
#922=VERTEX_POINT('',#2508);
#923=VERTEX_POINT('',#2511);
#924=VERTEX_POINT('',#2513);
#925=VERTEX_POINT('',#2515);
#926=VERTEX_POINT('',#2517);
#927=VERTEX_POINT('',#2519);
#928=VERTEX_POINT('',#2520);
#929=VERTEX_POINT('',#2522);
#930=VERTEX_POINT('',#2524);
#931=VERTEX_POINT('',#2526);
#932=VERTEX_POINT('',#2528);
#933=VERTEX_POINT('',#2532);
#934=VERTEX_POINT('',#2534);
#935=VERTEX_POINT('',#2536);
#936=VERTEX_POINT('',#2538);
#937=VERTEX_POINT('',#2540);
#938=VERTEX_POINT('',#2541);
#939=VERTEX_POINT('',#2543);
#940=VERTEX_POINT('',#2545);
#941=VERTEX_POINT('',#2547);
#942=VERTEX_POINT('',#2549);
#943=VERTEX_POINT('',#2552);
#944=VERTEX_POINT('',#2553);
#945=VERTEX_POINT('',#2555);
#946=VERTEX_POINT('',#2557);
#947=VERTEX_POINT('',#2559);
#948=VERTEX_POINT('',#2561);
#949=VERTEX_POINT('',#2563);
#950=VERTEX_POINT('',#2565);
#951=VERTEX_POINT('',#2567);
#952=VERTEX_POINT('',#2569);
#953=VERTEX_POINT('',#2571);
#954=VERTEX_POINT('',#2573);
#955=VERTEX_POINT('',#2576);
#956=VERTEX_POINT('',#2577);
#957=VERTEX_POINT('',#2579);
#958=VERTEX_POINT('',#2581);
#959=VERTEX_POINT('',#2583);
#960=VERTEX_POINT('',#2585);
#961=VERTEX_POINT('',#2587);
#962=VERTEX_POINT('',#2589);
#963=VERTEX_POINT('',#2591);
#964=VERTEX_POINT('',#2593);
#965=VERTEX_POINT('',#2595);
#966=VERTEX_POINT('',#2597);
#967=VERTEX_POINT('',#2626);
#968=VERTEX_POINT('',#2629);
#969=VERTEX_POINT('',#2632);
#970=VERTEX_POINT('',#2635);
#971=VERTEX_POINT('',#2746);
#972=VERTEX_POINT('',#2750);
#973=VERTEX_POINT('',#2754);
#974=VERTEX_POINT('',#2758);
#975=LINE('',#2295,#1115);
#976=LINE('',#2298,#1116);
#977=LINE('',#2300,#1117);
#978=LINE('',#2302,#1118);
#979=LINE('',#2304,#1119);
#980=LINE('',#2307,#1120);
#981=LINE('',#2309,#1121);
#982=LINE('',#2310,#1122);
#983=LINE('',#2312,#1123);
#984=LINE('',#2314,#1124);
#985=LINE('',#2316,#1125);
#986=LINE('',#2320,#1126);
#987=LINE('',#2324,#1127);
#988=LINE('',#2328,#1128);
#989=LINE('',#2329,#1129);
#990=LINE('',#2333,#1130);
#991=LINE('',#2335,#1131);
#992=LINE('',#2339,#1132);
#993=LINE('',#2341,#1133);
#994=LINE('',#2343,#1134);
#995=LINE('',#2347,#1135);
#996=LINE('',#2349,#1136);
#997=LINE('',#2352,#1137);
#998=LINE('',#2355,#1138);
#999=LINE('',#2359,#1139);
#1000=LINE('',#2363,#1140);
#1001=LINE('',#2376,#1141);
#1002=LINE('',#2380,#1142);
#1003=LINE('',#2384,#1143);
#1004=LINE('',#2396,#1144);
#1005=LINE('',#2400,#1145);
#1006=LINE('',#2404,#1146);
#1007=LINE('',#2408,#1147);
#1008=LINE('',#2412,#1148);
#1009=LINE('',#2416,#1149);
#1010=LINE('',#2420,#1150);
#1011=LINE('',#2426,#1151);
#1012=LINE('',#2432,#1152);
#1013=LINE('',#2436,#1153);
#1014=LINE('',#2440,#1154);
#1015=LINE('',#2444,#1155);
#1016=LINE('',#2450,#1156);
#1017=LINE('',#2454,#1157);
#1018=LINE('',#2459,#1158);
#1019=LINE('',#2463,#1159);
#1020=LINE('',#2466,#1160);
#1021=LINE('',#2471,#1161);
#1022=LINE('',#2483,#1162);
#1023=LINE('',#2486,#1163);
#1024=LINE('',#2491,#1164);
#1025=LINE('',#2495,#1165);
#1026=LINE('',#2497,#1166);
#1027=LINE('',#2501,#1167);
#1028=LINE('',#2503,#1168);
#1029=LINE('',#2505,#1169);
#1030=LINE('',#2509,#1170);
#1031=LINE('',#2518,#1171);
#1032=LINE('',#2521,#1172);
#1033=LINE('',#2523,#1173);
#1034=LINE('',#2525,#1174);
#1035=LINE('',#2527,#1175);
#1036=LINE('',#2529,#1176);
#1037=LINE('',#2530,#1177);
#1038=LINE('',#2539,#1178);
#1039=LINE('',#2544,#1179);
#1040=LINE('',#2548,#1180);
#1041=LINE('',#2554,#1181);
#1042=LINE('',#2558,#1182);
#1043=LINE('',#2562,#1183);
#1044=LINE('',#2568,#1184);
#1045=LINE('',#2574,#1185);
#1046=LINE('',#2575,#1186);
#1047=LINE('',#2580,#1187);
#1048=LINE('',#2586,#1188);
#1049=LINE('',#2592,#1189);
#1050=LINE('',#2596,#1190);
#1051=LINE('',#2600,#1191);
#1052=LINE('',#2601,#1192);
#1053=LINE('',#2603,#1193);
#1054=LINE('',#2604,#1194);
#1055=LINE('',#2606,#1195);
#1056=LINE('',#2607,#1196);
#1057=LINE('',#2609,#1197);
#1058=LINE('',#2611,#1198);
#1059=LINE('',#2612,#1199);
#1060=LINE('',#2614,#1200);
#1061=LINE('',#2616,#1201);
#1062=LINE('',#2618,#1202);
#1063=LINE('',#2637,#1203);
#1064=LINE('',#2638,#1204);
#1065=LINE('',#2640,#1205);
#1066=LINE('',#2641,#1206);
#1067=LINE('',#2646,#1207);
#1068=LINE('',#2647,#1208);
#1069=LINE('',#2649,#1209);
#1070=LINE('',#2650,#1210);
#1071=LINE('',#2652,#1211);
#1072=LINE('',#2653,#1212);
#1073=LINE('',#2655,#1213);
#1074=LINE('',#2656,#1214);
#1075=LINE('',#2658,#1215);
#1076=LINE('',#2659,#1216);
#1077=LINE('',#2666,#1217);
#1078=LINE('',#2667,#1218);
#1079=LINE('',#2669,#1219);
#1080=LINE('',#2670,#1220);
#1081=LINE('',#2672,#1221);
#1082=LINE('',#2673,#1222);
#1083=LINE('',#2678,#1223);
#1084=LINE('',#2679,#1224);
#1085=LINE('',#2681,#1225);
#1086=LINE('',#2682,#1226);
#1087=LINE('',#2684,#1227);
#1088=LINE('',#2685,#1228);
#1089=LINE('',#2690,#1229);
#1090=LINE('',#2691,#1230);
#1091=LINE('',#2693,#1231);
#1092=LINE('',#2694,#1232);
#1093=LINE('',#2696,#1233);
#1094=LINE('',#2698,#1234);
#1095=LINE('',#2699,#1235);
#1096=LINE('',#2701,#1236);
#1097=LINE('',#2703,#1237);
#1098=LINE('',#2704,#1238);
#1099=LINE('',#2706,#1239);
#1100=LINE('',#2707,#1240);
#1101=LINE('',#2714,#1241);
#1102=LINE('',#2715,#1242);
#1103=LINE('',#2717,#1243);
#1104=LINE('',#2718,#1244);
#1105=LINE('',#2720,#1245);
#1106=LINE('',#2722,#1246);
#1107=LINE('',#2723,#1247);
#1108=LINE('',#2725,#1248);
#1109=LINE('',#2727,#1249);
#1110=LINE('',#2728,#1250);
#1111=LINE('',#2730,#1251);
#1112=LINE('',#2731,#1252);
#1113=LINE('',#2738,#1253);
#1114=LINE('',#2739,#1254);
#1115=VECTOR('',#1815,1.);
#1116=VECTOR('',#1816,1.);
#1117=VECTOR('',#1817,1.);
#1118=VECTOR('',#1818,1.);
#1119=VECTOR('',#1821,1.);
#1120=VECTOR('',#1822,1.);
#1121=VECTOR('',#1823,1.);
#1122=VECTOR('',#1824,1.);
#1123=VECTOR('',#1825,1.);
#1124=VECTOR('',#1826,1.);
#1125=VECTOR('',#1827,1.);
#1126=VECTOR('',#1830,1.);
#1127=VECTOR('',#1833,1.);
#1128=VECTOR('',#1836,1.);
#1129=VECTOR('',#1837,1.);
#1130=VECTOR('',#1840,1.);
#1131=VECTOR('',#1841,1.);
#1132=VECTOR('',#1844,1.);
#1133=VECTOR('',#1845,1.);
#1134=VECTOR('',#1846,1.);
#1135=VECTOR('',#1849,1.);
#1136=VECTOR('',#1850,1.);
#1137=VECTOR('',#1853,1.);
#1138=VECTOR('',#1856,1.);
#1139=VECTOR('',#1859,1.);
#1140=VECTOR('',#1862,1.);
#1141=VECTOR('',#1875,1.);
#1142=VECTOR('',#1878,1.);
#1143=VECTOR('',#1881,1.);
#1144=VECTOR('',#1892,1.);
#1145=VECTOR('',#1895,1.);
#1146=VECTOR('',#1898,1.);
#1147=VECTOR('',#1901,1.);
#1148=VECTOR('',#1904,1.);
#1149=VECTOR('',#1907,1.);
#1150=VECTOR('',#1910,1.);
#1151=VECTOR('',#1915,1.);
#1152=VECTOR('',#1920,1.);
#1153=VECTOR('',#1923,1.);
#1154=VECTOR('',#1926,1.);
#1155=VECTOR('',#1929,1.);
#1156=VECTOR('',#1934,1.);
#1157=VECTOR('',#1939,1.);
#1158=VECTOR('',#1942,1.);
#1159=VECTOR('',#1945,1.);
#1160=VECTOR('',#1948,1.);
#1161=VECTOR('',#1951,1.);
#1162=VECTOR('',#1962,1.);
#1163=VECTOR('',#1965,1.);
#1164=VECTOR('',#1968,1.);
#1165=VECTOR('',#1971,1.);
#1166=VECTOR('',#1972,1.);
#1167=VECTOR('',#1975,1.);
#1168=VECTOR('',#1976,1.);
#1169=VECTOR('',#1977,1.);
#1170=VECTOR('',#1980,1.);
#1171=VECTOR('',#1989,1.);
#1172=VECTOR('',#1990,1.);
#1173=VECTOR('',#1991,1.);
#1174=VECTOR('',#1992,1.);
#1175=VECTOR('',#1993,1.);
#1176=VECTOR('',#1994,1.);
#1177=VECTOR('',#1995,1.);
#1178=VECTOR('',#2004,1.);
#1179=VECTOR('',#2007,1.);
#1180=VECTOR('',#2010,1.);
#1181=VECTOR('',#2015,1.);
#1182=VECTOR('',#2018,1.);
#1183=VECTOR('',#2021,1.);
#1184=VECTOR('',#2026,1.);
#1185=VECTOR('',#2031,1.);
#1186=VECTOR('',#2032,1.);
#1187=VECTOR('',#2035,1.);
#1188=VECTOR('',#2040,1.);
#1189=VECTOR('',#2045,1.);
#1190=VECTOR('',#2048,1.);
#1191=VECTOR('',#2053,1.);
#1192=VECTOR('',#2054,1.);
#1193=VECTOR('',#2057,1.);
#1194=VECTOR('',#2058,1.);
#1195=VECTOR('',#2061,1.);
#1196=VECTOR('',#2062,1.);
#1197=VECTOR('',#2065,1.);
#1198=VECTOR('',#2068,1.);
#1199=VECTOR('',#2069,1.);
#1200=VECTOR('',#2072,1.);
#1201=VECTOR('',#2075,1.);
#1202=VECTOR('',#2078,1.);
#1203=VECTOR('',#2107,1.);
#1204=VECTOR('',#2108,1.);
#1205=VECTOR('',#2111,1.);
#1206=VECTOR('',#2112,1.);
#1207=VECTOR('',#2121,1.);
#1208=VECTOR('',#2122,1.);
#1209=VECTOR('',#2125,1.);
#1210=VECTOR('',#2126,1.);
#1211=VECTOR('',#2129,1.);
#1212=VECTOR('',#2130,1.);
#1213=VECTOR('',#2133,1.);
#1214=VECTOR('',#2134,1.);
#1215=VECTOR('',#2137,1.);
#1216=VECTOR('',#2138,1.);
#1217=VECTOR('',#2151,1.);
#1218=VECTOR('',#2152,1.);
#1219=VECTOR('',#2155,1.);
#1220=VECTOR('',#2156,1.);
#1221=VECTOR('',#2159,1.);
#1222=VECTOR('',#2160,1.);
#1223=VECTOR('',#2169,1.);
#1224=VECTOR('',#2170,1.);
#1225=VECTOR('',#2173,1.);
#1226=VECTOR('',#2174,1.);
#1227=VECTOR('',#2177,1.);
#1228=VECTOR('',#2178,1.);
#1229=VECTOR('',#2187,1.);
#1230=VECTOR('',#2188,1.);
#1231=VECTOR('',#2191,1.);
#1232=VECTOR('',#2192,1.);
#1233=VECTOR('',#2195,1.);
#1234=VECTOR('',#2198,1.);
#1235=VECTOR('',#2199,1.);
#1236=VECTOR('',#2202,1.);
#1237=VECTOR('',#2205,1.);
#1238=VECTOR('',#2206,1.);
#1239=VECTOR('',#2209,1.);
#1240=VECTOR('',#2210,1.);
#1241=VECTOR('',#2223,1.);
#1242=VECTOR('',#2224,1.);
#1243=VECTOR('',#2227,1.);
#1244=VECTOR('',#2228,1.);
#1245=VECTOR('',#2231,1.);
#1246=VECTOR('',#2234,1.);
#1247=VECTOR('',#2235,1.);
#1248=VECTOR('',#2238,1.);
#1249=VECTOR('',#2241,1.);
#1250=VECTOR('',#2242,1.);
#1251=VECTOR('',#2245,1.);
#1252=VECTOR('',#2246,1.);
#1253=VECTOR('',#2259,1.);
#1254=VECTOR('',#2260,1.);
#1255=EDGE_LOOP('',(#141,#142,#143,#144));
#1256=EDGE_LOOP('',(#145,#146,#147,#148,#149,#150,#151,#152));
#1257=EDGE_LOOP('',(#153,#154,#155,#156,#157,#158));
#1258=EDGE_LOOP('',(#159,#160,#161,#162,#163,#164,#165,#166,#167,#168,#169,
#170,#171,#172,#173,#174,#175,#176,#177,#178));
#1259=EDGE_LOOP('',(#179));
#1260=EDGE_LOOP('',(#180));
#1261=EDGE_LOOP('',(#181));
#1262=EDGE_LOOP('',(#182));
#1263=EDGE_LOOP('',(#183,#184,#185,#186,#187,#188,#189,#190,#191,#192));
#1264=EDGE_LOOP('',(#193,#194,#195,#196,#197,#198));
#1265=EDGE_LOOP('',(#199,#200,#201,#202,#203,#204,#205,#206,#207,#208,#209,
#210));
#1266=EDGE_LOOP('',(#211,#212,#213,#214,#215,#216,#217,#218,#219,#220,#221,
#222));
#1267=EDGE_LOOP('',(#223,#224,#225,#226,#227,#228));
#1268=EDGE_LOOP('',(#229,#230,#231,#232,#233,#234,#235,#236,#237,#238));
#1269=EDGE_LOOP('',(#239,#240,#241,#242,#243,#244,#245,#246,#247,#248,#249,
#250));
#1270=EDGE_LOOP('',(#251));
#1271=EDGE_LOOP('',(#252));
#1272=EDGE_LOOP('',(#253));
#1273=EDGE_LOOP('',(#254));
#1274=EDGE_LOOP('',(#255,#256,#257,#258,#259,#260,#261,#262));
#1275=EDGE_LOOP('',(#263));
#1276=EDGE_LOOP('',(#264));
#1277=EDGE_LOOP('',(#265));
#1278=EDGE_LOOP('',(#266));
#1279=EDGE_LOOP('',(#267,#268,#269,#270,#271,#272));
#1280=EDGE_LOOP('',(#273,#274,#275,#276,#277,#278,#279,#280,#281,#282,#283,
#284));
#1281=EDGE_LOOP('',(#285,#286,#287,#288,#289,#290,#291,#292,#293,#294,#295,
#296));
#1282=EDGE_LOOP('',(#297,#298,#299,#300));
#1283=EDGE_LOOP('',(#301,#302,#303,#304));
#1284=EDGE_LOOP('',(#305,#306,#307,#308,#309,#310));
#1285=EDGE_LOOP('',(#311,#312,#313,#314));
#1286=EDGE_LOOP('',(#315,#316,#317,#318));
#1287=EDGE_LOOP('',(#319,#320,#321,#322));
#1288=EDGE_LOOP('',(#323,#324,#325,#326));
#1289=EDGE_LOOP('',(#327,#328,#329,#330,#331,#332));
#1290=EDGE_LOOP('',(#333));
#1291=EDGE_LOOP('',(#334));
#1292=EDGE_LOOP('',(#335));
#1293=EDGE_LOOP('',(#336));
#1294=EDGE_LOOP('',(#337));
#1295=EDGE_LOOP('',(#338));
#1296=EDGE_LOOP('',(#339,#340,#341,#342));
#1297=EDGE_LOOP('',(#343));
#1298=EDGE_LOOP('',(#344));
#1299=EDGE_LOOP('',(#345));
#1300=EDGE_LOOP('',(#346));
#1301=EDGE_LOOP('',(#347));
#1302=EDGE_LOOP('',(#348));
#1303=EDGE_LOOP('',(#349));
#1304=EDGE_LOOP('',(#350));
#1305=EDGE_LOOP('',(#351));
#1306=EDGE_LOOP('',(#352));
#1307=EDGE_LOOP('',(#353,#354,#355,#356));
#1308=EDGE_LOOP('',(#357,#358,#359,#360));
#1309=EDGE_LOOP('',(#361,#362,#363,#364));
#1310=EDGE_LOOP('',(#365,#366,#367,#368));
#1311=EDGE_LOOP('',(#369,#370,#371,#372));
#1312=EDGE_LOOP('',(#373,#374,#375,#376));
#1313=EDGE_LOOP('',(#377,#378,#379,#380));
#1314=EDGE_LOOP('',(#381,#382,#383,#384));
#1315=EDGE_LOOP('',(#385,#386,#387,#388));
#1316=EDGE_LOOP('',(#389,#390,#391,#392));
#1317=EDGE_LOOP('',(#393,#394,#395,#396));
#1318=EDGE_LOOP('',(#397,#398,#399,#400));
#1319=EDGE_LOOP('',(#401,#402,#403,#404));
#1320=EDGE_LOOP('',(#405,#406,#407,#408));
#1321=EDGE_LOOP('',(#409,#410,#411,#412));
#1322=EDGE_LOOP('',(#413,#414,#415,#416));
#1323=EDGE_LOOP('',(#417,#418,#419,#420));
#1324=EDGE_LOOP('',(#421,#422,#423,#424));
#1325=EDGE_LOOP('',(#425,#426,#427,#428));
#1326=EDGE_LOOP('',(#429,#430,#431,#432));
#1327=EDGE_LOOP('',(#433,#434,#435,#436));
#1328=EDGE_LOOP('',(#437,#438,#439,#440));
#1329=EDGE_LOOP('',(#441,#442,#443,#444));
#1330=EDGE_LOOP('',(#445,#446,#447,#448));
#1331=EDGE_LOOP('',(#449,#450,#451,#452));
#1332=EDGE_LOOP('',(#453,#454,#455,#456));
#1333=EDGE_LOOP('',(#457,#458,#459,#460));
#1334=EDGE_LOOP('',(#461,#462,#463,#464));
#1335=EDGE_LOOP('',(#465,#466,#467,#468));
#1336=EDGE_LOOP('',(#469,#470,#471,#472));
#1337=EDGE_LOOP('',(#473,#474,#475,#476));
#1338=EDGE_LOOP('',(#477,#478,#479,#480));
#1339=EDGE_LOOP('',(#481,#482,#483,#484));
#1340=EDGE_LOOP('',(#485,#486,#487,#488));
#1341=EDGE_LOOP('',(#489,#490,#491,#492));
#1342=EDGE_LOOP('',(#493,#494,#495,#496));
#1343=EDGE_LOOP('',(#497,#498,#499,#500));
#1344=EDGE_LOOP('',(#501,#502,#503,#504));
#1345=EDGE_LOOP('',(#505,#506,#507,#508));
#1346=EDGE_LOOP('',(#509,#510,#511,#512));
#1347=EDGE_LOOP('',(#513,#514,#515,#516));
#1348=EDGE_LOOP('',(#517,#518,#519,#520));
#1349=EDGE_LOOP('',(#521,#522,#523,#524));
#1350=EDGE_LOOP('',(#525,#526,#527,#528));
#1351=EDGE_LOOP('',(#529,#530,#531,#532));
#1352=EDGE_LOOP('',(#533,#534,#535,#536));
#1353=EDGE_LOOP('',(#537,#538,#539,#540));
#1354=EDGE_LOOP('',(#541,#542,#543,#544));
#1355=EDGE_LOOP('',(#545,#546,#547,#548));
#1356=EDGE_LOOP('',(#549,#550,#551,#552));
#1357=EDGE_LOOP('',(#553,#554,#555,#556));
#1358=EDGE_LOOP('',(#557,#558,#559,#560));
#1359=EDGE_LOOP('',(#561,#562,#563,#564));
#1360=EDGE_LOOP('',(#565,#566,#567,#568));
#1361=EDGE_LOOP('',(#569,#570,#571,#572));
#1362=EDGE_LOOP('',(#573,#574,#575,#576));
#1363=EDGE_LOOP('',(#577));
#1364=EDGE_LOOP('',(#578));
#1365=EDGE_LOOP('',(#579));
#1366=EDGE_LOOP('',(#580));
#1367=EDGE_LOOP('',(#581));
#1368=EDGE_LOOP('',(#582));
#1369=EDGE_LOOP('',(#583));
#1370=EDGE_LOOP('',(#584));
#1371=EDGE_LOOP('',(#585));
#1372=EDGE_LOOP('',(#586));
#1373=EDGE_LOOP('',(#587));
#1374=EDGE_LOOP('',(#588));
#1375=EDGE_LOOP('',(#589));
#1376=EDGE_LOOP('',(#590));
#1377=EDGE_LOOP('',(#591));
#1378=EDGE_LOOP('',(#592));
#1379=FACE_BOUND('',#1255,.T.);
#1380=FACE_BOUND('',#1256,.T.);
#1381=FACE_BOUND('',#1257,.T.);
#1382=FACE_BOUND('',#1258,.T.);
#1383=FACE_BOUND('',#1259,.T.);
#1384=FACE_BOUND('',#1260,.T.);
#1385=FACE_BOUND('',#1261,.T.);
#1386=FACE_BOUND('',#1262,.T.);
#1387=FACE_BOUND('',#1263,.T.);
#1388=FACE_BOUND('',#1264,.T.);
#1389=FACE_BOUND('',#1265,.T.);
#1390=FACE_BOUND('',#1266,.T.);
#1391=FACE_BOUND('',#1267,.T.);
#1392=FACE_BOUND('',#1268,.T.);
#1393=FACE_BOUND('',#1269,.T.);
#1394=FACE_BOUND('',#1270,.T.);
#1395=FACE_BOUND('',#1271,.T.);
#1396=FACE_BOUND('',#1272,.T.);
#1397=FACE_BOUND('',#1273,.T.);
#1398=FACE_BOUND('',#1274,.T.);
#1399=FACE_BOUND('',#1275,.T.);
#1400=FACE_BOUND('',#1276,.T.);
#1401=FACE_BOUND('',#1277,.T.);
#1402=FACE_BOUND('',#1278,.T.);
#1403=FACE_BOUND('',#1279,.T.);
#1404=FACE_BOUND('',#1280,.T.);
#1405=FACE_BOUND('',#1281,.T.);
#1406=FACE_BOUND('',#1282,.T.);
#1407=FACE_BOUND('',#1283,.T.);
#1408=FACE_BOUND('',#1284,.T.);
#1409=FACE_BOUND('',#1285,.T.);
#1410=FACE_BOUND('',#1286,.T.);
#1411=FACE_BOUND('',#1287,.T.);
#1412=FACE_BOUND('',#1288,.T.);
#1413=FACE_BOUND('',#1289,.T.);
#1414=FACE_BOUND('',#1290,.T.);
#1415=FACE_BOUND('',#1291,.T.);
#1416=FACE_BOUND('',#1292,.T.);
#1417=FACE_BOUND('',#1293,.T.);
#1418=FACE_BOUND('',#1294,.T.);
#1419=FACE_BOUND('',#1295,.T.);
#1420=FACE_BOUND('',#1296,.T.);
#1421=FACE_BOUND('',#1297,.T.);
#1422=FACE_BOUND('',#1298,.T.);
#1423=FACE_BOUND('',#1299,.T.);
#1424=FACE_BOUND('',#1300,.T.);
#1425=FACE_BOUND('',#1301,.T.);
#1426=FACE_BOUND('',#1302,.T.);
#1427=FACE_BOUND('',#1303,.T.);
#1428=FACE_BOUND('',#1304,.T.);
#1429=FACE_BOUND('',#1305,.T.);
#1430=FACE_BOUND('',#1306,.T.);
#1431=FACE_BOUND('',#1307,.T.);
#1432=FACE_BOUND('',#1308,.T.);
#1433=FACE_BOUND('',#1309,.T.);
#1434=FACE_BOUND('',#1310,.T.);
#1435=FACE_BOUND('',#1311,.T.);
#1436=FACE_BOUND('',#1312,.T.);
#1437=FACE_BOUND('',#1313,.T.);
#1438=FACE_BOUND('',#1314,.T.);
#1439=FACE_BOUND('',#1315,.T.);
#1440=FACE_BOUND('',#1316,.T.);
#1441=FACE_BOUND('',#1317,.T.);
#1442=FACE_BOUND('',#1318,.T.);
#1443=FACE_BOUND('',#1319,.T.);
#1444=FACE_BOUND('',#1320,.T.);
#1445=FACE_BOUND('',#1321,.T.);
#1446=FACE_BOUND('',#1322,.T.);
#1447=FACE_BOUND('',#1323,.T.);
#1448=FACE_BOUND('',#1324,.T.);
#1449=FACE_BOUND('',#1325,.T.);
#1450=FACE_BOUND('',#1326,.T.);
#1451=FACE_BOUND('',#1327,.T.);
#1452=FACE_BOUND('',#1328,.T.);
#1453=FACE_BOUND('',#1329,.T.);
#1454=FACE_BOUND('',#1330,.T.);
#1455=FACE_BOUND('',#1331,.T.);
#1456=FACE_BOUND('',#1332,.T.);
#1457=FACE_BOUND('',#1333,.T.);
#1458=FACE_BOUND('',#1334,.T.);
#1459=FACE_BOUND('',#1335,.T.);
#1460=FACE_BOUND('',#1336,.T.);
#1461=FACE_BOUND('',#1337,.T.);
#1462=FACE_BOUND('',#1338,.T.);
#1463=FACE_BOUND('',#1339,.T.);
#1464=FACE_BOUND('',#1340,.T.);
#1465=FACE_BOUND('',#1341,.T.);
#1466=FACE_BOUND('',#1342,.T.);
#1467=FACE_BOUND('',#1343,.T.);
#1468=FACE_BOUND('',#1344,.T.);
#1469=FACE_BOUND('',#1345,.T.);
#1470=FACE_BOUND('',#1346,.T.);
#1471=FACE_BOUND('',#1347,.T.);
#1472=FACE_BOUND('',#1348,.T.);
#1473=FACE_BOUND('',#1349,.T.);
#1474=FACE_BOUND('',#1350,.T.);
#1475=FACE_BOUND('',#1351,.T.);
#1476=FACE_BOUND('',#1352,.T.);
#1477=FACE_BOUND('',#1353,.T.);
#1478=FACE_BOUND('',#1354,.T.);
#1479=FACE_BOUND('',#1355,.T.);
#1480=FACE_BOUND('',#1356,.T.);
#1481=FACE_BOUND('',#1357,.T.);
#1482=FACE_BOUND('',#1358,.T.);
#1483=FACE_BOUND('',#1359,.T.);
#1484=FACE_BOUND('',#1360,.T.);
#1485=FACE_BOUND('',#1361,.T.);
#1486=FACE_BOUND('',#1362,.T.);
#1487=FACE_BOUND('',#1363,.T.);
#1488=FACE_BOUND('',#1364,.T.);
#1489=FACE_BOUND('',#1365,.T.);
#1490=FACE_BOUND('',#1366,.T.);
#1491=FACE_BOUND('',#1367,.T.);
#1492=FACE_BOUND('',#1368,.T.);
#1493=FACE_BOUND('',#1369,.T.);
#1494=FACE_BOUND('',#1370,.T.);
#1495=FACE_BOUND('',#1371,.T.);
#1496=FACE_BOUND('',#1372,.T.);
#1497=FACE_BOUND('',#1373,.T.);
#1498=FACE_BOUND('',#1374,.T.);
#1499=FACE_BOUND('',#1375,.T.);
#1500=FACE_BOUND('',#1376,.T.);
#1501=FACE_BOUND('',#1377,.T.);
#1502=FACE_BOUND('',#1378,.T.);
#1503=PLANE('',#1641);
#1504=PLANE('',#1642);
#1505=PLANE('',#1682);
#1506=PLANE('',#1722);
#1507=PLANE('',#1723);
#1508=PLANE('',#1724);
#1509=PLANE('',#1725);
#1510=PLANE('',#1726);
#1511=PLANE('',#1727);
#1512=PLANE('',#1728);
#1513=PLANE('',#1729);
#1514=PLANE('',#1733);
#1515=PLANE('',#1743);
#1516=PLANE('',#1744);
#1517=PLANE('',#1745);
#1518=PLANE('',#1750);
#1519=PLANE('',#1751);
#1520=PLANE('',#1752);
#1521=PLANE('',#1758);
#1522=PLANE('',#1759);
#1523=PLANE('',#1760);
#1524=PLANE('',#1764);
#1525=PLANE('',#1765);
#1526=PLANE('',#1766);
#1527=PLANE('',#1770);
#1528=PLANE('',#1772);
#1529=PLANE('',#1773);
#1530=PLANE('',#1775);
#1531=PLANE('',#1776);
#1532=PLANE('',#1782);
#1533=PLANE('',#1785);
#1534=PLANE('',#1786);
#1535=PLANE('',#1787);
#1536=PLANE('',#1788);
#1537=PLANE('',#1794);
#1538=PLANE('',#1795);
#1539=PLANE('',#1796);
#1540=PLANE('',#1801);
#1541=PLANE('',#1804);
#1542=PLANE('',#1807);
#1543=PLANE('',#1810);
#1544=ADVANCED_FACE('',(#1379),#1503,.F.);
#1545=ADVANCED_FACE('',(#1380,#1381,#1382,#1383,#1384,#1385,#1386,#1387,
#1388,#1389,#1390),#1504,.T.);
#1546=ADVANCED_FACE('',(#1391,#1392,#1393,#1394,#1395,#1396,#1397,#1398,
#1399,#1400,#1401,#1402,#1403,#1404,#1405),#1505,.F.);
#1547=ADVANCED_FACE('',(#1406),#1506,.F.);
#1548=ADVANCED_FACE('',(#1407),#1507,.T.);
#1549=ADVANCED_FACE('',(#1408),#1508,.F.);
#1550=ADVANCED_FACE('',(#1409),#1509,.F.);
#1551=ADVANCED_FACE('',(#1410),#1510,.T.);
#1552=ADVANCED_FACE('',(#1411),#1511,.F.);
#1553=ADVANCED_FACE('',(#1412),#1512,.F.);
#1554=ADVANCED_FACE('',(#1413),#1513,.T.);
#1555=ADVANCED_FACE('',(#1414,#1415),#12,.F.);
#1556=ADVANCED_FACE('',(#1416,#1417),#13,.F.);
#1557=ADVANCED_FACE('',(#1418,#1419),#14,.F.);
#1558=ADVANCED_FACE('',(#1420),#1514,.T.);
#1559=ADVANCED_FACE('',(#1421,#1422),#15,.F.);
#1560=ADVANCED_FACE('',(#1423,#1424),#16,.F.);
#1561=ADVANCED_FACE('',(#1425,#1426),#17,.F.);
#1562=ADVANCED_FACE('',(#1427,#1428),#18,.F.);
#1563=ADVANCED_FACE('',(#1429,#1430),#19,.F.);
#1564=ADVANCED_FACE('',(#1431),#1515,.F.);
#1565=ADVANCED_FACE('',(#1432),#1516,.T.);
#1566=ADVANCED_FACE('',(#1433),#1517,.F.);
#1567=ADVANCED_FACE('',(#1434),#20,.T.);
#1568=ADVANCED_FACE('',(#1435),#21,.T.);
#1569=ADVANCED_FACE('',(#1436),#22,.T.);
#1570=ADVANCED_FACE('',(#1437),#23,.T.);
#1571=ADVANCED_FACE('',(#1438),#1518,.T.);
#1572=ADVANCED_FACE('',(#1439),#1519,.T.);
#1573=ADVANCED_FACE('',(#1440),#1520,.T.);
#1574=ADVANCED_FACE('',(#1441),#24,.F.);
#1575=ADVANCED_FACE('',(#1442),#25,.F.);
#1576=ADVANCED_FACE('',(#1443),#26,.F.);
#1577=ADVANCED_FACE('',(#1444),#27,.F.);
#1578=ADVANCED_FACE('',(#1445),#28,.F.);
#1579=ADVANCED_FACE('',(#1446),#1521,.T.);
#1580=ADVANCED_FACE('',(#1447),#1522,.T.);
#1581=ADVANCED_FACE('',(#1448),#1523,.T.);
#1582=ADVANCED_FACE('',(#1449),#29,.F.);
#1583=ADVANCED_FACE('',(#1450),#30,.F.);
#1584=ADVANCED_FACE('',(#1451),#31,.F.);
#1585=ADVANCED_FACE('',(#1452),#1524,.F.);
#1586=ADVANCED_FACE('',(#1453),#1525,.T.);
#1587=ADVANCED_FACE('',(#1454),#1526,.T.);
#1588=ADVANCED_FACE('',(#1455),#32,.F.);
#1589=ADVANCED_FACE('',(#1456),#33,.F.);
#1590=ADVANCED_FACE('',(#1457),#34,.F.);
#1591=ADVANCED_FACE('',(#1458),#1527,.F.);
#1592=ADVANCED_FACE('',(#1459),#35,.T.);
#1593=ADVANCED_FACE('',(#1460),#1528,.T.);
#1594=ADVANCED_FACE('',(#1461),#1529,.F.);
#1595=ADVANCED_FACE('',(#1462),#36,.T.);
#1596=ADVANCED_FACE('',(#1463),#1530,.T.);
#1597=ADVANCED_FACE('',(#1464),#1531,.T.);
#1598=ADVANCED_FACE('',(#1465),#37,.F.);
#1599=ADVANCED_FACE('',(#1466),#38,.F.);
#1600=ADVANCED_FACE('',(#1467),#39,.F.);
#1601=ADVANCED_FACE('',(#1468),#40,.F.);
#1602=ADVANCED_FACE('',(#1469),#41,.F.);
#1603=ADVANCED_FACE('',(#1470),#1532,.F.);
#1604=ADVANCED_FACE('',(#1471),#42,.T.);
#1605=ADVANCED_FACE('',(#1472),#43,.T.);
#1606=ADVANCED_FACE('',(#1473),#1533,.T.);
#1607=ADVANCED_FACE('',(#1474),#1534,.T.);
#1608=ADVANCED_FACE('',(#1475),#1535,.T.);
#1609=ADVANCED_FACE('',(#1476),#1536,.T.);
#1610=ADVANCED_FACE('',(#1477),#44,.F.);
#1611=ADVANCED_FACE('',(#1478),#45,.F.);
#1612=ADVANCED_FACE('',(#1479),#46,.F.);
#1613=ADVANCED_FACE('',(#1480),#47,.F.);
#1614=ADVANCED_FACE('',(#1481),#48,.F.);
#1615=ADVANCED_FACE('',(#1482),#1537,.F.);
#1616=ADVANCED_FACE('',(#1483),#1538,.F.);
#1617=ADVANCED_FACE('',(#1484),#1539,.T.);
#1618=ADVANCED_FACE('',(#1485),#49,.T.);
#1619=ADVANCED_FACE('',(#1486),#50,.T.);
#1620=ADVANCED_FACE('',(#1487,#1488),#51,.T.);
#1621=ADVANCED_FACE('',(#1489,#1490),#1540,.T.);
#1622=ADVANCED_FACE('',(#1491,#1492),#52,.T.);
#1623=ADVANCED_FACE('',(#1493,#1494),#1541,.T.);
#1624=ADVANCED_FACE('',(#1495,#1496),#53,.T.);
#1625=ADVANCED_FACE('',(#1497,#1498),#1542,.T.);
#1626=ADVANCED_FACE('',(#1499,#1500),#54,.T.);
#1627=ADVANCED_FACE('',(#1501,#1502),#1543,.T.);
#1628=CLOSED_SHELL('',(#1544,#1545,#1546,#1547,#1548,#1549,#1550,#1551,
#1552,#1553,#1554,#1555,#1556,#1557,#1558,#1559,#1560,#1561,#1562,#1563,
#1564,#1565,#1566,#1567,#1568,#1569,#1570,#1571,#1572,#1573,#1574,#1575,
#1576,#1577,#1578,#1579,#1580,#1581,#1582,#1583,#1584,#1585,#1586,#1587,
#1588,#1589,#1590,#1591,#1592,#1593,#1594,#1595,#1596,#1597,#1598,#1599,
#1600,#1601,#1602,#1603,#1604,#1605,#1606,#1607,#1608,#1609,#1610,#1611,
#1612,#1613,#1614,#1615,#1616,#1617,#1618,#1619,#1620,#1621,#1622,#1623,
#1624,#1625,#1626,#1627));
#1629=STYLED_ITEM('',(#1630),#1637);
#1630=PRESENTATION_STYLE_ASSIGNMENT((#1631));
#1631=SURFACE_STYLE_USAGE(.BOTH.,#1632);
#1632=SURFACE_SIDE_STYLE('',(#1633));
#1633=SURFACE_STYLE_FILL_AREA(#1634);
#1634=FILL_AREA_STYLE('',(#1635));
#1635=FILL_AREA_STYLE_COLOUR('',#1636);
#1636=COLOUR_RGB('',0.768627450980392,0.886274509803922,0.952941176470588);
#1637=MANIFOLD_SOLID_BREP('Main Servo Platform',#1628);
#1638=SHAPE_DEFINITION_REPRESENTATION(#2766,#1639);
#1639=SHAPE_REPRESENTATION('Main Servo Platform',(#1640),#2761);
#1640=AXIS2_PLACEMENT_3D('',#2293,#1811,#1812);
#1641=AXIS2_PLACEMENT_3D('',#2294,#1813,#1814);
#1642=AXIS2_PLACEMENT_3D('',#2303,#1819,#1820);
#1643=AXIS2_PLACEMENT_3D('',#2317,#1828,#1829);
#1644=AXIS2_PLACEMENT_3D('',#2322,#1831,#1832);
#1645=AXIS2_PLACEMENT_3D('',#2326,#1834,#1835);
#1646=AXIS2_PLACEMENT_3D('',#2332,#1838,#1839);
#1647=AXIS2_PLACEMENT_3D('',#2337,#1842,#1843);
#1648=AXIS2_PLACEMENT_3D('',#2345,#1847,#1848);
#1649=AXIS2_PLACEMENT_3D('',#2351,#1851,#1852);
#1650=AXIS2_PLACEMENT_3D('',#2354,#1854,#1855);
#1651=AXIS2_PLACEMENT_3D('',#2357,#1857,#1858);
#1652=AXIS2_PLACEMENT_3D('',#2361,#1860,#1861);
#1653=AXIS2_PLACEMENT_3D('',#2364,#1863,#1864);
#1654=AXIS2_PLACEMENT_3D('',#2365,#1865,#1866);
#1655=AXIS2_PLACEMENT_3D('',#2367,#1867,#1868);
#1656=AXIS2_PLACEMENT_3D('',#2369,#1869,#1870);
#1657=AXIS2_PLACEMENT_3D('',#2371,#1871,#1872);
#1658=AXIS2_PLACEMENT_3D('',#2373,#1873,#1874);
#1659=AXIS2_PLACEMENT_3D('',#2378,#1876,#1877);
#1660=AXIS2_PLACEMENT_3D('',#2382,#1879,#1880);
#1661=AXIS2_PLACEMENT_3D('',#2386,#1882,#1883);
#1662=AXIS2_PLACEMENT_3D('',#2388,#1884,#1885);
#1663=AXIS2_PLACEMENT_3D('',#2390,#1886,#1887);
#1664=AXIS2_PLACEMENT_3D('',#2392,#1888,#1889);
#1665=AXIS2_PLACEMENT_3D('',#2393,#1890,#1891);
#1666=AXIS2_PLACEMENT_3D('',#2398,#1893,#1894);
#1667=AXIS2_PLACEMENT_3D('',#2402,#1896,#1897);
#1668=AXIS2_PLACEMENT_3D('',#2405,#1899,#1900);
#1669=AXIS2_PLACEMENT_3D('',#2410,#1902,#1903);
#1670=AXIS2_PLACEMENT_3D('',#2414,#1905,#1906);
#1671=AXIS2_PLACEMENT_3D('',#2418,#1908,#1909);
#1672=AXIS2_PLACEMENT_3D('',#2422,#1911,#1912);
#1673=AXIS2_PLACEMENT_3D('',#2424,#1913,#1914);
#1674=AXIS2_PLACEMENT_3D('',#2428,#1916,#1917);
#1675=AXIS2_PLACEMENT_3D('',#2429,#1918,#1919);
#1676=AXIS2_PLACEMENT_3D('',#2434,#1921,#1922);
#1677=AXIS2_PLACEMENT_3D('',#2438,#1924,#1925);
#1678=AXIS2_PLACEMENT_3D('',#2442,#1927,#1928);
#1679=AXIS2_PLACEMENT_3D('',#2446,#1930,#1931);
#1680=AXIS2_PLACEMENT_3D('',#2448,#1932,#1933);
#1681=AXIS2_PLACEMENT_3D('',#2452,#1935,#1936);
#1682=AXIS2_PLACEMENT_3D('',#2453,#1937,#1938);
#1683=AXIS2_PLACEMENT_3D('',#2457,#1940,#1941);
#1684=AXIS2_PLACEMENT_3D('',#2461,#1943,#1944);
#1685=AXIS2_PLACEMENT_3D('',#2465,#1946,#1947);
#1686=AXIS2_PLACEMENT_3D('',#2469,#1949,#1950);
#1687=AXIS2_PLACEMENT_3D('',#2473,#1952,#1953);
#1688=AXIS2_PLACEMENT_3D('',#2475,#1954,#1955);
#1689=AXIS2_PLACEMENT_3D('',#2477,#1956,#1957);
#1690=AXIS2_PLACEMENT_3D('',#2479,#1958,#1959);
#1691=AXIS2_PLACEMENT_3D('',#2481,#1960,#1961);
#1692=AXIS2_PLACEMENT_3D('',#2485,#1963,#1964);
#1693=AXIS2_PLACEMENT_3D('',#2489,#1966,#1967);
#1694=AXIS2_PLACEMENT_3D('',#2493,#1969,#1970);
#1695=AXIS2_PLACEMENT_3D('',#2499,#1973,#1974);
#1696=AXIS2_PLACEMENT_3D('',#2507,#1978,#1979);
#1697=AXIS2_PLACEMENT_3D('',#2510,#1981,#1982);
#1698=AXIS2_PLACEMENT_3D('',#2512,#1983,#1984);
#1699=AXIS2_PLACEMENT_3D('',#2514,#1985,#1986);
#1700=AXIS2_PLACEMENT_3D('',#2516,#1987,#1988);
#1701=AXIS2_PLACEMENT_3D('',#2531,#1996,#1997);
#1702=AXIS2_PLACEMENT_3D('',#2533,#1998,#1999);
#1703=AXIS2_PLACEMENT_3D('',#2535,#2000,#2001);
#1704=AXIS2_PLACEMENT_3D('',#2537,#2002,#2003);
#1705=AXIS2_PLACEMENT_3D('',#2542,#2005,#2006);
#1706=AXIS2_PLACEMENT_3D('',#2546,#2008,#2009);
#1707=AXIS2_PLACEMENT_3D('',#2550,#2011,#2012);
#1708=AXIS2_PLACEMENT_3D('',#2551,#2013,#2014);
#1709=AXIS2_PLACEMENT_3D('',#2556,#2016,#2017);
#1710=AXIS2_PLACEMENT_3D('',#2560,#2019,#2020);
#1711=AXIS2_PLACEMENT_3D('',#2564,#2022,#2023);
#1712=AXIS2_PLACEMENT_3D('',#2566,#2024,#2025);
#1713=AXIS2_PLACEMENT_3D('',#2570,#2027,#2028);
#1714=AXIS2_PLACEMENT_3D('',#2572,#2029,#2030);
#1715=AXIS2_PLACEMENT_3D('',#2578,#2033,#2034);
#1716=AXIS2_PLACEMENT_3D('',#2582,#2036,#2037);
#1717=AXIS2_PLACEMENT_3D('',#2584,#2038,#2039);
#1718=AXIS2_PLACEMENT_3D('',#2588,#2041,#2042);
#1719=AXIS2_PLACEMENT_3D('',#2590,#2043,#2044);
#1720=AXIS2_PLACEMENT_3D('',#2594,#2046,#2047);
#1721=AXIS2_PLACEMENT_3D('',#2598,#2049,#2050);
#1722=AXIS2_PLACEMENT_3D('',#2599,#2051,#2052);
#1723=AXIS2_PLACEMENT_3D('',#2602,#2055,#2056);
#1724=AXIS2_PLACEMENT_3D('',#2605,#2059,#2060);
#1725=AXIS2_PLACEMENT_3D('',#2608,#2063,#2064);
#1726=AXIS2_PLACEMENT_3D('',#2610,#2066,#2067);
#1727=AXIS2_PLACEMENT_3D('',#2613,#2070,#2071);
#1728=AXIS2_PLACEMENT_3D('',#2615,#2073,#2074);
#1729=AXIS2_PLACEMENT_3D('',#2617,#2076,#2077);
#1730=AXIS2_PLACEMENT_3D('',#2619,#2079,#2080);
#1731=AXIS2_PLACEMENT_3D('',#2620,#2081,#2082);
#1732=AXIS2_PLACEMENT_3D('',#2621,#2083,#2084);
#1733=AXIS2_PLACEMENT_3D('',#2622,#2085,#2086);
#1734=AXIS2_PLACEMENT_3D('',#2623,#2087,#2088);
#1735=AXIS2_PLACEMENT_3D('',#2624,#2089,#2090);
#1736=AXIS2_PLACEMENT_3D('',#2625,#2091,#2092);
#1737=AXIS2_PLACEMENT_3D('',#2627,#2093,#2094);
#1738=AXIS2_PLACEMENT_3D('',#2628,#2095,#2096);
#1739=AXIS2_PLACEMENT_3D('',#2630,#2097,#2098);
#1740=AXIS2_PLACEMENT_3D('',#2631,#2099,#2100);
#1741=AXIS2_PLACEMENT_3D('',#2633,#2101,#2102);
#1742=AXIS2_PLACEMENT_3D('',#2634,#2103,#2104);
#1743=AXIS2_PLACEMENT_3D('',#2636,#2105,#2106);
#1744=AXIS2_PLACEMENT_3D('',#2639,#2109,#2110);
#1745=AXIS2_PLACEMENT_3D('',#2642,#2113,#2114);
#1746=AXIS2_PLACEMENT_3D('',#2643,#2115,#2116);
#1747=AXIS2_PLACEMENT_3D('',#2644,#2117,#2118);
#1748=AXIS2_PLACEMENT_3D('',#2645,#2119,#2120);
#1749=AXIS2_PLACEMENT_3D('',#2648,#2123,#2124);
#1750=AXIS2_PLACEMENT_3D('',#2651,#2127,#2128);
#1751=AXIS2_PLACEMENT_3D('',#2654,#2131,#2132);
#1752=AXIS2_PLACEMENT_3D('',#2657,#2135,#2136);
#1753=AXIS2_PLACEMENT_3D('',#2660,#2139,#2140);
#1754=AXIS2_PLACEMENT_3D('',#2661,#2141,#2142);
#1755=AXIS2_PLACEMENT_3D('',#2662,#2143,#2144);
#1756=AXIS2_PLACEMENT_3D('',#2663,#2145,#2146);
#1757=AXIS2_PLACEMENT_3D('',#2664,#2147,#2148);
#1758=AXIS2_PLACEMENT_3D('',#2665,#2149,#2150);
#1759=AXIS2_PLACEMENT_3D('',#2668,#2153,#2154);
#1760=AXIS2_PLACEMENT_3D('',#2671,#2157,#2158);
#1761=AXIS2_PLACEMENT_3D('',#2674,#2161,#2162);
#1762=AXIS2_PLACEMENT_3D('',#2675,#2163,#2164);
#1763=AXIS2_PLACEMENT_3D('',#2676,#2165,#2166);
#1764=AXIS2_PLACEMENT_3D('',#2677,#2167,#2168);
#1765=AXIS2_PLACEMENT_3D('',#2680,#2171,#2172);
#1766=AXIS2_PLACEMENT_3D('',#2683,#2175,#2176);
#1767=AXIS2_PLACEMENT_3D('',#2686,#2179,#2180);
#1768=AXIS2_PLACEMENT_3D('',#2687,#2181,#2182);
#1769=AXIS2_PLACEMENT_3D('',#2688,#2183,#2184);
#1770=AXIS2_PLACEMENT_3D('',#2689,#2185,#2186);
#1771=AXIS2_PLACEMENT_3D('',#2692,#2189,#2190);
#1772=AXIS2_PLACEMENT_3D('',#2695,#2193,#2194);
#1773=AXIS2_PLACEMENT_3D('',#2697,#2196,#2197);
#1774=AXIS2_PLACEMENT_3D('',#2700,#2200,#2201);
#1775=AXIS2_PLACEMENT_3D('',#2702,#2203,#2204);
#1776=AXIS2_PLACEMENT_3D('',#2705,#2207,#2208);
#1777=AXIS2_PLACEMENT_3D('',#2708,#2211,#2212);
#1778=AXIS2_PLACEMENT_3D('',#2709,#2213,#2214);
#1779=AXIS2_PLACEMENT_3D('',#2710,#2215,#2216);
#1780=AXIS2_PLACEMENT_3D('',#2711,#2217,#2218);
#1781=AXIS2_PLACEMENT_3D('',#2712,#2219,#2220);
#1782=AXIS2_PLACEMENT_3D('',#2713,#2221,#2222);
#1783=AXIS2_PLACEMENT_3D('',#2716,#2225,#2226);
#1784=AXIS2_PLACEMENT_3D('',#2719,#2229,#2230);
#1785=AXIS2_PLACEMENT_3D('',#2721,#2232,#2233);
#1786=AXIS2_PLACEMENT_3D('',#2724,#2236,#2237);
#1787=AXIS2_PLACEMENT_3D('',#2726,#2239,#2240);
#1788=AXIS2_PLACEMENT_3D('',#2729,#2243,#2244);
#1789=AXIS2_PLACEMENT_3D('',#2732,#2247,#2248);
#1790=AXIS2_PLACEMENT_3D('',#2733,#2249,#2250);
#1791=AXIS2_PLACEMENT_3D('',#2734,#2251,#2252);
#1792=AXIS2_PLACEMENT_3D('',#2735,#2253,#2254);
#1793=AXIS2_PLACEMENT_3D('',#2736,#2255,#2256);
#1794=AXIS2_PLACEMENT_3D('',#2737,#2257,#2258);
#1795=AXIS2_PLACEMENT_3D('',#2740,#2261,#2262);
#1796=AXIS2_PLACEMENT_3D('',#2741,#2263,#2264);
#1797=AXIS2_PLACEMENT_3D('',#2742,#2265,#2266);
#1798=AXIS2_PLACEMENT_3D('',#2743,#2267,#2268);
#1799=AXIS2_PLACEMENT_3D('',#2744,#2269,#2270);
#1800=AXIS2_PLACEMENT_3D('',#2745,#2271,#2272);
#1801=AXIS2_PLACEMENT_3D('',#2747,#2273,#2274);
#1802=AXIS2_PLACEMENT_3D('',#2748,#2275,#2276);
#1803=AXIS2_PLACEMENT_3D('',#2749,#2277,#2278);
#1804=AXIS2_PLACEMENT_3D('',#2751,#2279,#2280);
#1805=AXIS2_PLACEMENT_3D('',#2752,#2281,#2282);
#1806=AXIS2_PLACEMENT_3D('',#2753,#2283,#2284);
#1807=AXIS2_PLACEMENT_3D('',#2755,#2285,#2286);
#1808=AXIS2_PLACEMENT_3D('',#2756,#2287,#2288);
#1809=AXIS2_PLACEMENT_3D('',#2757,#2289,#2290);
#1810=AXIS2_PLACEMENT_3D('',#2759,#2291,#2292);
#1811=DIRECTION('',(0.,0.,1.));
#1812=DIRECTION('',(1.,0.,0.));
#1813=DIRECTION('',(0.,-1.,0.));
#1814=DIRECTION('',(0.,0.,-1.));
#1815=DIRECTION('',(0.,0.,1.));
#1816=DIRECTION('',(-1.,0.,0.));
#1817=DIRECTION('',(0.,0.,-1.));
#1818=DIRECTION('',(-1.,0.,0.));
#1819=DIRECTION('',(0.,0.,1.));
#1820=DIRECTION('',(1.,0.,0.));
#1821=DIRECTION('',(0.,1.,0.));
#1822=DIRECTION('',(1.,0.,0.));
#1823=DIRECTION('',(0.,1.,0.));
#1824=DIRECTION('',(8.56653568383609E-17,1.,0.));
#1825=DIRECTION('',(-1.,0.,0.));
#1826=DIRECTION('',(8.56653568383609E-17,1.,0.));
#1827=DIRECTION('',(-1.,0.,0.));
#1828=DIRECTION('',(0.,0.,1.));
#1829=DIRECTION('',(1.,0.,0.));
#1830=DIRECTION('',(-1.,0.,0.));
#1831=DIRECTION('',(0.,0.,1.));
#1832=DIRECTION('',(1.,0.,0.));
#1833=DIRECTION('',(0.,-1.,0.));
#1834=DIRECTION('',(0.,0.,1.));
#1835=DIRECTION('',(1.,0.,0.));
#1836=DIRECTION('',(0.63015713084345,-0.77646763644543,0.));
#1837=DIRECTION('',(0.,-1.,0.));
#1838=DIRECTION('',(0.,0.,1.));
#1839=DIRECTION('',(1.,0.,0.));
#1840=DIRECTION('',(0.,-1.,0.));
#1841=DIRECTION('',(1.,0.,0.));
#1842=DIRECTION('',(0.,0.,1.));
#1843=DIRECTION('',(1.,0.,0.));
#1844=DIRECTION('',(0.,-1.,0.));
#1845=DIRECTION('',(-1.,0.,0.));
#1846=DIRECTION('',(0.,-1.,0.));
#1847=DIRECTION('',(0.,0.,1.));
#1848=DIRECTION('',(1.,0.,0.));
#1849=DIRECTION('',(1.,0.,0.));
#1850=DIRECTION('',(0.,-1.,0.));
#1851=DIRECTION('',(0.,0.,1.));
#1852=DIRECTION('',(1.,0.,0.));
#1853=DIRECTION('',(0.,-1.,0.));
#1854=DIRECTION('',(0.,0.,1.));
#1855=DIRECTION('',(1.,0.,0.));
#1856=DIRECTION('',(0.,-1.,0.));
#1857=DIRECTION('',(0.,0.,1.));
#1858=DIRECTION('',(1.,0.,0.));
#1859=DIRECTION('',(1.,0.,0.));
#1860=DIRECTION('',(0.,0.,1.));
#1861=DIRECTION('',(1.,0.,0.));
#1862=DIRECTION('',(0.,-1.,0.));
#1863=DIRECTION('',(0.,0.,1.));
#1864=DIRECTION('',(1.,0.,0.));
#1865=DIRECTION('',(0.,0.,1.));
#1866=DIRECTION('',(1.,0.,0.));
#1867=DIRECTION('',(0.,0.,1.));
#1868=DIRECTION('',(1.,0.,0.));
#1869=DIRECTION('',(0.,0.,1.));
#1870=DIRECTION('',(1.,0.,0.));
#1871=DIRECTION('',(0.,0.,1.));
#1872=DIRECTION('',(1.,0.,0.));
#1873=DIRECTION('',(0.,0.,1.));
#1874=DIRECTION('',(1.,0.,0.));
#1875=DIRECTION('',(-0.579051861702354,0.815290709783349,0.));
#1876=DIRECTION('',(0.,0.,1.));
#1877=DIRECTION('',(1.,0.,0.));
#1878=DIRECTION('',(1.,0.,0.));
#1879=DIRECTION('',(0.,0.,1.));
#1880=DIRECTION('',(1.,0.,0.));
#1881=DIRECTION('',(-0.579051861702354,-0.81529070978335,0.));
#1882=DIRECTION('',(0.,0.,1.));
#1883=DIRECTION('',(1.,0.,0.));
#1884=DIRECTION('',(0.,0.,1.));
#1885=DIRECTION('',(1.,0.,0.));
#1886=DIRECTION('',(0.,0.,1.));
#1887=DIRECTION('',(1.,0.,0.));
#1888=DIRECTION('',(0.,0.,1.));
#1889=DIRECTION('',(1.,0.,0.));
#1890=DIRECTION('',(0.,0.,1.));
#1891=DIRECTION('',(1.,0.,0.));
#1892=DIRECTION('',(-1.,0.,0.));
#1893=DIRECTION('',(0.,0.,1.));
#1894=DIRECTION('',(1.,0.,0.));
#1895=DIRECTION('',(0.630157130843449,0.77646763644543,0.));
#1896=DIRECTION('',(0.,0.,1.));
#1897=DIRECTION('',(1.,0.,0.));
#1898=DIRECTION('',(0.,-1.,0.));
#1899=DIRECTION('',(0.,0.,1.));
#1900=DIRECTION('',(1.,0.,0.));
#1901=DIRECTION('',(0.,-1.,0.));
#1902=DIRECTION('',(0.,0.,1.));
#1903=DIRECTION('',(1.,0.,0.));
#1904=DIRECTION('',(-0.630157130843449,-0.77646763644543,0.));
#1905=DIRECTION('',(0.,0.,1.));
#1906=DIRECTION('',(1.,0.,0.));
#1907=DIRECTION('',(0.,-1.,0.));
#1908=DIRECTION('',(0.,0.,1.));
#1909=DIRECTION('',(1.,0.,0.));
#1910=DIRECTION('',(0.579051861702354,-0.815290709783349,0.));
#1911=DIRECTION('',(0.,0.,1.));
#1912=DIRECTION('',(1.,0.,0.));
#1913=DIRECTION('',(0.,0.,1.));
#1914=DIRECTION('',(1.,0.,0.));
#1915=DIRECTION('',(8.56653568383608E-17,1.,0.));
#1916=DIRECTION('',(0.,0.,1.));
#1917=DIRECTION('',(1.,0.,0.));
#1918=DIRECTION('',(0.,0.,1.));
#1919=DIRECTION('',(1.,0.,0.));
#1920=DIRECTION('',(0.579051861702354,0.81529070978335,0.));
#1921=DIRECTION('',(0.,0.,1.));
#1922=DIRECTION('',(1.,0.,0.));
#1923=DIRECTION('',(0.,-1.,0.));
#1924=DIRECTION('',(0.,0.,1.));
#1925=DIRECTION('',(1.,0.,0.));
#1926=DIRECTION('',(-0.63015713084345,0.77646763644543,0.));
#1927=DIRECTION('',(0.,0.,1.));
#1928=DIRECTION('',(1.,0.,0.));
#1929=DIRECTION('',(0.,-1.,0.));
#1930=DIRECTION('',(0.,0.,1.));
#1931=DIRECTION('',(1.,0.,0.));
#1932=DIRECTION('',(0.,0.,1.));
#1933=DIRECTION('',(1.,0.,0.));
#1934=DIRECTION('',(8.56653568383608E-17,1.,0.));
#1935=DIRECTION('',(0.,0.,1.));
#1936=DIRECTION('',(1.,0.,0.));
#1937=DIRECTION('',(0.,0.,1.));
#1938=DIRECTION('',(1.,0.,0.));
#1939=DIRECTION('',(-1.,0.,0.));
#1940=DIRECTION('',(0.,0.,1.));
#1941=DIRECTION('',(1.,0.,0.));
#1942=DIRECTION('',(0.63015713084345,-0.77646763644543,0.));
#1943=DIRECTION('',(0.,0.,1.));
#1944=DIRECTION('',(1.,0.,0.));
#1945=DIRECTION('',(0.,-1.,0.));
#1946=DIRECTION('',(0.,0.,1.));
#1947=DIRECTION('',(1.,0.,0.));
#1948=DIRECTION('',(1.,0.,0.));
#1949=DIRECTION('',(0.,0.,1.));
#1950=DIRECTION('',(1.,0.,0.));
#1951=DIRECTION('',(-0.579051861702354,0.815290709783349,0.));
#1952=DIRECTION('',(0.,0.,1.));
#1953=DIRECTION('',(1.,0.,0.));
#1954=DIRECTION('',(0.,0.,1.));
#1955=DIRECTION('',(1.,0.,0.));
#1956=DIRECTION('',(0.,0.,1.));
#1957=DIRECTION('',(1.,0.,0.));
#1958=DIRECTION('',(0.,0.,1.));
#1959=DIRECTION('',(1.,0.,0.));
#1960=DIRECTION('',(0.,0.,1.));
#1961=DIRECTION('',(1.,0.,0.));
#1962=DIRECTION('',(-0.579051861702354,-0.81529070978335,0.));
#1963=DIRECTION('',(0.,0.,1.));
#1964=DIRECTION('',(1.,0.,0.));
#1965=DIRECTION('',(0.,-1.,0.));
#1966=DIRECTION('',(0.,0.,1.));
#1967=DIRECTION('',(1.,0.,0.));
#1968=DIRECTION('',(1.,0.,0.));
#1969=DIRECTION('',(0.,0.,1.));
#1970=DIRECTION('',(1.,0.,0.));
#1971=DIRECTION('',(0.,-1.,0.));
#1972=DIRECTION('',(1.,0.,0.));
#1973=DIRECTION('',(0.,0.,1.));
#1974=DIRECTION('',(1.,0.,0.));
#1975=DIRECTION('',(0.,-1.,0.));
#1976=DIRECTION('',(-1.,0.,0.));
#1977=DIRECTION('',(0.,-1.,0.));
#1978=DIRECTION('',(0.,0.,1.));
#1979=DIRECTION('',(1.,0.,0.));
#1980=DIRECTION('',(1.,0.,0.));
#1981=DIRECTION('',(0.,0.,1.));
#1982=DIRECTION('',(1.,0.,0.));
#1983=DIRECTION('',(0.,0.,1.));
#1984=DIRECTION('',(1.,0.,0.));
#1985=DIRECTION('',(0.,0.,1.));
#1986=DIRECTION('',(1.,0.,0.));
#1987=DIRECTION('',(0.,0.,1.));
#1988=DIRECTION('',(1.,0.,0.));
#1989=DIRECTION('',(1.,0.,0.));
#1990=DIRECTION('',(0.,1.,0.));
#1991=DIRECTION('',(-1.,0.,0.));
#1992=DIRECTION('',(8.56653568383609E-17,1.,0.));
#1993=DIRECTION('',(-1.,0.,0.));
#1994=DIRECTION('',(8.56653568383609E-17,1.,0.));
#1995=DIRECTION('',(0.,1.,0.));
#1996=DIRECTION('',(0.,0.,1.));
#1997=DIRECTION('',(1.,0.,0.));
#1998=DIRECTION('',(0.,0.,1.));
#1999=DIRECTION('',(1.,0.,0.));
#2000=DIRECTION('',(0.,0.,1.));
#2001=DIRECTION('',(1.,0.,0.));
#2002=DIRECTION('',(0.,0.,1.));
#2003=DIRECTION('',(1.,0.,0.));
#2004=DIRECTION('',(-1.,0.,0.));
#2005=DIRECTION('',(0.,0.,1.));
#2006=DIRECTION('',(1.,0.,0.));
#2007=DIRECTION('',(0.,-1.,0.));
#2008=DIRECTION('',(0.,0.,1.));
#2009=DIRECTION('',(1.,0.,0.));
#2010=DIRECTION('',(0.630157130843449,0.77646763644543,0.));
#2011=DIRECTION('',(0.,0.,1.));
#2012=DIRECTION('',(1.,0.,0.));
#2013=DIRECTION('',(0.,0.,1.));
#2014=DIRECTION('',(1.,0.,0.));
#2015=DIRECTION('',(0.,-1.,0.));
#2016=DIRECTION('',(0.,0.,1.));
#2017=DIRECTION('',(1.,0.,0.));
#2018=DIRECTION('',(-0.630157130843449,-0.77646763644543,0.));
#2019=DIRECTION('',(0.,0.,1.));
#2020=DIRECTION('',(1.,0.,0.));
#2021=DIRECTION('',(0.,-1.,0.));
#2022=DIRECTION('',(0.,0.,1.));
#2023=DIRECTION('',(1.,0.,0.));
#2024=DIRECTION('',(0.,0.,1.));
#2025=DIRECTION('',(1.,0.,0.));
#2026=DIRECTION('',(8.56653568383608E-17,1.,0.));
#2027=DIRECTION('',(0.,0.,1.));
#2028=DIRECTION('',(1.,0.,0.));
#2029=DIRECTION('',(0.,0.,1.));
#2030=DIRECTION('',(1.,0.,0.));
#2031=DIRECTION('',(0.579051861702354,-0.815290709783349,0.));
#2032=DIRECTION('',(0.,-1.,0.));
#2033=DIRECTION('',(0.,0.,1.));
#2034=DIRECTION('',(1.,0.,0.));
#2035=DIRECTION('',(0.579051861702354,0.81529070978335,0.));
#2036=DIRECTION('',(0.,0.,1.));
#2037=DIRECTION('',(1.,0.,0.));
#2038=DIRECTION('',(0.,0.,1.));
#2039=DIRECTION('',(1.,0.,0.));
#2040=DIRECTION('',(8.56653568383608E-17,1.,0.));
#2041=DIRECTION('',(0.,0.,1.));
#2042=DIRECTION('',(1.,0.,0.));
#2043=DIRECTION('',(0.,0.,1.));
#2044=DIRECTION('',(1.,0.,0.));
#2045=DIRECTION('',(0.,-1.,0.));
#2046=DIRECTION('',(0.,0.,1.));
#2047=DIRECTION('',(1.,0.,0.));
#2048=DIRECTION('',(-0.63015713084345,0.77646763644543,0.));
#2049=DIRECTION('',(0.,0.,1.));
#2050=DIRECTION('',(1.,0.,0.));
#2051=DIRECTION('',(0.,1.,0.));
#2052=DIRECTION('',(0.,0.,1.));
#2053=DIRECTION('',(0.,0.,1.));
#2054=DIRECTION('',(0.,0.,-1.));
#2055=DIRECTION('',(0.,1.,0.));
#2056=DIRECTION('',(0.,0.,1.));
#2057=DIRECTION('',(0.,0.,-1.));
#2058=DIRECTION('',(0.,0.,-1.));
#2059=DIRECTION('',(1.,0.,0.));
#2060=DIRECTION('',(0.,0.,-1.));
#2061=DIRECTION('',(0.,0.,-1.));
#2062=DIRECTION('',(0.,0.,-1.));
#2063=DIRECTION('',(0.,1.,0.));
#2064=DIRECTION('',(0.,0.,1.));
#2065=DIRECTION('',(0.,0.,1.));
#2066=DIRECTION('',(-1.,8.56653568383609E-17,0.));
#2067=DIRECTION('',(-8.56653568383609E-17,-1.,0.));
#2068=DIRECTION('',(0.,0.,-1.));
#2069=DIRECTION('',(0.,0.,-1.));
#2070=DIRECTION('',(0.,-1.,0.));
#2071=DIRECTION('',(0.,0.,-1.));
#2072=DIRECTION('',(0.,0.,1.));
#2073=DIRECTION('',(-1.,8.56653568383609E-17,0.));
#2074=DIRECTION('',(-8.56653568383609E-17,-1.,0.));
#2075=DIRECTION('',(0.,0.,-1.));
#2076=DIRECTION('',(1.,0.,0.));
#2077=DIRECTION('',(0.,0.,-1.));
#2078=DIRECTION('',(0.,0.,-1.));
#2079=DIRECTION('',(0.,0.,-1.));
#2080=DIRECTION('',(-1.,0.,0.));
#2081=DIRECTION('',(0.,0.,-1.));
#2082=DIRECTION('',(-1.,0.,0.));
#2083=DIRECTION('',(0.,0.,-1.));
#2084=DIRECTION('',(-1.,0.,0.));
#2085=DIRECTION('',(0.,-1.,0.));
#2086=DIRECTION('',(0.,0.,-1.));
#2087=DIRECTION('',(0.,0.,-1.));
#2088=DIRECTION('',(-1.,0.,0.));
#2089=DIRECTION('',(0.,0.,-1.));
#2090=DIRECTION('',(-1.,0.,0.));
#2091=DIRECTION('',(0.,0.,-1.));
#2092=DIRECTION('',(-1.,0.,0.));
#2093=DIRECTION('',(0.,0.,-1.));
#2094=DIRECTION('',(-1.,0.,0.));
#2095=DIRECTION('',(0.,0.,-1.));
#2096=DIRECTION('',(-1.,0.,0.));
#2097=DIRECTION('',(0.,0.,-1.));
#2098=DIRECTION('',(-1.,0.,0.));
#2099=DIRECTION('',(0.,0.,-1.));
#2100=DIRECTION('',(-1.,0.,0.));
#2101=DIRECTION('',(0.,0.,-1.));
#2102=DIRECTION('',(-1.,0.,0.));
#2103=DIRECTION('',(0.,0.,-1.));
#2104=DIRECTION('',(-1.,0.,0.));
#2105=DIRECTION('',(-1.,0.,0.));
#2106=DIRECTION('',(0.,0.,1.));
#2107=DIRECTION('',(0.,0.,1.));
#2108=DIRECTION('',(0.,0.,1.));
#2109=DIRECTION('',(-1.,0.,0.));
#2110=DIRECTION('',(0.,0.,1.));
#2111=DIRECTION('',(0.,0.,1.));
#2112=DIRECTION('',(0.,0.,1.));
#2113=DIRECTION('',(0.,1.,0.));
#2114=DIRECTION('',(0.,0.,1.));
#2115=DIRECTION('',(0.,0.,-1.));
#2116=DIRECTION('',(-1.,0.,0.));
#2117=DIRECTION('',(0.,0.,1.));
#2118=DIRECTION('',(1.,0.,0.));
#2119=DIRECTION('',(0.,0.,1.));
#2120=DIRECTION('',(1.,0.,0.));
#2121=DIRECTION('',(0.,0.,1.));
#2122=DIRECTION('',(0.,0.,1.));
#2123=DIRECTION('',(0.,0.,1.));
#2124=DIRECTION('',(1.,0.,0.));
#2125=DIRECTION('',(0.,0.,1.));
#2126=DIRECTION('',(0.,0.,1.));
#2127=DIRECTION('',(0.,-1.,0.));
#2128=DIRECTION('',(0.,0.,-1.));
#2129=DIRECTION('',(0.,0.,1.));
#2130=DIRECTION('',(0.,0.,1.));
#2131=DIRECTION('',(0.815290709783349,0.579051861702354,0.));
#2132=DIRECTION('',(-0.579051861702354,0.815290709783349,0.));
#2133=DIRECTION('',(0.,0.,1.));
#2134=DIRECTION('',(0.,0.,1.));
#2135=DIRECTION('',(-0.81529070978335,0.579051861702354,0.));
#2136=DIRECTION('',(-0.579051861702354,-0.81529070978335,0.));
#2137=DIRECTION('',(0.,0.,1.));
#2138=DIRECTION('',(0.,0.,1.));
#2139=DIRECTION('',(0.,0.,1.));
#2140=DIRECTION('',(1.,0.,0.));
#2141=DIRECTION('',(0.,0.,1.));
#2142=DIRECTION('',(1.,0.,0.));
#2143=DIRECTION('',(0.,0.,1.));
#2144=DIRECTION('',(1.,0.,0.));
#2145=DIRECTION('',(0.,0.,1.));
#2146=DIRECTION('',(1.,0.,0.));
#2147=DIRECTION('',(0.,0.,1.));
#2148=DIRECTION('',(1.,0.,0.));
#2149=DIRECTION('',(-1.,0.,0.));
#2150=DIRECTION('',(0.,0.,1.));
#2151=DIRECTION('',(0.,0.,1.));
#2152=DIRECTION('',(0.,0.,-1.));
#2153=DIRECTION('',(0.,1.,0.));
#2154=DIRECTION('',(0.,0.,1.));
#2155=DIRECTION('',(0.,0.,-1.));
#2156=DIRECTION('',(0.,0.,1.));
#2157=DIRECTION('',(0.77646763644543,-0.630157130843449,0.));
#2158=DIRECTION('',(0.630157130843449,0.77646763644543,0.));
#2159=DIRECTION('',(0.,0.,-1.));
#2160=DIRECTION('',(0.,0.,-1.));
#2161=DIRECTION('',(0.,0.,-1.));
#2162=DIRECTION('',(-1.,0.,0.));
#2163=DIRECTION('',(0.,0.,1.));
#2164=DIRECTION('',(1.,0.,0.));
#2165=DIRECTION('',(0.,0.,-1.));
#2166=DIRECTION('',(-1.,0.,0.));
#2167=DIRECTION('',(-1.,0.,0.));
#2168=DIRECTION('',(0.,0.,1.));
#2169=DIRECTION('',(0.,0.,-1.));
#2170=DIRECTION('',(0.,0.,1.));
#2171=DIRECTION('',(0.,1.,0.));
#2172=DIRECTION('',(0.,0.,1.));
#2173=DIRECTION('',(0.,0.,1.));
#2174=DIRECTION('',(0.,0.,1.));
#2175=DIRECTION('',(-0.776467636445429,-0.63015713084345,0.));
#2176=DIRECTION('',(0.63015713084345,-0.77646763644543,0.));
#2177=DIRECTION('',(0.,0.,1.));
#2178=DIRECTION('',(0.,0.,-1.));
#2179=DIRECTION('',(0.,0.,1.));
#2180=DIRECTION('',(1.,0.,0.));
#2181=DIRECTION('',(0.,0.,-1.));
#2182=DIRECTION('',(-1.,0.,0.));
#2183=DIRECTION('',(0.,0.,1.));
#2184=DIRECTION('',(1.,0.,0.));
#2185=DIRECTION('',(1.,-8.56653568383608E-17,0.));
#2186=DIRECTION('',(8.56653568383608E-17,1.,0.));
#2187=DIRECTION('',(0.,0.,1.));
#2188=DIRECTION('',(0.,0.,1.));
#2189=DIRECTION('',(0.,0.,-1.));
#2190=DIRECTION('',(-1.,0.,0.));
#2191=DIRECTION('',(0.,0.,1.));
#2192=DIRECTION('',(0.,0.,-1.));
#2193=DIRECTION('',(-1.,0.,0.));
#2194=DIRECTION('',(0.,0.,1.));
#2195=DIRECTION('',(0.,0.,1.));
#2196=DIRECTION('',(-1.,0.,0.));
#2197=DIRECTION('',(0.,0.,1.));
#2198=DIRECTION('',(0.,0.,-1.));
#2199=DIRECTION('',(0.,0.,1.));
#2200=DIRECTION('',(0.,0.,1.));
#2201=DIRECTION('',(1.,0.,0.));
#2202=DIRECTION('',(0.,0.,1.));
#2203=DIRECTION('',(-0.77646763644543,0.630157130843449,0.));
#2204=DIRECTION('',(-0.630157130843449,-0.77646763644543,0.));
#2205=DIRECTION('',(0.,0.,1.));
#2206=DIRECTION('',(0.,0.,1.));
#2207=DIRECTION('',(-0.815290709783349,-0.579051861702354,0.));
#2208=DIRECTION('',(0.579051861702354,-0.815290709783349,0.));
#2209=DIRECTION('',(0.,0.,1.));
#2210=DIRECTION('',(0.,0.,-1.));
#2211=DIRECTION('',(0.,0.,1.));
#2212=DIRECTION('',(1.,0.,0.));
#2213=DIRECTION('',(0.,0.,1.));
#2214=DIRECTION('',(1.,0.,0.));
#2215=DIRECTION('',(0.,0.,-1.));
#2216=DIRECTION('',(-1.,0.,0.));
#2217=DIRECTION('',(0.,0.,1.));
#2218=DIRECTION('',(1.,0.,0.));
#2219=DIRECTION('',(0.,0.,-1.));
#2220=DIRECTION('',(-1.,0.,0.));
#2221=DIRECTION('',(-1.,0.,0.));
#2222=DIRECTION('',(0.,0.,1.));
#2223=DIRECTION('',(0.,0.,1.));
#2224=DIRECTION('',(0.,0.,1.));
#2225=DIRECTION('',(0.,0.,-1.));
#2226=DIRECTION('',(-1.,0.,0.));
#2227=DIRECTION('',(0.,0.,-1.));
#2228=DIRECTION('',(0.,0.,1.));
#2229=DIRECTION('',(0.,0.,1.));
#2230=DIRECTION('',(1.,0.,0.));
#2231=DIRECTION('',(0.,0.,1.));
#2232=DIRECTION('',(-1.,0.,0.));
#2233=DIRECTION('',(0.,0.,1.));
#2234=DIRECTION('',(0.,0.,1.));
#2235=DIRECTION('',(0.,0.,-1.));
#2236=DIRECTION('',(1.,-8.56653568383608E-17,0.));
#2237=DIRECTION('',(8.56653568383608E-17,1.,0.));
#2238=DIRECTION('',(0.,0.,1.));
#2239=DIRECTION('',(0.77646763644543,0.630157130843449,0.));
#2240=DIRECTION('',(-0.63015713084345,0.77646763644543,0.));
#2241=DIRECTION('',(0.,0.,1.));
#2242=DIRECTION('',(0.,0.,1.));
#2243=DIRECTION('',(0.81529070978335,-0.579051861702354,0.));
#2244=DIRECTION('',(0.579051861702354,0.81529070978335,0.));
#2245=DIRECTION('',(0.,0.,-1.));
#2246=DIRECTION('',(0.,0.,-1.));
#2247=DIRECTION('',(0.,0.,-1.));
#2248=DIRECTION('',(-1.,0.,0.));
#2249=DIRECTION('',(0.,0.,-1.));
#2250=DIRECTION('',(-1.,0.,0.));
#2251=DIRECTION('',(0.,0.,-1.));
#2252=DIRECTION('',(-1.,0.,0.));
#2253=DIRECTION('',(0.,0.,1.));
#2254=DIRECTION('',(1.,0.,0.));
#2255=DIRECTION('',(0.,0.,1.));
#2256=DIRECTION('',(1.,0.,0.));
#2257=DIRECTION('',(0.,-1.,0.));
#2258=DIRECTION('',(0.,0.,-1.));
#2259=DIRECTION('',(0.,0.,1.));
#2260=DIRECTION('',(0.,0.,1.));
#2261=DIRECTION('',(1.,0.,0.));
#2262=DIRECTION('',(0.,0.,-1.));
#2263=DIRECTION('',(1.,0.,0.));
#2264=DIRECTION('',(0.,0.,-1.));
#2265=DIRECTION('',(0.,0.,1.));
#2266=DIRECTION('',(1.,0.,0.));
#2267=DIRECTION('',(0.,0.,-1.));
#2268=DIRECTION('',(-1.,0.,0.));
#2269=DIRECTION('',(0.,0.,-1.));
#2270=DIRECTION('',(-1.,0.,0.));
#2271=DIRECTION('',(0.,0.,1.));
#2272=DIRECTION('',(1.,0.,0.));
#2273=DIRECTION('',(0.,0.,1.));
#2274=DIRECTION('',(1.,0.,0.));
#2275=DIRECTION('',(0.,0.,-1.));
#2276=DIRECTION('',(-1.,0.,0.));
#2277=DIRECTION('',(0.,0.,1.));
#2278=DIRECTION('',(1.,0.,0.));
#2279=DIRECTION('',(0.,0.,1.));
#2280=DIRECTION('',(1.,0.,0.));
#2281=DIRECTION('',(0.,0.,-1.));
#2282=DIRECTION('',(-1.,0.,0.));
#2283=DIRECTION('',(0.,0.,1.));
#2284=DIRECTION('',(1.,0.,0.));
#2285=DIRECTION('',(0.,0.,1.));
#2286=DIRECTION('',(1.,0.,0.));
#2287=DIRECTION('',(0.,0.,-1.));
#2288=DIRECTION('',(-1.,0.,0.));
#2289=DIRECTION('',(0.,0.,1.));
#2290=DIRECTION('',(1.,0.,0.));
#2291=DIRECTION('',(0.,0.,1.));
#2292=DIRECTION('',(1.,0.,0.));
#2293=CARTESIAN_POINT('',(0.,0.,0.));
#2294=CARTESIAN_POINT('',(-0.0077519,-0.02025,0.0486918));
#2295=CARTESIAN_POINT('',(-0.00253303349018097,-0.02025,0.0236918));
#2296=CARTESIAN_POINT('',(-0.00253303349018097,-0.02025,0.04445));
#2297=CARTESIAN_POINT('',(-0.00253303349018097,-0.02025,0.0486918));
#2298=CARTESIAN_POINT('',(-0.0077519,-0.02025,0.04445));
#2299=CARTESIAN_POINT('',(-0.0105,-0.02025,0.04445));
#2300=CARTESIAN_POINT('',(-0.0105,-0.02025,0.0486918));
#2301=CARTESIAN_POINT('',(-0.0105,-0.02025,0.0486918));
#2302=CARTESIAN_POINT('',(-0.0077519,-0.02025,0.0486918));
#2303=CARTESIAN_POINT('',(0.,1.38777878078145E-17,0.0486918));
#2304=CARTESIAN_POINT('',(0.00253303349018097,-0.0185864399522543,0.0486918));
#2305=CARTESIAN_POINT('',(0.00253303349018097,-0.024205781519413,0.0486918));
#2306=CARTESIAN_POINT('',(0.00253303349018097,-0.02025,0.0486918));
#2307=CARTESIAN_POINT('',(-1.7347234759768E-18,-0.024205781519413,0.0486918));
#2308=CARTESIAN_POINT('',(-0.00253303349018097,-0.024205781519413,0.0486918));
#2309=CARTESIAN_POINT('',(-0.00253303349018097,-0.0185864399522543,0.0486918));
#2310=CARTESIAN_POINT('',(-0.0105,0.,0.0486918));
#2311=CARTESIAN_POINT('',(-0.0105,0.02025,0.0486918));
#2312=CARTESIAN_POINT('',(-0.0077519,0.02025,0.0486918));
#2313=CARTESIAN_POINT('',(0.0105,0.02025,0.0486918));
#2314=CARTESIAN_POINT('',(0.0105,0.,0.0486918));
#2315=CARTESIAN_POINT('',(0.0105,-0.02025,0.0486918));
#2316=CARTESIAN_POINT('',(-0.0077519,-0.02025,0.0486918));
#2317=CARTESIAN_POINT('',(0.0399789956774271,-0.0733050317001114,0.0486918));
#2318=CARTESIAN_POINT('',(0.0399789956774271,-0.0751338317001114,0.0486918));
#2319=CARTESIAN_POINT('',(0.0413989996909586,-0.0721526003392248,0.0486918));
#2320=CARTESIAN_POINT('',(0.,-0.0751338317001114,0.0486918));
#2321=CARTESIAN_POINT('',(0.029492173541832,-0.0751338317001114,0.0486918));
#2322=CARTESIAN_POINT('',(0.029492173541832,-0.0733050317001114,0.0486918));
#2323=CARTESIAN_POINT('',(0.027663373541832,-0.0733050317001114,0.0486918));
#2324=CARTESIAN_POINT('',(0.027663373541832,1.38777878078145E-17,0.0486918));
#2325=CARTESIAN_POINT('',(0.027663373541832,-0.0603833688339776,0.0486918));
#2326=CARTESIAN_POINT('',(0.029492173541832,-0.0603833688339776,0.0486918));
#2327=CARTESIAN_POINT('',(0.0309121775553634,-0.0592309374730911,0.0486918));
#2328=CARTESIAN_POINT('',(-0.0103444840079024,-0.00839526344242405,0.0486918));
#2329=CARTESIAN_POINT('',(-0.0635,0.,0.0486918));
#2330=CARTESIAN_POINT('',(-0.0635,0.0889,0.0486918));
#2331=CARTESIAN_POINT('',(-0.0635,-0.0814838317001114,0.0486918));
#2332=CARTESIAN_POINT('',(-0.05715,-0.0814838317001114,0.0486918));
#2333=CARTESIAN_POINT('',(-0.0635,0.,0.0486918));
#2334=CARTESIAN_POINT('',(-0.0635,-0.1016,0.0486918));
#2335=CARTESIAN_POINT('',(0.,-0.1016,0.0486918));
#2336=CARTESIAN_POINT('',(-0.0309633735418319,-0.1016,0.0486918));
#2337=CARTESIAN_POINT('',(-0.0309633735418319,-0.0856,0.0486918));
#2338=CARTESIAN_POINT('',(-0.014963373541832,-0.0856,0.0486918));
#2339=CARTESIAN_POINT('',(-0.014963373541832,-0.0554930521530037,0.0486918));
#2340=CARTESIAN_POINT('',(-0.014963373541832,-0.029502272605896,0.0486918));
#2341=CARTESIAN_POINT('',(0.,-0.029502272605896,0.0486918));
#2342=CARTESIAN_POINT('',(0.014963373541832,-0.029502272605896,0.0486918));
#2343=CARTESIAN_POINT('',(0.014963373541832,-0.0554930521530037,0.0486918));
#2344=CARTESIAN_POINT('',(0.014963373541832,-0.0856,0.0486918));
#2345=CARTESIAN_POINT('',(0.0309633735418319,-0.0856,0.0486918));
#2346=CARTESIAN_POINT('',(0.0309633735418319,-0.1016,0.0486918));
#2347=CARTESIAN_POINT('',(0.,-0.1016,0.0486918));
#2348=CARTESIAN_POINT('',(0.0635,-0.1016,0.0486918));
#2349=CARTESIAN_POINT('',(0.0635,0.,0.0486918));
#2350=CARTESIAN_POINT('',(0.0635,-0.0814838317001114,0.0486918));
#2351=CARTESIAN_POINT('',(0.05715,-0.0814838317001114,0.0486918));
#2352=CARTESIAN_POINT('',(0.0635,0.,0.0486918));
#2353=CARTESIAN_POINT('',(0.0635,0.0889,0.0486918));
#2354=CARTESIAN_POINT('',(0.05715,0.0889,0.0486918));
#2355=CARTESIAN_POINT('',(0.0635,0.,0.0486918));
#2356=CARTESIAN_POINT('',(0.0635,0.098425,0.0486918));
#2357=CARTESIAN_POINT('',(0.060325,0.098425,0.0486918));
#2358=CARTESIAN_POINT('',(0.060325,0.1016,0.0486918));
#2359=CARTESIAN_POINT('',(0.,0.1016,0.0486918));
#2360=CARTESIAN_POINT('',(-0.060325,0.1016,0.0486918));
#2361=CARTESIAN_POINT('',(-0.060325,0.098425,0.0486918));
#2362=CARTESIAN_POINT('',(-0.0635,0.098425,0.0486918));
#2363=CARTESIAN_POINT('',(-0.0635,0.,0.0486918));
#2364=CARTESIAN_POINT('',(-0.05715,0.0889,0.0486918));
#2365=CARTESIAN_POINT('',(-0.0050038,0.0245,0.0486918));
#2366=CARTESIAN_POINT('',(-0.0036038,0.0245,0.0486918));
#2367=CARTESIAN_POINT('',(-0.0050038,-0.0245,0.0486918));
#2368=CARTESIAN_POINT('',(-0.0036038,-0.0245,0.0486918));
#2369=CARTESIAN_POINT('',(0.0050038,0.0245,0.0486918));
#2370=CARTESIAN_POINT('',(0.0064038,0.0245,0.0486918));
#2371=CARTESIAN_POINT('',(0.0050038,-0.0245,0.0486918));
#2372=CARTESIAN_POINT('',(0.0064038,-0.0245,0.0486918));
#2373=CARTESIAN_POINT('',(-0.0116577169077333,0.0389724586447839,0.0486918));
#2374=CARTESIAN_POINT('',(-0.0131487205577851,0.0379134886001027,0.0486918));
#2375=CARTESIAN_POINT('',(-0.0108937746621867,0.037310862518925,0.0486918));
#2376=CARTESIAN_POINT('',(0.0091588506386601,0.00650497969586732,0.0486918));
#2377=CARTESIAN_POINT('',(-0.0428003357612651,0.0796622299553187,0.0486918));
#2378=CARTESIAN_POINT('',(-0.0413093321112133,0.0807212,0.0486918));
#2379=CARTESIAN_POINT('',(-0.0413093321112133,0.08255,0.0486918));
#2380=CARTESIAN_POINT('',(0.,0.08255,0.0486918));
#2381=CARTESIAN_POINT('',(0.0413093321112133,0.08255,0.0486918));
#2382=CARTESIAN_POINT('',(0.0413093321112133,0.0807212,0.0486918));
#2383=CARTESIAN_POINT('',(0.0428003357612651,0.0796622299553187,0.0486918));
#2384=CARTESIAN_POINT('',(-0.0091588506386601,0.00650497969586731,0.0486918));
#2385=CARTESIAN_POINT('',(0.0131487205577851,0.0379134886001027,0.0486918));
#2386=CARTESIAN_POINT('',(0.0116577169077333,0.0389724586447839,0.0486918));
#2387=CARTESIAN_POINT('',(0.0108937746621867,0.037310862518925,0.0486918));
#2388=CARTESIAN_POINT('',(0.0050038,0.0245,0.0486918));
#2389=CARTESIAN_POINT('',(0.000574490824167541,0.0378862324880784,0.0486918));
#2390=CARTESIAN_POINT('',(-4.33680868994202E-18,0.0396224553231279,0.0486918));
#2391=CARTESIAN_POINT('',(-0.000574490824167549,0.0378862324880784,0.0486918));
#2392=CARTESIAN_POINT('',(-0.0050038,0.0245,0.0486918));
#2393=CARTESIAN_POINT('',(-0.029492173541832,-0.0733050317001114,0.0486918));
#2394=CARTESIAN_POINT('',(-0.029492173541832,-0.0751338317001114,0.0486918));
#2395=CARTESIAN_POINT('',(-0.027663373541832,-0.0733050317001114,0.0486918));
#2396=CARTESIAN_POINT('',(0.,-0.0751338317001114,0.0486918));
#2397=CARTESIAN_POINT('',(-0.0399789956774271,-0.0751338317001114,0.0486918));
#2398=CARTESIAN_POINT('',(-0.0399789956774271,-0.0733050317001114,0.0486918));
#2399=CARTESIAN_POINT('',(-0.0413989996909586,-0.0721526003392249,0.0486918));
#2400=CARTESIAN_POINT('',(0.0103444840079024,-0.00839526344242404,0.0486918));
#2401=CARTESIAN_POINT('',(-0.0309121775553634,-0.0592309374730911,0.0486918));
#2402=CARTESIAN_POINT('',(-0.029492173541832,-0.0603833688339776,0.0486918));
#2403=CARTESIAN_POINT('',(-0.027663373541832,-0.0603833688339776,0.0486918));
#2404=CARTESIAN_POINT('',(-0.027663373541832,1.38777878078145E-17,0.0486918));
#2405=CARTESIAN_POINT('',(-0.014953373541832,-0.029512272605896,0.0486918));
#2406=CARTESIAN_POINT('',(-0.027663373541832,-0.029512272605896,0.0486918));
#2407=CARTESIAN_POINT('',(-0.0237614368127564,-0.0203491878951999,0.0486918));
#2408=CARTESIAN_POINT('',(-0.027663373541832,1.38777878078145E-17,0.0486918));
#2409=CARTESIAN_POINT('',(-0.027663373541832,-0.0344253986716694,0.0486918));
#2410=CARTESIAN_POINT('',(-0.029492173541832,-0.0344253986716694,0.0486918));
#2411=CARTESIAN_POINT('',(-0.0280721695283006,-0.0355778300325559,0.0486918));
#2412=CARTESIAN_POINT('',(0.000483345025045452,-0.000392267880712234,0.0486918));
#2413=CARTESIAN_POINT('',(-0.0475511959864686,-0.0595795161104196,0.0486918));
#2414=CARTESIAN_POINT('',(-0.0489712,-0.0584270847495331,0.0486918));
#2415=CARTESIAN_POINT('',(-0.0508,-0.0584270847495331,0.0486918));
#2416=CARTESIAN_POINT('',(-0.0508,1.38777878078145E-17,0.0486918));
#2417=CARTESIAN_POINT('',(-0.0508,0.0632599828631452,0.0486918));
#2418=CARTESIAN_POINT('',(-0.0489712,0.0632599828631452,0.0486918));
#2419=CARTESIAN_POINT('',(-0.0474801963499482,0.0643189529078264,0.0486918));
#2420=CARTESIAN_POINT('',(-0.00119534137558843,-0.000848978947752583,0.0486918));
#2421=CARTESIAN_POINT('',(-0.021809155831019,0.0281747623269955,0.0486918));
#2422=CARTESIAN_POINT('',(-0.0233001594810709,0.0271157922823141,0.0486918));
#2423=CARTESIAN_POINT('',(-0.02168880093298,0.0262509032319183,0.0486918));
#2424=CARTESIAN_POINT('',(-0.01049,0.02024,0.0486918));
#2425=CARTESIAN_POINT('',(-0.0232,0.02024,0.0486918));
#2426=CARTESIAN_POINT('',(-0.0232,1.58652240864645E-17,0.0486918));
#2427=CARTESIAN_POINT('',(-0.0232,-0.0190307418433572,0.0486918));
#2428=CARTESIAN_POINT('',(-0.0250288,-0.0190307418433572,0.0486918));
#2429=CARTESIAN_POINT('',(0.0233001594810709,0.0271157922823141,0.0486918));
#2430=CARTESIAN_POINT('',(0.021809155831019,0.0281747623269955,0.0486918));
#2431=CARTESIAN_POINT('',(0.02168880093298,0.0262509032319183,0.0486918));
#2432=CARTESIAN_POINT('',(0.00119534137558844,-0.00084897894775259,0.0486918));
#2433=CARTESIAN_POINT('',(0.0474801963499482,0.0643189529078264,0.0486918));
#2434=CARTESIAN_POINT('',(0.0489712,0.0632599828631452,0.0486918));
#2435=CARTESIAN_POINT('',(0.0508,0.0632599828631452,0.0486918));
#2436=CARTESIAN_POINT('',(0.0508,1.38777878078145E-17,0.0486918));
#2437=CARTESIAN_POINT('',(0.0508,-0.058427084749533,0.0486918));
#2438=CARTESIAN_POINT('',(0.0489712,-0.058427084749533,0.0486918));
#2439=CARTESIAN_POINT('',(0.0475511959864686,-0.0595795161104196,0.0486918));
#2440=CARTESIAN_POINT('',(-0.000483345025045462,-0.000392267880712243,0.0486918));
#2441=CARTESIAN_POINT('',(0.0280721695283006,-0.0355778300325559,0.0486918));
#2442=CARTESIAN_POINT('',(0.029492173541832,-0.0344253986716694,0.0486918));
#2443=CARTESIAN_POINT('',(0.027663373541832,-0.0344253986716694,0.0486918));
#2444=CARTESIAN_POINT('',(0.027663373541832,1.38777878078145E-17,0.0486918));
#2445=CARTESIAN_POINT('',(0.027663373541832,-0.029512272605896,0.0486918));
#2446=CARTESIAN_POINT('',(0.014953373541832,-0.029512272605896,0.0486918));
#2447=CARTESIAN_POINT('',(0.0237614368127564,-0.0203491878951999,0.0486918));
#2448=CARTESIAN_POINT('',(0.0250288,-0.0190307418433572,0.0486918));
#2449=CARTESIAN_POINT('',(0.0232,-0.0190307418433572,0.0486918));
#2450=CARTESIAN_POINT('',(0.0232,1.18903515291645E-17,0.0486918));
#2451=CARTESIAN_POINT('',(0.0232,0.02024,0.0486918));
#2452=CARTESIAN_POINT('',(0.01049,0.02024,0.0486918));
#2453=CARTESIAN_POINT('',(0.,1.38777878078145E-17,0.04445));
#2454=CARTESIAN_POINT('',(0.,-0.0751338317001114,0.04445));
#2455=CARTESIAN_POINT('',(0.0399789956774271,-0.0751338317001114,0.04445));
#2456=CARTESIAN_POINT('',(0.029492173541832,-0.0751338317001114,0.04445));
#2457=CARTESIAN_POINT('',(0.0399789956774271,-0.0733050317001114,0.04445));
#2458=CARTESIAN_POINT('',(0.0413989996909586,-0.0721526003392249,0.04445));
#2459=CARTESIAN_POINT('',(-0.0103444840079024,-0.00839526344242405,0.04445));
#2460=CARTESIAN_POINT('',(0.0309121775553634,-0.0592309374730911,0.04445));
#2461=CARTESIAN_POINT('',(0.029492173541832,-0.0603833688339776,0.04445));
#2462=CARTESIAN_POINT('',(0.027663373541832,-0.0603833688339776,0.04445));
#2463=CARTESIAN_POINT('',(0.027663373541832,1.38777878078145E-17,0.04445));
#2464=CARTESIAN_POINT('',(0.027663373541832,-0.0733050317001114,0.04445));
#2465=CARTESIAN_POINT('',(0.029492173541832,-0.0733050317001114,0.04445));
#2466=CARTESIAN_POINT('',(0.,0.08255,0.04445));
#2467=CARTESIAN_POINT('',(-0.0413093321112133,0.08255,0.04445));
#2468=CARTESIAN_POINT('',(0.0413093321112133,0.08255,0.04445));
#2469=CARTESIAN_POINT('',(-0.0413093321112133,0.0807212,0.04445));
#2470=CARTESIAN_POINT('',(-0.0428003357612651,0.0796622299553187,0.04445));
#2471=CARTESIAN_POINT('',(0.0091588506386601,0.00650497969586732,0.04445));
#2472=CARTESIAN_POINT('',(-0.0131487205577851,0.0379134886001027,0.04445));
#2473=CARTESIAN_POINT('',(-0.0116577169077333,0.0389724586447839,0.04445));
#2474=CARTESIAN_POINT('',(-0.0108937746621867,0.037310862518925,0.04445));
#2475=CARTESIAN_POINT('',(-0.0050038,0.0245,0.04445));
#2476=CARTESIAN_POINT('',(-0.000574490824167548,0.0378862324880784,0.04445));
#2477=CARTESIAN_POINT('',(-4.33680868994202E-18,0.0396224553231279,0.04445));
#2478=CARTESIAN_POINT('',(0.000574490824167542,0.0378862324880784,0.04445));
#2479=CARTESIAN_POINT('',(0.0050038,0.0245,0.04445));
#2480=CARTESIAN_POINT('',(0.0108937746621867,0.037310862518925,0.04445));
#2481=CARTESIAN_POINT('',(0.0116577169077333,0.0389724586447839,0.04445));
#2482=CARTESIAN_POINT('',(0.0131487205577851,0.0379134886001027,0.04445));
#2483=CARTESIAN_POINT('',(-0.0091588506386601,0.00650497969586731,0.04445));
#2484=CARTESIAN_POINT('',(0.0428003357612651,0.0796622299553187,0.04445));
#2485=CARTESIAN_POINT('',(0.0413093321112133,0.0807212,0.04445));
#2486=CARTESIAN_POINT('',(-0.0635,0.,0.04445));
#2487=CARTESIAN_POINT('',(-0.0635,0.098425,0.04445));
#2488=CARTESIAN_POINT('',(-0.0635,-0.1016,0.04445));
#2489=CARTESIAN_POINT('',(-0.060325,0.098425,0.04445));
#2490=CARTESIAN_POINT('',(-0.060325,0.1016,0.04445));
#2491=CARTESIAN_POINT('',(0.,0.1016,0.04445));
#2492=CARTESIAN_POINT('',(0.060325,0.1016,0.04445));
#2493=CARTESIAN_POINT('',(0.060325,0.098425,0.04445));
#2494=CARTESIAN_POINT('',(0.0635,0.098425,0.04445));
#2495=CARTESIAN_POINT('',(0.0635,0.,0.04445));
#2496=CARTESIAN_POINT('',(0.0635,-0.1016,0.04445));
#2497=CARTESIAN_POINT('',(0.,-0.1016,0.04445));
#2498=CARTESIAN_POINT('',(0.0309633735418319,-0.1016,0.04445));
#2499=CARTESIAN_POINT('',(0.0309633735418319,-0.0856,0.04445));
#2500=CARTESIAN_POINT('',(0.014963373541832,-0.0856,0.04445));
#2501=CARTESIAN_POINT('',(0.014963373541832,1.38777878078145E-17,0.04445));
#2502=CARTESIAN_POINT('',(0.014963373541832,-0.029502272605896,0.04445));
#2503=CARTESIAN_POINT('',(0.,-0.029502272605896,0.04445));
#2504=CARTESIAN_POINT('',(-0.014963373541832,-0.029502272605896,0.04445));
#2505=CARTESIAN_POINT('',(-0.014963373541832,1.38777878078145E-17,0.04445));
#2506=CARTESIAN_POINT('',(-0.014963373541832,-0.0856,0.04445));
#2507=CARTESIAN_POINT('',(-0.0309633735418319,-0.0856,0.04445));
#2508=CARTESIAN_POINT('',(-0.0309633735418319,-0.1016,0.04445));
#2509=CARTESIAN_POINT('',(0.,-0.1016,0.04445));
#2510=CARTESIAN_POINT('',(-0.05715,-0.0814838317001114,0.04445));
#2511=CARTESIAN_POINT('',(-0.05575,-0.0814838317001114,0.04445));
#2512=CARTESIAN_POINT('',(0.05715,-0.0814838317001114,0.04445));
#2513=CARTESIAN_POINT('',(0.05855,-0.0814838317001114,0.04445));
#2514=CARTESIAN_POINT('',(0.05715,0.0889,0.04445));
#2515=CARTESIAN_POINT('',(0.05855,0.0889,0.04445));
#2516=CARTESIAN_POINT('',(-0.05715,0.0889,0.04445));
#2517=CARTESIAN_POINT('',(-0.05575,0.0889,0.04445));
#2518=CARTESIAN_POINT('',(0.,-0.024205781519413,0.04445));
#2519=CARTESIAN_POINT('',(-0.00253303349018097,-0.024205781519413,0.04445));
#2520=CARTESIAN_POINT('',(0.00253303349018097,-0.024205781519413,0.04445));
#2521=CARTESIAN_POINT('',(0.00253303349018097,1.38777878078145E-17,0.04445));
#2522=CARTESIAN_POINT('',(0.00253303349018097,-0.02025,0.04445));
#2523=CARTESIAN_POINT('',(-0.0077519,-0.02025,0.04445));
#2524=CARTESIAN_POINT('',(0.0105,-0.02025,0.04445));
#2525=CARTESIAN_POINT('',(0.0105,0.,0.04445));
#2526=CARTESIAN_POINT('',(0.0105,0.02025,0.04445));
#2527=CARTESIAN_POINT('',(-0.0077519,0.02025,0.04445));
#2528=CARTESIAN_POINT('',(-0.0105,0.02025,0.04445));
#2529=CARTESIAN_POINT('',(-0.0105,0.,0.04445));
#2530=CARTESIAN_POINT('',(-0.00253303349018097,1.38777878078145E-17,0.04445));
#2531=CARTESIAN_POINT('',(-0.0050038,0.0245,0.04445));
#2532=CARTESIAN_POINT('',(-0.0036038,0.0245,0.04445));
#2533=CARTESIAN_POINT('',(-0.0050038,-0.0245,0.04445));
#2534=CARTESIAN_POINT('',(-0.0036038,-0.0245,0.04445));
#2535=CARTESIAN_POINT('',(0.0050038,0.0245,0.04445));
#2536=CARTESIAN_POINT('',(0.0064038,0.0245,0.04445));
#2537=CARTESIAN_POINT('',(0.0050038,-0.0245,0.04445));
#2538=CARTESIAN_POINT('',(0.0064038,-0.0245,0.04445));
#2539=CARTESIAN_POINT('',(0.,-0.0751338317001114,0.04445));
#2540=CARTESIAN_POINT('',(-0.029492173541832,-0.0751338317001114,0.04445));
#2541=CARTESIAN_POINT('',(-0.0399789956774271,-0.0751338317001114,0.04445));
#2542=CARTESIAN_POINT('',(-0.029492173541832,-0.0733050317001114,0.04445));
#2543=CARTESIAN_POINT('',(-0.027663373541832,-0.0733050317001114,0.04445));
#2544=CARTESIAN_POINT('',(-0.027663373541832,1.38777878078145E-17,0.04445));
#2545=CARTESIAN_POINT('',(-0.027663373541832,-0.0603833688339776,0.04445));
#2546=CARTESIAN_POINT('',(-0.029492173541832,-0.0603833688339776,0.04445));
#2547=CARTESIAN_POINT('',(-0.0309121775553634,-0.0592309374730911,0.04445));
#2548=CARTESIAN_POINT('',(0.0103444840079024,-0.00839526344242404,0.04445));
#2549=CARTESIAN_POINT('',(-0.0413989996909586,-0.0721526003392249,0.04445));
#2550=CARTESIAN_POINT('',(-0.0399789956774271,-0.0733050317001114,0.04445));
#2551=CARTESIAN_POINT('',(-0.0489712,0.0632599828631452,0.04445));
#2552=CARTESIAN_POINT('',(-0.0474801963499482,0.0643189529078264,0.04445));
#2553=CARTESIAN_POINT('',(-0.0508,0.0632599828631452,0.04445));
#2554=CARTESIAN_POINT('',(-0.0508,1.38777878078145E-17,0.04445));
#2555=CARTESIAN_POINT('',(-0.0508,-0.0584270847495331,0.04445));
#2556=CARTESIAN_POINT('',(-0.0489712,-0.0584270847495331,0.04445));
#2557=CARTESIAN_POINT('',(-0.0475511959864686,-0.0595795161104196,0.04445));
#2558=CARTESIAN_POINT('',(0.000483345025045452,-0.000392267880712234,0.04445));
#2559=CARTESIAN_POINT('',(-0.0280721695283006,-0.0355778300325559,0.04445));
#2560=CARTESIAN_POINT('',(-0.029492173541832,-0.0344253986716694,0.04445));
#2561=CARTESIAN_POINT('',(-0.027663373541832,-0.0344253986716694,0.04445));
#2562=CARTESIAN_POINT('',(-0.027663373541832,1.38777878078145E-17,0.04445));
#2563=CARTESIAN_POINT('',(-0.027663373541832,-0.029512272605896,0.04445));
#2564=CARTESIAN_POINT('',(-0.014953373541832,-0.029512272605896,0.04445));
#2565=CARTESIAN_POINT('',(-0.0237614368127564,-0.0203491878951999,0.04445));
#2566=CARTESIAN_POINT('',(-0.0250288,-0.0190307418433572,0.04445));
#2567=CARTESIAN_POINT('',(-0.0232,-0.0190307418433572,0.04445));
#2568=CARTESIAN_POINT('',(-0.0232,1.58652240864645E-17,0.04445));
#2569=CARTESIAN_POINT('',(-0.0232,0.02024,0.04445));
#2570=CARTESIAN_POINT('',(-0.01049,0.02024,0.04445));
#2571=CARTESIAN_POINT('',(-0.02168880093298,0.0262509032319183,0.04445));
#2572=CARTESIAN_POINT('',(-0.0233001594810709,0.0271157922823141,0.04445));
#2573=CARTESIAN_POINT('',(-0.021809155831019,0.0281747623269955,0.04445));
#2574=CARTESIAN_POINT('',(-0.00119534137558843,-0.000848978947752583,0.04445));
#2575=CARTESIAN_POINT('',(0.0508,1.38777878078145E-17,0.04445));
#2576=CARTESIAN_POINT('',(0.0508,0.0632599828631452,0.04445));
#2577=CARTESIAN_POINT('',(0.0508,-0.058427084749533,0.04445));
#2578=CARTESIAN_POINT('',(0.0489712,0.0632599828631452,0.04445));
#2579=CARTESIAN_POINT('',(0.0474801963499482,0.0643189529078264,0.04445));
#2580=CARTESIAN_POINT('',(0.00119534137558844,-0.00084897894775259,0.04445));
#2581=CARTESIAN_POINT('',(0.021809155831019,0.0281747623269955,0.04445));
#2582=CARTESIAN_POINT('',(0.0233001594810709,0.0271157922823141,0.04445));
#2583=CARTESIAN_POINT('',(0.02168880093298,0.0262509032319183,0.04445));
#2584=CARTESIAN_POINT('',(0.01049,0.02024,0.04445));
#2585=CARTESIAN_POINT('',(0.0232,0.02024,0.04445));
#2586=CARTESIAN_POINT('',(0.0232,1.18903515291645E-17,0.04445));
#2587=CARTESIAN_POINT('',(0.0232,-0.0190307418433572,0.04445));
#2588=CARTESIAN_POINT('',(0.0250288,-0.0190307418433572,0.04445));
#2589=CARTESIAN_POINT('',(0.0237614368127564,-0.0203491878951999,0.04445));
#2590=CARTESIAN_POINT('',(0.014953373541832,-0.029512272605896,0.04445));
#2591=CARTESIAN_POINT('',(0.027663373541832,-0.029512272605896,0.04445));
#2592=CARTESIAN_POINT('',(0.027663373541832,1.38777878078145E-17,0.04445));
#2593=CARTESIAN_POINT('',(0.027663373541832,-0.0344253986716694,0.04445));
#2594=CARTESIAN_POINT('',(0.029492173541832,-0.0344253986716694,0.04445));
#2595=CARTESIAN_POINT('',(0.0280721695283006,-0.0355778300325559,0.04445));
#2596=CARTESIAN_POINT('',(-0.000483345025045462,-0.000392267880712243,0.04445));
#2597=CARTESIAN_POINT('',(0.0475511959864686,-0.0595795161104195,0.04445));
#2598=CARTESIAN_POINT('',(0.0489712,-0.058427084749533,0.04445));
#2599=CARTESIAN_POINT('',(0.,-0.1016,0.0486918));
#2600=CARTESIAN_POINT('',(0.0309633735418319,-0.1016,0.04445));
#2601=CARTESIAN_POINT('',(0.0635,-0.1016,0.0486918));
#2602=CARTESIAN_POINT('',(0.,0.1016,0.0486918));
#2603=CARTESIAN_POINT('',(-0.060325,0.1016,0.0486918));
#2604=CARTESIAN_POINT('',(0.060325,0.1016,0.0486918));
#2605=CARTESIAN_POINT('',(-0.0635,0.,0.0486918));
#2606=CARTESIAN_POINT('',(-0.0635,0.098425,0.04445));
#2607=CARTESIAN_POINT('',(-0.0635,-0.1016,0.0486918));
#2608=CARTESIAN_POINT('',(0.,-0.1016,0.0486918));
#2609=CARTESIAN_POINT('',(-0.0309633735418319,-0.1016,0.0486918));
#2610=CARTESIAN_POINT('',(0.0105,0.,0.0486918));
#2611=CARTESIAN_POINT('',(0.0105,-0.02025,0.0486918));
#2612=CARTESIAN_POINT('',(0.0105,0.02025,0.0486918));
#2613=CARTESIAN_POINT('',(-0.0077519,-0.02025,0.0486918));
#2614=CARTESIAN_POINT('',(0.00253303349018097,-0.02025,0.0236918));
#2615=CARTESIAN_POINT('',(-0.0105,0.,0.0486918));
#2616=CARTESIAN_POINT('',(-0.0105,0.02025,0.0486918));
#2617=CARTESIAN_POINT('',(0.0635,0.,0.0486918));
#2618=CARTESIAN_POINT('',(0.0635,0.098425,0.0486918));
#2619=CARTESIAN_POINT('',(0.0050038,0.0245,0.0486918));
#2620=CARTESIAN_POINT('',(-0.0050038,-0.0245,0.0486918));
#2621=CARTESIAN_POINT('',(-0.0050038,0.0245,0.0486918));
#2622=CARTESIAN_POINT('',(-0.0077519,0.02025,0.0486918));
#2623=CARTESIAN_POINT('',(0.0050038,-0.0245,0.0486918));
#2624=CARTESIAN_POINT('',(-0.05715,0.0889,0.0486918));
#2625=CARTESIAN_POINT('',(-0.05715,0.0889,0.0613918));
#2626=CARTESIAN_POINT('',(-0.05855,0.0889,0.0613918));
#2627=CARTESIAN_POINT('',(0.05715,0.0889,0.0486918));
#2628=CARTESIAN_POINT('',(0.05715,0.0889,0.0613918));
#2629=CARTESIAN_POINT('',(0.05575,0.0889,0.0613918));
#2630=CARTESIAN_POINT('',(0.05715,-0.0814838317001114,0.0486918));
#2631=CARTESIAN_POINT('',(0.05715,-0.0814838317001114,0.0613918));
#2632=CARTESIAN_POINT('',(0.05575,-0.0814838317001114,0.0613918));
#2633=CARTESIAN_POINT('',(-0.05715,-0.0814838317001114,0.0486918));
#2634=CARTESIAN_POINT('',(-0.05715,-0.0814838317001114,0.0613918));
#2635=CARTESIAN_POINT('',(-0.05855,-0.0814838317001114,0.0613918));
#2636=CARTESIAN_POINT('',(-0.014963373541832,-0.0554930521530037,0.0236918));
#2637=CARTESIAN_POINT('',(-0.014963373541832,-0.0856,0.0236918));
#2638=CARTESIAN_POINT('',(-0.014963373541832,-0.029502272605896,0.0236918));
#2639=CARTESIAN_POINT('',(0.014963373541832,-0.0554930521530037,0.0236918));
#2640=CARTESIAN_POINT('',(0.014963373541832,-0.0856,0.0486918));
#2641=CARTESIAN_POINT('',(0.014963373541832,-0.029502272605896,0.0236918));
#2642=CARTESIAN_POINT('',(0.,-0.029502272605896,0.0236918));
#2643=CARTESIAN_POINT('',(0.0309633735418319,-0.0856,0.0236918));
#2644=CARTESIAN_POINT('',(-0.0309633735418319,-0.0856,0.0486918));
#2645=CARTESIAN_POINT('',(0.0050038,0.0245,0.021663));
#2646=CARTESIAN_POINT('',(0.000574490824167541,0.0378862324880784,0.0486918));
#2647=CARTESIAN_POINT('',(0.0108937746621867,0.037310862518925,0.0361918));
#2648=CARTESIAN_POINT('',(-0.0050038,0.0245,0.021663));
#2649=CARTESIAN_POINT('',(-0.0108937746621867,0.037310862518925,0.0486918));
#2650=CARTESIAN_POINT('',(-0.000574490824167548,0.0378862324880784,0.0361918));
#2651=CARTESIAN_POINT('',(-6.93889390390723E-18,0.08255,0.021663));
#2652=CARTESIAN_POINT('',(0.0413093321112133,0.08255,0.021663));
#2653=CARTESIAN_POINT('',(-0.0413093321112133,0.08255,0.021663));
#2654=CARTESIAN_POINT('',(-0.0308795907637917,0.0628781156247579,0.021663));
#2655=CARTESIAN_POINT('',(-0.0428003357612651,0.0796622299553187,0.021663));
#2656=CARTESIAN_POINT('',(-0.0131487205577851,0.0379134886001027,0.021663));
#2657=CARTESIAN_POINT('',(0.0308795907637917,0.0628781156247579,0.021663));
#2658=CARTESIAN_POINT('',(0.0131487205577851,0.0379134886001027,0.021663));
#2659=CARTESIAN_POINT('',(0.0428003357612651,0.0796622299553187,0.021663));
#2660=CARTESIAN_POINT('',(0.0413093321112133,0.0807212,0.021663));
#2661=CARTESIAN_POINT('',(-0.0413093321112133,0.0807212,0.021663));
#2662=CARTESIAN_POINT('',(-0.0116577169077333,0.0389724586447839,0.021663));
#2663=CARTESIAN_POINT('',(0.0116577169077333,0.0389724586447839,0.021663));
#2664=CARTESIAN_POINT('',(-4.33680868994202E-18,0.0396224553231279,0.021663));
#2665=CARTESIAN_POINT('',(-0.027663373541832,-0.0554930521530037,0.021663));
#2666=CARTESIAN_POINT('',(-0.027663373541832,-0.0733050317001114,0.021663));
#2667=CARTESIAN_POINT('',(-0.027663373541832,-0.0603833688339776,0.021663));
#2668=CARTESIAN_POINT('',(1.38777878078145E-17,-0.0751338317001114,0.021663));
#2669=CARTESIAN_POINT('',(-0.0399789956774271,-0.0751338317001114,0.021663));
#2670=CARTESIAN_POINT('',(-0.029492173541832,-0.0751338317001114,0.021663));
#2671=CARTESIAN_POINT('',(-0.0311261172794875,-0.0594945499338596,0.021663));
#2672=CARTESIAN_POINT('',(-0.0309121775553633,-0.0592309374730911,0.021663));
#2673=CARTESIAN_POINT('',(-0.0413989996909586,-0.0721526003392249,0.021663));
#2674=CARTESIAN_POINT('',(-0.0399789956774271,-0.0733050317001114,0.021663));
#2675=CARTESIAN_POINT('',(-0.029492173541832,-0.0733050317001114,0.021663));
#2676=CARTESIAN_POINT('',(-0.029492173541832,-0.0603833688339776,0.021663));
#2677=CARTESIAN_POINT('',(0.027663373541832,-0.0554930521530037,0.021663));
#2678=CARTESIAN_POINT('',(0.027663373541832,-0.0603833688339776,0.021663));
#2679=CARTESIAN_POINT('',(0.027663373541832,-0.0733050317001114,0.021663));
#2680=CARTESIAN_POINT('',(1.38777878078145E-17,-0.0751338317001114,0.021663));
#2681=CARTESIAN_POINT('',(0.029492173541832,-0.0751338317001114,0.021663));
#2682=CARTESIAN_POINT('',(0.0399789956774271,-0.0751338317001114,0.021663));
#2683=CARTESIAN_POINT('',(0.0311261172794875,-0.0594945499338596,0.021663));
#2684=CARTESIAN_POINT('',(0.0413989996909586,-0.0721526003392249,0.021663));
#2685=CARTESIAN_POINT('',(0.0309121775553634,-0.0592309374730911,0.021663));
#2686=CARTESIAN_POINT('',(0.0399789956774271,-0.0733050317001114,0.021663));
#2687=CARTESIAN_POINT('',(0.029492173541832,-0.0733050317001114,0.021663));
#2688=CARTESIAN_POINT('',(0.029492173541832,-0.0603833688339776,0.021663));
#2689=CARTESIAN_POINT('',(-0.0232,1.08795003184718E-18,0.021663));
#2690=CARTESIAN_POINT('',(-0.0232,-0.0190307418433572,0.021663));
#2691=CARTESIAN_POINT('',(-0.0232,0.02024,0.021663));
#2692=CARTESIAN_POINT('',(-0.014953373541832,-0.029512272605896,0.021663));
#2693=CARTESIAN_POINT('',(-0.027663373541832,-0.029512272605896,0.021663));
#2694=CARTESIAN_POINT('',(-0.0237614368127564,-0.0203491878951999,0.0361918));
#2695=CARTESIAN_POINT('',(-0.027663373541832,-0.0554930521530037,0.021663));
#2696=CARTESIAN_POINT('',(-0.027663373541832,-0.0344253986716694,0.021663));
#2697=CARTESIAN_POINT('',(-0.0508,0.,0.021663));
#2698=CARTESIAN_POINT('',(-0.0508,0.0632599828631452,0.021663));
#2699=CARTESIAN_POINT('',(-0.0508,-0.0584270847495331,0.021663));
#2700=CARTESIAN_POINT('',(-0.01049,0.02024,0.021663));
#2701=CARTESIAN_POINT('',(-0.02168880093298,0.0262509032319183,0.0361918));
#2702=CARTESIAN_POINT('',(-0.0409872562623445,-0.0514915543721478,0.021663));
#2703=CARTESIAN_POINT('',(-0.0475511959864686,-0.0595795161104196,0.021663));
#2704=CARTESIAN_POINT('',(-0.0280721695283006,-0.0355778300325559,0.021663));
#2705=CARTESIAN_POINT('',(-0.0412337827780402,0.055524156981138,0.021663));
#2706=CARTESIAN_POINT('',(-0.021809155831019,0.0281747623269955,0.021663));
#2707=CARTESIAN_POINT('',(-0.0474801963499482,0.0643189529078264,0.021663));
#2708=CARTESIAN_POINT('',(-0.029492173541832,-0.0344253986716694,0.021663));
#2709=CARTESIAN_POINT('',(-0.0233001594810709,0.0271157922823141,0.021663));
#2710=CARTESIAN_POINT('',(-0.0489712,-0.0584270847495331,0.021663));
#2711=CARTESIAN_POINT('',(-0.0489712,0.0632599828631452,0.021663));
#2712=CARTESIAN_POINT('',(-0.0250288,-0.0190307418433572,0.021663));
#2713=CARTESIAN_POINT('',(0.027663373541832,-0.0554930521530037,0.021663));
#2714=CARTESIAN_POINT('',(0.027663373541832,-0.029512272605896,0.021663));
#2715=CARTESIAN_POINT('',(0.027663373541832,-0.0344253986716694,0.021663));
#2716=CARTESIAN_POINT('',(0.01049,0.02024,0.021663));
#2717=CARTESIAN_POINT('',(0.02168880093298,0.0262509032319183,0.0486918));
#2718=CARTESIAN_POINT('',(0.0232,0.02024,0.021663));
#2719=CARTESIAN_POINT('',(0.014953373541832,-0.029512272605896,0.021663));
#2720=CARTESIAN_POINT('',(0.0237614368127564,-0.0203491878951999,0.0486918));
#2721=CARTESIAN_POINT('',(0.0508,0.,0.021663));
#2722=CARTESIAN_POINT('',(0.0508,-0.058427084749533,0.021663));
#2723=CARTESIAN_POINT('',(0.0508,0.0632599828631452,0.021663));
#2724=CARTESIAN_POINT('',(0.0232,-1.08795003184718E-18,0.021663));
#2725=CARTESIAN_POINT('',(0.0232,-0.0190307418433572,0.021663));
#2726=CARTESIAN_POINT('',(0.0409872562623445,-0.0514915543721478,0.021663));
#2727=CARTESIAN_POINT('',(0.0280721695283006,-0.0355778300325559,0.021663));
#2728=CARTESIAN_POINT('',(0.0475511959864686,-0.0595795161104195,0.021663));
#2729=CARTESIAN_POINT('',(0.0412337827780402,0.055524156981138,0.021663));
#2730=CARTESIAN_POINT('',(0.0474801963499482,0.0643189529078264,0.021663));
#2731=CARTESIAN_POINT('',(0.021809155831019,0.0281747623269955,0.021663));
#2732=CARTESIAN_POINT('',(0.029492173541832,-0.0344253986716694,0.021663));
#2733=CARTESIAN_POINT('',(0.0233001594810709,0.0271157922823141,0.021663));
#2734=CARTESIAN_POINT('',(0.0489712,0.0632599828631452,0.021663));
#2735=CARTESIAN_POINT('',(0.0489712,-0.058427084749533,0.021663));
#2736=CARTESIAN_POINT('',(0.0250288,-0.0190307418433572,0.021663));
#2737=CARTESIAN_POINT('',(-1.7347234759768E-18,-0.024205781519413,0.0236918));
#2738=CARTESIAN_POINT('',(-0.00253303349018097,-0.024205781519413,0.0236918));
#2739=CARTESIAN_POINT('',(0.00253303349018097,-0.024205781519413,0.0236918));
#2740=CARTESIAN_POINT('',(0.00253303349018097,-0.0185864399522543,0.0236918));
#2741=CARTESIAN_POINT('',(-0.00253303349018097,-0.0185864399522543,0.0236918));
#2742=CARTESIAN_POINT('',(-0.060325,0.098425,0.0486918));
#2743=CARTESIAN_POINT('',(0.060325,0.098425,0.0486918));
#2744=CARTESIAN_POINT('',(-0.05715,-0.0814838317001114,0.0613918));
#2745=CARTESIAN_POINT('',(-0.05715,-0.0814838317001114,0.0613918));
#2746=CARTESIAN_POINT('',(-0.0508,-0.0814838317001114,0.0613918));
#2747=CARTESIAN_POINT('',(0.,0.,0.0613918));
#2748=CARTESIAN_POINT('',(0.05715,-0.0814838317001114,0.0613918));
#2749=CARTESIAN_POINT('',(0.05715,-0.0814838317001114,0.0613918));
#2750=CARTESIAN_POINT('',(0.0635,-0.0814838317001114,0.0613918));
#2751=CARTESIAN_POINT('',(0.,0.,0.0613918));
#2752=CARTESIAN_POINT('',(0.05715,0.0889,0.0613918));
#2753=CARTESIAN_POINT('',(0.05715,0.0889,0.0613918));
#2754=CARTESIAN_POINT('',(0.0635,0.0889,0.0613918));
#2755=CARTESIAN_POINT('',(0.,0.,0.0613918));
#2756=CARTESIAN_POINT('',(-0.05715,0.0889,0.0613918));
#2757=CARTESIAN_POINT('',(-0.05715,0.0889,0.0613918));
#2758=CARTESIAN_POINT('',(-0.0508,0.0889,0.0613918));
#2759=CARTESIAN_POINT('',(0.,0.,0.0613918));
#2760=MECHANICAL_DESIGN_GEOMETRIC_PRESENTATION_REPRESENTATION('',(#1629),
#2761);
#2761=(
GEOMETRIC_REPRESENTATION_CONTEXT(3)
GLOBAL_UNCERTAINTY_ASSIGNED_CONTEXT((#2762))
GLOBAL_UNIT_ASSIGNED_CONTEXT((#2765,#2764,#2763))
REPRESENTATION_CONTEXT('Main Servo Platform','TOP_LEVEL_ASSEMBLY_PART')
);
#2762=UNCERTAINTY_MEASURE_WITH_UNIT(LENGTH_MEASURE(1.E-8),#2765,
'DISTANCE_ACCURACY_VALUE','Maximum Tolerance applied to model');
#2763=(
NAMED_UNIT(*)
SI_UNIT($,.STERADIAN.)
SOLID_ANGLE_UNIT()
);
#2764=(
NAMED_UNIT(*)
PLANE_ANGLE_UNIT()
SI_UNIT($,.RADIAN.)
);
#2765=(
LENGTH_UNIT()
NAMED_UNIT(*)
SI_UNIT($,.METRE.)
);
#2766=PRODUCT_DEFINITION_SHAPE('','',#2767);
#2767=PRODUCT_DEFINITION('','',#2769,#2768);
#2768=PRODUCT_DEFINITION_CONTEXT('',#2775,'design');
#2769=PRODUCT_DEFINITION_FORMATION_WITH_SPECIFIED_SOURCE('','',#2771,
 .NOT_KNOWN.);
#2770=PRODUCT_RELATED_PRODUCT_CATEGORY('','',(#2771));
#2771=PRODUCT('Main Servo Platform','Main Servo Platform',
'Main Servo Platform',(#2773));
#2772=PRODUCT_CATEGORY('','');
#2773=PRODUCT_CONTEXT('',#2775,'mechanical');
#2774=APPLICATION_PROTOCOL_DEFINITION('international standard',
'ap242_managed_model_based_3d_engineering',2020,#2775);
#2775=APPLICATION_CONTEXT('managed model based 3d engineering');
ENDSEC;
END-ISO-10303-21;
