ISO-10303-21;
HEADER;
/* Generated by software containing ST-Developer
 * from STEP Tools, Inc. (www.steptools.com) 
 */
/* OPTION: using custom renumber hook */

FILE_DESCRIPTION(
/* description */ ('STEP AP242 Edition 2',
'CAx-IF Rec.Pracs.---Representation and Presentation of Product Manufa
cturing Information (PMI)---4.0---2014-10-13',
'CAx-IF Rec.Pracs.---3D Tessellated Geometry---0.4---2014-09-14','2;1',
'CAx-IF Rec.Pracs.---User Defined Attributes---1.5---2016-08-15'),
/* implementation_level */ '2;1');

FILE_NAME(
/* name */ 'Full Assembly - Main base',
/* time_stamp */ '2026-08-15T05:10:10Z',
/* author */ (''),
/* organization */ (''),
/* preprocessor_version */ 'ST-DEVELOPER v20',
/* originating_system */ 'ONSHAPE BY PTC INC, 1.219',
/* authorisation */ '  ');

FILE_SCHEMA (('AP242_MANAGED_MODEL_BASED_3D_ENGINEERING_MIM_LF { 1 0 10303 442 3 1 4 }'));
ENDSEC;

DATA;
#10=SHAPE_REPRESENTATION_RELATIONSHIP('','',#6540,#11);
#11=ADVANCED_BREP_SHAPE_REPRESENTATION('',(#6538),#11302);
#12=TOROIDAL_SURFACE('',#6988,0.009525,0.003175);
#13=TOROIDAL_SURFACE('',#7007,0.009525,0.003175);
#14=TOROIDAL_SURFACE('',#7030,0.009525,0.003175);
#15=TOROIDAL_SURFACE('',#7045,0.009525,0.003175);
#16=SPHERICAL_SURFACE('',#6986,0.003175);
#17=SPHERICAL_SURFACE('',#6994,0.003175);
#18=SPHERICAL_SURFACE('',#7009,0.003175);
#19=SPHERICAL_SURFACE('',#7015,0.003175);
#20=SPHERICAL_SURFACE('',#7032,0.003175);
#21=SPHERICAL_SURFACE('',#7038,0.003175);
#22=SPHERICAL_SURFACE('',#7053,0.003175);
#23=SPHERICAL_SURFACE('',#7059,0.003175);
#24=B_SPLINE_SURFACE_WITH_KNOTS('',3,1,((#10155,#10156),(#10157,#10158),
(#10159,#10160),(#10161,#10162)),.SURF_OF_LINEAR_EXTRUSION.,.F.,.F.,.F.,
(4,4),(2,2),(0.,1.),(0.,1.),.PIECEWISE_BEZIER_KNOTS.);
#25=B_SPLINE_SURFACE_WITH_KNOTS('',3,1,((#10170,#10171),(#10172,#10173),
(#10174,#10175),(#10176,#10177)),.SURF_OF_LINEAR_EXTRUSION.,.F.,.F.,.F.,
(4,4),(2,2),(0.,1.),(0.,1.),.PIECEWISE_BEZIER_KNOTS.);
#26=B_SPLINE_SURFACE_WITH_KNOTS('',3,1,((#10183,#10184),(#10185,#10186),
(#10187,#10188),(#10189,#10190)),.SURF_OF_LINEAR_EXTRUSION.,.F.,.F.,.F.,
(4,4),(2,2),(0.,1.),(0.,1.),.PIECEWISE_BEZIER_KNOTS.);
#27=B_SPLINE_SURFACE_WITH_KNOTS('',3,1,((#10196,#10197),(#10198,#10199),
(#10200,#10201),(#10202,#10203)),.SURF_OF_LINEAR_EXTRUSION.,.F.,.F.,.F.,
(4,4),(2,2),(0.,1.),(0.,1.),.PIECEWISE_BEZIER_KNOTS.);
#28=B_SPLINE_SURFACE_WITH_KNOTS('',3,1,((#10209,#10210),(#10211,#10212),
(#10213,#10214),(#10215,#10216)),.SURF_OF_LINEAR_EXTRUSION.,.F.,.F.,.F.,
(4,4),(2,2),(0.,1.),(0.,1.),.PIECEWISE_BEZIER_KNOTS.);
#29=B_SPLINE_SURFACE_WITH_KNOTS('',3,1,((#10222,#10223),(#10224,#10225),
(#10226,#10227),(#10228,#10229)),.SURF_OF_LINEAR_EXTRUSION.,.F.,.F.,.F.,
(4,4),(2,2),(0.,1.),(0.,1.),.PIECEWISE_BEZIER_KNOTS.);
#30=B_SPLINE_SURFACE_WITH_KNOTS('',3,1,((#10235,#10236),(#10237,#10238),
(#10239,#10240),(#10241,#10242)),.SURF_OF_LINEAR_EXTRUSION.,.F.,.F.,.F.,
(4,4),(2,2),(0.,1.),(0.,1.),.PIECEWISE_BEZIER_KNOTS.);
#31=B_SPLINE_SURFACE_WITH_KNOTS('',3,1,((#10248,#10249),(#10250,#10251),
(#10252,#10253),(#10254,#10255)),.SURF_OF_LINEAR_EXTRUSION.,.F.,.F.,.F.,
(4,4),(2,2),(0.,1.),(0.,1.),.PIECEWISE_BEZIER_KNOTS.);
#32=B_SPLINE_SURFACE_WITH_KNOTS('',3,1,((#10261,#10262),(#10263,#10264),
(#10265,#10266),(#10267,#10268)),.SURF_OF_LINEAR_EXTRUSION.,.F.,.F.,.F.,
(4,4),(2,2),(0.,1.),(0.,1.),.PIECEWISE_BEZIER_KNOTS.);
#33=B_SPLINE_SURFACE_WITH_KNOTS('',3,1,((#10274,#10275),(#10276,#10277),
(#10278,#10279),(#10280,#10281)),.SURF_OF_LINEAR_EXTRUSION.,.F.,.F.,.F.,
(4,4),(2,2),(0.,1.),(0.,1.),.PIECEWISE_BEZIER_KNOTS.);
#34=B_SPLINE_SURFACE_WITH_KNOTS('',3,1,((#10287,#10288),(#10289,#10290),
(#10291,#10292),(#10293,#10294)),.SURF_OF_LINEAR_EXTRUSION.,.F.,.F.,.F.,
(4,4),(2,2),(0.,1.),(0.,1.),.PIECEWISE_BEZIER_KNOTS.);
#35=B_SPLINE_SURFACE_WITH_KNOTS('',3,1,((#10300,#10301),(#10302,#10303),
(#10304,#10305),(#10306,#10307)),.SURF_OF_LINEAR_EXTRUSION.,.F.,.F.,.F.,
(4,4),(2,2),(0.,1.),(0.,1.),.PIECEWISE_BEZIER_KNOTS.);
#36=B_SPLINE_SURFACE_WITH_KNOTS('',3,1,((#10313,#10314),(#10315,#10316),
(#10317,#10318),(#10319,#10320)),.SURF_OF_LINEAR_EXTRUSION.,.F.,.F.,.F.,
(4,4),(2,2),(0.,1.),(0.,1.),.PIECEWISE_BEZIER_KNOTS.);
#37=B_SPLINE_SURFACE_WITH_KNOTS('',3,1,((#10326,#10327),(#10328,#10329),
(#10330,#10331),(#10332,#10333)),.SURF_OF_LINEAR_EXTRUSION.,.F.,.F.,.F.,
(4,4),(2,2),(0.,1.),(0.,1.),.PIECEWISE_BEZIER_KNOTS.);
#38=B_SPLINE_SURFACE_WITH_KNOTS('',3,1,((#10339,#10340),(#10341,#10342),
(#10343,#10344),(#10345,#10346)),.SURF_OF_LINEAR_EXTRUSION.,.F.,.F.,.F.,
(4,4),(2,2),(0.,1.),(0.,1.),.PIECEWISE_BEZIER_KNOTS.);
#39=B_SPLINE_SURFACE_WITH_KNOTS('',3,1,((#10352,#10353),(#10354,#10355),
(#10356,#10357),(#10358,#10359)),.SURF_OF_LINEAR_EXTRUSION.,.F.,.F.,.F.,
(4,4),(2,2),(0.,1.),(0.,1.),.PIECEWISE_BEZIER_KNOTS.);
#40=B_SPLINE_SURFACE_WITH_KNOTS('',3,1,((#10372,#10373),(#10374,#10375),
(#10376,#10377),(#10378,#10379)),.SURF_OF_LINEAR_EXTRUSION.,.F.,.F.,.F.,
(4,4),(2,2),(0.,1.),(0.,1.),.PIECEWISE_BEZIER_KNOTS.);
#41=B_SPLINE_SURFACE_WITH_KNOTS('',3,1,((#10389,#10390),(#10391,#10392),
(#10393,#10394),(#10395,#10396)),.SURF_OF_LINEAR_EXTRUSION.,.F.,.F.,.F.,
(4,4),(2,2),(0.,1.),(0.,1.),.PIECEWISE_BEZIER_KNOTS.);
#42=B_SPLINE_SURFACE_WITH_KNOTS('',3,1,((#10406,#10407),(#10408,#10409),
(#10410,#10411),(#10412,#10413)),.SURF_OF_LINEAR_EXTRUSION.,.F.,.F.,.F.,
(4,4),(2,2),(0.,1.),(0.,1.),.PIECEWISE_BEZIER_KNOTS.);
#43=B_SPLINE_SURFACE_WITH_KNOTS('',3,1,((#10423,#10424),(#10425,#10426),
(#10427,#10428),(#10429,#10430)),.SURF_OF_LINEAR_EXTRUSION.,.F.,.F.,.F.,
(4,4),(2,2),(0.,1.),(0.,1.),.PIECEWISE_BEZIER_KNOTS.);
#44=B_SPLINE_SURFACE_WITH_KNOTS('',3,1,((#10440,#10441),(#10442,#10443),
(#10444,#10445),(#10446,#10447)),.SURF_OF_LINEAR_EXTRUSION.,.F.,.F.,.F.,
(4,4),(2,2),(0.,1.),(0.,1.),.PIECEWISE_BEZIER_KNOTS.);
#45=B_SPLINE_SURFACE_WITH_KNOTS('',3,1,((#10457,#10458),(#10459,#10460),
(#10461,#10462),(#10463,#10464)),.SURF_OF_LINEAR_EXTRUSION.,.F.,.F.,.F.,
(4,4),(2,2),(0.,1.),(0.,1.),.PIECEWISE_BEZIER_KNOTS.);
#46=B_SPLINE_SURFACE_WITH_KNOTS('',3,1,((#10474,#10475),(#10476,#10477),
(#10478,#10479),(#10480,#10481)),.SURF_OF_LINEAR_EXTRUSION.,.F.,.F.,.F.,
(4,4),(2,2),(0.,1.),(0.,1.),.PIECEWISE_BEZIER_KNOTS.);
#47=B_SPLINE_SURFACE_WITH_KNOTS('',3,1,((#10494,#10495),(#10496,#10497),
(#10498,#10499),(#10500,#10501)),.SURF_OF_LINEAR_EXTRUSION.,.F.,.F.,.F.,
(4,4),(2,2),(0.,1.),(0.,1.),.PIECEWISE_BEZIER_KNOTS.);
#48=B_SPLINE_SURFACE_WITH_KNOTS('',3,1,((#10511,#10512),(#10513,#10514),
(#10515,#10516),(#10517,#10518)),.SURF_OF_LINEAR_EXTRUSION.,.F.,.F.,.F.,
(4,4),(2,2),(0.,1.),(0.,1.),.PIECEWISE_BEZIER_KNOTS.);
#49=B_SPLINE_SURFACE_WITH_KNOTS('',3,1,((#10528,#10529),(#10530,#10531),
(#10532,#10533),(#10534,#10535)),.SURF_OF_LINEAR_EXTRUSION.,.F.,.F.,.F.,
(4,4),(2,2),(0.,1.),(0.,1.),.PIECEWISE_BEZIER_KNOTS.);
#50=B_SPLINE_SURFACE_WITH_KNOTS('',3,1,((#10545,#10546),(#10547,#10548),
(#10549,#10550),(#10551,#10552)),.SURF_OF_LINEAR_EXTRUSION.,.F.,.F.,.F.,
(4,4),(2,2),(0.,1.),(0.,1.),.PIECEWISE_BEZIER_KNOTS.);
#51=B_SPLINE_SURFACE_WITH_KNOTS('',3,1,((#10562,#10563),(#10564,#10565),
(#10566,#10567),(#10568,#10569)),.SURF_OF_LINEAR_EXTRUSION.,.F.,.F.,.F.,
(4,4),(2,2),(0.,1.),(0.,1.),.PIECEWISE_BEZIER_KNOTS.);
#52=B_SPLINE_SURFACE_WITH_KNOTS('',3,1,((#10579,#10580),(#10581,#10582),
(#10583,#10584),(#10585,#10586)),.SURF_OF_LINEAR_EXTRUSION.,.F.,.F.,.F.,
(4,4),(2,2),(0.,1.),(0.,1.),.PIECEWISE_BEZIER_KNOTS.);
#53=B_SPLINE_SURFACE_WITH_KNOTS('',3,1,((#10593,#10594),(#10595,#10596),
(#10597,#10598),(#10599,#10600)),.SURF_OF_LINEAR_EXTRUSION.,.F.,.F.,.F.,
(4,4),(2,2),(0.,1.),(0.,1.),.PIECEWISE_BEZIER_KNOTS.);
#54=B_SPLINE_SURFACE_WITH_KNOTS('',3,1,((#10608,#10609),(#10610,#10611),
(#10612,#10613),(#10614,#10615)),.SURF_OF_LINEAR_EXTRUSION.,.F.,.F.,.F.,
(4,4),(2,2),(0.,1.),(0.,1.),.PIECEWISE_BEZIER_KNOTS.);
#55=B_SPLINE_SURFACE_WITH_KNOTS('',3,1,((#10621,#10622),(#10623,#10624),
(#10625,#10626),(#10627,#10628)),.SURF_OF_LINEAR_EXTRUSION.,.F.,.F.,.F.,
(4,4),(2,2),(0.,1.),(0.,1.),.PIECEWISE_BEZIER_KNOTS.);
#56=B_SPLINE_SURFACE_WITH_KNOTS('',3,1,((#10634,#10635),(#10636,#10637),
(#10638,#10639),(#10640,#10641)),.SURF_OF_LINEAR_EXTRUSION.,.F.,.F.,.F.,
(4,4),(2,2),(0.,1.),(0.,1.),.PIECEWISE_BEZIER_KNOTS.);
#57=B_SPLINE_SURFACE_WITH_KNOTS('',3,1,((#10647,#10648),(#10649,#10650),
(#10651,#10652),(#10653,#10654)),.SURF_OF_LINEAR_EXTRUSION.,.F.,.F.,.F.,
(4,4),(2,2),(0.,1.),(0.,1.),.PIECEWISE_BEZIER_KNOTS.);
#58=B_SPLINE_SURFACE_WITH_KNOTS('',3,1,((#10660,#10661),(#10662,#10663),
(#10664,#10665),(#10666,#10667)),.SURF_OF_LINEAR_EXTRUSION.,.F.,.F.,.F.,
(4,4),(2,2),(0.,1.),(0.,1.),.PIECEWISE_BEZIER_KNOTS.);
#59=B_SPLINE_SURFACE_WITH_KNOTS('',3,1,((#10673,#10674),(#10675,#10676),
(#10677,#10678),(#10679,#10680)),.SURF_OF_LINEAR_EXTRUSION.,.F.,.F.,.F.,
(4,4),(2,2),(0.,1.),(0.,1.),.PIECEWISE_BEZIER_KNOTS.);
#60=B_SPLINE_SURFACE_WITH_KNOTS('',3,1,((#10686,#10687),(#10688,#10689),
(#10690,#10691),(#10692,#10693)),.SURF_OF_LINEAR_EXTRUSION.,.F.,.F.,.F.,
(4,4),(2,2),(0.,1.),(0.,1.),.PIECEWISE_BEZIER_KNOTS.);
#61=B_SPLINE_SURFACE_WITH_KNOTS('',3,1,((#10708,#10709),(#10710,#10711),
(#10712,#10713),(#10714,#10715)),.SURF_OF_LINEAR_EXTRUSION.,.F.,.F.,.F.,
(4,4),(2,2),(0.,1.),(0.,1.),.PIECEWISE_BEZIER_KNOTS.);
#62=B_SPLINE_SURFACE_WITH_KNOTS('',3,1,((#10725,#10726),(#10727,#10728),
(#10729,#10730),(#10731,#10732)),.SURF_OF_LINEAR_EXTRUSION.,.F.,.F.,.F.,
(4,4),(2,2),(0.,1.),(0.,1.),.PIECEWISE_BEZIER_KNOTS.);
#63=B_SPLINE_SURFACE_WITH_KNOTS('',3,1,((#10742,#10743),(#10744,#10745),
(#10746,#10747),(#10748,#10749)),.SURF_OF_LINEAR_EXTRUSION.,.F.,.F.,.F.,
(4,4),(2,2),(0.,1.),(0.,1.),.PIECEWISE_BEZIER_KNOTS.);
#64=B_SPLINE_SURFACE_WITH_KNOTS('',3,1,((#10759,#10760),(#10761,#10762),
(#10763,#10764),(#10765,#10766)),.SURF_OF_LINEAR_EXTRUSION.,.F.,.F.,.F.,
(4,4),(2,2),(0.,1.),(0.,1.),.PIECEWISE_BEZIER_KNOTS.);
#65=B_SPLINE_SURFACE_WITH_KNOTS('',3,1,((#10776,#10777),(#10778,#10779),
(#10780,#10781),(#10782,#10783)),.SURF_OF_LINEAR_EXTRUSION.,.F.,.F.,.F.,
(4,4),(2,2),(0.,1.),(0.,1.),.PIECEWISE_BEZIER_KNOTS.);
#66=B_SPLINE_SURFACE_WITH_KNOTS('',3,1,((#10793,#10794),(#10795,#10796),
(#10797,#10798),(#10799,#10800)),.SURF_OF_LINEAR_EXTRUSION.,.F.,.F.,.F.,
(4,4),(2,2),(0.,1.),(0.,1.),.PIECEWISE_BEZIER_KNOTS.);
#67=B_SPLINE_SURFACE_WITH_KNOTS('',3,1,((#10810,#10811),(#10812,#10813),
(#10814,#10815),(#10816,#10817)),.SURF_OF_LINEAR_EXTRUSION.,.F.,.F.,.F.,
(4,4),(2,2),(0.,1.),(0.,1.),.PIECEWISE_BEZIER_KNOTS.);
#68=B_SPLINE_SURFACE_WITH_KNOTS('',3,1,((#10827,#10828),(#10829,#10830),
(#10831,#10832),(#10833,#10834)),.SURF_OF_LINEAR_EXTRUSION.,.F.,.F.,.F.,
(4,4),(2,2),(0.,1.),(0.,1.),.PIECEWISE_BEZIER_KNOTS.);
#69=B_SPLINE_SURFACE_WITH_KNOTS('',3,1,((#10844,#10845),(#10846,#10847),
(#10848,#10849),(#10850,#10851)),.SURF_OF_LINEAR_EXTRUSION.,.F.,.F.,.F.,
(4,4),(2,2),(0.,1.),(0.,1.),.PIECEWISE_BEZIER_KNOTS.);
#70=B_SPLINE_SURFACE_WITH_KNOTS('',3,1,((#10858,#10859),(#10860,#10861),
(#10862,#10863),(#10864,#10865)),.SURF_OF_LINEAR_EXTRUSION.,.F.,.F.,.F.,
(4,4),(2,2),(0.,1.),(0.,1.),.PIECEWISE_BEZIER_KNOTS.);
#71=B_SPLINE_SURFACE_WITH_KNOTS('',3,1,((#10907,#10908),(#10909,#10910),
(#10911,#10912),(#10913,#10914)),.SURF_OF_LINEAR_EXTRUSION.,.F.,.F.,.F.,
(4,4),(2,2),(0.,1.),(0.,1.),.PIECEWISE_BEZIER_KNOTS.);
#72=B_SPLINE_SURFACE_WITH_KNOTS('',3,1,((#10920,#10921),(#10922,#10923),
(#10924,#10925),(#10926,#10927)),.SURF_OF_LINEAR_EXTRUSION.,.F.,.F.,.F.,
(4,4),(2,2),(0.,1.),(0.,1.),.PIECEWISE_BEZIER_KNOTS.);
#73=B_SPLINE_SURFACE_WITH_KNOTS('',3,1,((#10937,#10938),(#10939,#10940),
(#10941,#10942),(#10943,#10944)),.SURF_OF_LINEAR_EXTRUSION.,.F.,.F.,.F.,
(4,4),(2,2),(0.,1.),(0.,1.),.PIECEWISE_BEZIER_KNOTS.);
#74=B_SPLINE_SURFACE_WITH_KNOTS('',3,1,((#10950,#10951),(#10952,#10953),
(#10954,#10955),(#10956,#10957)),.SURF_OF_LINEAR_EXTRUSION.,.F.,.F.,.F.,
(4,4),(2,2),(0.,1.),(0.,1.),.PIECEWISE_BEZIER_KNOTS.);
#75=B_SPLINE_SURFACE_WITH_KNOTS('',3,1,((#10967,#10968),(#10969,#10970),
(#10971,#10972),(#10973,#10974)),.SURF_OF_LINEAR_EXTRUSION.,.F.,.F.,.F.,
(4,4),(2,2),(0.,1.),(0.,1.),.PIECEWISE_BEZIER_KNOTS.);
#76=B_SPLINE_SURFACE_WITH_KNOTS('',3,1,((#10978,#10979),(#10980,#10981),
(#10982,#10983),(#10984,#10985)),.SURF_OF_LINEAR_EXTRUSION.,.F.,.F.,.F.,
(4,4),(2,2),(0.,1.),(0.,1.),.PIECEWISE_BEZIER_KNOTS.);
#77=B_SPLINE_SURFACE_WITH_KNOTS('',3,1,((#10991,#10992),(#10993,#10994),
(#10995,#10996),(#10997,#10998)),.SURF_OF_LINEAR_EXTRUSION.,.F.,.F.,.F.,
(4,4),(2,2),(0.,1.),(0.,1.),.PIECEWISE_BEZIER_KNOTS.);
#78=B_SPLINE_SURFACE_WITH_KNOTS('',3,1,((#11004,#11005),(#11006,#11007),
(#11008,#11009),(#11010,#11011)),.SURF_OF_LINEAR_EXTRUSION.,.F.,.F.,.F.,
(4,4),(2,2),(0.,1.),(0.,1.),.PIECEWISE_BEZIER_KNOTS.);
#79=B_SPLINE_SURFACE_WITH_KNOTS('',3,1,((#11017,#11018),(#11019,#11020),
(#11021,#11022),(#11023,#11024)),.SURF_OF_LINEAR_EXTRUSION.,.F.,.F.,.F.,
(4,4),(2,2),(0.,1.),(0.,1.),.PIECEWISE_BEZIER_KNOTS.);
#80=B_SPLINE_SURFACE_WITH_KNOTS('',3,1,((#11030,#11031),(#11032,#11033),
(#11034,#11035),(#11036,#11037)),.SURF_OF_LINEAR_EXTRUSION.,.F.,.F.,.F.,
(4,4),(2,2),(0.,1.),(0.,1.),.PIECEWISE_BEZIER_KNOTS.);
#81=B_SPLINE_SURFACE_WITH_KNOTS('',3,1,((#11043,#11044),(#11045,#11046),
(#11047,#11048),(#11049,#11050)),.SURF_OF_LINEAR_EXTRUSION.,.F.,.F.,.F.,
(4,4),(2,2),(0.,1.),(0.,1.),.PIECEWISE_BEZIER_KNOTS.);
#82=B_SPLINE_SURFACE_WITH_KNOTS('',3,1,((#11081,#11082),(#11083,#11084),
(#11085,#11086),(#11087,#11088)),.SURF_OF_LINEAR_EXTRUSION.,.F.,.F.,.F.,
(4,4),(2,2),(0.,1.),(0.,1.),.PIECEWISE_BEZIER_KNOTS.);
#83=VERTEX_LOOP('',#3855);
#84=VERTEX_LOOP('',#3861);
#85=VERTEX_LOOP('',#3895);
#86=VERTEX_LOOP('',#3897);
#87=VERTEX_LOOP('',#3899);
#88=VERTEX_LOOP('',#3901);
#89=CONICAL_SURFACE('',#6799,0.0014,1.02974425867665);
#90=CONICAL_SURFACE('',#6810,0.0014,1.02974425867665);
#91=CONICAL_SURFACE('',#6861,0.0014,1.02974425867665);
#92=CONICAL_SURFACE('',#6864,0.0014,1.02974425867665);
#93=CONICAL_SURFACE('',#6867,0.0014,1.02974425867665);
#94=CONICAL_SURFACE('',#6870,0.0014,1.02974425867665);
#95=CYLINDRICAL_SURFACE('',#6701,0.0014);
#96=CYLINDRICAL_SURFACE('',#6702,0.0014);
#97=CYLINDRICAL_SURFACE('',#6703,0.0014);
#98=CYLINDRICAL_SURFACE('',#6704,0.0014);
#99=CYLINDRICAL_SURFACE('',#6709,0.0064);
#100=CYLINDRICAL_SURFACE('',#6710,0.0064);
#101=CYLINDRICAL_SURFACE('',#6712,0.005);
#102=CYLINDRICAL_SURFACE('',#6713,0.005);
#103=CYLINDRICAL_SURFACE('',#6714,0.005);
#104=CYLINDRICAL_SURFACE('',#6715,0.005);
#105=CYLINDRICAL_SURFACE('',#6716,0.005);
#106=CYLINDRICAL_SURFACE('',#6717,0.005);
#107=CYLINDRICAL_SURFACE('',#6718,0.005);
#108=CYLINDRICAL_SURFACE('',#6723,0.0064);
#109=CYLINDRICAL_SURFACE('',#6724,0.0064);
#110=CYLINDRICAL_SURFACE('',#6726,0.005);
#111=CYLINDRICAL_SURFACE('',#6727,0.005);
#112=CYLINDRICAL_SURFACE('',#6728,0.005);
#113=CYLINDRICAL_SURFACE('',#6729,0.005);
#114=CYLINDRICAL_SURFACE('',#6730,0.005);
#115=CYLINDRICAL_SURFACE('',#6731,0.005);
#116=CYLINDRICAL_SURFACE('',#6732,0.005);
#117=CYLINDRICAL_SURFACE('',#6736,0.002);
#118=CYLINDRICAL_SURFACE('',#6737,0.002);
#119=CYLINDRICAL_SURFACE('',#6738,0.002);
#120=CYLINDRICAL_SURFACE('',#6742,0.002);
#121=CYLINDRICAL_SURFACE('',#6743,0.002);
#122=CYLINDRICAL_SURFACE('',#6744,0.002);
#123=CYLINDRICAL_SURFACE('',#6779,0.0014);
#124=CYLINDRICAL_SURFACE('',#6781,0.0014);
#125=CYLINDRICAL_SURFACE('',#6783,0.0014);
#126=CYLINDRICAL_SURFACE('',#6785,0.0014);
#127=CYLINDRICAL_SURFACE('',#6791,0.00635);
#128=CYLINDRICAL_SURFACE('',#6795,0.003175);
#129=CYLINDRICAL_SURFACE('',#6801,0.0014);
#130=CYLINDRICAL_SURFACE('',#6802,0.00635);
#131=CYLINDRICAL_SURFACE('',#6806,0.003175);
#132=CYLINDRICAL_SURFACE('',#6812,0.0014);
#133=CYLINDRICAL_SURFACE('',#6818,0.005);
#134=CYLINDRICAL_SURFACE('',#6819,0.005);
#135=CYLINDRICAL_SURFACE('',#6820,0.005);
#136=CYLINDRICAL_SURFACE('',#6824,0.005);
#137=CYLINDRICAL_SURFACE('',#6825,0.005);
#138=CYLINDRICAL_SURFACE('',#6826,0.005);
#139=CYLINDRICAL_SURFACE('',#6863,0.0014);
#140=CYLINDRICAL_SURFACE('',#6866,0.0014);
#141=CYLINDRICAL_SURFACE('',#6869,0.0014);
#142=CYLINDRICAL_SURFACE('',#6872,0.0014);
#143=CYLINDRICAL_SURFACE('',#6873,0.00164297198378902);
#144=CYLINDRICAL_SURFACE('',#6879,0.0112785261590958);
#145=CYLINDRICAL_SURFACE('',#6892,0.00335697176737643);
#146=CYLINDRICAL_SURFACE('',#6894,0.00455182561572338);
#147=CYLINDRICAL_SURFACE('',#6903,0.0122739807941672);
#148=CYLINDRICAL_SURFACE('',#6905,0.0300343058358034);
#149=CYLINDRICAL_SURFACE('',#6908,0.0127);
#150=CYLINDRICAL_SURFACE('',#6910,0.0127);
#151=CYLINDRICAL_SURFACE('',#6912,0.0127);
#152=CYLINDRICAL_SURFACE('',#6914,0.0127);
#153=CYLINDRICAL_SURFACE('',#6916,0.003175);
#154=CYLINDRICAL_SURFACE('',#6919,0.003175);
#155=CYLINDRICAL_SURFACE('',#6922,0.003175);
#156=CYLINDRICAL_SURFACE('',#6925,0.003175);
#157=CYLINDRICAL_SURFACE('',#6931,0.002);
#158=CYLINDRICAL_SURFACE('',#6932,0.002);
#159=CYLINDRICAL_SURFACE('',#6933,0.002);
#160=CYLINDRICAL_SURFACE('',#6937,0.002);
#161=CYLINDRICAL_SURFACE('',#6938,0.002);
#162=CYLINDRICAL_SURFACE('',#6939,0.002);
#163=CYLINDRICAL_SURFACE('',#6943,0.002);
#164=CYLINDRICAL_SURFACE('',#6944,0.002);
#165=CYLINDRICAL_SURFACE('',#6945,0.002);
#166=CYLINDRICAL_SURFACE('',#6949,0.002);
#167=CYLINDRICAL_SURFACE('',#6950,0.002);
#168=CYLINDRICAL_SURFACE('',#6951,0.002);
#169=CYLINDRICAL_SURFACE('',#6952,0.003175);
#170=CYLINDRICAL_SURFACE('',#6954,0.003175);
#171=CYLINDRICAL_SURFACE('',#6955,0.003175);
#172=CYLINDRICAL_SURFACE('',#6957,0.003175);
#173=CYLINDRICAL_SURFACE('',#6958,0.003175);
#174=CYLINDRICAL_SURFACE('',#6959,0.003175);
#175=CYLINDRICAL_SURFACE('',#6960,0.003175);
#176=CYLINDRICAL_SURFACE('',#6961,0.003175);
#177=CYLINDRICAL_SURFACE('',#6963,0.003175);
#178=CYLINDRICAL_SURFACE('',#6965,0.003175);
#179=CYLINDRICAL_SURFACE('',#6966,0.003175);
#180=CYLINDRICAL_SURFACE('',#6968,0.003175);
#181=CYLINDRICAL_SURFACE('',#6970,0.003175);
#182=CYLINDRICAL_SURFACE('',#6971,0.003175);
#183=CYLINDRICAL_SURFACE('',#6972,0.003175);
#184=CYLINDRICAL_SURFACE('',#6973,0.003175);
#185=CYLINDRICAL_SURFACE('',#6974,0.003175);
#186=CYLINDRICAL_SURFACE('',#6976,0.003175);
#187=CYLINDRICAL_SURFACE('',#6978,0.003175);
#188=CYLINDRICAL_SURFACE('',#6980,0.003175);
#189=CYLINDRICAL_SURFACE('',#6982,0.003175);
#190=CYLINDRICAL_SURFACE('',#6984,0.003175);
#191=CYLINDRICAL_SURFACE('',#6990,0.003175);
#192=CYLINDRICAL_SURFACE('',#6992,0.003175);
#193=CYLINDRICAL_SURFACE('',#6996,0.003175);
#194=CYLINDRICAL_SURFACE('',#6997,0.003175);
#195=CYLINDRICAL_SURFACE('',#6999,0.003175);
#196=CYLINDRICAL_SURFACE('',#7001,0.003175);
#197=CYLINDRICAL_SURFACE('',#7003,0.003175);
#198=CYLINDRICAL_SURFACE('',#7005,0.003175);
#199=CYLINDRICAL_SURFACE('',#7011,0.003175);
#200=CYLINDRICAL_SURFACE('',#7013,0.003175);
#201=CYLINDRICAL_SURFACE('',#7017,0.003175);
#202=CYLINDRICAL_SURFACE('',#7018,0.003175);
#203=CYLINDRICAL_SURFACE('',#7020,0.003175);
#204=CYLINDRICAL_SURFACE('',#7022,0.003175);
#205=CYLINDRICAL_SURFACE('',#7024,0.003175);
#206=CYLINDRICAL_SURFACE('',#7026,0.003175);
#207=CYLINDRICAL_SURFACE('',#7028,0.003175);
#208=CYLINDRICAL_SURFACE('',#7034,0.003175);
#209=CYLINDRICAL_SURFACE('',#7036,0.003175);
#210=CYLINDRICAL_SURFACE('',#7040,0.003175);
#211=CYLINDRICAL_SURFACE('',#7041,0.003175);
#212=CYLINDRICAL_SURFACE('',#7043,0.003175);
#213=CYLINDRICAL_SURFACE('',#7047,0.003175);
#214=CYLINDRICAL_SURFACE('',#7049,0.003175);
#215=CYLINDRICAL_SURFACE('',#7051,0.003175);
#216=CYLINDRICAL_SURFACE('',#7055,0.003175);
#217=CYLINDRICAL_SURFACE('',#7057,0.003175);
#218=CYLINDRICAL_SURFACE('',#7061,0.003175);
#219=CYLINDRICAL_SURFACE('',#7062,0.003175);
#220=CYLINDRICAL_SURFACE('',#7065,0.003175);
#221=CYLINDRICAL_SURFACE('',#7067,0.003175);
#222=CYLINDRICAL_SURFACE('',#7069,0.003175);
#223=CYLINDRICAL_SURFACE('',#7070,0.003175);
#224=CYLINDRICAL_SURFACE('',#7072,0.003175);
#225=CYLINDRICAL_SURFACE('',#7074,0.003175);
#226=CYLINDRICAL_SURFACE('',#7075,0.003175);
#227=CYLINDRICAL_SURFACE('',#7077,0.003175);
#228=CYLINDRICAL_SURFACE('',#7079,0.003175);
#229=CYLINDRICAL_SURFACE('',#7081,0.003175);
#230=CYLINDRICAL_SURFACE('',#7083,0.003175);
#231=ELLIPSE('',#6661,0.00449012806053458,0.003175);
#232=ELLIPSE('',#6662,0.00449012806053458,0.003175);
#233=ELLIPSE('',#6690,0.00449012806053458,0.003175);
#234=ELLIPSE('',#6691,0.00449012806053458,0.003175);
#235=ELLIPSE('',#6748,0.00449012806053458,0.003175);
#236=ELLIPSE('',#6749,0.00449012806053458,0.003175);
#237=ELLIPSE('',#6917,0.00449012806053458,0.003175);
#238=ELLIPSE('',#6918,0.00449012806053458,0.003175);
#239=ELLIPSE('',#6920,0.00449012806053458,0.003175);
#240=ELLIPSE('',#6921,0.00449012806053458,0.003175);
#241=ELLIPSE('',#6923,0.00449012806053458,0.003175);
#242=ELLIPSE('',#6924,0.00449012806053458,0.003175);
#243=ELLIPSE('',#6926,0.00449012806053458,0.003175);
#244=ELLIPSE('',#6927,0.00449012806053458,0.003175);
#245=ELLIPSE('',#6953,0.00343659523592835,0.003175);
#246=ELLIPSE('',#6956,0.00343659523592835,0.003175);
#247=ELLIPSE('',#6962,0.00449012806053458,0.003175);
#248=ELLIPSE('',#6964,0.00449012806053458,0.003175);
#249=ELLIPSE('',#6967,0.00449012806053458,0.003175);
#250=ELLIPSE('',#6969,0.00449012806053458,0.003175);
#251=ELLIPSE('',#6975,0.00343659523592835,0.003175);
#252=ELLIPSE('',#6977,0.00449012806053458,0.003175);
#253=ELLIPSE('',#6979,0.00343659523592835,0.003175);
#254=ELLIPSE('',#6998,0.00449012806053458,0.003175);
#255=ELLIPSE('',#7000,0.00449012806053458,0.003175);
#256=ELLIPSE('',#7019,0.00343659523592835,0.003175);
#257=ELLIPSE('',#7021,0.00343659523592835,0.003175);
#258=ELLIPSE('',#7023,0.00449012806053458,0.003175);
#259=ELLIPSE('',#7042,0.00449012806053458,0.003175);
#260=ELLIPSE('',#7052,0.00449012806053458,0.003175);
#261=ELLIPSE('',#7063,0.00449012806053458,0.003175);
#262=ELLIPSE('',#7064,0.00449012806053458,0.003175);
#263=ELLIPSE('',#7066,0.00449012806053458,0.003175);
#264=ELLIPSE('',#7068,0.00449012806053458,0.003175);
#265=ELLIPSE('',#7071,0.00449012806053458,0.003175);
#266=ELLIPSE('',#7073,0.00449012806053458,0.003175);
#267=ELLIPSE('',#7076,0.00343659523592835,0.003175);
#268=ELLIPSE('',#7078,0.00343659523592835,0.003175);
#269=ELLIPSE('',#7080,0.00343659523592835,0.003175);
#270=ELLIPSE('',#7082,0.00343659523592835,0.003175);
#271=B_SPLINE_CURVE_WITH_KNOTS('',2,(#9152,#9153,#9154),.UNSPECIFIED.,.F.,
 .F.,(3,3),(0.,1.),.UNSPECIFIED.);
#272=B_SPLINE_CURVE_WITH_KNOTS('',2,(#9170,#9171,#9172),.UNSPECIFIED.,.F.,
 .F.,(3,3),(0.,1.),.UNSPECIFIED.);
#273=B_SPLINE_CURVE_WITH_KNOTS('',2,(#9174,#9175,#9176),.UNSPECIFIED.,.F.,
 .F.,(3,3),(0.,1.),.UNSPECIFIED.);
#274=B_SPLINE_CURVE_WITH_KNOTS('',2,(#9178,#9179,#9180),.UNSPECIFIED.,.F.,
 .F.,(3,3),(0.,1.),.UNSPECIFIED.);
#275=B_SPLINE_CURVE_WITH_KNOTS('',2,(#9182,#9183,#9184),.UNSPECIFIED.,.F.,
 .F.,(3,3),(0.,1.),.UNSPECIFIED.);
#276=B_SPLINE_CURVE_WITH_KNOTS('',2,(#9186,#9187,#9188),.UNSPECIFIED.,.F.,
 .F.,(3,3),(0.,1.),.UNSPECIFIED.);
#277=B_SPLINE_CURVE_WITH_KNOTS('',2,(#9190,#9191,#9192),.UNSPECIFIED.,.F.,
 .F.,(3,3),(0.,1.),.UNSPECIFIED.);
#278=B_SPLINE_CURVE_WITH_KNOTS('',2,(#9196,#9197,#9198),.UNSPECIFIED.,.F.,
 .F.,(3,3),(0.,1.),.UNSPECIFIED.);
#279=B_SPLINE_CURVE_WITH_KNOTS('',2,(#9202,#9203,#9204),.UNSPECIFIED.,.F.,
 .F.,(3,3),(0.,1.),.UNSPECIFIED.);
#280=B_SPLINE_CURVE_WITH_KNOTS('',2,(#9206,#9207,#9208),.UNSPECIFIED.,.F.,
 .F.,(3,3),(0.,1.),.UNSPECIFIED.);
#281=B_SPLINE_CURVE_WITH_KNOTS('',2,(#9212,#9213,#9214),.UNSPECIFIED.,.F.,
 .F.,(3,3),(0.,1.),.UNSPECIFIED.);
#282=B_SPLINE_CURVE_WITH_KNOTS('',2,(#9216,#9217,#9218),.UNSPECIFIED.,.F.,
 .F.,(3,3),(0.,1.),.UNSPECIFIED.);
#283=B_SPLINE_CURVE_WITH_KNOTS('',2,(#9219,#9220,#9221),.UNSPECIFIED.,.F.,
 .F.,(3,3),(0.,1.),.UNSPECIFIED.);
#284=B_SPLINE_CURVE_WITH_KNOTS('',2,(#9224,#9225,#9226),.UNSPECIFIED.,.F.,
 .F.,(3,3),(0.,1.),.UNSPECIFIED.);
#285=B_SPLINE_CURVE_WITH_KNOTS('',2,(#9228,#9229,#9230),.UNSPECIFIED.,.F.,
 .F.,(3,3),(0.,1.),.UNSPECIFIED.);
#286=B_SPLINE_CURVE_WITH_KNOTS('',2,(#9232,#9233,#9234),.UNSPECIFIED.,.F.,
 .F.,(3,3),(0.,1.),.UNSPECIFIED.);
#287=B_SPLINE_CURVE_WITH_KNOTS('',2,(#9236,#9237,#9238),.UNSPECIFIED.,.F.,
 .F.,(3,3),(0.,1.),.UNSPECIFIED.);
#288=B_SPLINE_CURVE_WITH_KNOTS('',2,(#9240,#9241,#9242),.UNSPECIFIED.,.F.,
 .F.,(3,3),(0.,1.),.UNSPECIFIED.);
#289=B_SPLINE_CURVE_WITH_KNOTS('',2,(#9244,#9245,#9246),.UNSPECIFIED.,.F.,
 .F.,(3,3),(0.,1.),.UNSPECIFIED.);
#290=B_SPLINE_CURVE_WITH_KNOTS('',2,(#9248,#9249,#9250),.UNSPECIFIED.,.F.,
 .F.,(3,3),(0.,1.),.UNSPECIFIED.);
#291=B_SPLINE_CURVE_WITH_KNOTS('',2,(#9252,#9253,#9254),.UNSPECIFIED.,.F.,
 .F.,(3,3),(0.,1.),.UNSPECIFIED.);
#292=B_SPLINE_CURVE_WITH_KNOTS('',2,(#9256,#9257,#9258),.UNSPECIFIED.,.F.,
 .F.,(3,3),(0.,1.),.UNSPECIFIED.);
#293=B_SPLINE_CURVE_WITH_KNOTS('',2,(#9260,#9261,#9262),.UNSPECIFIED.,.F.,
 .F.,(3,3),(0.,1.),.UNSPECIFIED.);
#294=B_SPLINE_CURVE_WITH_KNOTS('',2,(#9264,#9265,#9266),.UNSPECIFIED.,.F.,
 .F.,(3,3),(0.,1.),.UNSPECIFIED.);
#295=B_SPLINE_CURVE_WITH_KNOTS('',2,(#9268,#9269,#9270),.UNSPECIFIED.,.F.,
 .F.,(3,3),(0.,1.),.UNSPECIFIED.);
#296=B_SPLINE_CURVE_WITH_KNOTS('',2,(#9272,#9273,#9274),.UNSPECIFIED.,.F.,
 .F.,(3,3),(0.,1.),.UNSPECIFIED.);
#297=B_SPLINE_CURVE_WITH_KNOTS('',2,(#9276,#9277,#9278),.UNSPECIFIED.,.F.,
 .F.,(3,3),(0.,1.),.UNSPECIFIED.);
#298=B_SPLINE_CURVE_WITH_KNOTS('',2,(#9280,#9281,#9282),.UNSPECIFIED.,.F.,
 .F.,(3,3),(0.,1.),.UNSPECIFIED.);
#299=B_SPLINE_CURVE_WITH_KNOTS('',2,(#9304,#9305,#9306),.UNSPECIFIED.,.F.,
 .F.,(3,3),(0.,1.),.UNSPECIFIED.);
#300=B_SPLINE_CURVE_WITH_KNOTS('',2,(#9309,#9310,#9311),.UNSPECIFIED.,.F.,
 .F.,(3,3),(0.,1.),.UNSPECIFIED.);
#301=B_SPLINE_CURVE_WITH_KNOTS('',2,(#9313,#9314,#9315),.UNSPECIFIED.,.F.,
 .F.,(3,3),(0.,1.),.UNSPECIFIED.);
#302=B_SPLINE_CURVE_WITH_KNOTS('',2,(#9317,#9318,#9319),.UNSPECIFIED.,.F.,
 .F.,(3,3),(0.,1.),.UNSPECIFIED.);
#303=B_SPLINE_CURVE_WITH_KNOTS('',2,(#9321,#9322,#9323),.UNSPECIFIED.,.F.,
 .F.,(3,3),(0.,1.),.UNSPECIFIED.);
#304=B_SPLINE_CURVE_WITH_KNOTS('',2,(#9325,#9326,#9327),.UNSPECIFIED.,.F.,
 .F.,(3,3),(0.,1.),.UNSPECIFIED.);
#305=B_SPLINE_CURVE_WITH_KNOTS('',2,(#9329,#9330,#9331),.UNSPECIFIED.,.F.,
 .F.,(3,3),(0.,1.),.UNSPECIFIED.);
#306=B_SPLINE_CURVE_WITH_KNOTS('',2,(#9333,#9334,#9335),.UNSPECIFIED.,.F.,
 .F.,(3,3),(0.,1.),.UNSPECIFIED.);
#307=B_SPLINE_CURVE_WITH_KNOTS('',2,(#9337,#9338,#9339),.UNSPECIFIED.,.F.,
 .F.,(3,3),(0.,1.),.UNSPECIFIED.);
#308=B_SPLINE_CURVE_WITH_KNOTS('',2,(#10165,#10166,#10167),
 .UNSPECIFIED.,.F.,.F.,(3,3),(0.,1.),.UNSPECIFIED.);
#309=B_SPLINE_CURVE_WITH_KNOTS('',2,(#10180,#10181,#10182),
 .UNSPECIFIED.,.F.,.F.,(3,3),(0.,1.),.UNSPECIFIED.);
#310=B_SPLINE_CURVE_WITH_KNOTS('',2,(#10193,#10194,#10195),
 .UNSPECIFIED.,.F.,.F.,(3,3),(0.,1.),.UNSPECIFIED.);
#311=B_SPLINE_CURVE_WITH_KNOTS('',2,(#10206,#10207,#10208),
 .UNSPECIFIED.,.F.,.F.,(3,3),(0.,1.),.UNSPECIFIED.);
#312=B_SPLINE_CURVE_WITH_KNOTS('',2,(#10219,#10220,#10221),
 .UNSPECIFIED.,.F.,.F.,(3,3),(0.,1.),.UNSPECIFIED.);
#313=B_SPLINE_CURVE_WITH_KNOTS('',2,(#10232,#10233,#10234),
 .UNSPECIFIED.,.F.,.F.,(3,3),(0.,1.),.UNSPECIFIED.);
#314=B_SPLINE_CURVE_WITH_KNOTS('',2,(#10245,#10246,#10247),
 .UNSPECIFIED.,.F.,.F.,(3,3),(0.,1.),.UNSPECIFIED.);
#315=B_SPLINE_CURVE_WITH_KNOTS('',2,(#10258,#10259,#10260),
 .UNSPECIFIED.,.F.,.F.,(3,3),(0.,1.),.UNSPECIFIED.);
#316=B_SPLINE_CURVE_WITH_KNOTS('',2,(#10271,#10272,#10273),
 .UNSPECIFIED.,.F.,.F.,(3,3),(0.,1.),.UNSPECIFIED.);
#317=B_SPLINE_CURVE_WITH_KNOTS('',2,(#10284,#10285,#10286),
 .UNSPECIFIED.,.F.,.F.,(3,3),(0.,1.),.UNSPECIFIED.);
#318=B_SPLINE_CURVE_WITH_KNOTS('',2,(#10297,#10298,#10299),
 .UNSPECIFIED.,.F.,.F.,(3,3),(0.,1.),.UNSPECIFIED.);
#319=B_SPLINE_CURVE_WITH_KNOTS('',2,(#10310,#10311,#10312),
 .UNSPECIFIED.,.F.,.F.,(3,3),(0.,1.),.UNSPECIFIED.);
#320=B_SPLINE_CURVE_WITH_KNOTS('',2,(#10323,#10324,#10325),
 .UNSPECIFIED.,.F.,.F.,(3,3),(0.,1.),.UNSPECIFIED.);
#321=B_SPLINE_CURVE_WITH_KNOTS('',2,(#10336,#10337,#10338),
 .UNSPECIFIED.,.F.,.F.,(3,3),(0.,1.),.UNSPECIFIED.);
#322=B_SPLINE_CURVE_WITH_KNOTS('',2,(#10349,#10350,#10351),
 .UNSPECIFIED.,.F.,.F.,(3,3),(0.,1.),.UNSPECIFIED.);
#323=B_SPLINE_CURVE_WITH_KNOTS('',2,(#10360,#10361,#10362),
 .UNSPECIFIED.,.F.,.F.,(3,3),(0.,1.),.UNSPECIFIED.);
#324=B_SPLINE_CURVE_WITH_KNOTS('',2,(#10367,#10368,#10369),
 .UNSPECIFIED.,.F.,.F.,(3,3),(0.,1.),.UNSPECIFIED.);
#325=B_SPLINE_CURVE_WITH_KNOTS('',2,(#10380,#10381,#10382),
 .UNSPECIFIED.,.F.,.F.,(3,3),(0.,1.),.UNSPECIFIED.);
#326=B_SPLINE_CURVE_WITH_KNOTS('',2,(#10386,#10387,#10388),
 .UNSPECIFIED.,.F.,.F.,(3,3),(0.,1.),.UNSPECIFIED.);
#327=B_SPLINE_CURVE_WITH_KNOTS('',2,(#10397,#10398,#10399),
 .UNSPECIFIED.,.F.,.F.,(3,3),(0.,1.),.UNSPECIFIED.);
#328=B_SPLINE_CURVE_WITH_KNOTS('',2,(#10403,#10404,#10405),
 .UNSPECIFIED.,.F.,.F.,(3,3),(0.,1.),.UNSPECIFIED.);
#329=B_SPLINE_CURVE_WITH_KNOTS('',2,(#10414,#10415,#10416),
 .UNSPECIFIED.,.F.,.F.,(3,3),(0.,1.),.UNSPECIFIED.);
#330=B_SPLINE_CURVE_WITH_KNOTS('',2,(#10420,#10421,#10422),
 .UNSPECIFIED.,.F.,.F.,(3,3),(0.,1.),.UNSPECIFIED.);
#331=B_SPLINE_CURVE_WITH_KNOTS('',2,(#10431,#10432,#10433),
 .UNSPECIFIED.,.F.,.F.,(3,3),(0.,1.),.UNSPECIFIED.);
#332=B_SPLINE_CURVE_WITH_KNOTS('',2,(#10437,#10438,#10439),
 .UNSPECIFIED.,.F.,.F.,(3,3),(0.,1.),.UNSPECIFIED.);
#333=B_SPLINE_CURVE_WITH_KNOTS('',2,(#10448,#10449,#10450),
 .UNSPECIFIED.,.F.,.F.,(3,3),(0.,1.),.UNSPECIFIED.);
#334=B_SPLINE_CURVE_WITH_KNOTS('',2,(#10454,#10455,#10456),
 .UNSPECIFIED.,.F.,.F.,(3,3),(0.,1.),.UNSPECIFIED.);
#335=B_SPLINE_CURVE_WITH_KNOTS('',2,(#10465,#10466,#10467),
 .UNSPECIFIED.,.F.,.F.,(3,3),(0.,1.),.UNSPECIFIED.);
#336=B_SPLINE_CURVE_WITH_KNOTS('',2,(#10471,#10472,#10473),
 .UNSPECIFIED.,.F.,.F.,(3,3),(0.,1.),.UNSPECIFIED.);
#337=B_SPLINE_CURVE_WITH_KNOTS('',2,(#10482,#10483,#10484),
 .UNSPECIFIED.,.F.,.F.,(3,3),(0.,1.),.UNSPECIFIED.);
#338=B_SPLINE_CURVE_WITH_KNOTS('',2,(#10489,#10490,#10491),
 .UNSPECIFIED.,.F.,.F.,(3,3),(0.,1.),.UNSPECIFIED.);
#339=B_SPLINE_CURVE_WITH_KNOTS('',2,(#10502,#10503,#10504),
 .UNSPECIFIED.,.F.,.F.,(3,3),(0.,1.),.UNSPECIFIED.);
#340=B_SPLINE_CURVE_WITH_KNOTS('',2,(#10508,#10509,#10510),
 .UNSPECIFIED.,.F.,.F.,(3,3),(0.,1.),.UNSPECIFIED.);
#341=B_SPLINE_CURVE_WITH_KNOTS('',2,(#10519,#10520,#10521),
 .UNSPECIFIED.,.F.,.F.,(3,3),(0.,1.),.UNSPECIFIED.);
#342=B_SPLINE_CURVE_WITH_KNOTS('',2,(#10525,#10526,#10527),
 .UNSPECIFIED.,.F.,.F.,(3,3),(0.,1.),.UNSPECIFIED.);
#343=B_SPLINE_CURVE_WITH_KNOTS('',2,(#10536,#10537,#10538),
 .UNSPECIFIED.,.F.,.F.,(3,3),(0.,1.),.UNSPECIFIED.);
#344=B_SPLINE_CURVE_WITH_KNOTS('',2,(#10542,#10543,#10544),
 .UNSPECIFIED.,.F.,.F.,(3,3),(0.,1.),.UNSPECIFIED.);
#345=B_SPLINE_CURVE_WITH_KNOTS('',2,(#10553,#10554,#10555),
 .UNSPECIFIED.,.F.,.F.,(3,3),(0.,1.),.UNSPECIFIED.);
#346=B_SPLINE_CURVE_WITH_KNOTS('',2,(#10559,#10560,#10561),
 .UNSPECIFIED.,.F.,.F.,(3,3),(0.,1.),.UNSPECIFIED.);
#347=B_SPLINE_CURVE_WITH_KNOTS('',2,(#10570,#10571,#10572),
 .UNSPECIFIED.,.F.,.F.,(3,3),(0.,1.),.UNSPECIFIED.);
#348=B_SPLINE_CURVE_WITH_KNOTS('',2,(#10573,#10574,#10575),
 .UNSPECIFIED.,.F.,.F.,(3,3),(0.,1.),.UNSPECIFIED.);
#349=B_SPLINE_CURVE_WITH_KNOTS('',2,(#10587,#10588,#10589),
 .UNSPECIFIED.,.F.,.F.,(3,3),(0.,1.),.UNSPECIFIED.);
#350=B_SPLINE_CURVE_WITH_KNOTS('',2,(#10603,#10604,#10605),
 .UNSPECIFIED.,.F.,.F.,(3,3),(0.,1.),.UNSPECIFIED.);
#351=B_SPLINE_CURVE_WITH_KNOTS('',2,(#10618,#10619,#10620),
 .UNSPECIFIED.,.F.,.F.,(3,3),(0.,1.),.UNSPECIFIED.);
#352=B_SPLINE_CURVE_WITH_KNOTS('',2,(#10631,#10632,#10633),
 .UNSPECIFIED.,.F.,.F.,(3,3),(0.,1.),.UNSPECIFIED.);
#353=B_SPLINE_CURVE_WITH_KNOTS('',2,(#10644,#10645,#10646),
 .UNSPECIFIED.,.F.,.F.,(3,3),(0.,1.),.UNSPECIFIED.);
#354=B_SPLINE_CURVE_WITH_KNOTS('',2,(#10657,#10658,#10659),
 .UNSPECIFIED.,.F.,.F.,(3,3),(0.,1.),.UNSPECIFIED.);
#355=B_SPLINE_CURVE_WITH_KNOTS('',2,(#10670,#10671,#10672),
 .UNSPECIFIED.,.F.,.F.,(3,3),(0.,1.),.UNSPECIFIED.);
#356=B_SPLINE_CURVE_WITH_KNOTS('',2,(#10683,#10684,#10685),
 .UNSPECIFIED.,.F.,.F.,(3,3),(0.,1.),.UNSPECIFIED.);
#357=B_SPLINE_CURVE_WITH_KNOTS('',2,(#10696,#10697,#10698),
 .UNSPECIFIED.,.F.,.F.,(3,3),(0.,1.),.UNSPECIFIED.);
#358=B_SPLINE_CURVE_WITH_KNOTS('',2,(#10716,#10717,#10718),
 .UNSPECIFIED.,.F.,.F.,(3,3),(0.,1.),.UNSPECIFIED.);
#359=B_SPLINE_CURVE_WITH_KNOTS('',2,(#10722,#10723,#10724),
 .UNSPECIFIED.,.F.,.F.,(3,3),(0.,1.),.UNSPECIFIED.);
#360=B_SPLINE_CURVE_WITH_KNOTS('',2,(#10733,#10734,#10735),
 .UNSPECIFIED.,.F.,.F.,(3,3),(0.,1.),.UNSPECIFIED.);
#361=B_SPLINE_CURVE_WITH_KNOTS('',2,(#10739,#10740,#10741),
 .UNSPECIFIED.,.F.,.F.,(3,3),(0.,1.),.UNSPECIFIED.);
#362=B_SPLINE_CURVE_WITH_KNOTS('',2,(#10750,#10751,#10752),
 .UNSPECIFIED.,.F.,.F.,(3,3),(0.,1.),.UNSPECIFIED.);
#363=B_SPLINE_CURVE_WITH_KNOTS('',2,(#10756,#10757,#10758),
 .UNSPECIFIED.,.F.,.F.,(3,3),(0.,1.),.UNSPECIFIED.);
#364=B_SPLINE_CURVE_WITH_KNOTS('',2,(#10767,#10768,#10769),
 .UNSPECIFIED.,.F.,.F.,(3,3),(0.,1.),.UNSPECIFIED.);
#365=B_SPLINE_CURVE_WITH_KNOTS('',2,(#10773,#10774,#10775),
 .UNSPECIFIED.,.F.,.F.,(3,3),(0.,1.),.UNSPECIFIED.);
#366=B_SPLINE_CURVE_WITH_KNOTS('',2,(#10784,#10785,#10786),
 .UNSPECIFIED.,.F.,.F.,(3,3),(0.,1.),.UNSPECIFIED.);
#367=B_SPLINE_CURVE_WITH_KNOTS('',2,(#10790,#10791,#10792),
 .UNSPECIFIED.,.F.,.F.,(3,3),(0.,1.),.UNSPECIFIED.);
#368=B_SPLINE_CURVE_WITH_KNOTS('',2,(#10801,#10802,#10803),
 .UNSPECIFIED.,.F.,.F.,(3,3),(0.,1.),.UNSPECIFIED.);
#369=B_SPLINE_CURVE_WITH_KNOTS('',2,(#10807,#10808,#10809),
 .UNSPECIFIED.,.F.,.F.,(3,3),(0.,1.),.UNSPECIFIED.);
#370=B_SPLINE_CURVE_WITH_KNOTS('',2,(#10818,#10819,#10820),
 .UNSPECIFIED.,.F.,.F.,(3,3),(0.,1.),.UNSPECIFIED.);
#371=B_SPLINE_CURVE_WITH_KNOTS('',2,(#10824,#10825,#10826),
 .UNSPECIFIED.,.F.,.F.,(3,3),(0.,1.),.UNSPECIFIED.);
#372=B_SPLINE_CURVE_WITH_KNOTS('',2,(#10835,#10836,#10837),
 .UNSPECIFIED.,.F.,.F.,(3,3),(0.,1.),.UNSPECIFIED.);
#373=B_SPLINE_CURVE_WITH_KNOTS('',2,(#10841,#10842,#10843),
 .UNSPECIFIED.,.F.,.F.,(3,3),(0.,1.),.UNSPECIFIED.);
#374=B_SPLINE_CURVE_WITH_KNOTS('',2,(#10852,#10853,#10854),
 .UNSPECIFIED.,.F.,.F.,(3,3),(0.,1.),.UNSPECIFIED.);
#375=B_SPLINE_CURVE_WITH_KNOTS('',2,(#10855,#10856,#10857),
 .UNSPECIFIED.,.F.,.F.,(3,3),(0.,1.),.UNSPECIFIED.);
#376=B_SPLINE_CURVE_WITH_KNOTS('',2,(#10866,#10867,#10868),
 .UNSPECIFIED.,.F.,.F.,(3,3),(0.,1.),.UNSPECIFIED.);
#377=B_SPLINE_CURVE_WITH_KNOTS('',2,(#10917,#10918,#10919),
 .UNSPECIFIED.,.F.,.F.,(3,3),(0.,1.),.UNSPECIFIED.);
#378=B_SPLINE_CURVE_WITH_KNOTS('',2,(#10930,#10931,#10932),
 .UNSPECIFIED.,.F.,.F.,(3,3),(0.,1.),.UNSPECIFIED.);
#379=B_SPLINE_CURVE_WITH_KNOTS('',2,(#10947,#10948,#10949),
 .UNSPECIFIED.,.F.,.F.,(3,3),(0.,1.),.UNSPECIFIED.);
#380=B_SPLINE_CURVE_WITH_KNOTS('',2,(#10960,#10961,#10962),
 .UNSPECIFIED.,.F.,.F.,(3,3),(0.,1.),.UNSPECIFIED.);
#381=B_SPLINE_CURVE_WITH_KNOTS('',2,(#10975,#10976,#10977),
 .UNSPECIFIED.,.F.,.F.,(3,3),(0.,1.),.UNSPECIFIED.);
#382=B_SPLINE_CURVE_WITH_KNOTS('',2,(#10988,#10989,#10990),
 .UNSPECIFIED.,.F.,.F.,(3,3),(0.,1.),.UNSPECIFIED.);
#383=B_SPLINE_CURVE_WITH_KNOTS('',2,(#11001,#11002,#11003),
 .UNSPECIFIED.,.F.,.F.,(3,3),(0.,1.),.UNSPECIFIED.);
#384=B_SPLINE_CURVE_WITH_KNOTS('',2,(#11014,#11015,#11016),
 .UNSPECIFIED.,.F.,.F.,(3,3),(0.,1.),.UNSPECIFIED.);
#385=B_SPLINE_CURVE_WITH_KNOTS('',2,(#11027,#11028,#11029),
 .UNSPECIFIED.,.F.,.F.,(3,3),(0.,1.),.UNSPECIFIED.);
#386=B_SPLINE_CURVE_WITH_KNOTS('',2,(#11040,#11041,#11042),
 .UNSPECIFIED.,.F.,.F.,(3,3),(0.,1.),.UNSPECIFIED.);
#387=B_SPLINE_CURVE_WITH_KNOTS('',2,(#11051,#11052,#11053),
 .UNSPECIFIED.,.F.,.F.,(3,3),(0.,1.),.UNSPECIFIED.);
#388=B_SPLINE_CURVE_WITH_KNOTS('',2,(#11091,#11092,#11093),
 .UNSPECIFIED.,.F.,.F.,(3,3),(0.,1.),.UNSPECIFIED.);
#389=CIRCLE('',#6543,0.002);
#390=CIRCLE('',#6544,0.002);
#391=CIRCLE('',#6545,0.002);
#392=CIRCLE('',#6546,0.002);
#393=CIRCLE('',#6547,0.002);
#394=CIRCLE('',#6548,0.002);
#395=CIRCLE('',#6549,0.002);
#396=CIRCLE('',#6550,0.002);
#397=CIRCLE('',#6551,0.002);
#398=CIRCLE('',#6552,0.002);
#399=CIRCLE('',#6553,0.002);
#400=CIRCLE('',#6554,0.002);
#401=CIRCLE('',#6555,0.005);
#402=CIRCLE('',#6556,0.005);
#403=CIRCLE('',#6557,0.0064);
#404=CIRCLE('',#6558,0.005);
#405=CIRCLE('',#6559,0.005);
#406=CIRCLE('',#6560,0.005);
#407=CIRCLE('',#6561,0.005);
#408=CIRCLE('',#6562,0.005);
#409=CIRCLE('',#6563,0.0064);
#410=CIRCLE('',#6564,0.005);
#411=CIRCLE('',#6565,0.005);
#412=CIRCLE('',#6566,0.0064);
#413=CIRCLE('',#6567,0.005);
#414=CIRCLE('',#6568,0.005);
#415=CIRCLE('',#6569,0.005);
#416=CIRCLE('',#6570,0.005);
#417=CIRCLE('',#6571,0.005);
#418=CIRCLE('',#6572,0.0064);
#419=CIRCLE('',#6573,0.0014);
#420=CIRCLE('',#6574,0.0014);
#421=CIRCLE('',#6575,0.0014);
#422=CIRCLE('',#6576,0.0014);
#423=CIRCLE('',#6577,0.002);
#424=CIRCLE('',#6578,0.002);
#425=CIRCLE('',#6579,0.002);
#426=CIRCLE('',#6580,0.003175);
#427=CIRCLE('',#6581,0.003175);
#428=CIRCLE('',#6582,0.003175);
#429=CIRCLE('',#6583,0.003175);
#430=CIRCLE('',#6584,0.003175);
#431=CIRCLE('',#6585,0.003175);
#432=CIRCLE('',#6586,0.002);
#433=CIRCLE('',#6587,0.002);
#434=CIRCLE('',#6588,0.002);
#435=CIRCLE('',#6590,0.002);
#436=CIRCLE('',#6591,0.002);
#437=CIRCLE('',#6592,0.002);
#438=CIRCLE('',#6593,0.002);
#439=CIRCLE('',#6594,0.002);
#440=CIRCLE('',#6595,0.002);
#441=CIRCLE('',#6596,0.005);
#442=CIRCLE('',#6597,0.005);
#443=CIRCLE('',#6598,0.005);
#444=CIRCLE('',#6599,0.005);
#445=CIRCLE('',#6600,0.005);
#446=CIRCLE('',#6601,0.005);
#447=CIRCLE('',#6602,0.0014);
#448=CIRCLE('',#6603,0.0014);
#449=CIRCLE('',#6604,0.0014);
#450=CIRCLE('',#6605,0.0014);
#451=CIRCLE('',#6606,0.002);
#452=CIRCLE('',#6607,0.002);
#453=CIRCLE('',#6608,0.002);
#454=CIRCLE('',#6609,0.0127);
#455=CIRCLE('',#6610,0.0127);
#456=CIRCLE('',#6611,0.0127);
#457=CIRCLE('',#6612,0.0127);
#458=CIRCLE('',#6613,0.0014);
#459=CIRCLE('',#6614,0.0014);
#460=CIRCLE('',#6615,0.0014);
#461=CIRCLE('',#6616,0.0014);
#462=CIRCLE('',#6617,0.005);
#463=CIRCLE('',#6618,0.0064);
#464=CIRCLE('',#6619,0.005);
#465=CIRCLE('',#6620,0.005);
#466=CIRCLE('',#6621,0.005);
#467=CIRCLE('',#6622,0.005);
#468=CIRCLE('',#6623,0.005);
#469=CIRCLE('',#6624,0.0064);
#470=CIRCLE('',#6625,0.005);
#471=CIRCLE('',#6626,0.005);
#472=CIRCLE('',#6627,0.0064);
#473=CIRCLE('',#6628,0.005);
#474=CIRCLE('',#6629,0.005);
#475=CIRCLE('',#6630,0.005);
#476=CIRCLE('',#6631,0.005);
#477=CIRCLE('',#6632,0.005);
#478=CIRCLE('',#6633,0.0064);
#479=CIRCLE('',#6634,0.005);
#480=CIRCLE('',#6635,0.002);
#481=CIRCLE('',#6636,0.002);
#482=CIRCLE('',#6637,0.002);
#483=CIRCLE('',#6638,0.002);
#484=CIRCLE('',#6639,0.002);
#485=CIRCLE('',#6640,0.002);
#486=CIRCLE('',#6641,0.002);
#487=CIRCLE('',#6642,0.002);
#488=CIRCLE('',#6643,0.002);
#489=CIRCLE('',#6645,0.0300343058358034);
#490=CIRCLE('',#6646,0.0122739807941672);
#491=CIRCLE('',#6647,0.00455182561572338);
#492=CIRCLE('',#6648,0.00335697176737643);
#493=CIRCLE('',#6651,0.003175);
#494=CIRCLE('',#6652,0.003175);
#495=CIRCLE('',#6654,0.009525);
#496=CIRCLE('',#6659,0.003175);
#497=CIRCLE('',#6660,0.003175);
#498=CIRCLE('',#6664,0.009525);
#499=CIRCLE('',#6666,0.009525);
#500=CIRCLE('',#6669,0.009525);
#501=CIRCLE('',#6671,0.005);
#502=CIRCLE('',#6672,0.005);
#503=CIRCLE('',#6673,0.005);
#504=CIRCLE('',#6674,0.005);
#505=CIRCLE('',#6675,0.005);
#506=CIRCLE('',#6676,0.005);
#507=CIRCLE('',#6689,0.003175);
#508=CIRCLE('',#6692,0.00635);
#509=CIRCLE('',#6747,0.00635);
#510=CIRCLE('',#6750,0.003175);
#511=CIRCLE('',#6772,0.003175);
#512=CIRCLE('',#6773,0.003175);
#513=CIRCLE('',#6777,0.003175);
#514=CIRCLE('',#6778,0.003175);
#515=CIRCLE('',#6780,0.0014);
#516=CIRCLE('',#6782,0.0014);
#517=CIRCLE('',#6784,0.0014);
#518=CIRCLE('',#6786,0.0014);
#519=CIRCLE('',#6792,0.00635);
#520=CIRCLE('',#6794,0.003175);
#521=CIRCLE('',#6796,0.003175);
#522=CIRCLE('',#6798,0.0014);
#523=CIRCLE('',#6800,0.0014);
#524=CIRCLE('',#6803,0.00635);
#525=CIRCLE('',#6805,0.003175);
#526=CIRCLE('',#6807,0.003175);
#527=CIRCLE('',#6809,0.0014);
#528=CIRCLE('',#6811,0.0014);
#529=CIRCLE('',#6835,0.0014);
#530=CIRCLE('',#6836,0.003175);
#531=CIRCLE('',#6837,0.003175);
#532=CIRCLE('',#6838,0.003175);
#533=CIRCLE('',#6841,0.0014);
#534=CIRCLE('',#6842,0.003175);
#535=CIRCLE('',#6843,0.003175);
#536=CIRCLE('',#6844,0.003175);
#537=CIRCLE('',#6852,0.0014);
#538=CIRCLE('',#6853,0.003175);
#539=CIRCLE('',#6854,0.003175);
#540=CIRCLE('',#6858,0.0014);
#541=CIRCLE('',#6859,0.003175);
#542=CIRCLE('',#6860,0.003175);
#543=CIRCLE('',#6862,0.0014);
#544=CIRCLE('',#6865,0.0014);
#545=CIRCLE('',#6868,0.0014);
#546=CIRCLE('',#6871,0.0014);
#547=CIRCLE('',#6874,0.00164297198378902);
#548=CIRCLE('',#6875,0.00164297198378902);
#549=CIRCLE('',#6880,0.0112785261590958);
#550=CIRCLE('',#6881,0.0112785261590958);
#551=CIRCLE('',#6893,0.00335697176737643);
#552=CIRCLE('',#6895,0.00455182561572338);
#553=CIRCLE('',#6904,0.0122739807941672);
#554=CIRCLE('',#6906,0.0300343058358034);
#555=CIRCLE('',#6909,0.0127);
#556=CIRCLE('',#6911,0.0127);
#557=CIRCLE('',#6913,0.0127);
#558=CIRCLE('',#6915,0.0127);
#559=CIRCLE('',#6981,0.003175);
#560=CIRCLE('',#6983,0.003175);
#561=CIRCLE('',#6985,0.003175);
#562=CIRCLE('',#6987,0.003175);
#563=CIRCLE('',#6989,0.003175);
#564=CIRCLE('',#6991,0.003175);
#565=CIRCLE('',#6993,0.003175);
#566=CIRCLE('',#6995,0.003175);
#567=CIRCLE('',#7002,0.003175);
#568=CIRCLE('',#7004,0.003175);
#569=CIRCLE('',#7006,0.003175);
#570=CIRCLE('',#7008,0.003175);
#571=CIRCLE('',#7010,0.003175);
#572=CIRCLE('',#7012,0.003175);
#573=CIRCLE('',#7014,0.003175);
#574=CIRCLE('',#7016,0.003175);
#575=CIRCLE('',#7025,0.003175);
#576=CIRCLE('',#7027,0.003175);
#577=CIRCLE('',#7029,0.003175);
#578=CIRCLE('',#7031,0.003175);
#579=CIRCLE('',#7033,0.003175);
#580=CIRCLE('',#7035,0.003175);
#581=CIRCLE('',#7037,0.003175);
#582=CIRCLE('',#7039,0.003175);
#583=CIRCLE('',#7044,0.003175);
#584=CIRCLE('',#7046,0.003175);
#585=CIRCLE('',#7048,0.003175);
#586=CIRCLE('',#7050,0.003175);
#587=CIRCLE('',#7054,0.003175);
#588=CIRCLE('',#7056,0.003175);
#589=CIRCLE('',#7058,0.003175);
#590=CIRCLE('',#7060,0.003175);
#591=ORIENTED_EDGE('',*,*,#2457,.F.);
#592=ORIENTED_EDGE('',*,*,#2458,.F.);
#593=ORIENTED_EDGE('',*,*,#2459,.F.);
#594=ORIENTED_EDGE('',*,*,#2460,.F.);
#595=ORIENTED_EDGE('',*,*,#2461,.T.);
#596=ORIENTED_EDGE('',*,*,#2462,.F.);
#597=ORIENTED_EDGE('',*,*,#2463,.F.);
#598=ORIENTED_EDGE('',*,*,#2464,.F.);
#599=ORIENTED_EDGE('',*,*,#2465,.T.);
#600=ORIENTED_EDGE('',*,*,#2466,.F.);
#601=ORIENTED_EDGE('',*,*,#2467,.F.);
#602=ORIENTED_EDGE('',*,*,#2468,.F.);
#603=ORIENTED_EDGE('',*,*,#2469,.F.);
#604=ORIENTED_EDGE('',*,*,#2470,.F.);
#605=ORIENTED_EDGE('',*,*,#2471,.T.);
#606=ORIENTED_EDGE('',*,*,#2472,.F.);
#607=ORIENTED_EDGE('',*,*,#2473,.T.);
#608=ORIENTED_EDGE('',*,*,#2474,.F.);
#609=ORIENTED_EDGE('',*,*,#2475,.T.);
#610=ORIENTED_EDGE('',*,*,#2476,.F.);
#611=ORIENTED_EDGE('',*,*,#2477,.T.);
#612=ORIENTED_EDGE('',*,*,#2478,.F.);
#613=ORIENTED_EDGE('',*,*,#2479,.T.);
#614=ORIENTED_EDGE('',*,*,#2480,.F.);
#615=ORIENTED_EDGE('',*,*,#2481,.F.);
#616=ORIENTED_EDGE('',*,*,#2482,.F.);
#617=ORIENTED_EDGE('',*,*,#2483,.F.);
#618=ORIENTED_EDGE('',*,*,#2484,.F.);
#619=ORIENTED_EDGE('',*,*,#2485,.F.);
#620=ORIENTED_EDGE('',*,*,#2486,.T.);
#621=ORIENTED_EDGE('',*,*,#2487,.F.);
#622=ORIENTED_EDGE('',*,*,#2488,.F.);
#623=ORIENTED_EDGE('',*,*,#2489,.F.);
#624=ORIENTED_EDGE('',*,*,#2490,.T.);
#625=ORIENTED_EDGE('',*,*,#2491,.F.);
#626=ORIENTED_EDGE('',*,*,#2492,.F.);
#627=ORIENTED_EDGE('',*,*,#2493,.F.);
#628=ORIENTED_EDGE('',*,*,#2494,.F.);
#629=ORIENTED_EDGE('',*,*,#2495,.F.);
#630=ORIENTED_EDGE('',*,*,#2496,.T.);
#631=ORIENTED_EDGE('',*,*,#2497,.F.);
#632=ORIENTED_EDGE('',*,*,#2498,.F.);
#633=ORIENTED_EDGE('',*,*,#2499,.F.);
#634=ORIENTED_EDGE('',*,*,#2500,.F.);
#635=ORIENTED_EDGE('',*,*,#2501,.F.);
#636=ORIENTED_EDGE('',*,*,#2502,.T.);
#637=ORIENTED_EDGE('',*,*,#2503,.F.);
#638=ORIENTED_EDGE('',*,*,#2504,.F.);
#639=ORIENTED_EDGE('',*,*,#2505,.F.);
#640=ORIENTED_EDGE('',*,*,#2506,.T.);
#641=ORIENTED_EDGE('',*,*,#2507,.F.);
#642=ORIENTED_EDGE('',*,*,#2508,.F.);
#643=ORIENTED_EDGE('',*,*,#2509,.T.);
#644=ORIENTED_EDGE('',*,*,#2510,.T.);
#645=ORIENTED_EDGE('',*,*,#2511,.T.);
#646=ORIENTED_EDGE('',*,*,#2512,.T.);
#647=ORIENTED_EDGE('',*,*,#2513,.F.);
#648=ORIENTED_EDGE('',*,*,#2514,.F.);
#649=ORIENTED_EDGE('',*,*,#2515,.F.);
#650=ORIENTED_EDGE('',*,*,#2516,.F.);
#651=ORIENTED_EDGE('',*,*,#2517,.F.);
#652=ORIENTED_EDGE('',*,*,#2518,.F.);
#653=ORIENTED_EDGE('',*,*,#2519,.T.);
#654=ORIENTED_EDGE('',*,*,#2520,.T.);
#655=ORIENTED_EDGE('',*,*,#2521,.F.);
#656=ORIENTED_EDGE('',*,*,#2522,.T.);
#657=ORIENTED_EDGE('',*,*,#2523,.T.);
#658=ORIENTED_EDGE('',*,*,#2524,.F.);
#659=ORIENTED_EDGE('',*,*,#2525,.T.);
#660=ORIENTED_EDGE('',*,*,#2526,.F.);
#661=ORIENTED_EDGE('',*,*,#2527,.F.);
#662=ORIENTED_EDGE('',*,*,#2528,.T.);
#663=ORIENTED_EDGE('',*,*,#2529,.T.);
#664=ORIENTED_EDGE('',*,*,#2530,.F.);
#665=ORIENTED_EDGE('',*,*,#2531,.T.);
#666=ORIENTED_EDGE('',*,*,#2532,.T.);
#667=ORIENTED_EDGE('',*,*,#2533,.F.);
#668=ORIENTED_EDGE('',*,*,#2534,.T.);
#669=ORIENTED_EDGE('',*,*,#2535,.T.);
#670=ORIENTED_EDGE('',*,*,#2536,.T.);
#671=ORIENTED_EDGE('',*,*,#2537,.F.);
#672=ORIENTED_EDGE('',*,*,#2538,.T.);
#673=ORIENTED_EDGE('',*,*,#2539,.T.);
#674=ORIENTED_EDGE('',*,*,#2540,.T.);
#675=ORIENTED_EDGE('',*,*,#2541,.F.);
#676=ORIENTED_EDGE('',*,*,#2542,.T.);
#677=ORIENTED_EDGE('',*,*,#2543,.F.);
#678=ORIENTED_EDGE('',*,*,#2544,.T.);
#679=ORIENTED_EDGE('',*,*,#2545,.F.);
#680=ORIENTED_EDGE('',*,*,#2546,.T.);
#681=ORIENTED_EDGE('',*,*,#2547,.F.);
#682=ORIENTED_EDGE('',*,*,#2548,.T.);
#683=ORIENTED_EDGE('',*,*,#2549,.F.);
#684=ORIENTED_EDGE('',*,*,#2550,.F.);
#685=ORIENTED_EDGE('',*,*,#2551,.F.);
#686=ORIENTED_EDGE('',*,*,#2552,.F.);
#687=ORIENTED_EDGE('',*,*,#2553,.F.);
#688=ORIENTED_EDGE('',*,*,#2554,.F.);
#689=ORIENTED_EDGE('',*,*,#2555,.T.);
#690=ORIENTED_EDGE('',*,*,#2556,.F.);
#691=ORIENTED_EDGE('',*,*,#2557,.T.);
#692=ORIENTED_EDGE('',*,*,#2558,.F.);
#693=ORIENTED_EDGE('',*,*,#2559,.F.);
#694=ORIENTED_EDGE('',*,*,#2560,.F.);
#695=ORIENTED_EDGE('',*,*,#2561,.F.);
#696=ORIENTED_EDGE('',*,*,#2562,.F.);
#697=ORIENTED_EDGE('',*,*,#2563,.F.);
#698=ORIENTED_EDGE('',*,*,#2564,.T.);
#699=ORIENTED_EDGE('',*,*,#2565,.T.);
#700=ORIENTED_EDGE('',*,*,#2566,.T.);
#701=ORIENTED_EDGE('',*,*,#2567,.T.);
#702=ORIENTED_EDGE('',*,*,#2568,.T.);
#703=ORIENTED_EDGE('',*,*,#2569,.T.);
#704=ORIENTED_EDGE('',*,*,#2570,.T.);
#705=ORIENTED_EDGE('',*,*,#2571,.T.);
#706=ORIENTED_EDGE('',*,*,#2572,.F.);
#707=ORIENTED_EDGE('',*,*,#2573,.T.);
#708=ORIENTED_EDGE('',*,*,#2574,.F.);
#709=ORIENTED_EDGE('',*,*,#2575,.F.);
#710=ORIENTED_EDGE('',*,*,#2576,.F.);
#711=ORIENTED_EDGE('',*,*,#2577,.F.);
#712=ORIENTED_EDGE('',*,*,#2578,.F.);
#713=ORIENTED_EDGE('',*,*,#2579,.F.);
#714=ORIENTED_EDGE('',*,*,#2580,.T.);
#715=ORIENTED_EDGE('',*,*,#2581,.T.);
#716=ORIENTED_EDGE('',*,*,#2582,.F.);
#717=ORIENTED_EDGE('',*,*,#2583,.T.);
#718=ORIENTED_EDGE('',*,*,#2584,.T.);
#719=ORIENTED_EDGE('',*,*,#2585,.T.);
#720=ORIENTED_EDGE('',*,*,#2586,.T.);
#721=ORIENTED_EDGE('',*,*,#2587,.T.);
#722=ORIENTED_EDGE('',*,*,#2588,.T.);
#723=ORIENTED_EDGE('',*,*,#2589,.T.);
#724=ORIENTED_EDGE('',*,*,#2590,.T.);
#725=ORIENTED_EDGE('',*,*,#2591,.T.);
#726=ORIENTED_EDGE('',*,*,#2592,.T.);
#727=ORIENTED_EDGE('',*,*,#2593,.F.);
#728=ORIENTED_EDGE('',*,*,#2594,.T.);
#729=ORIENTED_EDGE('',*,*,#2595,.F.);
#730=ORIENTED_EDGE('',*,*,#2596,.T.);
#731=ORIENTED_EDGE('',*,*,#2597,.F.);
#732=ORIENTED_EDGE('',*,*,#2598,.F.);
#733=ORIENTED_EDGE('',*,*,#2599,.F.);
#734=ORIENTED_EDGE('',*,*,#2600,.F.);
#735=ORIENTED_EDGE('',*,*,#2601,.T.);
#736=ORIENTED_EDGE('',*,*,#2602,.T.);
#737=ORIENTED_EDGE('',*,*,#2603,.T.);
#738=ORIENTED_EDGE('',*,*,#2604,.F.);
#739=ORIENTED_EDGE('',*,*,#2605,.T.);
#740=ORIENTED_EDGE('',*,*,#2606,.T.);
#741=ORIENTED_EDGE('',*,*,#2607,.T.);
#742=ORIENTED_EDGE('',*,*,#2608,.F.);
#743=ORIENTED_EDGE('',*,*,#2609,.T.);
#744=ORIENTED_EDGE('',*,*,#2610,.T.);
#745=ORIENTED_EDGE('',*,*,#2611,.T.);
#746=ORIENTED_EDGE('',*,*,#2612,.T.);
#747=ORIENTED_EDGE('',*,*,#2613,.T.);
#748=ORIENTED_EDGE('',*,*,#2614,.F.);
#749=ORIENTED_EDGE('',*,*,#2615,.T.);
#750=ORIENTED_EDGE('',*,*,#2616,.T.);
#751=ORIENTED_EDGE('',*,*,#2617,.T.);
#752=ORIENTED_EDGE('',*,*,#2618,.T.);
#753=ORIENTED_EDGE('',*,*,#2619,.T.);
#754=ORIENTED_EDGE('',*,*,#2620,.F.);
#755=ORIENTED_EDGE('',*,*,#2621,.T.);
#756=ORIENTED_EDGE('',*,*,#2622,.T.);
#757=ORIENTED_EDGE('',*,*,#2623,.T.);
#758=ORIENTED_EDGE('',*,*,#2624,.F.);
#759=ORIENTED_EDGE('',*,*,#2625,.T.);
#760=ORIENTED_EDGE('',*,*,#2626,.T.);
#761=ORIENTED_EDGE('',*,*,#2627,.T.);
#762=ORIENTED_EDGE('',*,*,#2628,.T.);
#763=ORIENTED_EDGE('',*,*,#2629,.F.);
#764=ORIENTED_EDGE('',*,*,#2630,.T.);
#765=ORIENTED_EDGE('',*,*,#2631,.F.);
#766=ORIENTED_EDGE('',*,*,#2632,.T.);
#767=ORIENTED_EDGE('',*,*,#2633,.F.);
#768=ORIENTED_EDGE('',*,*,#2634,.T.);
#769=ORIENTED_EDGE('',*,*,#2635,.F.);
#770=ORIENTED_EDGE('',*,*,#2636,.T.);
#771=ORIENTED_EDGE('',*,*,#2637,.T.);
#772=ORIENTED_EDGE('',*,*,#2638,.F.);
#773=ORIENTED_EDGE('',*,*,#2639,.T.);
#774=ORIENTED_EDGE('',*,*,#2640,.F.);
#775=ORIENTED_EDGE('',*,*,#2641,.F.);
#776=ORIENTED_EDGE('',*,*,#2642,.F.);
#777=ORIENTED_EDGE('',*,*,#2643,.T.);
#778=ORIENTED_EDGE('',*,*,#2644,.F.);
#779=ORIENTED_EDGE('',*,*,#2645,.T.);
#780=ORIENTED_EDGE('',*,*,#2646,.F.);
#781=ORIENTED_EDGE('',*,*,#2647,.F.);
#782=ORIENTED_EDGE('',*,*,#2648,.F.);
#783=ORIENTED_EDGE('',*,*,#2649,.T.);
#784=ORIENTED_EDGE('',*,*,#2650,.F.);
#785=ORIENTED_EDGE('',*,*,#2651,.T.);
#786=ORIENTED_EDGE('',*,*,#2652,.T.);
#787=ORIENTED_EDGE('',*,*,#2653,.T.);
#788=ORIENTED_EDGE('',*,*,#2654,.T.);
#789=ORIENTED_EDGE('',*,*,#2655,.T.);
#790=ORIENTED_EDGE('',*,*,#2656,.T.);
#791=ORIENTED_EDGE('',*,*,#2657,.F.);
#792=ORIENTED_EDGE('',*,*,#2658,.F.);
#793=ORIENTED_EDGE('',*,*,#2659,.F.);
#794=ORIENTED_EDGE('',*,*,#2660,.T.);
#795=ORIENTED_EDGE('',*,*,#2661,.T.);
#796=ORIENTED_EDGE('',*,*,#2662,.T.);
#797=ORIENTED_EDGE('',*,*,#2663,.T.);
#798=ORIENTED_EDGE('',*,*,#2664,.T.);
#799=ORIENTED_EDGE('',*,*,#2665,.T.);
#800=ORIENTED_EDGE('',*,*,#2666,.T.);
#801=ORIENTED_EDGE('',*,*,#2667,.F.);
#802=ORIENTED_EDGE('',*,*,#2668,.F.);
#803=ORIENTED_EDGE('',*,*,#2669,.F.);
#804=ORIENTED_EDGE('',*,*,#2670,.F.);
#805=ORIENTED_EDGE('',*,*,#2671,.F.);
#806=ORIENTED_EDGE('',*,*,#2672,.F.);
#807=ORIENTED_EDGE('',*,*,#2673,.T.);
#808=ORIENTED_EDGE('',*,*,#2674,.F.);
#809=ORIENTED_EDGE('',*,*,#2675,.F.);
#810=ORIENTED_EDGE('',*,*,#2676,.F.);
#811=ORIENTED_EDGE('',*,*,#2677,.F.);
#812=ORIENTED_EDGE('',*,*,#2678,.F.);
#813=ORIENTED_EDGE('',*,*,#2679,.F.);
#814=ORIENTED_EDGE('',*,*,#2680,.F.);
#815=ORIENTED_EDGE('',*,*,#2681,.F.);
#816=ORIENTED_EDGE('',*,*,#2682,.F.);
#817=ORIENTED_EDGE('',*,*,#2683,.F.);
#818=ORIENTED_EDGE('',*,*,#2684,.F.);
#819=ORIENTED_EDGE('',*,*,#2685,.F.);
#820=ORIENTED_EDGE('',*,*,#2686,.F.);
#821=ORIENTED_EDGE('',*,*,#2687,.F.);
#822=ORIENTED_EDGE('',*,*,#2688,.F.);
#823=ORIENTED_EDGE('',*,*,#2689,.F.);
#824=ORIENTED_EDGE('',*,*,#2690,.F.);
#825=ORIENTED_EDGE('',*,*,#2691,.F.);
#826=ORIENTED_EDGE('',*,*,#2692,.F.);
#827=ORIENTED_EDGE('',*,*,#2693,.F.);
#828=ORIENTED_EDGE('',*,*,#2694,.F.);
#829=ORIENTED_EDGE('',*,*,#2695,.F.);
#830=ORIENTED_EDGE('',*,*,#2696,.F.);
#831=ORIENTED_EDGE('',*,*,#2697,.F.);
#832=ORIENTED_EDGE('',*,*,#2698,.T.);
#833=ORIENTED_EDGE('',*,*,#2699,.T.);
#834=ORIENTED_EDGE('',*,*,#2700,.T.);
#835=ORIENTED_EDGE('',*,*,#2593,.T.);
#836=ORIENTED_EDGE('',*,*,#2701,.T.);
#837=ORIENTED_EDGE('',*,*,#2702,.T.);
#838=ORIENTED_EDGE('',*,*,#2703,.T.);
#839=ORIENTED_EDGE('',*,*,#2704,.F.);
#840=ORIENTED_EDGE('',*,*,#2705,.T.);
#841=ORIENTED_EDGE('',*,*,#2706,.T.);
#842=ORIENTED_EDGE('',*,*,#2707,.T.);
#843=ORIENTED_EDGE('',*,*,#2708,.F.);
#844=ORIENTED_EDGE('',*,*,#2709,.F.);
#845=ORIENTED_EDGE('',*,*,#2710,.F.);
#846=ORIENTED_EDGE('',*,*,#2711,.F.);
#847=ORIENTED_EDGE('',*,*,#2712,.F.);
#848=ORIENTED_EDGE('',*,*,#2713,.F.);
#849=ORIENTED_EDGE('',*,*,#2714,.F.);
#850=ORIENTED_EDGE('',*,*,#2715,.F.);
#851=ORIENTED_EDGE('',*,*,#2716,.F.);
#852=ORIENTED_EDGE('',*,*,#2717,.F.);
#853=ORIENTED_EDGE('',*,*,#2718,.T.);
#854=ORIENTED_EDGE('',*,*,#2719,.T.);
#855=ORIENTED_EDGE('',*,*,#2720,.F.);
#856=ORIENTED_EDGE('',*,*,#2721,.T.);
#857=ORIENTED_EDGE('',*,*,#2722,.T.);
#858=ORIENTED_EDGE('',*,*,#2723,.T.);
#859=ORIENTED_EDGE('',*,*,#2724,.F.);
#860=ORIENTED_EDGE('',*,*,#2725,.F.);
#861=ORIENTED_EDGE('',*,*,#2726,.T.);
#862=ORIENTED_EDGE('',*,*,#2727,.F.);
#863=ORIENTED_EDGE('',*,*,#2728,.F.);
#864=ORIENTED_EDGE('',*,*,#2729,.T.);
#865=ORIENTED_EDGE('',*,*,#2730,.T.);
#866=ORIENTED_EDGE('',*,*,#2731,.T.);
#867=ORIENTED_EDGE('',*,*,#2732,.T.);
#868=ORIENTED_EDGE('',*,*,#2733,.F.);
#869=ORIENTED_EDGE('',*,*,#2734,.T.);
#870=ORIENTED_EDGE('',*,*,#2735,.T.);
#871=ORIENTED_EDGE('',*,*,#2736,.T.);
#872=ORIENTED_EDGE('',*,*,#2737,.T.);
#873=ORIENTED_EDGE('',*,*,#2738,.T.);
#874=ORIENTED_EDGE('',*,*,#2739,.T.);
#875=ORIENTED_EDGE('',*,*,#2740,.T.);
#876=ORIENTED_EDGE('',*,*,#2741,.T.);
#877=ORIENTED_EDGE('',*,*,#2742,.F.);
#878=ORIENTED_EDGE('',*,*,#2743,.T.);
#879=ORIENTED_EDGE('',*,*,#2744,.T.);
#880=ORIENTED_EDGE('',*,*,#2745,.T.);
#881=ORIENTED_EDGE('',*,*,#2746,.T.);
#882=ORIENTED_EDGE('',*,*,#2747,.T.);
#883=ORIENTED_EDGE('',*,*,#2729,.F.);
#884=ORIENTED_EDGE('',*,*,#2748,.F.);
#885=ORIENTED_EDGE('',*,*,#2749,.F.);
#886=ORIENTED_EDGE('',*,*,#2750,.F.);
#887=ORIENTED_EDGE('',*,*,#2751,.T.);
#888=ORIENTED_EDGE('',*,*,#2733,.T.);
#889=ORIENTED_EDGE('',*,*,#2752,.T.);
#890=ORIENTED_EDGE('',*,*,#2753,.T.);
#891=ORIENTED_EDGE('',*,*,#2754,.T.);
#892=ORIENTED_EDGE('',*,*,#2755,.T.);
#893=ORIENTED_EDGE('',*,*,#2756,.F.);
#894=ORIENTED_EDGE('',*,*,#2757,.T.);
#895=ORIENTED_EDGE('',*,*,#2758,.F.);
#896=ORIENTED_EDGE('',*,*,#2759,.F.);
#897=ORIENTED_EDGE('',*,*,#2760,.T.);
#898=ORIENTED_EDGE('',*,*,#2761,.T.);
#899=ORIENTED_EDGE('',*,*,#2762,.T.);
#900=ORIENTED_EDGE('',*,*,#2763,.F.);
#901=ORIENTED_EDGE('',*,*,#2764,.F.);
#902=ORIENTED_EDGE('',*,*,#2765,.T.);
#903=ORIENTED_EDGE('',*,*,#2766,.T.);
#904=ORIENTED_EDGE('',*,*,#2767,.T.);
#905=ORIENTED_EDGE('',*,*,#2768,.T.);
#906=ORIENTED_EDGE('',*,*,#2769,.T.);
#907=ORIENTED_EDGE('',*,*,#2770,.T.);
#908=ORIENTED_EDGE('',*,*,#2771,.T.);
#909=ORIENTED_EDGE('',*,*,#2772,.T.);
#910=ORIENTED_EDGE('',*,*,#2773,.T.);
#911=ORIENTED_EDGE('',*,*,#2774,.T.);
#912=ORIENTED_EDGE('',*,*,#2775,.T.);
#913=ORIENTED_EDGE('',*,*,#2776,.T.);
#914=ORIENTED_EDGE('',*,*,#2777,.T.);
#915=ORIENTED_EDGE('',*,*,#2778,.T.);
#916=ORIENTED_EDGE('',*,*,#2779,.T.);
#917=ORIENTED_EDGE('',*,*,#2780,.T.);
#918=ORIENTED_EDGE('',*,*,#2781,.T.);
#919=ORIENTED_EDGE('',*,*,#2782,.T.);
#920=ORIENTED_EDGE('',*,*,#2783,.T.);
#921=ORIENTED_EDGE('',*,*,#2784,.T.);
#922=ORIENTED_EDGE('',*,*,#2785,.T.);
#923=ORIENTED_EDGE('',*,*,#2786,.T.);
#924=ORIENTED_EDGE('',*,*,#2787,.T.);
#925=ORIENTED_EDGE('',*,*,#2788,.T.);
#926=ORIENTED_EDGE('',*,*,#2789,.F.);
#927=ORIENTED_EDGE('',*,*,#2579,.T.);
#928=ORIENTED_EDGE('',*,*,#2790,.T.);
#929=ORIENTED_EDGE('',*,*,#2791,.T.);
#930=ORIENTED_EDGE('',*,*,#2792,.T.);
#931=ORIENTED_EDGE('',*,*,#2793,.T.);
#932=ORIENTED_EDGE('',*,*,#2794,.T.);
#933=ORIENTED_EDGE('',*,*,#2795,.F.);
#934=ORIENTED_EDGE('',*,*,#2796,.T.);
#935=ORIENTED_EDGE('',*,*,#2797,.T.);
#936=ORIENTED_EDGE('',*,*,#2798,.T.);
#937=ORIENTED_EDGE('',*,*,#2799,.T.);
#938=ORIENTED_EDGE('',*,*,#2800,.F.);
#939=ORIENTED_EDGE('',*,*,#2801,.T.);
#940=ORIENTED_EDGE('',*,*,#2802,.T.);
#941=ORIENTED_EDGE('',*,*,#2803,.F.);
#942=ORIENTED_EDGE('',*,*,#2804,.F.);
#943=ORIENTED_EDGE('',*,*,#2805,.T.);
#944=ORIENTED_EDGE('',*,*,#2806,.F.);
#945=ORIENTED_EDGE('',*,*,#2807,.T.);
#946=ORIENTED_EDGE('',*,*,#2808,.F.);
#947=ORIENTED_EDGE('',*,*,#2809,.F.);
#948=ORIENTED_EDGE('',*,*,#2810,.F.);
#949=ORIENTED_EDGE('',*,*,#2811,.T.);
#950=ORIENTED_EDGE('',*,*,#2812,.F.);
#951=ORIENTED_EDGE('',*,*,#2813,.F.);
#952=ORIENTED_EDGE('',*,*,#2814,.F.);
#953=ORIENTED_EDGE('',*,*,#2815,.F.);
#954=ORIENTED_EDGE('',*,*,#2758,.T.);
#955=ORIENTED_EDGE('',*,*,#2816,.T.);
#956=ORIENTED_EDGE('',*,*,#2541,.T.);
#957=ORIENTED_EDGE('',*,*,#2817,.F.);
#958=ORIENTED_EDGE('',*,*,#2539,.F.);
#959=ORIENTED_EDGE('',*,*,#2818,.T.);
#960=ORIENTED_EDGE('',*,*,#2760,.F.);
#961=ORIENTED_EDGE('',*,*,#2819,.T.);
#962=ORIENTED_EDGE('',*,*,#2820,.F.);
#963=ORIENTED_EDGE('',*,*,#2821,.T.);
#964=ORIENTED_EDGE('',*,*,#2822,.T.);
#965=ORIENTED_EDGE('',*,*,#2823,.F.);
#966=ORIENTED_EDGE('',*,*,#2824,.T.);
#967=ORIENTED_EDGE('',*,*,#2825,.T.);
#968=ORIENTED_EDGE('',*,*,#2826,.F.);
#969=ORIENTED_EDGE('',*,*,#2827,.F.);
#970=ORIENTED_EDGE('',*,*,#2828,.F.);
#971=ORIENTED_EDGE('',*,*,#2829,.T.);
#972=ORIENTED_EDGE('',*,*,#2830,.T.);
#973=ORIENTED_EDGE('',*,*,#2831,.F.);
#974=ORIENTED_EDGE('',*,*,#2832,.F.);
#975=ORIENTED_EDGE('',*,*,#2833,.T.);
#976=ORIENTED_EDGE('',*,*,#2834,.T.);
#977=ORIENTED_EDGE('',*,*,#2835,.F.);
#978=ORIENTED_EDGE('',*,*,#2836,.T.);
#979=ORIENTED_EDGE('',*,*,#2837,.T.);
#980=ORIENTED_EDGE('',*,*,#2838,.T.);
#981=ORIENTED_EDGE('',*,*,#2803,.T.);
#982=ORIENTED_EDGE('',*,*,#2762,.F.);
#983=ORIENTED_EDGE('',*,*,#2839,.T.);
#984=ORIENTED_EDGE('',*,*,#2537,.T.);
#985=ORIENTED_EDGE('',*,*,#2840,.T.);
#986=ORIENTED_EDGE('',*,*,#2841,.F.);
#987=ORIENTED_EDGE('',*,*,#2827,.T.);
#988=ORIENTED_EDGE('',*,*,#2842,.T.);
#989=ORIENTED_EDGE('',*,*,#2745,.F.);
#990=ORIENTED_EDGE('',*,*,#2530,.T.);
#991=ORIENTED_EDGE('',*,*,#2843,.T.);
#992=ORIENTED_EDGE('',*,*,#2721,.F.);
#993=ORIENTED_EDGE('',*,*,#2844,.F.);
#994=ORIENTED_EDGE('',*,*,#2845,.F.);
#995=ORIENTED_EDGE('',*,*,#2846,.T.);
#996=ORIENTED_EDGE('',*,*,#2847,.F.);
#997=ORIENTED_EDGE('',*,*,#2801,.F.);
#998=ORIENTED_EDGE('',*,*,#2848,.T.);
#999=ORIENTED_EDGE('',*,*,#2849,.T.);
#1000=ORIENTED_EDGE('',*,*,#2850,.F.);
#1001=ORIENTED_EDGE('',*,*,#2832,.T.);
#1002=ORIENTED_EDGE('',*,*,#2851,.F.);
#1003=ORIENTED_EDGE('',*,*,#2852,.F.);
#1004=ORIENTED_EDGE('',*,*,#2853,.F.);
#1005=ORIENTED_EDGE('',*,*,#2854,.T.);
#1006=ORIENTED_EDGE('',*,*,#2795,.T.);
#1007=ORIENTED_EDGE('',*,*,#2855,.T.);
#1008=ORIENTED_EDGE('',*,*,#2856,.F.);
#1009=ORIENTED_EDGE('',*,*,#2638,.T.);
#1010=ORIENTED_EDGE('',*,*,#2857,.T.);
#1011=ORIENTED_EDGE('',*,*,#2858,.T.);
#1012=ORIENTED_EDGE('',*,*,#2859,.T.);
#1013=ORIENTED_EDGE('',*,*,#2860,.T.);
#1014=ORIENTED_EDGE('',*,*,#2861,.F.);
#1015=ORIENTED_EDGE('',*,*,#2862,.F.);
#1016=ORIENTED_EDGE('',*,*,#2863,.T.);
#1017=ORIENTED_EDGE('',*,*,#2864,.F.);
#1018=ORIENTED_EDGE('',*,*,#2865,.T.);
#1019=ORIENTED_EDGE('',*,*,#2866,.T.);
#1020=ORIENTED_EDGE('',*,*,#2867,.T.);
#1021=ORIENTED_EDGE('',*,*,#2868,.T.);
#1022=ORIENTED_EDGE('',*,*,#2595,.T.);
#1023=ORIENTED_EDGE('',*,*,#2869,.T.);
#1024=ORIENTED_EDGE('',*,*,#2870,.T.);
#1025=ORIENTED_EDGE('',*,*,#2871,.T.);
#1026=ORIENTED_EDGE('',*,*,#2872,.T.);
#1027=ORIENTED_EDGE('',*,*,#2873,.T.);
#1028=ORIENTED_EDGE('',*,*,#2874,.T.);
#1029=ORIENTED_EDGE('',*,*,#2875,.T.);
#1030=ORIENTED_EDGE('',*,*,#2876,.T.);
#1031=ORIENTED_EDGE('',*,*,#2591,.F.);
#1032=ORIENTED_EDGE('',*,*,#2877,.T.);
#1033=ORIENTED_EDGE('',*,*,#2878,.T.);
#1034=ORIENTED_EDGE('',*,*,#2879,.T.);
#1035=ORIENTED_EDGE('',*,*,#2880,.T.);
#1036=ORIENTED_EDGE('',*,*,#2881,.T.);
#1037=ORIENTED_EDGE('',*,*,#2882,.F.);
#1038=ORIENTED_EDGE('',*,*,#2636,.F.);
#1039=ORIENTED_EDGE('',*,*,#2883,.T.);
#1040=ORIENTED_EDGE('',*,*,#2884,.T.);
#1041=ORIENTED_EDGE('',*,*,#2885,.T.);
#1042=ORIENTED_EDGE('',*,*,#2886,.T.);
#1043=ORIENTED_EDGE('',*,*,#2887,.T.);
#1044=ORIENTED_EDGE('',*,*,#2888,.T.);
#1045=ORIENTED_EDGE('',*,*,#2889,.F.);
#1046=ORIENTED_EDGE('',*,*,#2890,.T.);
#1047=ORIENTED_EDGE('',*,*,#2891,.T.);
#1048=ORIENTED_EDGE('',*,*,#2892,.T.);
#1049=ORIENTED_EDGE('',*,*,#2893,.T.);
#1050=ORIENTED_EDGE('',*,*,#2894,.T.);
#1051=ORIENTED_EDGE('',*,*,#2895,.T.);
#1052=ORIENTED_EDGE('',*,*,#2896,.T.);
#1053=ORIENTED_EDGE('',*,*,#2861,.T.);
#1054=ORIENTED_EDGE('',*,*,#2897,.T.);
#1055=ORIENTED_EDGE('',*,*,#2898,.T.);
#1056=ORIENTED_EDGE('',*,*,#2899,.T.);
#1057=ORIENTED_EDGE('',*,*,#2589,.F.);
#1058=ORIENTED_EDGE('',*,*,#2526,.T.);
#1059=ORIENTED_EDGE('',*,*,#2900,.T.);
#1060=ORIENTED_EDGE('',*,*,#2725,.T.);
#1061=ORIENTED_EDGE('',*,*,#2901,.F.);
#1062=ORIENTED_EDGE('',*,*,#2723,.F.);
#1063=ORIENTED_EDGE('',*,*,#2902,.T.);
#1064=ORIENTED_EDGE('',*,*,#2528,.F.);
#1065=ORIENTED_EDGE('',*,*,#2903,.T.);
#1066=ORIENTED_EDGE('',*,*,#2903,.F.);
#1067=ORIENTED_EDGE('',*,*,#2527,.T.);
#1068=ORIENTED_EDGE('',*,*,#2901,.T.);
#1069=ORIENTED_EDGE('',*,*,#2724,.T.);
#1070=ORIENTED_EDGE('',*,*,#2847,.T.);
#1071=ORIENTED_EDGE('',*,*,#2904,.T.);
#1072=ORIENTED_EDGE('',*,*,#2836,.F.);
#1073=ORIENTED_EDGE('',*,*,#2802,.F.);
#1074=ORIENTED_EDGE('',*,*,#2597,.T.);
#1075=ORIENTED_EDGE('',*,*,#2512,.F.);
#1076=ORIENTED_EDGE('',*,*,#2598,.T.);
#1077=ORIENTED_EDGE('',*,*,#2511,.F.);
#1078=ORIENTED_EDGE('',*,*,#2599,.T.);
#1079=ORIENTED_EDGE('',*,*,#2510,.F.);
#1080=ORIENTED_EDGE('',*,*,#2600,.T.);
#1081=ORIENTED_EDGE('',*,*,#2509,.F.);
#1082=ORIENTED_EDGE('',*,*,#2905,.F.);
#1083=ORIENTED_EDGE('',*,*,#2606,.F.);
#1084=ORIENTED_EDGE('',*,*,#2906,.F.);
#1085=ORIENTED_EDGE('',*,*,#2504,.T.);
#1086=ORIENTED_EDGE('',*,*,#2608,.T.);
#1087=ORIENTED_EDGE('',*,*,#2907,.F.);
#1088=ORIENTED_EDGE('',*,*,#2502,.F.);
#1089=ORIENTED_EDGE('',*,*,#2908,.F.);
#1090=ORIENTED_EDGE('',*,*,#2604,.T.);
#1091=ORIENTED_EDGE('',*,*,#2909,.F.);
#1092=ORIENTED_EDGE('',*,*,#2506,.F.);
#1093=ORIENTED_EDGE('',*,*,#2910,.F.);
#1094=ORIENTED_EDGE('',*,*,#2911,.F.);
#1095=ORIENTED_EDGE('',*,*,#2610,.F.);
#1096=ORIENTED_EDGE('',*,*,#2912,.F.);
#1097=ORIENTED_EDGE('',*,*,#2500,.T.);
#1098=ORIENTED_EDGE('',*,*,#2913,.F.);
#1099=ORIENTED_EDGE('',*,*,#2602,.F.);
#1100=ORIENTED_EDGE('',*,*,#2914,.F.);
#1101=ORIENTED_EDGE('',*,*,#2508,.T.);
#1102=ORIENTED_EDGE('',*,*,#2915,.F.);
#1103=ORIENTED_EDGE('',*,*,#2612,.F.);
#1104=ORIENTED_EDGE('',*,*,#2916,.F.);
#1105=ORIENTED_EDGE('',*,*,#2498,.T.);
#1106=ORIENTED_EDGE('',*,*,#2614,.T.);
#1107=ORIENTED_EDGE('',*,*,#2917,.F.);
#1108=ORIENTED_EDGE('',*,*,#2496,.F.);
#1109=ORIENTED_EDGE('',*,*,#2918,.F.);
#1110=ORIENTED_EDGE('',*,*,#2916,.T.);
#1111=ORIENTED_EDGE('',*,*,#2611,.F.);
#1112=ORIENTED_EDGE('',*,*,#2911,.T.);
#1113=ORIENTED_EDGE('',*,*,#2499,.T.);
#1114=ORIENTED_EDGE('',*,*,#2917,.T.);
#1115=ORIENTED_EDGE('',*,*,#2613,.F.);
#1116=ORIENTED_EDGE('',*,*,#2915,.T.);
#1117=ORIENTED_EDGE('',*,*,#2497,.T.);
#1118=ORIENTED_EDGE('',*,*,#2914,.T.);
#1119=ORIENTED_EDGE('',*,*,#2601,.F.);
#1120=ORIENTED_EDGE('',*,*,#2918,.T.);
#1121=ORIENTED_EDGE('',*,*,#2495,.T.);
#1122=ORIENTED_EDGE('',*,*,#2909,.T.);
#1123=ORIENTED_EDGE('',*,*,#2603,.F.);
#1124=ORIENTED_EDGE('',*,*,#2913,.T.);
#1125=ORIENTED_EDGE('',*,*,#2507,.T.);
#1126=ORIENTED_EDGE('',*,*,#2906,.T.);
#1127=ORIENTED_EDGE('',*,*,#2605,.F.);
#1128=ORIENTED_EDGE('',*,*,#2910,.T.);
#1129=ORIENTED_EDGE('',*,*,#2505,.T.);
#1130=ORIENTED_EDGE('',*,*,#2907,.T.);
#1131=ORIENTED_EDGE('',*,*,#2607,.F.);
#1132=ORIENTED_EDGE('',*,*,#2905,.T.);
#1133=ORIENTED_EDGE('',*,*,#2503,.T.);
#1134=ORIENTED_EDGE('',*,*,#2912,.T.);
#1135=ORIENTED_EDGE('',*,*,#2609,.F.);
#1136=ORIENTED_EDGE('',*,*,#2908,.T.);
#1137=ORIENTED_EDGE('',*,*,#2501,.T.);
#1138=ORIENTED_EDGE('',*,*,#2919,.F.);
#1139=ORIENTED_EDGE('',*,*,#2622,.F.);
#1140=ORIENTED_EDGE('',*,*,#2920,.F.);
#1141=ORIENTED_EDGE('',*,*,#2488,.T.);
#1142=ORIENTED_EDGE('',*,*,#2620,.T.);
#1143=ORIENTED_EDGE('',*,*,#2921,.F.);
#1144=ORIENTED_EDGE('',*,*,#2490,.F.);
#1145=ORIENTED_EDGE('',*,*,#2922,.F.);
#1146=ORIENTED_EDGE('',*,*,#2923,.F.);
#1147=ORIENTED_EDGE('',*,*,#2618,.F.);
#1148=ORIENTED_EDGE('',*,*,#2924,.F.);
#1149=ORIENTED_EDGE('',*,*,#2492,.T.);
#1150=ORIENTED_EDGE('',*,*,#2624,.T.);
#1151=ORIENTED_EDGE('',*,*,#2925,.F.);
#1152=ORIENTED_EDGE('',*,*,#2486,.F.);
#1153=ORIENTED_EDGE('',*,*,#2926,.F.);
#1154=ORIENTED_EDGE('',*,*,#2927,.F.);
#1155=ORIENTED_EDGE('',*,*,#2626,.F.);
#1156=ORIENTED_EDGE('',*,*,#2928,.F.);
#1157=ORIENTED_EDGE('',*,*,#2484,.T.);
#1158=ORIENTED_EDGE('',*,*,#2929,.F.);
#1159=ORIENTED_EDGE('',*,*,#2616,.F.);
#1160=ORIENTED_EDGE('',*,*,#2930,.F.);
#1161=ORIENTED_EDGE('',*,*,#2494,.T.);
#1162=ORIENTED_EDGE('',*,*,#2931,.F.);
#1163=ORIENTED_EDGE('',*,*,#2628,.F.);
#1164=ORIENTED_EDGE('',*,*,#2932,.F.);
#1165=ORIENTED_EDGE('',*,*,#2482,.T.);
#1166=ORIENTED_EDGE('',*,*,#2928,.T.);
#1167=ORIENTED_EDGE('',*,*,#2625,.F.);
#1168=ORIENTED_EDGE('',*,*,#2926,.T.);
#1169=ORIENTED_EDGE('',*,*,#2485,.T.);
#1170=ORIENTED_EDGE('',*,*,#2932,.T.);
#1171=ORIENTED_EDGE('',*,*,#2627,.F.);
#1172=ORIENTED_EDGE('',*,*,#2927,.T.);
#1173=ORIENTED_EDGE('',*,*,#2483,.T.);
#1174=ORIENTED_EDGE('',*,*,#2930,.T.);
#1175=ORIENTED_EDGE('',*,*,#2615,.F.);
#1176=ORIENTED_EDGE('',*,*,#2931,.T.);
#1177=ORIENTED_EDGE('',*,*,#2481,.T.);
#1178=ORIENTED_EDGE('',*,*,#2924,.T.);
#1179=ORIENTED_EDGE('',*,*,#2617,.F.);
#1180=ORIENTED_EDGE('',*,*,#2929,.T.);
#1181=ORIENTED_EDGE('',*,*,#2493,.T.);
#1182=ORIENTED_EDGE('',*,*,#2921,.T.);
#1183=ORIENTED_EDGE('',*,*,#2619,.F.);
#1184=ORIENTED_EDGE('',*,*,#2923,.T.);
#1185=ORIENTED_EDGE('',*,*,#2491,.T.);
#1186=ORIENTED_EDGE('',*,*,#2920,.T.);
#1187=ORIENTED_EDGE('',*,*,#2621,.F.);
#1188=ORIENTED_EDGE('',*,*,#2922,.T.);
#1189=ORIENTED_EDGE('',*,*,#2489,.T.);
#1190=ORIENTED_EDGE('',*,*,#2925,.T.);
#1191=ORIENTED_EDGE('',*,*,#2623,.F.);
#1192=ORIENTED_EDGE('',*,*,#2919,.T.);
#1193=ORIENTED_EDGE('',*,*,#2487,.T.);
#1194=ORIENTED_EDGE('',*,*,#2631,.T.);
#1195=ORIENTED_EDGE('',*,*,#2933,.F.);
#1196=ORIENTED_EDGE('',*,*,#2479,.F.);
#1197=ORIENTED_EDGE('',*,*,#2934,.F.);
#1198=ORIENTED_EDGE('',*,*,#2633,.T.);
#1199=ORIENTED_EDGE('',*,*,#2935,.F.);
#1200=ORIENTED_EDGE('',*,*,#2477,.F.);
#1201=ORIENTED_EDGE('',*,*,#2936,.F.);
#1202=ORIENTED_EDGE('',*,*,#2629,.T.);
#1203=ORIENTED_EDGE('',*,*,#2937,.F.);
#1204=ORIENTED_EDGE('',*,*,#2475,.F.);
#1205=ORIENTED_EDGE('',*,*,#2938,.F.);
#1206=ORIENTED_EDGE('',*,*,#2937,.T.);
#1207=ORIENTED_EDGE('',*,*,#2634,.F.);
#1208=ORIENTED_EDGE('',*,*,#2936,.T.);
#1209=ORIENTED_EDGE('',*,*,#2476,.T.);
#1210=ORIENTED_EDGE('',*,*,#2933,.T.);
#1211=ORIENTED_EDGE('',*,*,#2630,.F.);
#1212=ORIENTED_EDGE('',*,*,#2938,.T.);
#1213=ORIENTED_EDGE('',*,*,#2480,.T.);
#1214=ORIENTED_EDGE('',*,*,#2935,.T.);
#1215=ORIENTED_EDGE('',*,*,#2632,.F.);
#1216=ORIENTED_EDGE('',*,*,#2934,.T.);
#1217=ORIENTED_EDGE('',*,*,#2478,.T.);
#1218=ORIENTED_EDGE('',*,*,#2939,.F.);
#1219=ORIENTED_EDGE('',*,*,#2588,.F.);
#1220=ORIENTED_EDGE('',*,*,#2940,.F.);
#1221=ORIENTED_EDGE('',*,*,#2514,.T.);
#1222=ORIENTED_EDGE('',*,*,#2941,.F.);
#1223=ORIENTED_EDGE('',*,*,#2584,.F.);
#1224=ORIENTED_EDGE('',*,*,#2942,.F.);
#1225=ORIENTED_EDGE('',*,*,#2518,.T.);
#1226=ORIENTED_EDGE('',*,*,#2943,.F.);
#1227=ORIENTED_EDGE('',*,*,#2586,.F.);
#1228=ORIENTED_EDGE('',*,*,#2944,.F.);
#1229=ORIENTED_EDGE('',*,*,#2516,.T.);
#1230=ORIENTED_EDGE('',*,*,#2944,.T.);
#1231=ORIENTED_EDGE('',*,*,#2585,.F.);
#1232=ORIENTED_EDGE('',*,*,#2941,.T.);
#1233=ORIENTED_EDGE('',*,*,#2517,.T.);
#1234=ORIENTED_EDGE('',*,*,#2942,.T.);
#1235=ORIENTED_EDGE('',*,*,#2583,.F.);
#1236=ORIENTED_EDGE('',*,*,#2939,.T.);
#1237=ORIENTED_EDGE('',*,*,#2513,.T.);
#1238=ORIENTED_EDGE('',*,*,#2940,.T.);
#1239=ORIENTED_EDGE('',*,*,#2587,.F.);
#1240=ORIENTED_EDGE('',*,*,#2943,.T.);
#1241=ORIENTED_EDGE('',*,*,#2515,.T.);
#1242=ORIENTED_EDGE('',*,*,#2789,.T.);
#1243=ORIENTED_EDGE('',*,*,#2945,.T.);
#1244=ORIENTED_EDGE('',*,*,#2946,.F.);
#1245=ORIENTED_EDGE('',*,*,#2580,.F.);
#1246=ORIENTED_EDGE('',*,*,#2947,.F.);
#1247=ORIENTED_EDGE('',*,*,#2948,.F.);
#1248=ORIENTED_EDGE('',*,*,#2949,.T.);
#1249=ORIENTED_EDGE('',*,*,#2950,.T.);
#1250=ORIENTED_EDGE('',*,*,#2951,.T.);
#1251=ORIENTED_EDGE('',*,*,#2952,.T.);
#1252=ORIENTED_EDGE('',*,*,#2889,.T.);
#1253=ORIENTED_EDGE('',*,*,#2953,.T.);
#1254=ORIENTED_EDGE('',*,*,#2954,.T.);
#1255=ORIENTED_EDGE('',*,*,#2955,.T.);
#1256=ORIENTED_EDGE('',*,*,#2956,.F.);
#1257=ORIENTED_EDGE('',*,*,#2581,.F.);
#1258=ORIENTED_EDGE('',*,*,#2946,.T.);
#1259=ORIENTED_EDGE('',*,*,#2957,.T.);
#1260=ORIENTED_EDGE('',*,*,#2735,.F.);
#1261=ORIENTED_EDGE('',*,*,#2958,.T.);
#1262=ORIENTED_EDGE('',*,*,#2959,.T.);
#1263=ORIENTED_EDGE('',*,*,#2960,.T.);
#1264=ORIENTED_EDGE('',*,*,#2961,.T.);
#1265=ORIENTED_EDGE('',*,*,#2962,.F.);
#1266=ORIENTED_EDGE('',*,*,#2963,.T.);
#1267=ORIENTED_EDGE('',*,*,#2964,.T.);
#1268=ORIENTED_EDGE('',*,*,#2790,.F.);
#1269=ORIENTED_EDGE('',*,*,#2582,.T.);
#1270=ORIENTED_EDGE('',*,*,#2956,.T.);
#1271=ORIENTED_EDGE('',*,*,#2856,.T.);
#1272=ORIENTED_EDGE('',*,*,#2965,.T.);
#1273=ORIENTED_EDGE('',*,*,#2883,.F.);
#1274=ORIENTED_EDGE('',*,*,#2635,.T.);
#1275=ORIENTED_EDGE('',*,*,#2966,.T.);
#1276=ORIENTED_EDGE('',*,*,#2967,.T.);
#1277=ORIENTED_EDGE('',*,*,#2857,.F.);
#1278=ORIENTED_EDGE('',*,*,#2637,.F.);
#1279=ORIENTED_EDGE('',*,*,#2882,.T.);
#1280=ORIENTED_EDGE('',*,*,#2826,.T.);
#1281=ORIENTED_EDGE('',*,*,#2968,.T.);
#1282=ORIENTED_EDGE('',*,*,#2828,.T.);
#1283=ORIENTED_EDGE('',*,*,#2969,.F.);
#1284=ORIENTED_EDGE('',*,*,#2970,.T.);
#1285=ORIENTED_EDGE('',*,*,#2742,.T.);
#1286=ORIENTED_EDGE('',*,*,#2842,.F.);
#1287=ORIENTED_EDGE('',*,*,#2971,.F.);
#1288=ORIENTED_EDGE('',*,*,#2824,.F.);
#1289=ORIENTED_EDGE('',*,*,#2841,.T.);
#1290=ORIENTED_EDGE('',*,*,#2744,.F.);
#1291=ORIENTED_EDGE('',*,*,#2972,.F.);
#1292=ORIENTED_EDGE('',*,*,#2973,.T.);
#1293=ORIENTED_EDGE('',*,*,#2834,.F.);
#1294=ORIENTED_EDGE('',*,*,#2974,.T.);
#1295=ORIENTED_EDGE('',*,*,#2975,.T.);
#1296=ORIENTED_EDGE('',*,*,#2531,.F.);
#1297=ORIENTED_EDGE('',*,*,#2844,.T.);
#1298=ORIENTED_EDGE('',*,*,#2734,.F.);
#1299=ORIENTED_EDGE('',*,*,#2751,.F.);
#1300=ORIENTED_EDGE('',*,*,#2976,.T.);
#1301=ORIENTED_EDGE('',*,*,#2830,.F.);
#1302=ORIENTED_EDGE('',*,*,#2977,.T.);
#1303=ORIENTED_EDGE('',*,*,#2978,.T.);
#1304=ORIENTED_EDGE('',*,*,#2979,.T.);
#1305=ORIENTED_EDGE('',*,*,#2764,.T.);
#1306=ORIENTED_EDGE('',*,*,#2980,.F.);
#1307=ORIENTED_EDGE('',*,*,#2535,.F.);
#1308=ORIENTED_EDGE('',*,*,#2981,.T.);
#1309=ORIENTED_EDGE('',*,*,#2840,.F.);
#1310=ORIENTED_EDGE('',*,*,#2536,.F.);
#1311=ORIENTED_EDGE('',*,*,#2980,.T.);
#1312=ORIENTED_EDGE('',*,*,#2763,.T.);
#1313=ORIENTED_EDGE('',*,*,#2543,.T.);
#1314=ORIENTED_EDGE('',*,*,#2982,.T.);
#1315=ORIENTED_EDGE('',*,*,#2756,.T.);
#1316=ORIENTED_EDGE('',*,*,#2983,.F.);
#1317=ORIENTED_EDGE('',*,*,#2727,.T.);
#1318=ORIENTED_EDGE('',*,*,#2984,.T.);
#1319=ORIENTED_EDGE('',*,*,#2524,.T.);
#1320=ORIENTED_EDGE('',*,*,#2985,.T.);
#1321=ORIENTED_EDGE('',*,*,#2523,.F.);
#1322=ORIENTED_EDGE('',*,*,#2986,.T.);
#1323=ORIENTED_EDGE('',*,*,#2987,.F.);
#1324=ORIENTED_EDGE('',*,*,#2988,.T.);
#1325=ORIENTED_EDGE('',*,*,#2989,.F.);
#1326=ORIENTED_EDGE('',*,*,#2748,.T.);
#1327=ORIENTED_EDGE('',*,*,#2728,.T.);
#1328=ORIENTED_EDGE('',*,*,#2985,.F.);
#1329=ORIENTED_EDGE('',*,*,#2988,.F.);
#1330=ORIENTED_EDGE('',*,*,#2990,.T.);
#1331=ORIENTED_EDGE('',*,*,#2991,.T.);
#1332=ORIENTED_EDGE('',*,*,#2992,.T.);
#1333=ORIENTED_EDGE('',*,*,#2820,.T.);
#1334=ORIENTED_EDGE('',*,*,#2993,.T.);
#1335=ORIENTED_EDGE('',*,*,#2719,.F.);
#1336=ORIENTED_EDGE('',*,*,#2994,.F.);
#1337=ORIENTED_EDGE('',*,*,#2995,.T.);
#1338=ORIENTED_EDGE('',*,*,#2991,.F.);
#1339=ORIENTED_EDGE('',*,*,#2996,.F.);
#1340=ORIENTED_EDGE('',*,*,#2823,.T.);
#1341=ORIENTED_EDGE('',*,*,#2997,.T.);
#1342=ORIENTED_EDGE('',*,*,#2720,.T.);
#1343=ORIENTED_EDGE('',*,*,#2993,.F.);
#1344=ORIENTED_EDGE('',*,*,#2998,.T.);
#1345=ORIENTED_EDGE('',*,*,#2999,.T.);
#1346=ORIENTED_EDGE('',*,*,#3000,.F.);
#1347=ORIENTED_EDGE('',*,*,#3001,.T.);
#1348=ORIENTED_EDGE('',*,*,#2717,.T.);
#1349=ORIENTED_EDGE('',*,*,#2997,.F.);
#1350=ORIENTED_EDGE('',*,*,#2822,.F.);
#1351=ORIENTED_EDGE('',*,*,#2999,.F.);
#1352=ORIENTED_EDGE('',*,*,#3002,.T.);
#1353=ORIENTED_EDGE('',*,*,#2962,.T.);
#1354=ORIENTED_EDGE('',*,*,#3003,.T.);
#1355=ORIENTED_EDGE('',*,*,#3004,.T.);
#1356=ORIENTED_EDGE('',*,*,#3005,.T.);
#1357=ORIENTED_EDGE('',*,*,#3006,.F.);
#1358=ORIENTED_EDGE('',*,*,#3007,.T.);
#1359=ORIENTED_EDGE('',*,*,#2519,.F.);
#1360=ORIENTED_EDGE('',*,*,#3008,.T.);
#1361=ORIENTED_EDGE('',*,*,#2770,.F.);
#1362=ORIENTED_EDGE('',*,*,#2983,.T.);
#1363=ORIENTED_EDGE('',*,*,#2771,.F.);
#1364=ORIENTED_EDGE('',*,*,#3008,.F.);
#1365=ORIENTED_EDGE('',*,*,#2544,.F.);
#1366=ORIENTED_EDGE('',*,*,#2998,.F.);
#1367=ORIENTED_EDGE('',*,*,#2821,.F.);
#1368=ORIENTED_EDGE('',*,*,#2996,.T.);
#1369=ORIENTED_EDGE('',*,*,#3009,.T.);
#1370=ORIENTED_EDGE('',*,*,#3010,.F.);
#1371=ORIENTED_EDGE('',*,*,#3011,.T.);
#1372=ORIENTED_EDGE('',*,*,#2521,.T.);
#1373=ORIENTED_EDGE('',*,*,#3012,.T.);
#1374=ORIENTED_EDGE('',*,*,#2987,.T.);
#1375=ORIENTED_EDGE('',*,*,#3013,.T.);
#1376=ORIENTED_EDGE('',*,*,#3010,.T.);
#1377=ORIENTED_EDGE('',*,*,#3014,.T.);
#1378=ORIENTED_EDGE('',*,*,#2948,.T.);
#1379=ORIENTED_EDGE('',*,*,#3002,.F.);
#1380=ORIENTED_EDGE('',*,*,#3009,.F.);
#1381=ORIENTED_EDGE('',*,*,#2990,.F.);
#1382=ORIENTED_EDGE('',*,*,#2968,.F.);
#1383=ORIENTED_EDGE('',*,*,#2825,.F.);
#1384=ORIENTED_EDGE('',*,*,#2971,.T.);
#1385=ORIENTED_EDGE('',*,*,#3015,.T.);
#1386=ORIENTED_EDGE('',*,*,#2533,.T.);
#1387=ORIENTED_EDGE('',*,*,#3016,.T.);
#1388=ORIENTED_EDGE('',*,*,#3017,.F.);
#1389=ORIENTED_EDGE('',*,*,#3018,.T.);
#1390=ORIENTED_EDGE('',*,*,#3017,.T.);
#1391=ORIENTED_EDGE('',*,*,#3019,.T.);
#1392=ORIENTED_EDGE('',*,*,#2974,.F.);
#1393=ORIENTED_EDGE('',*,*,#2829,.F.);
#1394=ORIENTED_EDGE('',*,*,#3015,.F.);
#1395=ORIENTED_EDGE('',*,*,#2833,.F.);
#1396=ORIENTED_EDGE('',*,*,#2850,.T.);
#1397=ORIENTED_EDGE('',*,*,#3020,.T.);
#1398=ORIENTED_EDGE('',*,*,#2578,.T.);
#1399=ORIENTED_EDGE('',*,*,#3021,.F.);
#1400=ORIENTED_EDGE('',*,*,#2577,.T.);
#1401=ORIENTED_EDGE('',*,*,#3022,.F.);
#1402=ORIENTED_EDGE('',*,*,#2576,.T.);
#1403=ORIENTED_EDGE('',*,*,#3023,.F.);
#1404=ORIENTED_EDGE('',*,*,#2575,.T.);
#1405=ORIENTED_EDGE('',*,*,#3024,.F.);
#1406=ORIENTED_EDGE('',*,*,#3024,.T.);
#1407=ORIENTED_EDGE('',*,*,#2973,.F.);
#1408=ORIENTED_EDGE('',*,*,#3025,.T.);
#1409=ORIENTED_EDGE('',*,*,#2851,.T.);
#1410=ORIENTED_EDGE('',*,*,#2835,.T.);
#1411=ORIENTED_EDGE('',*,*,#2995,.F.);
#1412=ORIENTED_EDGE('',*,*,#3026,.F.);
#1413=ORIENTED_EDGE('',*,*,#2746,.F.);
#1414=ORIENTED_EDGE('',*,*,#2989,.T.);
#1415=ORIENTED_EDGE('',*,*,#2992,.F.);
#1416=ORIENTED_EDGE('',*,*,#3023,.T.);
#1417=ORIENTED_EDGE('',*,*,#2961,.F.);
#1418=ORIENTED_EDGE('',*,*,#3027,.F.);
#1419=ORIENTED_EDGE('',*,*,#3000,.T.);
#1420=ORIENTED_EDGE('',*,*,#3003,.F.);
#1421=ORIENTED_EDGE('',*,*,#3022,.T.);
#1422=ORIENTED_EDGE('',*,*,#3021,.T.);
#1423=ORIENTED_EDGE('',*,*,#2976,.F.);
#1424=ORIENTED_EDGE('',*,*,#2750,.T.);
#1425=ORIENTED_EDGE('',*,*,#3028,.T.);
#1426=ORIENTED_EDGE('',*,*,#2969,.T.);
#1427=ORIENTED_EDGE('',*,*,#2831,.T.);
#1428=ORIENTED_EDGE('',*,*,#3029,.F.);
#1429=ORIENTED_EDGE('',*,*,#2947,.T.);
#1430=ORIENTED_EDGE('',*,*,#3030,.F.);
#1431=ORIENTED_EDGE('',*,*,#3029,.T.);
#1432=ORIENTED_EDGE('',*,*,#3031,.F.);
#1433=ORIENTED_EDGE('',*,*,#3030,.T.);
#1434=ORIENTED_EDGE('',*,*,#3032,.T.);
#1435=ORIENTED_EDGE('',*,*,#3031,.T.);
#1436=ORIENTED_EDGE('',*,*,#3033,.F.);
#1437=ORIENTED_EDGE('',*,*,#3033,.T.);
#1438=ORIENTED_EDGE('',*,*,#3032,.F.);
#1439=ORIENTED_EDGE('',*,*,#3034,.F.);
#1440=ORIENTED_EDGE('',*,*,#2864,.T.);
#1441=ORIENTED_EDGE('',*,*,#3035,.F.);
#1442=ORIENTED_EDGE('',*,*,#3034,.T.);
#1443=ORIENTED_EDGE('',*,*,#3036,.F.);
#1444=ORIENTED_EDGE('',*,*,#3035,.T.);
#1445=ORIENTED_EDGE('',*,*,#3037,.T.);
#1446=ORIENTED_EDGE('',*,*,#3036,.T.);
#1447=ORIENTED_EDGE('',*,*,#3038,.F.);
#1448=ORIENTED_EDGE('',*,*,#3038,.T.);
#1449=ORIENTED_EDGE('',*,*,#3037,.F.);
#1450=ORIENTED_EDGE('',*,*,#2838,.F.);
#1451=ORIENTED_EDGE('',*,*,#3039,.T.);
#1452=ORIENTED_EDGE('',*,*,#2845,.T.);
#1453=ORIENTED_EDGE('',*,*,#2800,.T.);
#1454=ORIENTED_EDGE('',*,*,#2819,.F.);
#1455=ORIENTED_EDGE('',*,*,#2759,.T.);
#1456=ORIENTED_EDGE('',*,*,#2817,.T.);
#1457=ORIENTED_EDGE('',*,*,#2540,.F.);
#1458=ORIENTED_EDGE('',*,*,#3040,.F.);
#1459=ORIENTED_EDGE('',*,*,#2570,.F.);
#1460=ORIENTED_EDGE('',*,*,#3041,.F.);
#1461=ORIENTED_EDGE('',*,*,#2809,.T.);
#1462=ORIENTED_EDGE('',*,*,#2572,.T.);
#1463=ORIENTED_EDGE('',*,*,#3042,.F.);
#1464=ORIENTED_EDGE('',*,*,#2807,.F.);
#1465=ORIENTED_EDGE('',*,*,#3043,.F.);
#1466=ORIENTED_EDGE('',*,*,#2574,.T.);
#1467=ORIENTED_EDGE('',*,*,#3044,.F.);
#1468=ORIENTED_EDGE('',*,*,#2805,.F.);
#1469=ORIENTED_EDGE('',*,*,#3045,.F.);
#1470=ORIENTED_EDGE('',*,*,#3041,.T.);
#1471=ORIENTED_EDGE('',*,*,#2569,.F.);
#1472=ORIENTED_EDGE('',*,*,#3045,.T.);
#1473=ORIENTED_EDGE('',*,*,#2804,.T.);
#1474=ORIENTED_EDGE('',*,*,#3042,.T.);
#1475=ORIENTED_EDGE('',*,*,#2571,.F.);
#1476=ORIENTED_EDGE('',*,*,#3040,.T.);
#1477=ORIENTED_EDGE('',*,*,#2808,.T.);
#1478=ORIENTED_EDGE('',*,*,#3044,.T.);
#1479=ORIENTED_EDGE('',*,*,#2573,.F.);
#1480=ORIENTED_EDGE('',*,*,#3043,.T.);
#1481=ORIENTED_EDGE('',*,*,#2806,.T.);
#1482=ORIENTED_EDGE('',*,*,#3046,.F.);
#1483=ORIENTED_EDGE('',*,*,#2565,.F.);
#1484=ORIENTED_EDGE('',*,*,#3047,.F.);
#1485=ORIENTED_EDGE('',*,*,#2815,.T.);
#1486=ORIENTED_EDGE('',*,*,#3048,.F.);
#1487=ORIENTED_EDGE('',*,*,#2567,.F.);
#1488=ORIENTED_EDGE('',*,*,#3049,.F.);
#1489=ORIENTED_EDGE('',*,*,#2813,.T.);
#1490=ORIENTED_EDGE('',*,*,#2563,.T.);
#1491=ORIENTED_EDGE('',*,*,#3050,.F.);
#1492=ORIENTED_EDGE('',*,*,#2811,.F.);
#1493=ORIENTED_EDGE('',*,*,#3051,.F.);
#1494=ORIENTED_EDGE('',*,*,#3047,.T.);
#1495=ORIENTED_EDGE('',*,*,#2564,.F.);
#1496=ORIENTED_EDGE('',*,*,#3051,.T.);
#1497=ORIENTED_EDGE('',*,*,#2810,.T.);
#1498=ORIENTED_EDGE('',*,*,#3050,.T.);
#1499=ORIENTED_EDGE('',*,*,#2568,.F.);
#1500=ORIENTED_EDGE('',*,*,#3048,.T.);
#1501=ORIENTED_EDGE('',*,*,#2812,.T.);
#1502=ORIENTED_EDGE('',*,*,#3049,.T.);
#1503=ORIENTED_EDGE('',*,*,#2566,.F.);
#1504=ORIENTED_EDGE('',*,*,#3046,.T.);
#1505=ORIENTED_EDGE('',*,*,#2814,.T.);
#1506=ORIENTED_EDGE('',*,*,#3052,.T.);
#1507=ORIENTED_EDGE('',*,*,#3053,.T.);
#1508=ORIENTED_EDGE('',*,*,#3054,.F.);
#1509=ORIENTED_EDGE('',*,*,#3055,.T.);
#1510=ORIENTED_EDGE('',*,*,#3056,.F.);
#1511=ORIENTED_EDGE('',*,*,#3057,.T.);
#1512=ORIENTED_EDGE('',*,*,#3054,.T.);
#1513=ORIENTED_EDGE('',*,*,#3058,.T.);
#1514=ORIENTED_EDGE('',*,*,#3056,.T.);
#1515=ORIENTED_EDGE('',*,*,#3059,.T.);
#1516=ORIENTED_EDGE('',*,*,#3060,.T.);
#1517=ORIENTED_EDGE('',*,*,#3061,.T.);
#1518=ORIENTED_EDGE('',*,*,#3062,.T.);
#1519=ORIENTED_EDGE('',*,*,#3063,.T.);
#1520=ORIENTED_EDGE('',*,*,#3064,.F.);
#1521=ORIENTED_EDGE('',*,*,#3065,.T.);
#1522=ORIENTED_EDGE('',*,*,#3066,.T.);
#1523=ORIENTED_EDGE('',*,*,#3067,.T.);
#1524=ORIENTED_EDGE('',*,*,#3068,.T.);
#1525=ORIENTED_EDGE('',*,*,#3069,.T.);
#1526=ORIENTED_EDGE('',*,*,#3064,.T.);
#1527=ORIENTED_EDGE('',*,*,#3070,.T.);
#1528=ORIENTED_EDGE('',*,*,#3068,.F.);
#1529=ORIENTED_EDGE('',*,*,#3071,.T.);
#1530=ORIENTED_EDGE('',*,*,#3072,.F.);
#1531=ORIENTED_EDGE('',*,*,#3073,.T.);
#1532=ORIENTED_EDGE('',*,*,#3074,.T.);
#1533=ORIENTED_EDGE('',*,*,#3075,.T.);
#1534=ORIENTED_EDGE('',*,*,#3076,.T.);
#1535=ORIENTED_EDGE('',*,*,#3006,.T.);
#1536=ORIENTED_EDGE('',*,*,#3077,.T.);
#1537=ORIENTED_EDGE('',*,*,#3072,.T.);
#1538=ORIENTED_EDGE('',*,*,#3078,.T.);
#1539=ORIENTED_EDGE('',*,*,#2890,.F.);
#1540=ORIENTED_EDGE('',*,*,#2952,.F.);
#1541=ORIENTED_EDGE('',*,*,#3079,.T.);
#1542=ORIENTED_EDGE('',*,*,#3080,.T.);
#1543=ORIENTED_EDGE('',*,*,#3081,.T.);
#1544=ORIENTED_EDGE('',*,*,#3082,.T.);
#1545=ORIENTED_EDGE('',*,*,#3083,.T.);
#1546=ORIENTED_EDGE('',*,*,#3084,.T.);
#1547=ORIENTED_EDGE('',*,*,#3082,.F.);
#1548=ORIENTED_EDGE('',*,*,#3085,.T.);
#1549=ORIENTED_EDGE('',*,*,#2977,.F.);
#1550=ORIENTED_EDGE('',*,*,#3086,.T.);
#1551=ORIENTED_EDGE('',*,*,#2862,.T.);
#1552=ORIENTED_EDGE('',*,*,#2896,.F.);
#1553=ORIENTED_EDGE('',*,*,#3087,.T.);
#1554=ORIENTED_EDGE('',*,*,#3074,.F.);
#1555=ORIENTED_EDGE('',*,*,#3088,.T.);
#1556=ORIENTED_EDGE('',*,*,#2768,.F.);
#1557=ORIENTED_EDGE('',*,*,#3089,.T.);
#1558=ORIENTED_EDGE('',*,*,#2766,.F.);
#1559=ORIENTED_EDGE('',*,*,#3090,.T.);
#1560=ORIENTED_EDGE('',*,*,#3080,.F.);
#1561=ORIENTED_EDGE('',*,*,#3091,.T.);
#1562=ORIENTED_EDGE('',*,*,#2781,.F.);
#1563=ORIENTED_EDGE('',*,*,#3092,.T.);
#1564=ORIENTED_EDGE('',*,*,#2859,.F.);
#1565=ORIENTED_EDGE('',*,*,#3093,.T.);
#1566=ORIENTED_EDGE('',*,*,#2772,.F.);
#1567=ORIENTED_EDGE('',*,*,#3094,.T.);
#1568=ORIENTED_EDGE('',*,*,#2954,.F.);
#1569=ORIENTED_EDGE('',*,*,#3095,.T.);
#1570=ORIENTED_EDGE('',*,*,#2970,.F.);
#1571=ORIENTED_EDGE('',*,*,#3028,.F.);
#1572=ORIENTED_EDGE('',*,*,#3096,.F.);
#1573=ORIENTED_EDGE('',*,*,#3097,.T.);
#1574=ORIENTED_EDGE('',*,*,#2852,.T.);
#1575=ORIENTED_EDGE('',*,*,#3025,.F.);
#1576=ORIENTED_EDGE('',*,*,#2972,.T.);
#1577=ORIENTED_EDGE('',*,*,#2743,.F.);
#1578=ORIENTED_EDGE('',*,*,#2732,.F.);
#1579=ORIENTED_EDGE('',*,*,#3098,.T.);
#1580=ORIENTED_EDGE('',*,*,#3099,.T.);
#1581=ORIENTED_EDGE('',*,*,#3096,.T.);
#1582=ORIENTED_EDGE('',*,*,#2749,.T.);
#1583=ORIENTED_EDGE('',*,*,#3100,.T.);
#1584=ORIENTED_EDGE('',*,*,#2704,.T.);
#1585=ORIENTED_EDGE('',*,*,#3101,.T.);
#1586=ORIENTED_EDGE('',*,*,#2853,.T.);
#1587=ORIENTED_EDGE('',*,*,#3097,.F.);
#1588=ORIENTED_EDGE('',*,*,#3099,.F.);
#1589=ORIENTED_EDGE('',*,*,#3102,.T.);
#1590=ORIENTED_EDGE('',*,*,#3103,.T.);
#1591=ORIENTED_EDGE('',*,*,#3026,.T.);
#1592=ORIENTED_EDGE('',*,*,#2994,.T.);
#1593=ORIENTED_EDGE('',*,*,#2718,.F.);
#1594=ORIENTED_EDGE('',*,*,#3001,.F.);
#1595=ORIENTED_EDGE('',*,*,#3027,.T.);
#1596=ORIENTED_EDGE('',*,*,#2960,.F.);
#1597=ORIENTED_EDGE('',*,*,#3104,.T.);
#1598=ORIENTED_EDGE('',*,*,#3105,.T.);
#1599=ORIENTED_EDGE('',*,*,#3106,.T.);
#1600=ORIENTED_EDGE('',*,*,#2730,.F.);
#1601=ORIENTED_EDGE('',*,*,#2747,.F.);
#1602=ORIENTED_EDGE('',*,*,#3103,.F.);
#1603=ORIENTED_EDGE('',*,*,#3107,.T.);
#1604=ORIENTED_EDGE('',*,*,#2959,.F.);
#1605=ORIENTED_EDGE('',*,*,#3108,.T.);
#1606=ORIENTED_EDGE('',*,*,#2697,.T.);
#1607=ORIENTED_EDGE('',*,*,#3109,.T.);
#1608=ORIENTED_EDGE('',*,*,#3105,.F.);
#1609=ORIENTED_EDGE('',*,*,#3104,.F.);
#1610=ORIENTED_EDGE('',*,*,#3110,.F.);
#1611=ORIENTED_EDGE('',*,*,#3107,.F.);
#1612=ORIENTED_EDGE('',*,*,#3110,.T.);
#1613=ORIENTED_EDGE('',*,*,#3111,.F.);
#1614=ORIENTED_EDGE('',*,*,#3100,.F.);
#1615=ORIENTED_EDGE('',*,*,#3111,.T.);
#1616=ORIENTED_EDGE('',*,*,#3112,.F.);
#1617=ORIENTED_EDGE('',*,*,#3084,.F.);
#1618=ORIENTED_EDGE('',*,*,#3112,.T.);
#1619=ORIENTED_EDGE('',*,*,#3113,.F.);
#1620=ORIENTED_EDGE('',*,*,#3076,.F.);
#1621=ORIENTED_EDGE('',*,*,#3113,.T.);
#1622=ORIENTED_EDGE('',*,*,#2681,.T.);
#1623=ORIENTED_EDGE('',*,*,#3114,.F.);
#1624=ORIENTED_EDGE('',*,*,#3115,.T.);
#1625=ORIENTED_EDGE('',*,*,#3116,.T.);
#1626=ORIENTED_EDGE('',*,*,#2696,.T.);
#1627=ORIENTED_EDGE('',*,*,#3117,.F.);
#1628=ORIENTED_EDGE('',*,*,#3118,.T.);
#1629=ORIENTED_EDGE('',*,*,#3114,.T.);
#1630=ORIENTED_EDGE('',*,*,#2695,.T.);
#1631=ORIENTED_EDGE('',*,*,#3119,.F.);
#1632=ORIENTED_EDGE('',*,*,#3120,.T.);
#1633=ORIENTED_EDGE('',*,*,#3117,.T.);
#1634=ORIENTED_EDGE('',*,*,#2694,.T.);
#1635=ORIENTED_EDGE('',*,*,#3121,.F.);
#1636=ORIENTED_EDGE('',*,*,#3122,.T.);
#1637=ORIENTED_EDGE('',*,*,#3119,.T.);
#1638=ORIENTED_EDGE('',*,*,#2693,.T.);
#1639=ORIENTED_EDGE('',*,*,#3123,.F.);
#1640=ORIENTED_EDGE('',*,*,#3124,.T.);
#1641=ORIENTED_EDGE('',*,*,#3121,.T.);
#1642=ORIENTED_EDGE('',*,*,#2692,.T.);
#1643=ORIENTED_EDGE('',*,*,#3125,.F.);
#1644=ORIENTED_EDGE('',*,*,#3126,.T.);
#1645=ORIENTED_EDGE('',*,*,#3123,.T.);
#1646=ORIENTED_EDGE('',*,*,#2691,.T.);
#1647=ORIENTED_EDGE('',*,*,#3127,.F.);
#1648=ORIENTED_EDGE('',*,*,#3128,.T.);
#1649=ORIENTED_EDGE('',*,*,#3125,.T.);
#1650=ORIENTED_EDGE('',*,*,#2690,.T.);
#1651=ORIENTED_EDGE('',*,*,#3129,.F.);
#1652=ORIENTED_EDGE('',*,*,#3130,.T.);
#1653=ORIENTED_EDGE('',*,*,#3127,.T.);
#1654=ORIENTED_EDGE('',*,*,#2689,.T.);
#1655=ORIENTED_EDGE('',*,*,#3131,.F.);
#1656=ORIENTED_EDGE('',*,*,#3132,.T.);
#1657=ORIENTED_EDGE('',*,*,#3129,.T.);
#1658=ORIENTED_EDGE('',*,*,#2688,.T.);
#1659=ORIENTED_EDGE('',*,*,#3133,.F.);
#1660=ORIENTED_EDGE('',*,*,#3134,.T.);
#1661=ORIENTED_EDGE('',*,*,#3131,.T.);
#1662=ORIENTED_EDGE('',*,*,#2687,.T.);
#1663=ORIENTED_EDGE('',*,*,#3135,.F.);
#1664=ORIENTED_EDGE('',*,*,#3136,.T.);
#1665=ORIENTED_EDGE('',*,*,#3133,.T.);
#1666=ORIENTED_EDGE('',*,*,#2686,.T.);
#1667=ORIENTED_EDGE('',*,*,#3137,.F.);
#1668=ORIENTED_EDGE('',*,*,#3138,.T.);
#1669=ORIENTED_EDGE('',*,*,#3135,.T.);
#1670=ORIENTED_EDGE('',*,*,#2685,.T.);
#1671=ORIENTED_EDGE('',*,*,#3139,.F.);
#1672=ORIENTED_EDGE('',*,*,#3140,.T.);
#1673=ORIENTED_EDGE('',*,*,#3137,.T.);
#1674=ORIENTED_EDGE('',*,*,#2684,.T.);
#1675=ORIENTED_EDGE('',*,*,#3141,.F.);
#1676=ORIENTED_EDGE('',*,*,#3142,.T.);
#1677=ORIENTED_EDGE('',*,*,#3139,.T.);
#1678=ORIENTED_EDGE('',*,*,#2683,.T.);
#1679=ORIENTED_EDGE('',*,*,#3143,.F.);
#1680=ORIENTED_EDGE('',*,*,#3144,.T.);
#1681=ORIENTED_EDGE('',*,*,#3141,.T.);
#1682=ORIENTED_EDGE('',*,*,#3145,.T.);
#1683=ORIENTED_EDGE('',*,*,#3146,.F.);
#1684=ORIENTED_EDGE('',*,*,#3147,.T.);
#1685=ORIENTED_EDGE('',*,*,#3148,.T.);
#1686=ORIENTED_EDGE('',*,*,#3149,.T.);
#1687=ORIENTED_EDGE('',*,*,#3150,.F.);
#1688=ORIENTED_EDGE('',*,*,#3151,.T.);
#1689=ORIENTED_EDGE('',*,*,#3146,.T.);
#1690=ORIENTED_EDGE('',*,*,#3152,.T.);
#1691=ORIENTED_EDGE('',*,*,#3153,.F.);
#1692=ORIENTED_EDGE('',*,*,#3154,.T.);
#1693=ORIENTED_EDGE('',*,*,#3150,.T.);
#1694=ORIENTED_EDGE('',*,*,#3155,.T.);
#1695=ORIENTED_EDGE('',*,*,#3156,.F.);
#1696=ORIENTED_EDGE('',*,*,#3157,.T.);
#1697=ORIENTED_EDGE('',*,*,#3153,.T.);
#1698=ORIENTED_EDGE('',*,*,#3158,.T.);
#1699=ORIENTED_EDGE('',*,*,#3159,.F.);
#1700=ORIENTED_EDGE('',*,*,#3160,.T.);
#1701=ORIENTED_EDGE('',*,*,#3156,.T.);
#1702=ORIENTED_EDGE('',*,*,#3161,.T.);
#1703=ORIENTED_EDGE('',*,*,#3162,.F.);
#1704=ORIENTED_EDGE('',*,*,#3163,.T.);
#1705=ORIENTED_EDGE('',*,*,#3159,.T.);
#1706=ORIENTED_EDGE('',*,*,#3164,.T.);
#1707=ORIENTED_EDGE('',*,*,#3165,.F.);
#1708=ORIENTED_EDGE('',*,*,#3166,.T.);
#1709=ORIENTED_EDGE('',*,*,#3162,.T.);
#1710=ORIENTED_EDGE('',*,*,#3167,.T.);
#1711=ORIENTED_EDGE('',*,*,#3168,.F.);
#1712=ORIENTED_EDGE('',*,*,#3169,.T.);
#1713=ORIENTED_EDGE('',*,*,#3170,.T.);
#1714=ORIENTED_EDGE('',*,*,#3171,.T.);
#1715=ORIENTED_EDGE('',*,*,#3172,.F.);
#1716=ORIENTED_EDGE('',*,*,#3173,.T.);
#1717=ORIENTED_EDGE('',*,*,#3168,.T.);
#1718=ORIENTED_EDGE('',*,*,#3174,.T.);
#1719=ORIENTED_EDGE('',*,*,#3175,.F.);
#1720=ORIENTED_EDGE('',*,*,#3176,.T.);
#1721=ORIENTED_EDGE('',*,*,#3172,.T.);
#1722=ORIENTED_EDGE('',*,*,#3177,.T.);
#1723=ORIENTED_EDGE('',*,*,#3178,.F.);
#1724=ORIENTED_EDGE('',*,*,#3179,.T.);
#1725=ORIENTED_EDGE('',*,*,#3175,.T.);
#1726=ORIENTED_EDGE('',*,*,#3180,.T.);
#1727=ORIENTED_EDGE('',*,*,#3181,.F.);
#1728=ORIENTED_EDGE('',*,*,#3182,.T.);
#1729=ORIENTED_EDGE('',*,*,#3178,.T.);
#1730=ORIENTED_EDGE('',*,*,#3183,.T.);
#1731=ORIENTED_EDGE('',*,*,#3170,.F.);
#1732=ORIENTED_EDGE('',*,*,#3184,.T.);
#1733=ORIENTED_EDGE('',*,*,#3181,.T.);
#1734=ORIENTED_EDGE('',*,*,#3185,.T.);
#1735=ORIENTED_EDGE('',*,*,#3148,.F.);
#1736=ORIENTED_EDGE('',*,*,#3186,.T.);
#1737=ORIENTED_EDGE('',*,*,#3165,.T.);
#1738=ORIENTED_EDGE('',*,*,#2682,.T.);
#1739=ORIENTED_EDGE('',*,*,#3116,.F.);
#1740=ORIENTED_EDGE('',*,*,#3187,.T.);
#1741=ORIENTED_EDGE('',*,*,#3143,.T.);
#1742=ORIENTED_EDGE('',*,*,#3182,.F.);
#1743=ORIENTED_EDGE('',*,*,#3184,.F.);
#1744=ORIENTED_EDGE('',*,*,#3169,.F.);
#1745=ORIENTED_EDGE('',*,*,#3173,.F.);
#1746=ORIENTED_EDGE('',*,*,#3176,.F.);
#1747=ORIENTED_EDGE('',*,*,#3179,.F.);
#1748=ORIENTED_EDGE('',*,*,#3166,.F.);
#1749=ORIENTED_EDGE('',*,*,#3186,.F.);
#1750=ORIENTED_EDGE('',*,*,#3147,.F.);
#1751=ORIENTED_EDGE('',*,*,#3151,.F.);
#1752=ORIENTED_EDGE('',*,*,#3154,.F.);
#1753=ORIENTED_EDGE('',*,*,#3157,.F.);
#1754=ORIENTED_EDGE('',*,*,#3160,.F.);
#1755=ORIENTED_EDGE('',*,*,#3163,.F.);
#1756=ORIENTED_EDGE('',*,*,#3144,.F.);
#1757=ORIENTED_EDGE('',*,*,#3187,.F.);
#1758=ORIENTED_EDGE('',*,*,#3115,.F.);
#1759=ORIENTED_EDGE('',*,*,#3118,.F.);
#1760=ORIENTED_EDGE('',*,*,#3120,.F.);
#1761=ORIENTED_EDGE('',*,*,#3122,.F.);
#1762=ORIENTED_EDGE('',*,*,#3124,.F.);
#1763=ORIENTED_EDGE('',*,*,#3126,.F.);
#1764=ORIENTED_EDGE('',*,*,#3128,.F.);
#1765=ORIENTED_EDGE('',*,*,#3130,.F.);
#1766=ORIENTED_EDGE('',*,*,#3132,.F.);
#1767=ORIENTED_EDGE('',*,*,#3134,.F.);
#1768=ORIENTED_EDGE('',*,*,#3136,.F.);
#1769=ORIENTED_EDGE('',*,*,#3138,.F.);
#1770=ORIENTED_EDGE('',*,*,#3140,.F.);
#1771=ORIENTED_EDGE('',*,*,#3142,.F.);
#1772=ORIENTED_EDGE('',*,*,#3145,.F.);
#1773=ORIENTED_EDGE('',*,*,#3185,.F.);
#1774=ORIENTED_EDGE('',*,*,#3164,.F.);
#1775=ORIENTED_EDGE('',*,*,#3161,.F.);
#1776=ORIENTED_EDGE('',*,*,#3158,.F.);
#1777=ORIENTED_EDGE('',*,*,#3155,.F.);
#1778=ORIENTED_EDGE('',*,*,#3152,.F.);
#1779=ORIENTED_EDGE('',*,*,#3149,.F.);
#1780=ORIENTED_EDGE('',*,*,#3167,.F.);
#1781=ORIENTED_EDGE('',*,*,#3183,.F.);
#1782=ORIENTED_EDGE('',*,*,#3180,.F.);
#1783=ORIENTED_EDGE('',*,*,#3177,.F.);
#1784=ORIENTED_EDGE('',*,*,#3174,.F.);
#1785=ORIENTED_EDGE('',*,*,#3171,.F.);
#1786=ORIENTED_EDGE('',*,*,#2708,.T.);
#1787=ORIENTED_EDGE('',*,*,#3188,.F.);
#1788=ORIENTED_EDGE('',*,*,#3189,.T.);
#1789=ORIENTED_EDGE('',*,*,#3190,.T.);
#1790=ORIENTED_EDGE('',*,*,#2716,.T.);
#1791=ORIENTED_EDGE('',*,*,#3191,.F.);
#1792=ORIENTED_EDGE('',*,*,#3192,.T.);
#1793=ORIENTED_EDGE('',*,*,#3188,.T.);
#1794=ORIENTED_EDGE('',*,*,#2715,.T.);
#1795=ORIENTED_EDGE('',*,*,#3193,.F.);
#1796=ORIENTED_EDGE('',*,*,#3194,.T.);
#1797=ORIENTED_EDGE('',*,*,#3191,.T.);
#1798=ORIENTED_EDGE('',*,*,#2714,.T.);
#1799=ORIENTED_EDGE('',*,*,#3195,.F.);
#1800=ORIENTED_EDGE('',*,*,#3196,.T.);
#1801=ORIENTED_EDGE('',*,*,#3193,.T.);
#1802=ORIENTED_EDGE('',*,*,#2713,.T.);
#1803=ORIENTED_EDGE('',*,*,#3197,.F.);
#1804=ORIENTED_EDGE('',*,*,#3198,.T.);
#1805=ORIENTED_EDGE('',*,*,#3195,.T.);
#1806=ORIENTED_EDGE('',*,*,#2712,.T.);
#1807=ORIENTED_EDGE('',*,*,#3199,.F.);
#1808=ORIENTED_EDGE('',*,*,#3200,.T.);
#1809=ORIENTED_EDGE('',*,*,#3197,.T.);
#1810=ORIENTED_EDGE('',*,*,#2711,.T.);
#1811=ORIENTED_EDGE('',*,*,#3201,.F.);
#1812=ORIENTED_EDGE('',*,*,#3202,.T.);
#1813=ORIENTED_EDGE('',*,*,#3199,.T.);
#1814=ORIENTED_EDGE('',*,*,#2710,.T.);
#1815=ORIENTED_EDGE('',*,*,#3203,.F.);
#1816=ORIENTED_EDGE('',*,*,#3204,.T.);
#1817=ORIENTED_EDGE('',*,*,#3201,.T.);
#1818=ORIENTED_EDGE('',*,*,#3205,.T.);
#1819=ORIENTED_EDGE('',*,*,#3206,.F.);
#1820=ORIENTED_EDGE('',*,*,#3207,.T.);
#1821=ORIENTED_EDGE('',*,*,#3208,.T.);
#1822=ORIENTED_EDGE('',*,*,#3209,.T.);
#1823=ORIENTED_EDGE('',*,*,#3210,.F.);
#1824=ORIENTED_EDGE('',*,*,#3211,.T.);
#1825=ORIENTED_EDGE('',*,*,#3206,.T.);
#1826=ORIENTED_EDGE('',*,*,#3212,.T.);
#1827=ORIENTED_EDGE('',*,*,#3213,.F.);
#1828=ORIENTED_EDGE('',*,*,#3214,.T.);
#1829=ORIENTED_EDGE('',*,*,#3210,.T.);
#1830=ORIENTED_EDGE('',*,*,#3215,.T.);
#1831=ORIENTED_EDGE('',*,*,#3216,.F.);
#1832=ORIENTED_EDGE('',*,*,#3217,.T.);
#1833=ORIENTED_EDGE('',*,*,#3213,.T.);
#1834=ORIENTED_EDGE('',*,*,#3218,.T.);
#1835=ORIENTED_EDGE('',*,*,#3219,.F.);
#1836=ORIENTED_EDGE('',*,*,#3220,.T.);
#1837=ORIENTED_EDGE('',*,*,#3216,.T.);
#1838=ORIENTED_EDGE('',*,*,#3221,.T.);
#1839=ORIENTED_EDGE('',*,*,#3222,.F.);
#1840=ORIENTED_EDGE('',*,*,#3223,.T.);
#1841=ORIENTED_EDGE('',*,*,#3219,.T.);
#1842=ORIENTED_EDGE('',*,*,#3224,.T.);
#1843=ORIENTED_EDGE('',*,*,#3225,.F.);
#1844=ORIENTED_EDGE('',*,*,#3226,.T.);
#1845=ORIENTED_EDGE('',*,*,#3222,.T.);
#1846=ORIENTED_EDGE('',*,*,#3227,.T.);
#1847=ORIENTED_EDGE('',*,*,#3228,.F.);
#1848=ORIENTED_EDGE('',*,*,#3229,.T.);
#1849=ORIENTED_EDGE('',*,*,#3225,.T.);
#1850=ORIENTED_EDGE('',*,*,#3230,.T.);
#1851=ORIENTED_EDGE('',*,*,#3231,.F.);
#1852=ORIENTED_EDGE('',*,*,#3232,.T.);
#1853=ORIENTED_EDGE('',*,*,#3228,.T.);
#1854=ORIENTED_EDGE('',*,*,#3233,.T.);
#1855=ORIENTED_EDGE('',*,*,#3208,.F.);
#1856=ORIENTED_EDGE('',*,*,#3234,.T.);
#1857=ORIENTED_EDGE('',*,*,#3231,.T.);
#1858=ORIENTED_EDGE('',*,*,#2709,.T.);
#1859=ORIENTED_EDGE('',*,*,#3190,.F.);
#1860=ORIENTED_EDGE('',*,*,#3235,.T.);
#1861=ORIENTED_EDGE('',*,*,#3203,.T.);
#1862=ORIENTED_EDGE('',*,*,#3232,.F.);
#1863=ORIENTED_EDGE('',*,*,#3234,.F.);
#1864=ORIENTED_EDGE('',*,*,#3207,.F.);
#1865=ORIENTED_EDGE('',*,*,#3211,.F.);
#1866=ORIENTED_EDGE('',*,*,#3214,.F.);
#1867=ORIENTED_EDGE('',*,*,#3217,.F.);
#1868=ORIENTED_EDGE('',*,*,#3220,.F.);
#1869=ORIENTED_EDGE('',*,*,#3223,.F.);
#1870=ORIENTED_EDGE('',*,*,#3226,.F.);
#1871=ORIENTED_EDGE('',*,*,#3229,.F.);
#1872=ORIENTED_EDGE('',*,*,#3204,.F.);
#1873=ORIENTED_EDGE('',*,*,#3235,.F.);
#1874=ORIENTED_EDGE('',*,*,#3189,.F.);
#1875=ORIENTED_EDGE('',*,*,#3192,.F.);
#1876=ORIENTED_EDGE('',*,*,#3194,.F.);
#1877=ORIENTED_EDGE('',*,*,#3196,.F.);
#1878=ORIENTED_EDGE('',*,*,#3198,.F.);
#1879=ORIENTED_EDGE('',*,*,#3200,.F.);
#1880=ORIENTED_EDGE('',*,*,#3202,.F.);
#1881=ORIENTED_EDGE('',*,*,#3205,.F.);
#1882=ORIENTED_EDGE('',*,*,#3233,.F.);
#1883=ORIENTED_EDGE('',*,*,#3230,.F.);
#1884=ORIENTED_EDGE('',*,*,#3227,.F.);
#1885=ORIENTED_EDGE('',*,*,#3224,.F.);
#1886=ORIENTED_EDGE('',*,*,#3221,.F.);
#1887=ORIENTED_EDGE('',*,*,#3218,.F.);
#1888=ORIENTED_EDGE('',*,*,#3215,.F.);
#1889=ORIENTED_EDGE('',*,*,#3212,.F.);
#1890=ORIENTED_EDGE('',*,*,#3209,.F.);
#1891=ORIENTED_EDGE('',*,*,#3236,.F.);
#1892=ORIENTED_EDGE('',*,*,#3237,.T.);
#1893=ORIENTED_EDGE('',*,*,#3238,.T.);
#1894=ORIENTED_EDGE('',*,*,#2661,.F.);
#1895=ORIENTED_EDGE('',*,*,#3239,.F.);
#1896=ORIENTED_EDGE('',*,*,#3240,.T.);
#1897=ORIENTED_EDGE('',*,*,#3236,.T.);
#1898=ORIENTED_EDGE('',*,*,#2660,.F.);
#1899=ORIENTED_EDGE('',*,*,#3241,.F.);
#1900=ORIENTED_EDGE('',*,*,#3242,.T.);
#1901=ORIENTED_EDGE('',*,*,#3243,.T.);
#1902=ORIENTED_EDGE('',*,*,#2673,.F.);
#1903=ORIENTED_EDGE('',*,*,#3244,.F.);
#1904=ORIENTED_EDGE('',*,*,#3245,.T.);
#1905=ORIENTED_EDGE('',*,*,#3246,.T.);
#1906=ORIENTED_EDGE('',*,*,#2666,.F.);
#1907=ORIENTED_EDGE('',*,*,#3247,.F.);
#1908=ORIENTED_EDGE('',*,*,#3248,.T.);
#1909=ORIENTED_EDGE('',*,*,#3244,.T.);
#1910=ORIENTED_EDGE('',*,*,#2665,.F.);
#1911=ORIENTED_EDGE('',*,*,#3249,.F.);
#1912=ORIENTED_EDGE('',*,*,#3250,.T.);
#1913=ORIENTED_EDGE('',*,*,#3247,.T.);
#1914=ORIENTED_EDGE('',*,*,#2664,.F.);
#1915=ORIENTED_EDGE('',*,*,#3251,.F.);
#1916=ORIENTED_EDGE('',*,*,#3252,.T.);
#1917=ORIENTED_EDGE('',*,*,#3249,.T.);
#1918=ORIENTED_EDGE('',*,*,#2663,.F.);
#1919=ORIENTED_EDGE('',*,*,#3238,.F.);
#1920=ORIENTED_EDGE('',*,*,#3253,.T.);
#1921=ORIENTED_EDGE('',*,*,#3251,.T.);
#1922=ORIENTED_EDGE('',*,*,#2662,.F.);
#1923=ORIENTED_EDGE('',*,*,#2680,.T.);
#1924=ORIENTED_EDGE('',*,*,#3254,.F.);
#1925=ORIENTED_EDGE('',*,*,#3255,.T.);
#1926=ORIENTED_EDGE('',*,*,#3239,.T.);
#1927=ORIENTED_EDGE('',*,*,#2679,.T.);
#1928=ORIENTED_EDGE('',*,*,#3256,.F.);
#1929=ORIENTED_EDGE('',*,*,#3257,.T.);
#1930=ORIENTED_EDGE('',*,*,#3254,.T.);
#1931=ORIENTED_EDGE('',*,*,#2678,.T.);
#1932=ORIENTED_EDGE('',*,*,#3258,.F.);
#1933=ORIENTED_EDGE('',*,*,#3259,.T.);
#1934=ORIENTED_EDGE('',*,*,#3256,.T.);
#1935=ORIENTED_EDGE('',*,*,#2677,.T.);
#1936=ORIENTED_EDGE('',*,*,#3260,.F.);
#1937=ORIENTED_EDGE('',*,*,#3261,.T.);
#1938=ORIENTED_EDGE('',*,*,#3258,.T.);
#1939=ORIENTED_EDGE('',*,*,#2676,.T.);
#1940=ORIENTED_EDGE('',*,*,#3262,.F.);
#1941=ORIENTED_EDGE('',*,*,#3263,.T.);
#1942=ORIENTED_EDGE('',*,*,#3260,.T.);
#1943=ORIENTED_EDGE('',*,*,#2675,.T.);
#1944=ORIENTED_EDGE('',*,*,#3264,.F.);
#1945=ORIENTED_EDGE('',*,*,#3265,.T.);
#1946=ORIENTED_EDGE('',*,*,#3262,.T.);
#1947=ORIENTED_EDGE('',*,*,#2674,.T.);
#1948=ORIENTED_EDGE('',*,*,#3243,.F.);
#1949=ORIENTED_EDGE('',*,*,#3266,.T.);
#1950=ORIENTED_EDGE('',*,*,#3264,.T.);
#1951=ORIENTED_EDGE('',*,*,#2672,.T.);
#1952=ORIENTED_EDGE('',*,*,#3267,.F.);
#1953=ORIENTED_EDGE('',*,*,#3268,.T.);
#1954=ORIENTED_EDGE('',*,*,#3241,.T.);
#1955=ORIENTED_EDGE('',*,*,#2671,.T.);
#1956=ORIENTED_EDGE('',*,*,#3269,.F.);
#1957=ORIENTED_EDGE('',*,*,#3270,.T.);
#1958=ORIENTED_EDGE('',*,*,#3267,.T.);
#1959=ORIENTED_EDGE('',*,*,#2670,.T.);
#1960=ORIENTED_EDGE('',*,*,#3271,.F.);
#1961=ORIENTED_EDGE('',*,*,#3272,.T.);
#1962=ORIENTED_EDGE('',*,*,#3269,.T.);
#1963=ORIENTED_EDGE('',*,*,#2669,.T.);
#1964=ORIENTED_EDGE('',*,*,#3273,.F.);
#1965=ORIENTED_EDGE('',*,*,#3274,.T.);
#1966=ORIENTED_EDGE('',*,*,#3271,.T.);
#1967=ORIENTED_EDGE('',*,*,#2668,.T.);
#1968=ORIENTED_EDGE('',*,*,#3275,.F.);
#1969=ORIENTED_EDGE('',*,*,#3276,.T.);
#1970=ORIENTED_EDGE('',*,*,#3273,.T.);
#1971=ORIENTED_EDGE('',*,*,#2667,.T.);
#1972=ORIENTED_EDGE('',*,*,#3246,.F.);
#1973=ORIENTED_EDGE('',*,*,#3277,.T.);
#1974=ORIENTED_EDGE('',*,*,#3275,.T.);
#1975=ORIENTED_EDGE('',*,*,#3252,.F.);
#1976=ORIENTED_EDGE('',*,*,#3253,.F.);
#1977=ORIENTED_EDGE('',*,*,#3237,.F.);
#1978=ORIENTED_EDGE('',*,*,#3240,.F.);
#1979=ORIENTED_EDGE('',*,*,#3255,.F.);
#1980=ORIENTED_EDGE('',*,*,#3257,.F.);
#1981=ORIENTED_EDGE('',*,*,#3259,.F.);
#1982=ORIENTED_EDGE('',*,*,#3261,.F.);
#1983=ORIENTED_EDGE('',*,*,#3263,.F.);
#1984=ORIENTED_EDGE('',*,*,#3265,.F.);
#1985=ORIENTED_EDGE('',*,*,#3266,.F.);
#1986=ORIENTED_EDGE('',*,*,#3242,.F.);
#1987=ORIENTED_EDGE('',*,*,#3268,.F.);
#1988=ORIENTED_EDGE('',*,*,#3270,.F.);
#1989=ORIENTED_EDGE('',*,*,#3272,.F.);
#1990=ORIENTED_EDGE('',*,*,#3274,.F.);
#1991=ORIENTED_EDGE('',*,*,#3276,.F.);
#1992=ORIENTED_EDGE('',*,*,#3277,.F.);
#1993=ORIENTED_EDGE('',*,*,#3245,.F.);
#1994=ORIENTED_EDGE('',*,*,#3248,.F.);
#1995=ORIENTED_EDGE('',*,*,#3250,.F.);
#1996=ORIENTED_EDGE('',*,*,#3278,.F.);
#1997=ORIENTED_EDGE('',*,*,#3279,.T.);
#1998=ORIENTED_EDGE('',*,*,#3280,.T.);
#1999=ORIENTED_EDGE('',*,*,#2652,.F.);
#2000=ORIENTED_EDGE('',*,*,#3281,.F.);
#2001=ORIENTED_EDGE('',*,*,#3282,.T.);
#2002=ORIENTED_EDGE('',*,*,#3278,.T.);
#2003=ORIENTED_EDGE('',*,*,#2651,.F.);
#2004=ORIENTED_EDGE('',*,*,#3283,.F.);
#2005=ORIENTED_EDGE('',*,*,#3284,.T.);
#2006=ORIENTED_EDGE('',*,*,#3285,.T.);
#2007=ORIENTED_EDGE('',*,*,#2656,.F.);
#2008=ORIENTED_EDGE('',*,*,#3286,.F.);
#2009=ORIENTED_EDGE('',*,*,#3287,.T.);
#2010=ORIENTED_EDGE('',*,*,#3283,.T.);
#2011=ORIENTED_EDGE('',*,*,#2655,.F.);
#2012=ORIENTED_EDGE('',*,*,#3288,.F.);
#2013=ORIENTED_EDGE('',*,*,#3289,.T.);
#2014=ORIENTED_EDGE('',*,*,#3286,.T.);
#2015=ORIENTED_EDGE('',*,*,#2654,.F.);
#2016=ORIENTED_EDGE('',*,*,#3280,.F.);
#2017=ORIENTED_EDGE('',*,*,#3290,.T.);
#2018=ORIENTED_EDGE('',*,*,#3288,.T.);
#2019=ORIENTED_EDGE('',*,*,#2653,.F.);
#2020=ORIENTED_EDGE('',*,*,#2659,.T.);
#2021=ORIENTED_EDGE('',*,*,#3291,.F.);
#2022=ORIENTED_EDGE('',*,*,#3292,.T.);
#2023=ORIENTED_EDGE('',*,*,#3281,.T.);
#2024=ORIENTED_EDGE('',*,*,#2658,.T.);
#2025=ORIENTED_EDGE('',*,*,#3293,.F.);
#2026=ORIENTED_EDGE('',*,*,#3294,.T.);
#2027=ORIENTED_EDGE('',*,*,#3291,.T.);
#2028=ORIENTED_EDGE('',*,*,#2657,.T.);
#2029=ORIENTED_EDGE('',*,*,#3285,.F.);
#2030=ORIENTED_EDGE('',*,*,#3295,.T.);
#2031=ORIENTED_EDGE('',*,*,#3293,.T.);
#2032=ORIENTED_EDGE('',*,*,#3289,.F.);
#2033=ORIENTED_EDGE('',*,*,#3290,.F.);
#2034=ORIENTED_EDGE('',*,*,#3279,.F.);
#2035=ORIENTED_EDGE('',*,*,#3282,.F.);
#2036=ORIENTED_EDGE('',*,*,#3292,.F.);
#2037=ORIENTED_EDGE('',*,*,#3294,.F.);
#2038=ORIENTED_EDGE('',*,*,#3295,.F.);
#2039=ORIENTED_EDGE('',*,*,#3284,.F.);
#2040=ORIENTED_EDGE('',*,*,#3287,.F.);
#2041=ORIENTED_EDGE('',*,*,#2899,.F.);
#2042=ORIENTED_EDGE('',*,*,#3296,.T.);
#2043=ORIENTED_EDGE('',*,*,#2877,.F.);
#2044=ORIENTED_EDGE('',*,*,#2590,.F.);
#2045=ORIENTED_EDGE('',*,*,#2876,.F.);
#2046=ORIENTED_EDGE('',*,*,#3297,.T.);
#2047=ORIENTED_EDGE('',*,*,#2701,.F.);
#2048=ORIENTED_EDGE('',*,*,#2592,.F.);
#2049=ORIENTED_EDGE('',*,*,#2700,.F.);
#2050=ORIENTED_EDGE('',*,*,#3298,.T.);
#2051=ORIENTED_EDGE('',*,*,#2869,.F.);
#2052=ORIENTED_EDGE('',*,*,#2594,.F.);
#2053=ORIENTED_EDGE('',*,*,#2868,.F.);
#2054=ORIENTED_EDGE('',*,*,#3299,.T.);
#2055=ORIENTED_EDGE('',*,*,#2886,.F.);
#2056=ORIENTED_EDGE('',*,*,#2596,.F.);
#2057=ORIENTED_EDGE('',*,*,#3070,.F.);
#2058=ORIENTED_EDGE('',*,*,#3300,.T.);
#2059=ORIENTED_EDGE('',*,*,#2786,.F.);
#2060=ORIENTED_EDGE('',*,*,#3301,.T.);
#2061=ORIENTED_EDGE('',*,*,#3071,.F.);
#2062=ORIENTED_EDGE('',*,*,#3302,.T.);
#2063=ORIENTED_EDGE('',*,*,#2865,.F.);
#2064=ORIENTED_EDGE('',*,*,#3303,.T.);
#2065=ORIENTED_EDGE('',*,*,#2879,.F.);
#2066=ORIENTED_EDGE('',*,*,#3304,.T.);
#2067=ORIENTED_EDGE('',*,*,#3057,.F.);
#2068=ORIENTED_EDGE('',*,*,#3305,.T.);
#2069=ORIENTED_EDGE('',*,*,#3058,.F.);
#2070=ORIENTED_EDGE('',*,*,#3306,.T.);
#2071=ORIENTED_EDGE('',*,*,#2873,.F.);
#2072=ORIENTED_EDGE('',*,*,#3307,.T.);
#2073=ORIENTED_EDGE('',*,*,#3308,.F.);
#2074=ORIENTED_EDGE('',*,*,#2643,.F.);
#2075=ORIENTED_EDGE('',*,*,#3309,.F.);
#2076=ORIENTED_EDGE('',*,*,#2473,.F.);
#2077=ORIENTED_EDGE('',*,*,#2469,.T.);
#2078=ORIENTED_EDGE('',*,*,#3310,.F.);
#2079=ORIENTED_EDGE('',*,*,#2641,.T.);
#2080=ORIENTED_EDGE('',*,*,#3311,.F.);
#2081=ORIENTED_EDGE('',*,*,#3312,.F.);
#2082=ORIENTED_EDGE('',*,*,#2639,.F.);
#2083=ORIENTED_EDGE('',*,*,#3313,.F.);
#2084=ORIENTED_EDGE('',*,*,#2471,.F.);
#2085=ORIENTED_EDGE('',*,*,#2470,.T.);
#2086=ORIENTED_EDGE('',*,*,#3311,.T.);
#2087=ORIENTED_EDGE('',*,*,#2640,.T.);
#2088=ORIENTED_EDGE('',*,*,#3312,.T.);
#2089=ORIENTED_EDGE('',*,*,#2474,.T.);
#2090=ORIENTED_EDGE('',*,*,#3309,.T.);
#2091=ORIENTED_EDGE('',*,*,#2642,.T.);
#2092=ORIENTED_EDGE('',*,*,#3310,.T.);
#2093=ORIENTED_EDGE('',*,*,#2472,.T.);
#2094=ORIENTED_EDGE('',*,*,#3313,.T.);
#2095=ORIENTED_EDGE('',*,*,#2644,.T.);
#2096=ORIENTED_EDGE('',*,*,#3308,.T.);
#2097=ORIENTED_EDGE('',*,*,#3314,.F.);
#2098=ORIENTED_EDGE('',*,*,#2649,.F.);
#2099=ORIENTED_EDGE('',*,*,#3315,.F.);
#2100=ORIENTED_EDGE('',*,*,#2548,.F.);
#2101=ORIENTED_EDGE('',*,*,#2550,.T.);
#2102=ORIENTED_EDGE('',*,*,#3316,.F.);
#2103=ORIENTED_EDGE('',*,*,#2647,.T.);
#2104=ORIENTED_EDGE('',*,*,#3317,.F.);
#2105=ORIENTED_EDGE('',*,*,#3318,.F.);
#2106=ORIENTED_EDGE('',*,*,#2645,.F.);
#2107=ORIENTED_EDGE('',*,*,#3319,.F.);
#2108=ORIENTED_EDGE('',*,*,#2546,.F.);
#2109=ORIENTED_EDGE('',*,*,#2545,.T.);
#2110=ORIENTED_EDGE('',*,*,#3317,.T.);
#2111=ORIENTED_EDGE('',*,*,#2646,.T.);
#2112=ORIENTED_EDGE('',*,*,#3318,.T.);
#2113=ORIENTED_EDGE('',*,*,#2547,.T.);
#2114=ORIENTED_EDGE('',*,*,#3319,.T.);
#2115=ORIENTED_EDGE('',*,*,#2650,.T.);
#2116=ORIENTED_EDGE('',*,*,#3314,.T.);
#2117=ORIENTED_EDGE('',*,*,#2549,.T.);
#2118=ORIENTED_EDGE('',*,*,#3315,.T.);
#2119=ORIENTED_EDGE('',*,*,#2648,.T.);
#2120=ORIENTED_EDGE('',*,*,#3316,.T.);
#2121=ORIENTED_EDGE('',*,*,#2467,.T.);
#2122=ORIENTED_EDGE('',*,*,#3320,.F.);
#2123=ORIENTED_EDGE('',*,*,#2561,.T.);
#2124=ORIENTED_EDGE('',*,*,#3321,.F.);
#2125=ORIENTED_EDGE('',*,*,#2463,.T.);
#2126=ORIENTED_EDGE('',*,*,#3322,.F.);
#2127=ORIENTED_EDGE('',*,*,#2559,.T.);
#2128=ORIENTED_EDGE('',*,*,#3323,.F.);
#2129=ORIENTED_EDGE('',*,*,#3324,.F.);
#2130=ORIENTED_EDGE('',*,*,#2557,.F.);
#2131=ORIENTED_EDGE('',*,*,#3325,.F.);
#2132=ORIENTED_EDGE('',*,*,#2465,.F.);
#2133=ORIENTED_EDGE('',*,*,#2464,.T.);
#2134=ORIENTED_EDGE('',*,*,#3323,.T.);
#2135=ORIENTED_EDGE('',*,*,#2558,.T.);
#2136=ORIENTED_EDGE('',*,*,#3324,.T.);
#2137=ORIENTED_EDGE('',*,*,#2468,.T.);
#2138=ORIENTED_EDGE('',*,*,#3321,.T.);
#2139=ORIENTED_EDGE('',*,*,#2560,.T.);
#2140=ORIENTED_EDGE('',*,*,#3322,.T.);
#2141=ORIENTED_EDGE('',*,*,#2466,.T.);
#2142=ORIENTED_EDGE('',*,*,#3325,.T.);
#2143=ORIENTED_EDGE('',*,*,#2562,.T.);
#2144=ORIENTED_EDGE('',*,*,#3320,.T.);
#2145=ORIENTED_EDGE('',*,*,#3326,.F.);
#2146=ORIENTED_EDGE('',*,*,#2555,.F.);
#2147=ORIENTED_EDGE('',*,*,#3327,.F.);
#2148=ORIENTED_EDGE('',*,*,#2461,.F.);
#2149=ORIENTED_EDGE('',*,*,#2457,.T.);
#2150=ORIENTED_EDGE('',*,*,#3328,.F.);
#2151=ORIENTED_EDGE('',*,*,#2553,.T.);
#2152=ORIENTED_EDGE('',*,*,#3329,.F.);
#2153=ORIENTED_EDGE('',*,*,#2459,.T.);
#2154=ORIENTED_EDGE('',*,*,#3330,.F.);
#2155=ORIENTED_EDGE('',*,*,#2551,.T.);
#2156=ORIENTED_EDGE('',*,*,#3331,.F.);
#2157=ORIENTED_EDGE('',*,*,#2458,.T.);
#2158=ORIENTED_EDGE('',*,*,#3329,.T.);
#2159=ORIENTED_EDGE('',*,*,#2552,.T.);
#2160=ORIENTED_EDGE('',*,*,#3330,.T.);
#2161=ORIENTED_EDGE('',*,*,#2462,.T.);
#2162=ORIENTED_EDGE('',*,*,#3327,.T.);
#2163=ORIENTED_EDGE('',*,*,#2554,.T.);
#2164=ORIENTED_EDGE('',*,*,#3328,.T.);
#2165=ORIENTED_EDGE('',*,*,#2460,.T.);
#2166=ORIENTED_EDGE('',*,*,#3331,.T.);
#2167=ORIENTED_EDGE('',*,*,#2556,.T.);
#2168=ORIENTED_EDGE('',*,*,#3326,.T.);
#2169=ORIENTED_EDGE('',*,*,#2769,.F.);
#2170=ORIENTED_EDGE('',*,*,#3088,.F.);
#2171=ORIENTED_EDGE('',*,*,#3332,.F.);
#2172=ORIENTED_EDGE('',*,*,#3004,.F.);
#2173=ORIENTED_EDGE('',*,*,#3077,.F.);
#2174=ORIENTED_EDGE('',*,*,#3005,.F.);
#2175=ORIENTED_EDGE('',*,*,#3332,.T.);
#2176=ORIENTED_EDGE('',*,*,#3073,.F.);
#2177=ORIENTED_EDGE('',*,*,#2765,.F.);
#2178=ORIENTED_EDGE('',*,*,#2979,.F.);
#2179=ORIENTED_EDGE('',*,*,#3333,.F.);
#2180=ORIENTED_EDGE('',*,*,#3090,.F.);
#2181=ORIENTED_EDGE('',*,*,#3085,.F.);
#2182=ORIENTED_EDGE('',*,*,#3081,.F.);
#2183=ORIENTED_EDGE('',*,*,#3333,.T.);
#2184=ORIENTED_EDGE('',*,*,#2978,.F.);
#2185=ORIENTED_EDGE('',*,*,#2542,.F.);
#2186=ORIENTED_EDGE('',*,*,#2816,.F.);
#2187=ORIENTED_EDGE('',*,*,#2757,.F.);
#2188=ORIENTED_EDGE('',*,*,#2982,.F.);
#2189=ORIENTED_EDGE('',*,*,#3019,.F.);
#2190=ORIENTED_EDGE('',*,*,#3016,.F.);
#2191=ORIENTED_EDGE('',*,*,#2532,.F.);
#2192=ORIENTED_EDGE('',*,*,#2975,.F.);
#2193=ORIENTED_EDGE('',*,*,#3013,.F.);
#2194=ORIENTED_EDGE('',*,*,#2986,.F.);
#2195=ORIENTED_EDGE('',*,*,#2522,.F.);
#2196=ORIENTED_EDGE('',*,*,#3011,.F.);
#2197=ORIENTED_EDGE('',*,*,#3079,.F.);
#2198=ORIENTED_EDGE('',*,*,#2951,.F.);
#2199=ORIENTED_EDGE('',*,*,#3334,.F.);
#2200=ORIENTED_EDGE('',*,*,#3007,.F.);
#2201=ORIENTED_EDGE('',*,*,#3334,.T.);
#2202=ORIENTED_EDGE('',*,*,#2950,.F.);
#2203=ORIENTED_EDGE('',*,*,#3335,.F.);
#2204=ORIENTED_EDGE('',*,*,#2520,.F.);
#2205=ORIENTED_EDGE('',*,*,#3014,.F.);
#2206=ORIENTED_EDGE('',*,*,#3012,.F.);
#2207=ORIENTED_EDGE('',*,*,#3335,.T.);
#2208=ORIENTED_EDGE('',*,*,#2949,.F.);
#2209=ORIENTED_EDGE('',*,*,#3086,.F.);
#2210=ORIENTED_EDGE('',*,*,#2981,.F.);
#2211=ORIENTED_EDGE('',*,*,#3336,.F.);
#2212=ORIENTED_EDGE('',*,*,#2863,.F.);
#2213=ORIENTED_EDGE('',*,*,#3336,.T.);
#2214=ORIENTED_EDGE('',*,*,#2534,.F.);
#2215=ORIENTED_EDGE('',*,*,#3337,.F.);
#2216=ORIENTED_EDGE('',*,*,#2848,.F.);
#2217=ORIENTED_EDGE('',*,*,#3020,.F.);
#2218=ORIENTED_EDGE('',*,*,#2849,.F.);
#2219=ORIENTED_EDGE('',*,*,#3337,.T.);
#2220=ORIENTED_EDGE('',*,*,#3018,.F.);
#2221=ORIENTED_EDGE('',*,*,#2538,.F.);
#2222=ORIENTED_EDGE('',*,*,#2839,.F.);
#2223=ORIENTED_EDGE('',*,*,#2761,.F.);
#2224=ORIENTED_EDGE('',*,*,#2818,.F.);
#2225=ORIENTED_EDGE('',*,*,#2529,.F.);
#2226=ORIENTED_EDGE('',*,*,#2902,.F.);
#2227=ORIENTED_EDGE('',*,*,#2722,.F.);
#2228=ORIENTED_EDGE('',*,*,#2843,.F.);
#2229=ORIENTED_EDGE('',*,*,#2525,.F.);
#2230=ORIENTED_EDGE('',*,*,#2984,.F.);
#2231=ORIENTED_EDGE('',*,*,#2726,.F.);
#2232=ORIENTED_EDGE('',*,*,#2900,.F.);
#2233=ORIENTED_EDGE('',*,*,#2858,.F.);
#2234=ORIENTED_EDGE('',*,*,#2967,.F.);
#2235=ORIENTED_EDGE('',*,*,#3338,.F.);
#2236=ORIENTED_EDGE('',*,*,#3093,.F.);
#2237=ORIENTED_EDGE('',*,*,#3338,.T.);
#2238=ORIENTED_EDGE('',*,*,#2966,.F.);
#2239=ORIENTED_EDGE('',*,*,#3339,.F.);
#2240=ORIENTED_EDGE('',*,*,#2782,.F.);
#2241=ORIENTED_EDGE('',*,*,#2860,.F.);
#2242=ORIENTED_EDGE('',*,*,#3092,.F.);
#2243=ORIENTED_EDGE('',*,*,#3340,.F.);
#2244=ORIENTED_EDGE('',*,*,#2897,.F.);
#2245=ORIENTED_EDGE('',*,*,#3305,.F.);
#2246=ORIENTED_EDGE('',*,*,#3061,.F.);
#2247=ORIENTED_EDGE('',*,*,#3341,.F.);
#2248=ORIENTED_EDGE('',*,*,#2880,.F.);
#2249=ORIENTED_EDGE('',*,*,#3339,.T.);
#2250=ORIENTED_EDGE('',*,*,#2881,.F.);
#2251=ORIENTED_EDGE('',*,*,#3342,.F.);
#2252=ORIENTED_EDGE('',*,*,#2783,.F.);
#2253=ORIENTED_EDGE('',*,*,#3340,.T.);
#2254=ORIENTED_EDGE('',*,*,#2780,.F.);
#2255=ORIENTED_EDGE('',*,*,#3343,.F.);
#2256=ORIENTED_EDGE('',*,*,#2898,.F.);
#2257=ORIENTED_EDGE('',*,*,#3342,.T.);
#2258=ORIENTED_EDGE('',*,*,#3341,.T.);
#2259=ORIENTED_EDGE('',*,*,#3344,.F.);
#2260=ORIENTED_EDGE('',*,*,#3343,.T.);
#2261=ORIENTED_EDGE('',*,*,#2779,.F.);
#2262=ORIENTED_EDGE('',*,*,#3345,.F.);
#2263=ORIENTED_EDGE('',*,*,#3296,.F.);
#2264=ORIENTED_EDGE('',*,*,#3344,.T.);
#2265=ORIENTED_EDGE('',*,*,#3060,.F.);
#2266=ORIENTED_EDGE('',*,*,#3346,.F.);
#2267=ORIENTED_EDGE('',*,*,#2784,.F.);
#2268=ORIENTED_EDGE('',*,*,#3345,.T.);
#2269=ORIENTED_EDGE('',*,*,#2785,.F.);
#2270=ORIENTED_EDGE('',*,*,#3347,.F.);
#2271=ORIENTED_EDGE('',*,*,#2878,.F.);
#2272=ORIENTED_EDGE('',*,*,#3347,.T.);
#2273=ORIENTED_EDGE('',*,*,#3346,.T.);
#2274=ORIENTED_EDGE('',*,*,#3348,.F.);
#2275=ORIENTED_EDGE('',*,*,#3348,.T.);
#2276=ORIENTED_EDGE('',*,*,#3059,.F.);
#2277=ORIENTED_EDGE('',*,*,#3307,.F.);
#2278=ORIENTED_EDGE('',*,*,#2872,.F.);
#2279=ORIENTED_EDGE('',*,*,#3101,.F.);
#2280=ORIENTED_EDGE('',*,*,#2703,.F.);
#2281=ORIENTED_EDGE('',*,*,#3349,.F.);
#2282=ORIENTED_EDGE('',*,*,#2854,.F.);
#2283=ORIENTED_EDGE('',*,*,#2855,.F.);
#2284=ORIENTED_EDGE('',*,*,#2794,.F.);
#2285=ORIENTED_EDGE('',*,*,#3350,.F.);
#2286=ORIENTED_EDGE('',*,*,#2965,.F.);
#2287=ORIENTED_EDGE('',*,*,#3349,.T.);
#2288=ORIENTED_EDGE('',*,*,#2702,.F.);
#2289=ORIENTED_EDGE('',*,*,#3351,.F.);
#2290=ORIENTED_EDGE('',*,*,#2796,.F.);
#2291=ORIENTED_EDGE('',*,*,#3350,.T.);
#2292=ORIENTED_EDGE('',*,*,#2793,.F.);
#2293=ORIENTED_EDGE('',*,*,#3352,.F.);
#2294=ORIENTED_EDGE('',*,*,#2884,.F.);
#2295=ORIENTED_EDGE('',*,*,#3304,.F.);
#2296=ORIENTED_EDGE('',*,*,#2885,.F.);
#2297=ORIENTED_EDGE('',*,*,#3353,.F.);
#2298=ORIENTED_EDGE('',*,*,#3055,.F.);
#2299=ORIENTED_EDGE('',*,*,#3351,.T.);
#2300=ORIENTED_EDGE('',*,*,#3297,.F.);
#2301=ORIENTED_EDGE('',*,*,#3354,.F.);
#2302=ORIENTED_EDGE('',*,*,#2797,.F.);
#2303=ORIENTED_EDGE('',*,*,#3353,.T.);
#2304=ORIENTED_EDGE('',*,*,#3352,.T.);
#2305=ORIENTED_EDGE('',*,*,#3355,.F.);
#2306=ORIENTED_EDGE('',*,*,#3354,.T.);
#2307=ORIENTED_EDGE('',*,*,#2875,.F.);
#2308=ORIENTED_EDGE('',*,*,#3356,.F.);
#2309=ORIENTED_EDGE('',*,*,#2798,.F.);
#2310=ORIENTED_EDGE('',*,*,#3355,.T.);
#2311=ORIENTED_EDGE('',*,*,#2799,.F.);
#2312=ORIENTED_EDGE('',*,*,#3357,.F.);
#2313=ORIENTED_EDGE('',*,*,#3052,.F.);
#2314=ORIENTED_EDGE('',*,*,#3357,.T.);
#2315=ORIENTED_EDGE('',*,*,#3356,.T.);
#2316=ORIENTED_EDGE('',*,*,#3358,.F.);
#2317=ORIENTED_EDGE('',*,*,#3358,.T.);
#2318=ORIENTED_EDGE('',*,*,#2874,.F.);
#2319=ORIENTED_EDGE('',*,*,#3306,.F.);
#2320=ORIENTED_EDGE('',*,*,#3053,.F.);
#2321=ORIENTED_EDGE('',*,*,#2955,.F.);
#2322=ORIENTED_EDGE('',*,*,#3094,.F.);
#2323=ORIENTED_EDGE('',*,*,#3359,.F.);
#2324=ORIENTED_EDGE('',*,*,#2963,.F.);
#2325=ORIENTED_EDGE('',*,*,#2953,.F.);
#2326=ORIENTED_EDGE('',*,*,#2888,.F.);
#2327=ORIENTED_EDGE('',*,*,#3360,.F.);
#2328=ORIENTED_EDGE('',*,*,#3095,.F.);
#2329=ORIENTED_EDGE('',*,*,#3359,.T.);
#2330=ORIENTED_EDGE('',*,*,#2778,.F.);
#2331=ORIENTED_EDGE('',*,*,#3361,.F.);
#2332=ORIENTED_EDGE('',*,*,#2964,.F.);
#2333=ORIENTED_EDGE('',*,*,#3360,.T.);
#2334=ORIENTED_EDGE('',*,*,#2887,.F.);
#2335=ORIENTED_EDGE('',*,*,#3362,.F.);
#2336=ORIENTED_EDGE('',*,*,#2773,.F.);
#2337=ORIENTED_EDGE('',*,*,#3361,.T.);
#2338=ORIENTED_EDGE('',*,*,#2777,.F.);
#2339=ORIENTED_EDGE('',*,*,#3363,.F.);
#2340=ORIENTED_EDGE('',*,*,#2791,.F.);
#2341=ORIENTED_EDGE('',*,*,#3301,.F.);
#2342=ORIENTED_EDGE('',*,*,#2792,.F.);
#2343=ORIENTED_EDGE('',*,*,#3364,.F.);
#2344=ORIENTED_EDGE('',*,*,#3069,.F.);
#2345=ORIENTED_EDGE('',*,*,#3362,.T.);
#2346=ORIENTED_EDGE('',*,*,#3299,.F.);
#2347=ORIENTED_EDGE('',*,*,#3365,.F.);
#2348=ORIENTED_EDGE('',*,*,#2774,.F.);
#2349=ORIENTED_EDGE('',*,*,#3364,.T.);
#2350=ORIENTED_EDGE('',*,*,#3363,.T.);
#2351=ORIENTED_EDGE('',*,*,#3366,.F.);
#2352=ORIENTED_EDGE('',*,*,#3365,.T.);
#2353=ORIENTED_EDGE('',*,*,#2867,.F.);
#2354=ORIENTED_EDGE('',*,*,#3367,.F.);
#2355=ORIENTED_EDGE('',*,*,#2775,.F.);
#2356=ORIENTED_EDGE('',*,*,#3366,.T.);
#2357=ORIENTED_EDGE('',*,*,#2776,.F.);
#2358=ORIENTED_EDGE('',*,*,#3368,.F.);
#2359=ORIENTED_EDGE('',*,*,#3066,.F.);
#2360=ORIENTED_EDGE('',*,*,#3368,.T.);
#2361=ORIENTED_EDGE('',*,*,#3367,.T.);
#2362=ORIENTED_EDGE('',*,*,#3369,.F.);
#2363=ORIENTED_EDGE('',*,*,#3302,.F.);
#2364=ORIENTED_EDGE('',*,*,#3067,.F.);
#2365=ORIENTED_EDGE('',*,*,#3369,.T.);
#2366=ORIENTED_EDGE('',*,*,#2866,.F.);
#2367=ORIENTED_EDGE('',*,*,#3108,.F.);
#2368=ORIENTED_EDGE('',*,*,#2958,.F.);
#2369=ORIENTED_EDGE('',*,*,#3370,.F.);
#2370=ORIENTED_EDGE('',*,*,#2698,.F.);
#2371=ORIENTED_EDGE('',*,*,#3370,.T.);
#2372=ORIENTED_EDGE('',*,*,#2741,.F.);
#2373=ORIENTED_EDGE('',*,*,#3371,.F.);
#2374=ORIENTED_EDGE('',*,*,#2699,.F.);
#2375=ORIENTED_EDGE('',*,*,#3371,.T.);
#2376=ORIENTED_EDGE('',*,*,#2740,.F.);
#2377=ORIENTED_EDGE('',*,*,#3372,.F.);
#2378=ORIENTED_EDGE('',*,*,#3298,.F.);
#2379=ORIENTED_EDGE('',*,*,#3372,.T.);
#2380=ORIENTED_EDGE('',*,*,#2739,.F.);
#2381=ORIENTED_EDGE('',*,*,#3373,.F.);
#2382=ORIENTED_EDGE('',*,*,#2870,.F.);
#2383=ORIENTED_EDGE('',*,*,#3303,.F.);
#2384=ORIENTED_EDGE('',*,*,#2871,.F.);
#2385=ORIENTED_EDGE('',*,*,#3374,.F.);
#2386=ORIENTED_EDGE('',*,*,#3065,.F.);
#2387=ORIENTED_EDGE('',*,*,#2957,.F.);
#2388=ORIENTED_EDGE('',*,*,#2945,.F.);
#2389=ORIENTED_EDGE('',*,*,#3375,.F.);
#2390=ORIENTED_EDGE('',*,*,#2736,.F.);
#2391=ORIENTED_EDGE('',*,*,#3374,.T.);
#2392=ORIENTED_EDGE('',*,*,#3373,.T.);
#2393=ORIENTED_EDGE('',*,*,#3376,.F.);
#2394=ORIENTED_EDGE('',*,*,#3375,.T.);
#2395=ORIENTED_EDGE('',*,*,#2788,.F.);
#2396=ORIENTED_EDGE('',*,*,#3377,.F.);
#2397=ORIENTED_EDGE('',*,*,#2737,.F.);
#2398=ORIENTED_EDGE('',*,*,#3376,.T.);
#2399=ORIENTED_EDGE('',*,*,#2738,.F.);
#2400=ORIENTED_EDGE('',*,*,#3378,.F.);
#2401=ORIENTED_EDGE('',*,*,#3062,.F.);
#2402=ORIENTED_EDGE('',*,*,#3378,.T.);
#2403=ORIENTED_EDGE('',*,*,#3377,.T.);
#2404=ORIENTED_EDGE('',*,*,#3379,.F.);
#2405=ORIENTED_EDGE('',*,*,#3300,.F.);
#2406=ORIENTED_EDGE('',*,*,#3063,.F.);
#2407=ORIENTED_EDGE('',*,*,#3379,.T.);
#2408=ORIENTED_EDGE('',*,*,#2787,.F.);
#2409=ORIENTED_EDGE('',*,*,#3380,.F.);
#2410=ORIENTED_EDGE('',*,*,#3039,.F.);
#2411=ORIENTED_EDGE('',*,*,#3381,.F.);
#2412=ORIENTED_EDGE('',*,*,#2755,.F.);
#2413=ORIENTED_EDGE('',*,*,#3381,.T.);
#2414=ORIENTED_EDGE('',*,*,#2837,.F.);
#2415=ORIENTED_EDGE('',*,*,#3382,.F.);
#2416=ORIENTED_EDGE('',*,*,#2752,.F.);
#2417=ORIENTED_EDGE('',*,*,#3380,.T.);
#2418=ORIENTED_EDGE('',*,*,#2754,.F.);
#2419=ORIENTED_EDGE('',*,*,#3383,.F.);
#2420=ORIENTED_EDGE('',*,*,#2846,.F.);
#2421=ORIENTED_EDGE('',*,*,#3382,.T.);
#2422=ORIENTED_EDGE('',*,*,#2904,.F.);
#2423=ORIENTED_EDGE('',*,*,#3383,.T.);
#2424=ORIENTED_EDGE('',*,*,#2753,.F.);
#2425=ORIENTED_EDGE('',*,*,#3102,.F.);
#2426=ORIENTED_EDGE('',*,*,#3098,.F.);
#2427=ORIENTED_EDGE('',*,*,#3384,.F.);
#2428=ORIENTED_EDGE('',*,*,#2705,.F.);
#2429=ORIENTED_EDGE('',*,*,#3384,.T.);
#2430=ORIENTED_EDGE('',*,*,#2731,.F.);
#2431=ORIENTED_EDGE('',*,*,#3385,.F.);
#2432=ORIENTED_EDGE('',*,*,#2706,.F.);
#2433=ORIENTED_EDGE('',*,*,#3109,.F.);
#2434=ORIENTED_EDGE('',*,*,#2707,.F.);
#2435=ORIENTED_EDGE('',*,*,#3385,.T.);
#2436=ORIENTED_EDGE('',*,*,#3106,.F.);
#2437=ORIENTED_EDGE('',*,*,#3078,.F.);
#2438=ORIENTED_EDGE('',*,*,#3075,.F.);
#2439=ORIENTED_EDGE('',*,*,#3386,.F.);
#2440=ORIENTED_EDGE('',*,*,#2891,.F.);
#2441=ORIENTED_EDGE('',*,*,#3386,.T.);
#2442=ORIENTED_EDGE('',*,*,#3089,.F.);
#2443=ORIENTED_EDGE('',*,*,#3387,.F.);
#2444=ORIENTED_EDGE('',*,*,#2892,.F.);
#2445=ORIENTED_EDGE('',*,*,#3387,.T.);
#2446=ORIENTED_EDGE('',*,*,#2767,.F.);
#2447=ORIENTED_EDGE('',*,*,#3388,.F.);
#2448=ORIENTED_EDGE('',*,*,#2893,.F.);
#2449=ORIENTED_EDGE('',*,*,#3388,.T.);
#2450=ORIENTED_EDGE('',*,*,#3091,.F.);
#2451=ORIENTED_EDGE('',*,*,#3389,.F.);
#2452=ORIENTED_EDGE('',*,*,#2894,.F.);
#2453=ORIENTED_EDGE('',*,*,#3087,.F.);
#2454=ORIENTED_EDGE('',*,*,#2895,.F.);
#2455=ORIENTED_EDGE('',*,*,#3389,.T.);
#2456=ORIENTED_EDGE('',*,*,#3083,.F.);
#2457=EDGE_CURVE('',#3390,#3391,#4006,.T.);
#2458=EDGE_CURVE('',#3392,#3390,#389,.T.);
#2459=EDGE_CURVE('',#3393,#3392,#4007,.T.);
#2460=EDGE_CURVE('',#3394,#3393,#390,.T.);
#2461=EDGE_CURVE('',#3394,#3395,#4008,.T.);
#2462=EDGE_CURVE('',#3391,#3395,#391,.T.);
#2463=EDGE_CURVE('',#3396,#3397,#4009,.T.);
#2464=EDGE_CURVE('',#3398,#3396,#392,.T.);
#2465=EDGE_CURVE('',#3398,#3399,#4010,.T.);
#2466=EDGE_CURVE('',#3400,#3399,#393,.T.);
#2467=EDGE_CURVE('',#3401,#3400,#4011,.T.);
#2468=EDGE_CURVE('',#3397,#3401,#394,.T.);
#2469=EDGE_CURVE('',#3402,#3403,#4012,.T.);
#2470=EDGE_CURVE('',#3404,#3402,#395,.T.);
#2471=EDGE_CURVE('',#3404,#3405,#4013,.T.);
#2472=EDGE_CURVE('',#3406,#3405,#396,.T.);
#2473=EDGE_CURVE('',#3406,#3407,#4014,.T.);
#2474=EDGE_CURVE('',#3403,#3407,#397,.T.);
#2475=EDGE_CURVE('',#3408,#3409,#4015,.T.);
#2476=EDGE_CURVE('',#3410,#3409,#398,.T.);
#2477=EDGE_CURVE('',#3410,#3411,#4016,.T.);
#2478=EDGE_CURVE('',#3412,#3411,#399,.T.);
#2479=EDGE_CURVE('',#3412,#3413,#4017,.T.);
#2480=EDGE_CURVE('',#3408,#3413,#400,.T.);
#2481=EDGE_CURVE('',#3414,#3415,#401,.T.);
#2482=EDGE_CURVE('',#3416,#3414,#4018,.T.);
#2483=EDGE_CURVE('',#3417,#3416,#402,.T.);
#2484=EDGE_CURVE('',#3418,#3417,#403,.F.);
#2485=EDGE_CURVE('',#3419,#3418,#404,.T.);
#2486=EDGE_CURVE('',#3419,#3420,#4019,.T.);
#2487=EDGE_CURVE('',#3421,#3420,#405,.T.);
#2488=EDGE_CURVE('',#3422,#3421,#4020,.T.);
#2489=EDGE_CURVE('',#3423,#3422,#406,.T.);
#2490=EDGE_CURVE('',#3423,#3424,#4021,.T.);
#2491=EDGE_CURVE('',#3425,#3424,#407,.T.);
#2492=EDGE_CURVE('',#3426,#3425,#4022,.T.);
#2493=EDGE_CURVE('',#3427,#3426,#408,.T.);
#2494=EDGE_CURVE('',#3415,#3427,#409,.F.);
#2495=EDGE_CURVE('',#3428,#3429,#410,.T.);
#2496=EDGE_CURVE('',#3428,#3430,#4023,.T.);
#2497=EDGE_CURVE('',#3431,#3430,#411,.T.);
#2498=EDGE_CURVE('',#3432,#3431,#412,.F.);
#2499=EDGE_CURVE('',#3433,#3432,#413,.T.);
#2500=EDGE_CURVE('',#3434,#3433,#4024,.T.);
#2501=EDGE_CURVE('',#3435,#3434,#414,.T.);
#2502=EDGE_CURVE('',#3435,#3436,#4025,.T.);
#2503=EDGE_CURVE('',#3437,#3436,#415,.T.);
#2504=EDGE_CURVE('',#3438,#3437,#4026,.T.);
#2505=EDGE_CURVE('',#3439,#3438,#416,.T.);
#2506=EDGE_CURVE('',#3439,#3440,#4027,.T.);
#2507=EDGE_CURVE('',#3441,#3440,#417,.T.);
#2508=EDGE_CURVE('',#3429,#3441,#418,.F.);
#2509=EDGE_CURVE('',#3442,#3442,#419,.F.);
#2510=EDGE_CURVE('',#3443,#3443,#420,.F.);
#2511=EDGE_CURVE('',#3444,#3444,#421,.F.);
#2512=EDGE_CURVE('',#3445,#3445,#422,.F.);
#2513=EDGE_CURVE('',#3446,#3447,#423,.T.);
#2514=EDGE_CURVE('',#3448,#3446,#4028,.T.);
#2515=EDGE_CURVE('',#3449,#3448,#424,.T.);
#2516=EDGE_CURVE('',#3450,#3449,#4029,.T.);
#2517=EDGE_CURVE('',#3451,#3450,#425,.T.);
#2518=EDGE_CURVE('',#3447,#3451,#4030,.T.);
#2519=EDGE_CURVE('',#3452,#3453,#4031,.T.);
#2520=EDGE_CURVE('',#3453,#3454,#4032,.T.);
#2521=EDGE_CURVE('',#3455,#3454,#4033,.T.);
#2522=EDGE_CURVE('',#3455,#3456,#426,.F.);
#2523=EDGE_CURVE('',#3456,#3457,#4034,.T.);
#2524=EDGE_CURVE('',#3458,#3457,#4035,.T.);
#2525=EDGE_CURVE('',#3458,#3459,#427,.F.);
#2526=EDGE_CURVE('',#3460,#3459,#4036,.T.);
#2527=EDGE_CURVE('',#3461,#3460,#4037,.T.);
#2528=EDGE_CURVE('',#3461,#3462,#4038,.T.);
#2529=EDGE_CURVE('',#3462,#3463,#428,.F.);
#2530=EDGE_CURVE('',#3464,#3463,#4039,.T.);
#2531=EDGE_CURVE('',#3464,#3465,#4040,.T.);
#2532=EDGE_CURVE('',#3465,#3466,#429,.F.);
#2533=EDGE_CURVE('',#3467,#3466,#4041,.T.);
#2534=EDGE_CURVE('',#3467,#3468,#4042,.T.);
#2535=EDGE_CURVE('',#3468,#3469,#4043,.T.);
#2536=EDGE_CURVE('',#3469,#3470,#4044,.T.);
#2537=EDGE_CURVE('',#3471,#3470,#4045,.T.);
#2538=EDGE_CURVE('',#3471,#3472,#430,.F.);
#2539=EDGE_CURVE('',#3472,#3473,#4046,.T.);
#2540=EDGE_CURVE('',#3473,#3474,#4047,.T.);
#2541=EDGE_CURVE('',#3475,#3474,#4048,.T.);
#2542=EDGE_CURVE('',#3475,#3476,#431,.F.);
#2543=EDGE_CURVE('',#3477,#3476,#4049,.T.);
#2544=EDGE_CURVE('',#3477,#3452,#4050,.T.);
#2545=EDGE_CURVE('',#3478,#3479,#432,.T.);
#2546=EDGE_CURVE('',#3478,#3480,#4051,.T.);
#2547=EDGE_CURVE('',#3481,#3480,#433,.T.);
#2548=EDGE_CURVE('',#3481,#3482,#4052,.T.);
#2549=EDGE_CURVE('',#3483,#3482,#434,.T.);
#2550=EDGE_CURVE('',#3479,#3483,#4053,.T.);
#2551=EDGE_CURVE('',#3484,#3485,#4054,.T.);
#2552=EDGE_CURVE('',#3486,#3484,#435,.F.);
#2553=EDGE_CURVE('',#3487,#3486,#4055,.T.);
#2554=EDGE_CURVE('',#3488,#3487,#436,.F.);
#2555=EDGE_CURVE('',#3488,#3489,#4056,.T.);
#2556=EDGE_CURVE('',#3485,#3489,#437,.F.);
#2557=EDGE_CURVE('',#3490,#3491,#4057,.T.);
#2558=EDGE_CURVE('',#3492,#3491,#438,.F.);
#2559=EDGE_CURVE('',#3493,#3492,#4058,.T.);
#2560=EDGE_CURVE('',#3494,#3493,#439,.F.);
#2561=EDGE_CURVE('',#3495,#3494,#4059,.T.);
#2562=EDGE_CURVE('',#3490,#3495,#440,.F.);
#2563=EDGE_CURVE('',#3496,#3497,#4060,.T.);
#2564=EDGE_CURVE('',#3496,#3498,#441,.T.);
#2565=EDGE_CURVE('',#3498,#3499,#4061,.T.);
#2566=EDGE_CURVE('',#3499,#3500,#442,.T.);
#2567=EDGE_CURVE('',#3500,#3501,#4062,.T.);
#2568=EDGE_CURVE('',#3501,#3497,#443,.T.);
#2569=EDGE_CURVE('',#3502,#3503,#444,.T.);
#2570=EDGE_CURVE('',#3503,#3504,#4063,.T.);
#2571=EDGE_CURVE('',#3504,#3505,#445,.T.);
#2572=EDGE_CURVE('',#3506,#3505,#4064,.T.);
#2573=EDGE_CURVE('',#3506,#3507,#446,.T.);
#2574=EDGE_CURVE('',#3502,#3507,#4065,.T.);
#2575=EDGE_CURVE('',#3508,#3508,#447,.F.);
#2576=EDGE_CURVE('',#3509,#3509,#448,.F.);
#2577=EDGE_CURVE('',#3510,#3510,#449,.F.);
#2578=EDGE_CURVE('',#3511,#3511,#450,.F.);
#2579=EDGE_CURVE('',#3512,#3513,#4066,.T.);
#2580=EDGE_CURVE('',#3512,#3514,#4067,.T.);
#2581=EDGE_CURVE('',#3514,#3515,#4068,.T.);
#2582=EDGE_CURVE('',#3513,#3515,#4069,.T.);
#2583=EDGE_CURVE('',#3516,#3517,#451,.T.);
#2584=EDGE_CURVE('',#3517,#3518,#4070,.T.);
#2585=EDGE_CURVE('',#3518,#3519,#452,.T.);
#2586=EDGE_CURVE('',#3519,#3520,#4071,.T.);
#2587=EDGE_CURVE('',#3520,#3521,#453,.T.);
#2588=EDGE_CURVE('',#3521,#3516,#4072,.T.);
#2589=EDGE_CURVE('',#3522,#3523,#4073,.T.);
#2590=EDGE_CURVE('',#3523,#3524,#454,.F.);
#2591=EDGE_CURVE('',#3524,#3525,#4074,.T.);
#2592=EDGE_CURVE('',#3525,#3526,#455,.F.);
#2593=EDGE_CURVE('',#3527,#3526,#4075,.T.);
#2594=EDGE_CURVE('',#3527,#3528,#456,.F.);
#2595=EDGE_CURVE('',#3529,#3528,#4076,.T.);
#2596=EDGE_CURVE('',#3529,#3522,#457,.F.);
#2597=EDGE_CURVE('',#3530,#3530,#458,.F.);
#2598=EDGE_CURVE('',#3531,#3531,#459,.F.);
#2599=EDGE_CURVE('',#3532,#3532,#460,.F.);
#2600=EDGE_CURVE('',#3533,#3533,#461,.F.);
#2601=EDGE_CURVE('',#3534,#3535,#462,.T.);
#2602=EDGE_CURVE('',#3535,#3536,#463,.F.);
#2603=EDGE_CURVE('',#3536,#3537,#464,.T.);
#2604=EDGE_CURVE('',#3538,#3537,#4077,.T.);
#2605=EDGE_CURVE('',#3538,#3539,#465,.T.);
#2606=EDGE_CURVE('',#3539,#3540,#4078,.T.);
#2607=EDGE_CURVE('',#3540,#3541,#466,.T.);
#2608=EDGE_CURVE('',#3542,#3541,#4079,.T.);
#2609=EDGE_CURVE('',#3542,#3543,#467,.T.);
#2610=EDGE_CURVE('',#3543,#3544,#4080,.T.);
#2611=EDGE_CURVE('',#3544,#3545,#468,.T.);
#2612=EDGE_CURVE('',#3545,#3546,#469,.F.);
#2613=EDGE_CURVE('',#3546,#3547,#470,.T.);
#2614=EDGE_CURVE('',#3534,#3547,#4081,.T.);
#2615=EDGE_CURVE('',#3548,#3549,#471,.T.);
#2616=EDGE_CURVE('',#3549,#3550,#472,.F.);
#2617=EDGE_CURVE('',#3550,#3551,#473,.T.);
#2618=EDGE_CURVE('',#3551,#3552,#4082,.T.);
#2619=EDGE_CURVE('',#3552,#3553,#474,.T.);
#2620=EDGE_CURVE('',#3554,#3553,#4083,.T.);
#2621=EDGE_CURVE('',#3554,#3555,#475,.T.);
#2622=EDGE_CURVE('',#3555,#3556,#4084,.T.);
#2623=EDGE_CURVE('',#3556,#3557,#476,.T.);
#2624=EDGE_CURVE('',#3558,#3557,#4085,.T.);
#2625=EDGE_CURVE('',#3558,#3559,#477,.T.);
#2626=EDGE_CURVE('',#3559,#3560,#478,.F.);
#2627=EDGE_CURVE('',#3560,#3561,#479,.T.);
#2628=EDGE_CURVE('',#3561,#3548,#4086,.T.);
#2629=EDGE_CURVE('',#3562,#3563,#4087,.T.);
#2630=EDGE_CURVE('',#3562,#3564,#480,.T.);
#2631=EDGE_CURVE('',#3565,#3564,#4088,.T.);
#2632=EDGE_CURVE('',#3565,#3566,#481,.T.);
#2633=EDGE_CURVE('',#3567,#3566,#4089,.T.);
#2634=EDGE_CURVE('',#3567,#3563,#482,.T.);
#2635=EDGE_CURVE('',#3568,#3569,#4090,.T.);
#2636=EDGE_CURVE('',#3568,#3570,#4091,.T.);
#2637=EDGE_CURVE('',#3570,#3571,#4092,.T.);
#2638=EDGE_CURVE('',#3569,#3571,#4093,.T.);
#2639=EDGE_CURVE('',#3572,#3573,#4094,.T.);
#2640=EDGE_CURVE('',#3574,#3573,#483,.F.);
#2641=EDGE_CURVE('',#3575,#3574,#4095,.T.);
#2642=EDGE_CURVE('',#3576,#3575,#484,.F.);
#2643=EDGE_CURVE('',#3576,#3577,#4096,.T.);
#2644=EDGE_CURVE('',#3572,#3577,#485,.F.);
#2645=EDGE_CURVE('',#3578,#3579,#4097,.T.);
#2646=EDGE_CURVE('',#3580,#3579,#486,.F.);
#2647=EDGE_CURVE('',#3581,#3580,#4098,.T.);
#2648=EDGE_CURVE('',#3582,#3581,#487,.F.);
#2649=EDGE_CURVE('',#3582,#3583,#4099,.T.);
#2650=EDGE_CURVE('',#3578,#3583,#488,.F.);
#2651=EDGE_CURVE('',#3584,#3585,#4100,.F.);
#2652=EDGE_CURVE('',#3585,#3586,#4101,.F.);
#2653=EDGE_CURVE('',#3586,#3587,#4102,.F.);
#2654=EDGE_CURVE('',#3587,#3588,#4103,.F.);
#2655=EDGE_CURVE('',#3588,#3589,#4104,.F.);
#2656=EDGE_CURVE('',#3589,#3590,#4105,.F.);
#2657=EDGE_CURVE('',#3591,#3590,#489,.T.);
#2658=EDGE_CURVE('',#3592,#3591,#490,.T.);
#2659=EDGE_CURVE('',#3584,#3592,#271,.F.);
#2660=EDGE_CURVE('',#3593,#3594,#4106,.F.);
#2661=EDGE_CURVE('',#3594,#3595,#4107,.F.);
#2662=EDGE_CURVE('',#3595,#3596,#4108,.F.);
#2663=EDGE_CURVE('',#3596,#3597,#4109,.F.);
#2664=EDGE_CURVE('',#3597,#3598,#4110,.F.);
#2665=EDGE_CURVE('',#3598,#3599,#4111,.F.);
#2666=EDGE_CURVE('',#3599,#3600,#4112,.F.);
#2667=EDGE_CURVE('',#3601,#3600,#272,.F.);
#2668=EDGE_CURVE('',#3602,#3601,#273,.F.);
#2669=EDGE_CURVE('',#3603,#3602,#274,.F.);
#2670=EDGE_CURVE('',#3604,#3603,#275,.F.);
#2671=EDGE_CURVE('',#3605,#3604,#276,.F.);
#2672=EDGE_CURVE('',#3606,#3605,#277,.F.);
#2673=EDGE_CURVE('',#3606,#3607,#4113,.F.);
#2674=EDGE_CURVE('',#3608,#3607,#278,.F.);
#2675=EDGE_CURVE('',#3609,#3608,#491,.T.);
#2676=EDGE_CURVE('',#3610,#3609,#279,.F.);
#2677=EDGE_CURVE('',#3611,#3610,#280,.F.);
#2678=EDGE_CURVE('',#3612,#3611,#492,.T.);
#2679=EDGE_CURVE('',#3613,#3612,#281,.F.);
#2680=EDGE_CURVE('',#3593,#3613,#282,.F.);
#2681=EDGE_CURVE('',#3614,#3615,#283,.F.);
#2682=EDGE_CURVE('',#3616,#3614,#284,.F.);
#2683=EDGE_CURVE('',#3617,#3616,#285,.F.);
#2684=EDGE_CURVE('',#3618,#3617,#286,.F.);
#2685=EDGE_CURVE('',#3619,#3618,#287,.F.);
#2686=EDGE_CURVE('',#3620,#3619,#288,.F.);
#2687=EDGE_CURVE('',#3621,#3620,#289,.F.);
#2688=EDGE_CURVE('',#3622,#3621,#290,.F.);
#2689=EDGE_CURVE('',#3623,#3622,#291,.F.);
#2690=EDGE_CURVE('',#3624,#3623,#292,.F.);
#2691=EDGE_CURVE('',#3625,#3624,#293,.F.);
#2692=EDGE_CURVE('',#3626,#3625,#294,.F.);
#2693=EDGE_CURVE('',#3627,#3626,#295,.F.);
#2694=EDGE_CURVE('',#3628,#3627,#296,.F.);
#2695=EDGE_CURVE('',#3629,#3628,#297,.F.);
#2696=EDGE_CURVE('',#3615,#3629,#298,.F.);
#2697=EDGE_CURVE('',#3630,#3631,#4114,.T.);
#2698=EDGE_CURVE('',#3630,#3632,#4115,.T.);
#2699=EDGE_CURVE('',#3632,#3633,#4116,.F.);
#2700=EDGE_CURVE('',#3633,#3527,#4117,.T.);
#2701=EDGE_CURVE('',#3526,#3634,#4118,.F.);
#2702=EDGE_CURVE('',#3634,#3635,#4119,.F.);
#2703=EDGE_CURVE('',#3635,#3636,#4120,.F.);
#2704=EDGE_CURVE('',#3637,#3636,#4121,.T.);
#2705=EDGE_CURVE('',#3637,#3638,#4122,.T.);
#2706=EDGE_CURVE('',#3638,#3639,#4123,.F.);
#2707=EDGE_CURVE('',#3639,#3631,#4124,.F.);
#2708=EDGE_CURVE('',#3640,#3641,#299,.F.);
#2709=EDGE_CURVE('',#3642,#3640,#300,.F.);
#2710=EDGE_CURVE('',#3643,#3642,#301,.F.);
#2711=EDGE_CURVE('',#3644,#3643,#302,.F.);
#2712=EDGE_CURVE('',#3645,#3644,#303,.F.);
#2713=EDGE_CURVE('',#3646,#3645,#304,.F.);
#2714=EDGE_CURVE('',#3647,#3646,#305,.F.);
#2715=EDGE_CURVE('',#3648,#3647,#306,.F.);
#2716=EDGE_CURVE('',#3641,#3648,#307,.F.);
#2717=EDGE_CURVE('',#3649,#3650,#4125,.T.);
#2718=EDGE_CURVE('',#3649,#3651,#4126,.T.);
#2719=EDGE_CURVE('',#3651,#3652,#4127,.T.);
#2720=EDGE_CURVE('',#3650,#3652,#4128,.T.);
#2721=EDGE_CURVE('',#3653,#3654,#4129,.T.);
#2722=EDGE_CURVE('',#3654,#3655,#493,.T.);
#2723=EDGE_CURVE('',#3655,#3656,#4130,.T.);
#2724=EDGE_CURVE('',#3657,#3656,#4131,.T.);
#2725=EDGE_CURVE('',#3658,#3657,#4132,.T.);
#2726=EDGE_CURVE('',#3658,#3659,#494,.T.);
#2727=EDGE_CURVE('',#3660,#3659,#4133,.T.);
#2728=EDGE_CURVE('',#3661,#3660,#4134,.T.);
#2729=EDGE_CURVE('',#3661,#3662,#4135,.T.);
#2730=EDGE_CURVE('',#3662,#3663,#4136,.T.);
#2731=EDGE_CURVE('',#3663,#3664,#4137,.T.);
#2732=EDGE_CURVE('',#3664,#3665,#4138,.T.);
#2733=EDGE_CURVE('',#3666,#3665,#4139,.T.);
#2734=EDGE_CURVE('',#3666,#3653,#4140,.T.);
#2735=EDGE_CURVE('',#3667,#3668,#4141,.T.);
#2736=EDGE_CURVE('',#3668,#3669,#4142,.F.);
#2737=EDGE_CURVE('',#3669,#3670,#4143,.T.);
#2738=EDGE_CURVE('',#3670,#3671,#4144,.F.);
#2739=EDGE_CURVE('',#3671,#3672,#4145,.T.);
#2740=EDGE_CURVE('',#3672,#3673,#495,.T.);
#2741=EDGE_CURVE('',#3673,#3667,#4146,.T.);
#2742=EDGE_CURVE('',#3674,#3675,#4147,.T.);
#2743=EDGE_CURVE('',#3674,#3676,#4148,.T.);
#2744=EDGE_CURVE('',#3676,#3677,#4149,.T.);
#2745=EDGE_CURVE('',#3677,#3675,#4150,.T.);
#2746=EDGE_CURVE('',#3678,#3679,#4151,.T.);
#2747=EDGE_CURVE('',#3679,#3662,#4152,.T.);
#2748=EDGE_CURVE('',#3678,#3661,#4153,.T.);
#2749=EDGE_CURVE('',#3680,#3665,#4154,.T.);
#2750=EDGE_CURVE('',#3681,#3680,#4155,.T.);
#2751=EDGE_CURVE('',#3681,#3666,#4156,.T.);
#2752=EDGE_CURVE('',#3682,#3683,#4157,.F.);
#2753=EDGE_CURVE('',#3683,#3684,#4158,.T.);
#2754=EDGE_CURVE('',#3684,#3685,#4159,.T.);
#2755=EDGE_CURVE('',#3685,#3682,#4160,.T.);
#2756=EDGE_CURVE('',#3686,#3687,#4161,.T.);
#2757=EDGE_CURVE('',#3686,#3688,#496,.T.);
#2758=EDGE_CURVE('',#3689,#3688,#4162,.T.);
#2759=EDGE_CURVE('',#3690,#3689,#4163,.T.);
#2760=EDGE_CURVE('',#3690,#3691,#4164,.T.);
#2761=EDGE_CURVE('',#3691,#3692,#497,.T.);
#2762=EDGE_CURVE('',#3692,#3693,#4165,.T.);
#2763=EDGE_CURVE('',#3694,#3693,#4166,.T.);
#2764=EDGE_CURVE('',#3695,#3694,#4167,.T.);
#2765=EDGE_CURVE('',#3695,#3696,#231,.F.);
#2766=EDGE_CURVE('',#3696,#3697,#4168,.T.);
#2767=EDGE_CURVE('',#3697,#3698,#4169,.F.);
#2768=EDGE_CURVE('',#3698,#3699,#4170,.T.);
#2769=EDGE_CURVE('',#3699,#3700,#232,.F.);
#2770=EDGE_CURVE('',#3700,#3701,#4171,.T.);
#2771=EDGE_CURVE('',#3701,#3687,#4172,.T.);
#2772=EDGE_CURVE('',#3702,#3703,#4173,.T.);
#2773=EDGE_CURVE('',#3703,#3704,#4174,.F.);
#2774=EDGE_CURVE('',#3704,#3705,#498,.T.);
#2775=EDGE_CURVE('',#3705,#3706,#4175,.T.);
#2776=EDGE_CURVE('',#3706,#3707,#4176,.T.);
#2777=EDGE_CURVE('',#3707,#3708,#4177,.T.);
#2778=EDGE_CURVE('',#3708,#3702,#4178,.T.);
#2779=EDGE_CURVE('',#3709,#3710,#499,.T.);
#2780=EDGE_CURVE('',#3710,#3711,#4179,.F.);
#2781=EDGE_CURVE('',#3711,#3712,#4180,.T.);
#2782=EDGE_CURVE('',#3712,#3713,#4181,.F.);
#2783=EDGE_CURVE('',#3713,#3714,#4182,.F.);
#2784=EDGE_CURVE('',#3714,#3715,#4183,.T.);
#2785=EDGE_CURVE('',#3715,#3709,#4184,.F.);
#2786=EDGE_CURVE('',#3716,#3717,#4185,.F.);
#2787=EDGE_CURVE('',#3717,#3718,#4186,.T.);
#2788=EDGE_CURVE('',#3718,#3719,#4187,.F.);
#2789=EDGE_CURVE('',#3512,#3719,#4188,.T.);
#2790=EDGE_CURVE('',#3513,#3720,#4189,.T.);
#2791=EDGE_CURVE('',#3720,#3721,#4190,.F.);
#2792=EDGE_CURVE('',#3721,#3716,#4191,.F.);
#2793=EDGE_CURVE('',#3722,#3723,#4192,.F.);
#2794=EDGE_CURVE('',#3723,#3724,#4193,.T.);
#2795=EDGE_CURVE('',#3725,#3724,#4194,.T.);
#2796=EDGE_CURVE('',#3725,#3726,#4195,.T.);
#2797=EDGE_CURVE('',#3726,#3727,#500,.T.);
#2798=EDGE_CURVE('',#3727,#3728,#4196,.F.);
#2799=EDGE_CURVE('',#3728,#3722,#4197,.F.);
#2800=EDGE_CURVE('',#3729,#3730,#4198,.T.);
#2801=EDGE_CURVE('',#3729,#3731,#4199,.T.);
#2802=EDGE_CURVE('',#3731,#3732,#4200,.T.);
#2803=EDGE_CURVE('',#3730,#3732,#4201,.T.);
#2804=EDGE_CURVE('',#3733,#3734,#501,.T.);
#2805=EDGE_CURVE('',#3733,#3735,#4202,.T.);
#2806=EDGE_CURVE('',#3736,#3735,#502,.T.);
#2807=EDGE_CURVE('',#3736,#3737,#4203,.T.);
#2808=EDGE_CURVE('',#3738,#3737,#503,.T.);
#2809=EDGE_CURVE('',#3734,#3738,#4204,.T.);
#2810=EDGE_CURVE('',#3739,#3740,#504,.T.);
#2811=EDGE_CURVE('',#3739,#3741,#4205,.T.);
#2812=EDGE_CURVE('',#3742,#3741,#505,.T.);
#2813=EDGE_CURVE('',#3743,#3742,#4206,.T.);
#2814=EDGE_CURVE('',#3744,#3743,#506,.T.);
#2815=EDGE_CURVE('',#3740,#3744,#4207,.T.);
#2816=EDGE_CURVE('',#3688,#3475,#4208,.F.);
#2817=EDGE_CURVE('',#3689,#3474,#4209,.T.);
#2818=EDGE_CURVE('',#3472,#3691,#4210,.T.);
#2819=EDGE_CURVE('',#3690,#3473,#4211,.T.);
#2820=EDGE_CURVE('',#3745,#3746,#4212,.T.);
#2821=EDGE_CURVE('',#3745,#3747,#4213,.T.);
#2822=EDGE_CURVE('',#3747,#3748,#4214,.T.);
#2823=EDGE_CURVE('',#3746,#3748,#4215,.T.);
#2824=EDGE_CURVE('',#3749,#3750,#4216,.T.);
#2825=EDGE_CURVE('',#3750,#3751,#4217,.T.);
#2826=EDGE_CURVE('',#3752,#3751,#4218,.T.);
#2827=EDGE_CURVE('',#3749,#3752,#4219,.T.);
#2828=EDGE_CURVE('',#3753,#3754,#4220,.T.);
#2829=EDGE_CURVE('',#3753,#3755,#4221,.T.);
#2830=EDGE_CURVE('',#3755,#3756,#4222,.T.);
#2831=EDGE_CURVE('',#3754,#3756,#4223,.T.);
#2832=EDGE_CURVE('',#3757,#3758,#4224,.T.);
#2833=EDGE_CURVE('',#3757,#3759,#4225,.T.);
#2834=EDGE_CURVE('',#3759,#3760,#4226,.T.);
#2835=EDGE_CURVE('',#3758,#3760,#4227,.T.);
#2836=EDGE_CURVE('',#3732,#3761,#4228,.T.);
#2837=EDGE_CURVE('',#3761,#3762,#4229,.T.);
#2838=EDGE_CURVE('',#3762,#3730,#4230,.T.);
#2839=EDGE_CURVE('',#3692,#3471,#4231,.F.);
#2840=EDGE_CURVE('',#3470,#3693,#4232,.T.);
#2841=EDGE_CURVE('',#3749,#3677,#4233,.T.);
#2842=EDGE_CURVE('',#3752,#3675,#4234,.T.);
#2843=EDGE_CURVE('',#3463,#3654,#4235,.T.);
#2844=EDGE_CURVE('',#3464,#3653,#4236,.T.);
#2845=EDGE_CURVE('',#3763,#3729,#4237,.T.);
#2846=EDGE_CURVE('',#3763,#3764,#4238,.F.);
#2847=EDGE_CURVE('',#3731,#3764,#4239,.T.);
#2848=EDGE_CURVE('',#3765,#3766,#4240,.F.);
#2849=EDGE_CURVE('',#3766,#3767,#4241,.F.);
#2850=EDGE_CURVE('',#3757,#3767,#4242,.T.);
#2851=EDGE_CURVE('',#3768,#3758,#4243,.T.);
#2852=EDGE_CURVE('',#3769,#3768,#4244,.T.);
#2853=EDGE_CURVE('',#3770,#3769,#4245,.T.);
#2854=EDGE_CURVE('',#3770,#3725,#4246,.T.);
#2855=EDGE_CURVE('',#3724,#3771,#507,.F.);
#2856=EDGE_CURVE('',#3569,#3771,#4247,.T.);
#2857=EDGE_CURVE('',#3571,#3772,#4248,.T.);
#2858=EDGE_CURVE('',#3772,#3773,#233,.F.);
#2859=EDGE_CURVE('',#3773,#3774,#4249,.T.);
#2860=EDGE_CURVE('',#3774,#3775,#234,.F.);
#2861=EDGE_CURVE('',#3776,#3775,#4250,.T.);
#2862=EDGE_CURVE('',#3777,#3776,#4251,.T.);
#2863=EDGE_CURVE('',#3777,#3765,#4252,.F.);
#2864=EDGE_CURVE('',#3778,#3778,#508,.T.);
#2865=EDGE_CURVE('',#3779,#3780,#4253,.F.);
#2866=EDGE_CURVE('',#3780,#3781,#4254,.T.);
#2867=EDGE_CURVE('',#3781,#3782,#4255,.F.);
#2868=EDGE_CURVE('',#3782,#3529,#4256,.T.);
#2869=EDGE_CURVE('',#3528,#3783,#4257,.F.);
#2870=EDGE_CURVE('',#3783,#3784,#4258,.F.);
#2871=EDGE_CURVE('',#3784,#3779,#4259,.F.);
#2872=EDGE_CURVE('',#3785,#3786,#4260,.T.);
#2873=EDGE_CURVE('',#3786,#3787,#4261,.F.);
#2874=EDGE_CURVE('',#3787,#3788,#4262,.F.);
#2875=EDGE_CURVE('',#3788,#3789,#4263,.T.);
#2876=EDGE_CURVE('',#3789,#3525,#4264,.T.);
#2877=EDGE_CURVE('',#3524,#3790,#4265,.F.);
#2878=EDGE_CURVE('',#3790,#3785,#4266,.T.);
#2879=EDGE_CURVE('',#3791,#3792,#4267,.T.);
#2880=EDGE_CURVE('',#3792,#3793,#4268,.F.);
#2881=EDGE_CURVE('',#3793,#3794,#4269,.T.);
#2882=EDGE_CURVE('',#3570,#3794,#4270,.T.);
#2883=EDGE_CURVE('',#3568,#3795,#4271,.T.);
#2884=EDGE_CURVE('',#3795,#3796,#4272,.T.);
#2885=EDGE_CURVE('',#3796,#3791,#4273,.T.);
#2886=EDGE_CURVE('',#3522,#3797,#4274,.F.);
#2887=EDGE_CURVE('',#3797,#3798,#4275,.T.);
#2888=EDGE_CURVE('',#3798,#3799,#4276,.T.);
#2889=EDGE_CURVE('',#3800,#3799,#4277,.T.);
#2890=EDGE_CURVE('',#3800,#3801,#4278,.T.);
#2891=EDGE_CURVE('',#3801,#3802,#4279,.T.);
#2892=EDGE_CURVE('',#3802,#3803,#4280,.T.);
#2893=EDGE_CURVE('',#3803,#3804,#4281,.T.);
#2894=EDGE_CURVE('',#3804,#3805,#4282,.F.);
#2895=EDGE_CURVE('',#3805,#3806,#4283,.F.);
#2896=EDGE_CURVE('',#3806,#3776,#4284,.T.);
#2897=EDGE_CURVE('',#3775,#3807,#4285,.F.);
#2898=EDGE_CURVE('',#3807,#3808,#4286,.T.);
#2899=EDGE_CURVE('',#3808,#3523,#4287,.T.);
#2900=EDGE_CURVE('',#3459,#3658,#4288,.T.);
#2901=EDGE_CURVE('',#3460,#3657,#4289,.T.);
#2902=EDGE_CURVE('',#3655,#3462,#4290,.F.);
#2903=EDGE_CURVE('',#3461,#3656,#4291,.T.);
#2904=EDGE_CURVE('',#3764,#3761,#4292,.F.);
#2905=EDGE_CURVE('',#3540,#3437,#4293,.F.);
#2906=EDGE_CURVE('',#3438,#3539,#4294,.T.);
#2907=EDGE_CURVE('',#3436,#3541,#4295,.T.);
#2908=EDGE_CURVE('',#3542,#3435,#4296,.F.);
#2909=EDGE_CURVE('',#3440,#3537,#4297,.T.);
#2910=EDGE_CURVE('',#3538,#3439,#4298,.F.);
#2911=EDGE_CURVE('',#3544,#3433,#4299,.T.);
#2912=EDGE_CURVE('',#3434,#3543,#4300,.T.);
#2913=EDGE_CURVE('',#3536,#3441,#4301,.T.);
#2914=EDGE_CURVE('',#3429,#3535,#4302,.F.);
#2915=EDGE_CURVE('',#3546,#3431,#4303,.T.);
#2916=EDGE_CURVE('',#3432,#3545,#4304,.F.);
#2917=EDGE_CURVE('',#3430,#3547,#4305,.T.);
#2918=EDGE_CURVE('',#3534,#3428,#4306,.F.);
#2919=EDGE_CURVE('',#3556,#3421,#4307,.F.);
#2920=EDGE_CURVE('',#3422,#3555,#4308,.T.);
#2921=EDGE_CURVE('',#3424,#3553,#4309,.T.);
#2922=EDGE_CURVE('',#3554,#3423,#4310,.F.);
#2923=EDGE_CURVE('',#3552,#3425,#4311,.F.);
#2924=EDGE_CURVE('',#3426,#3551,#4312,.F.);
#2925=EDGE_CURVE('',#3420,#3557,#4313,.T.);
#2926=EDGE_CURVE('',#3558,#3419,#4314,.F.);
#2927=EDGE_CURVE('',#3560,#3417,#4315,.T.);
#2928=EDGE_CURVE('',#3418,#3559,#4316,.F.);
#2929=EDGE_CURVE('',#3550,#3427,#4317,.T.);
#2930=EDGE_CURVE('',#3415,#3549,#4318,.F.);
#2931=EDGE_CURVE('',#3548,#3414,#4319,.T.);
#2932=EDGE_CURVE('',#3416,#3561,#4320,.F.);
#2933=EDGE_CURVE('',#3413,#3564,#4321,.T.);
#2934=EDGE_CURVE('',#3565,#3412,#4322,.F.);
#2935=EDGE_CURVE('',#3411,#3566,#4323,.T.);
#2936=EDGE_CURVE('',#3567,#3410,#4324,.F.);
#2937=EDGE_CURVE('',#3409,#3563,#4325,.T.);
#2938=EDGE_CURVE('',#3562,#3408,#4326,.F.);
#2939=EDGE_CURVE('',#3516,#3446,#4327,.F.);
#2940=EDGE_CURVE('',#3448,#3521,#4328,.T.);
#2941=EDGE_CURVE('',#3518,#3451,#4329,.F.);
#2942=EDGE_CURVE('',#3447,#3517,#4330,.T.);
#2943=EDGE_CURVE('',#3520,#3449,#4331,.F.);
#2944=EDGE_CURVE('',#3450,#3519,#4332,.T.);
#2945=EDGE_CURVE('',#3719,#3809,#4333,.T.);
#2946=EDGE_CURVE('',#3514,#3809,#4334,.T.);
#2947=EDGE_CURVE('',#3810,#3810,#509,.F.);
#2948=EDGE_CURVE('',#3811,#3812,#4335,.T.);
#2949=EDGE_CURVE('',#3811,#3813,#4336,.T.);
#2950=EDGE_CURVE('',#3813,#3814,#4337,.F.);
#2951=EDGE_CURVE('',#3814,#3815,#4338,.T.);
#2952=EDGE_CURVE('',#3815,#3800,#4339,.T.);
#2953=EDGE_CURVE('',#3799,#3816,#235,.T.);
#2954=EDGE_CURVE('',#3816,#3817,#4340,.T.);
#2955=EDGE_CURVE('',#3817,#3818,#236,.T.);
#2956=EDGE_CURVE('',#3515,#3818,#4341,.T.);
#2957=EDGE_CURVE('',#3809,#3668,#510,.T.);
#2958=EDGE_CURVE('',#3667,#3819,#4342,.F.);
#2959=EDGE_CURVE('',#3819,#3820,#4343,.T.);
#2960=EDGE_CURVE('',#3820,#3821,#4344,.T.);
#2961=EDGE_CURVE('',#3821,#3822,#4345,.T.);
#2962=EDGE_CURVE('',#3812,#3822,#4346,.T.);
#2963=EDGE_CURVE('',#3818,#3823,#4347,.T.);
#2964=EDGE_CURVE('',#3823,#3720,#4348,.F.);
#2965=EDGE_CURVE('',#3771,#3795,#4349,.F.);
#2966=EDGE_CURVE('',#3794,#3824,#4350,.T.);
#2967=EDGE_CURVE('',#3824,#3772,#4351,.F.);
#2968=EDGE_CURVE('',#3751,#3753,#4352,.T.);
#2969=EDGE_CURVE('',#3825,#3754,#4353,.T.);
#2970=EDGE_CURVE('',#3825,#3674,#4354,.T.);
#2971=EDGE_CURVE('',#3750,#3759,#4355,.T.);
#2972=EDGE_CURVE('',#3826,#3676,#4356,.T.);
#2973=EDGE_CURVE('',#3826,#3760,#4357,.T.);
#2974=EDGE_CURVE('',#3755,#3827,#4358,.T.);
#2975=EDGE_CURVE('',#3827,#3465,#4359,.T.);
#2976=EDGE_CURVE('',#3681,#3756,#4360,.T.);
#2977=EDGE_CURVE('',#3828,#3829,#4361,.T.);
#2978=EDGE_CURVE('',#3829,#3830,#4362,.T.);
#2979=EDGE_CURVE('',#3830,#3695,#4363,.F.);
#2980=EDGE_CURVE('',#3469,#3694,#4364,.T.);
#2981=EDGE_CURVE('',#3468,#3828,#4365,.T.);
#2982=EDGE_CURVE('',#3476,#3686,#4366,.T.);
#2983=EDGE_CURVE('',#3477,#3687,#4367,.T.);
#2984=EDGE_CURVE('',#3659,#3458,#4368,.F.);
#2985=EDGE_CURVE('',#3457,#3660,#4369,.T.);
#2986=EDGE_CURVE('',#3456,#3831,#4370,.F.);
#2987=EDGE_CURVE('',#3832,#3831,#4371,.T.);
#2988=EDGE_CURVE('',#3832,#3833,#4372,.T.);
#2989=EDGE_CURVE('',#3678,#3833,#4373,.T.);
#2990=EDGE_CURVE('',#3832,#3834,#4374,.T.);
#2991=EDGE_CURVE('',#3834,#3835,#4375,.T.);
#2992=EDGE_CURVE('',#3835,#3833,#4376,.T.);
#2993=EDGE_CURVE('',#3746,#3652,#4377,.T.);
#2994=EDGE_CURVE('',#3836,#3651,#4378,.T.);
#2995=EDGE_CURVE('',#3836,#3835,#4379,.T.);
#2996=EDGE_CURVE('',#3745,#3834,#4380,.T.);
#2997=EDGE_CURVE('',#3748,#3650,#4381,.T.);
#2998=EDGE_CURVE('',#3747,#3837,#4382,.T.);
#2999=EDGE_CURVE('',#3837,#3838,#4383,.T.);
#3000=EDGE_CURVE('',#3839,#3838,#4384,.T.);
#3001=EDGE_CURVE('',#3839,#3649,#4385,.T.);
#3002=EDGE_CURVE('',#3837,#3812,#4386,.T.);
#3003=EDGE_CURVE('',#3822,#3838,#4387,.T.);
#3004=EDGE_CURVE('',#3700,#3840,#4388,.T.);
#3005=EDGE_CURVE('',#3840,#3841,#4389,.F.);
#3006=EDGE_CURVE('',#3842,#3841,#4390,.T.);
#3007=EDGE_CURVE('',#3842,#3453,#4391,.F.);
#3008=EDGE_CURVE('',#3452,#3701,#4392,.T.);
#3009=EDGE_CURVE('',#3834,#3837,#4393,.T.);
#3010=EDGE_CURVE('',#3843,#3844,#4394,.T.);
#3011=EDGE_CURVE('',#3843,#3455,#4395,.T.);
#3012=EDGE_CURVE('',#3454,#3844,#4396,.F.);
#3013=EDGE_CURVE('',#3831,#3843,#511,.T.);
#3014=EDGE_CURVE('',#3844,#3811,#512,.T.);
#3015=EDGE_CURVE('',#3759,#3753,#4397,.T.);
#3016=EDGE_CURVE('',#3466,#3845,#4398,.F.);
#3017=EDGE_CURVE('',#3846,#3845,#4399,.T.);
#3018=EDGE_CURVE('',#3846,#3467,#4400,.T.);
#3019=EDGE_CURVE('',#3845,#3827,#513,.T.);
#3020=EDGE_CURVE('',#3767,#3846,#514,.T.);
#3021=EDGE_CURVE('',#3847,#3847,#515,.T.);
#3022=EDGE_CURVE('',#3848,#3848,#516,.T.);
#3023=EDGE_CURVE('',#3849,#3849,#517,.T.);
#3024=EDGE_CURVE('',#3850,#3850,#518,.T.);
#3025=EDGE_CURVE('',#3826,#3768,#4401,.T.);
#3026=EDGE_CURVE('',#3679,#3836,#4402,.T.);
#3027=EDGE_CURVE('',#3839,#3821,#4403,.T.);
#3028=EDGE_CURVE('',#3680,#3825,#4404,.T.);
#3029=EDGE_CURVE('',#3851,#3851,#519,.T.);
#3030=EDGE_CURVE('',#3852,#3852,#520,.T.);
#3031=EDGE_CURVE('',#3853,#3853,#521,.T.);
#3032=EDGE_CURVE('',#3854,#3854,#522,.T.);
#3033=EDGE_CURVE('',#3856,#3856,#523,.T.);
#3034=EDGE_CURVE('',#3857,#3857,#524,.T.);
#3035=EDGE_CURVE('',#3858,#3858,#525,.T.);
#3036=EDGE_CURVE('',#3859,#3859,#526,.T.);
#3037=EDGE_CURVE('',#3860,#3860,#527,.T.);
#3038=EDGE_CURVE('',#3862,#3862,#528,.T.);
#3039=EDGE_CURVE('',#3762,#3763,#4405,.F.);
#3040=EDGE_CURVE('',#3504,#3738,#4406,.F.);
#3041=EDGE_CURVE('',#3734,#3503,#4407,.F.);
#3042=EDGE_CURVE('',#3737,#3505,#4408,.T.);
#3043=EDGE_CURVE('',#3506,#3736,#4409,.F.);
#3044=EDGE_CURVE('',#3735,#3507,#4410,.T.);
#3045=EDGE_CURVE('',#3502,#3733,#4411,.T.);
#3046=EDGE_CURVE('',#3499,#3744,#4412,.F.);
#3047=EDGE_CURVE('',#3740,#3498,#4413,.T.);
#3048=EDGE_CURVE('',#3501,#3742,#4414,.T.);
#3049=EDGE_CURVE('',#3743,#3500,#4415,.T.);
#3050=EDGE_CURVE('',#3741,#3497,#4416,.F.);
#3051=EDGE_CURVE('',#3496,#3739,#4417,.F.);
#3052=EDGE_CURVE('',#3863,#3864,#4418,.T.);
#3053=EDGE_CURVE('',#3864,#3865,#4419,.T.);
#3054=EDGE_CURVE('',#3866,#3865,#4420,.T.);
#3055=EDGE_CURVE('',#3866,#3863,#4421,.F.);
#3056=EDGE_CURVE('',#3867,#3868,#4422,.T.);
#3057=EDGE_CURVE('',#3867,#3866,#4423,.F.);
#3058=EDGE_CURVE('',#3865,#3868,#4424,.T.);
#3059=EDGE_CURVE('',#3868,#3869,#4425,.F.);
#3060=EDGE_CURVE('',#3869,#3870,#4426,.F.);
#3061=EDGE_CURVE('',#3870,#3867,#4427,.T.);
#3062=EDGE_CURVE('',#3871,#3872,#4428,.T.);
#3063=EDGE_CURVE('',#3872,#3873,#4429,.F.);
#3064=EDGE_CURVE('',#3874,#3873,#4430,.T.);
#3065=EDGE_CURVE('',#3874,#3871,#4431,.T.);
#3066=EDGE_CURVE('',#3875,#3876,#4432,.F.);
#3067=EDGE_CURVE('',#3876,#3877,#4433,.F.);
#3068=EDGE_CURVE('',#3877,#3878,#4434,.T.);
#3069=EDGE_CURVE('',#3878,#3875,#4435,.T.);
#3070=EDGE_CURVE('',#3873,#3878,#4436,.T.);
#3071=EDGE_CURVE('',#3877,#3874,#4437,.T.);
#3072=EDGE_CURVE('',#3879,#3880,#4438,.T.);
#3073=EDGE_CURVE('',#3879,#3881,#4439,.T.);
#3074=EDGE_CURVE('',#3881,#3882,#4440,.T.);
#3075=EDGE_CURVE('',#3882,#3880,#4441,.F.);
#3076=EDGE_CURVE('',#3883,#3883,#529,.F.);
#3077=EDGE_CURVE('',#3841,#3879,#530,.T.);
#3078=EDGE_CURVE('',#3880,#3801,#531,.T.);
#3079=EDGE_CURVE('',#3815,#3842,#532,.T.);
#3080=EDGE_CURVE('',#3884,#3885,#4442,.T.);
#3081=EDGE_CURVE('',#3885,#3886,#4443,.F.);
#3082=EDGE_CURVE('',#3886,#3887,#4444,.T.);
#3083=EDGE_CURVE('',#3887,#3884,#4445,.T.);
#3084=EDGE_CURVE('',#3888,#3888,#533,.F.);
#3085=EDGE_CURVE('',#3886,#3829,#534,.T.);
#3086=EDGE_CURVE('',#3828,#3777,#535,.T.);
#3087=EDGE_CURVE('',#3806,#3887,#536,.T.);
#3088=EDGE_CURVE('',#3881,#3699,#4446,.F.);
#3089=EDGE_CURVE('',#3698,#3882,#4447,.F.);
#3090=EDGE_CURVE('',#3696,#3885,#4448,.F.);
#3091=EDGE_CURVE('',#3884,#3697,#4449,.F.);
#3092=EDGE_CURVE('',#3711,#3774,#4450,.F.);
#3093=EDGE_CURVE('',#3773,#3712,#4451,.F.);
#3094=EDGE_CURVE('',#3702,#3817,#4452,.F.);
#3095=EDGE_CURVE('',#3816,#3703,#4453,.F.);
#3096=EDGE_CURVE('',#3889,#3680,#4454,.T.);
#3097=EDGE_CURVE('',#3889,#3769,#4455,.T.);
#3098=EDGE_CURVE('',#3664,#3890,#4456,.F.);
#3099=EDGE_CURVE('',#3890,#3889,#4457,.T.);
#3100=EDGE_CURVE('',#3891,#3891,#537,.F.);
#3101=EDGE_CURVE('',#3636,#3770,#538,.T.);
#3102=EDGE_CURVE('',#3890,#3637,#539,.T.);
#3103=EDGE_CURVE('',#3892,#3679,#4458,.T.);
#3104=EDGE_CURVE('',#3820,#3892,#4459,.T.);
#3105=EDGE_CURVE('',#3892,#3893,#4460,.T.);
#3106=EDGE_CURVE('',#3893,#3663,#4461,.T.);
#3107=EDGE_CURVE('',#3894,#3894,#540,.F.);
#3108=EDGE_CURVE('',#3819,#3630,#541,.T.);
#3109=EDGE_CURVE('',#3631,#3893,#542,.T.);
#3110=EDGE_CURVE('',#3896,#3896,#543,.T.);
#3111=EDGE_CURVE('',#3898,#3898,#544,.T.);
#3112=EDGE_CURVE('',#3900,#3900,#545,.T.);
#3113=EDGE_CURVE('',#3902,#3902,#546,.T.);
#3114=EDGE_CURVE('',#3903,#3615,#4462,.T.);
#3115=EDGE_CURVE('',#3903,#3904,#308,.T.);
#3116=EDGE_CURVE('',#3904,#3614,#4463,.T.);
#3117=EDGE_CURVE('',#3905,#3629,#4464,.T.);
#3118=EDGE_CURVE('',#3905,#3903,#309,.T.);
#3119=EDGE_CURVE('',#3906,#3628,#4465,.T.);
#3120=EDGE_CURVE('',#3906,#3905,#310,.T.);
#3121=EDGE_CURVE('',#3907,#3627,#4466,.T.);
#3122=EDGE_CURVE('',#3907,#3906,#311,.T.);
#3123=EDGE_CURVE('',#3908,#3626,#4467,.T.);
#3124=EDGE_CURVE('',#3908,#3907,#312,.T.);
#3125=EDGE_CURVE('',#3909,#3625,#4468,.T.);
#3126=EDGE_CURVE('',#3909,#3908,#313,.T.);
#3127=EDGE_CURVE('',#3910,#3624,#4469,.T.);
#3128=EDGE_CURVE('',#3910,#3909,#314,.T.);
#3129=EDGE_CURVE('',#3911,#3623,#4470,.T.);
#3130=EDGE_CURVE('',#3911,#3910,#315,.T.);
#3131=EDGE_CURVE('',#3912,#3622,#4471,.T.);
#3132=EDGE_CURVE('',#3912,#3911,#316,.T.);
#3133=EDGE_CURVE('',#3913,#3621,#4472,.T.);
#3134=EDGE_CURVE('',#3913,#3912,#317,.T.);
#3135=EDGE_CURVE('',#3914,#3620,#4473,.T.);
#3136=EDGE_CURVE('',#3914,#3913,#318,.T.);
#3137=EDGE_CURVE('',#3915,#3619,#4474,.T.);
#3138=EDGE_CURVE('',#3915,#3914,#319,.T.);
#3139=EDGE_CURVE('',#3916,#3618,#4475,.T.);
#3140=EDGE_CURVE('',#3916,#3915,#320,.T.);
#3141=EDGE_CURVE('',#3917,#3617,#4476,.T.);
#3142=EDGE_CURVE('',#3917,#3916,#321,.T.);
#3143=EDGE_CURVE('',#3918,#3616,#4477,.T.);
#3144=EDGE_CURVE('',#3918,#3917,#322,.T.);
#3145=EDGE_CURVE('',#3919,#3920,#323,.F.);
#3146=EDGE_CURVE('',#3921,#3920,#4478,.T.);
#3147=EDGE_CURVE('',#3921,#3922,#324,.T.);
#3148=EDGE_CURVE('',#3922,#3919,#4479,.T.);
#3149=EDGE_CURVE('',#3920,#3923,#325,.F.);
#3150=EDGE_CURVE('',#3924,#3923,#4480,.T.);
#3151=EDGE_CURVE('',#3924,#3921,#326,.T.);
#3152=EDGE_CURVE('',#3923,#3925,#327,.F.);
#3153=EDGE_CURVE('',#3926,#3925,#4481,.T.);
#3154=EDGE_CURVE('',#3926,#3924,#328,.T.);
#3155=EDGE_CURVE('',#3925,#3927,#329,.F.);
#3156=EDGE_CURVE('',#3928,#3927,#4482,.T.);
#3157=EDGE_CURVE('',#3928,#3926,#330,.T.);
#3158=EDGE_CURVE('',#3927,#3929,#331,.F.);
#3159=EDGE_CURVE('',#3930,#3929,#4483,.T.);
#3160=EDGE_CURVE('',#3930,#3928,#332,.T.);
#3161=EDGE_CURVE('',#3929,#3931,#333,.F.);
#3162=EDGE_CURVE('',#3932,#3931,#4484,.T.);
#3163=EDGE_CURVE('',#3932,#3930,#334,.T.);
#3164=EDGE_CURVE('',#3931,#3933,#335,.F.);
#3165=EDGE_CURVE('',#3934,#3933,#4485,.T.);
#3166=EDGE_CURVE('',#3934,#3932,#336,.T.);
#3167=EDGE_CURVE('',#3935,#3936,#337,.F.);
#3168=EDGE_CURVE('',#3937,#3936,#4486,.T.);
#3169=EDGE_CURVE('',#3937,#3938,#338,.T.);
#3170=EDGE_CURVE('',#3938,#3935,#4487,.T.);
#3171=EDGE_CURVE('',#3936,#3939,#339,.F.);
#3172=EDGE_CURVE('',#3940,#3939,#4488,.T.);
#3173=EDGE_CURVE('',#3940,#3937,#340,.T.);
#3174=EDGE_CURVE('',#3939,#3941,#341,.F.);
#3175=EDGE_CURVE('',#3942,#3941,#4489,.T.);
#3176=EDGE_CURVE('',#3942,#3940,#342,.T.);
#3177=EDGE_CURVE('',#3941,#3943,#343,.F.);
#3178=EDGE_CURVE('',#3944,#3943,#4490,.T.);
#3179=EDGE_CURVE('',#3944,#3942,#344,.T.);
#3180=EDGE_CURVE('',#3943,#3945,#345,.F.);
#3181=EDGE_CURVE('',#3946,#3945,#4491,.T.);
#3182=EDGE_CURVE('',#3946,#3944,#346,.T.);
#3183=EDGE_CURVE('',#3945,#3935,#347,.F.);
#3184=EDGE_CURVE('',#3938,#3946,#348,.T.);
#3185=EDGE_CURVE('',#3933,#3919,#547,.F.);
#3186=EDGE_CURVE('',#3922,#3934,#548,.T.);
#3187=EDGE_CURVE('',#3904,#3918,#349,.T.);
#3188=EDGE_CURVE('',#3947,#3641,#4492,.T.);
#3189=EDGE_CURVE('',#3947,#3948,#350,.T.);
#3190=EDGE_CURVE('',#3948,#3640,#4493,.T.);
#3191=EDGE_CURVE('',#3949,#3648,#4494,.T.);
#3192=EDGE_CURVE('',#3949,#3947,#351,.T.);
#3193=EDGE_CURVE('',#3950,#3647,#4495,.T.);
#3194=EDGE_CURVE('',#3950,#3949,#352,.T.);
#3195=EDGE_CURVE('',#3951,#3646,#4496,.T.);
#3196=EDGE_CURVE('',#3951,#3950,#353,.T.);
#3197=EDGE_CURVE('',#3952,#3645,#4497,.T.);
#3198=EDGE_CURVE('',#3952,#3951,#354,.T.);
#3199=EDGE_CURVE('',#3953,#3644,#4498,.T.);
#3200=EDGE_CURVE('',#3953,#3952,#355,.T.);
#3201=EDGE_CURVE('',#3954,#3643,#4499,.T.);
#3202=EDGE_CURVE('',#3954,#3953,#356,.T.);
#3203=EDGE_CURVE('',#3955,#3642,#4500,.T.);
#3204=EDGE_CURVE('',#3955,#3954,#357,.T.);
#3205=EDGE_CURVE('',#3956,#3957,#549,.F.);
#3206=EDGE_CURVE('',#3958,#3957,#4501,.T.);
#3207=EDGE_CURVE('',#3958,#3959,#550,.T.);
#3208=EDGE_CURVE('',#3959,#3956,#4502,.T.);
#3209=EDGE_CURVE('',#3957,#3960,#358,.F.);
#3210=EDGE_CURVE('',#3961,#3960,#4503,.T.);
#3211=EDGE_CURVE('',#3961,#3958,#359,.T.);
#3212=EDGE_CURVE('',#3960,#3962,#360,.F.);
#3213=EDGE_CURVE('',#3963,#3962,#4504,.T.);
#3214=EDGE_CURVE('',#3963,#3961,#361,.T.);
#3215=EDGE_CURVE('',#3962,#3964,#362,.F.);
#3216=EDGE_CURVE('',#3965,#3964,#4505,.T.);
#3217=EDGE_CURVE('',#3965,#3963,#363,.T.);
#3218=EDGE_CURVE('',#3964,#3966,#364,.F.);
#3219=EDGE_CURVE('',#3967,#3966,#4506,.T.);
#3220=EDGE_CURVE('',#3967,#3965,#365,.T.);
#3221=EDGE_CURVE('',#3966,#3968,#366,.F.);
#3222=EDGE_CURVE('',#3969,#3968,#4507,.T.);
#3223=EDGE_CURVE('',#3969,#3967,#367,.T.);
#3224=EDGE_CURVE('',#3968,#3970,#368,.F.);
#3225=EDGE_CURVE('',#3971,#3970,#4508,.T.);
#3226=EDGE_CURVE('',#3971,#3969,#369,.T.);
#3227=EDGE_CURVE('',#3970,#3972,#370,.F.);
#3228=EDGE_CURVE('',#3973,#3972,#4509,.T.);
#3229=EDGE_CURVE('',#3973,#3971,#371,.T.);
#3230=EDGE_CURVE('',#3972,#3974,#372,.F.);
#3231=EDGE_CURVE('',#3975,#3974,#4510,.T.);
#3232=EDGE_CURVE('',#3975,#3973,#373,.T.);
#3233=EDGE_CURVE('',#3974,#3956,#374,.F.);
#3234=EDGE_CURVE('',#3959,#3975,#375,.T.);
#3235=EDGE_CURVE('',#3948,#3955,#376,.T.);
#3236=EDGE_CURVE('',#3976,#3594,#4511,.T.);
#3237=EDGE_CURVE('',#3976,#3977,#4512,.F.);
#3238=EDGE_CURVE('',#3977,#3595,#4513,.T.);
#3239=EDGE_CURVE('',#3978,#3593,#4514,.T.);
#3240=EDGE_CURVE('',#3978,#3976,#4515,.T.);
#3241=EDGE_CURVE('',#3979,#3606,#4516,.T.);
#3242=EDGE_CURVE('',#3979,#3980,#4517,.T.);
#3243=EDGE_CURVE('',#3980,#3607,#4518,.T.);
#3244=EDGE_CURVE('',#3981,#3599,#4519,.T.);
#3245=EDGE_CURVE('',#3981,#3982,#4520,.T.);
#3246=EDGE_CURVE('',#3982,#3600,#4521,.T.);
#3247=EDGE_CURVE('',#3983,#3598,#4522,.T.);
#3248=EDGE_CURVE('',#3983,#3981,#4523,.T.);
#3249=EDGE_CURVE('',#3984,#3597,#4524,.T.);
#3250=EDGE_CURVE('',#3984,#3983,#4525,.F.);
#3251=EDGE_CURVE('',#3985,#3596,#4526,.T.);
#3252=EDGE_CURVE('',#3985,#3984,#4527,.T.);
#3253=EDGE_CURVE('',#3977,#3985,#4528,.T.);
#3254=EDGE_CURVE('',#3986,#3613,#4529,.T.);
#3255=EDGE_CURVE('',#3986,#3978,#377,.T.);
#3256=EDGE_CURVE('',#3987,#3612,#4530,.T.);
#3257=EDGE_CURVE('',#3987,#3986,#378,.T.);
#3258=EDGE_CURVE('',#3988,#3611,#4531,.T.);
#3259=EDGE_CURVE('',#3988,#3987,#551,.F.);
#3260=EDGE_CURVE('',#3989,#3610,#4532,.T.);
#3261=EDGE_CURVE('',#3989,#3988,#379,.T.);
#3262=EDGE_CURVE('',#3990,#3609,#4533,.T.);
#3263=EDGE_CURVE('',#3990,#3989,#380,.T.);
#3264=EDGE_CURVE('',#3991,#3608,#4534,.T.);
#3265=EDGE_CURVE('',#3991,#3990,#552,.F.);
#3266=EDGE_CURVE('',#3980,#3991,#381,.T.);
#3267=EDGE_CURVE('',#3992,#3605,#4535,.T.);
#3268=EDGE_CURVE('',#3992,#3979,#382,.T.);
#3269=EDGE_CURVE('',#3993,#3604,#4536,.T.);
#3270=EDGE_CURVE('',#3993,#3992,#383,.T.);
#3271=EDGE_CURVE('',#3994,#3603,#4537,.T.);
#3272=EDGE_CURVE('',#3994,#3993,#384,.T.);
#3273=EDGE_CURVE('',#3995,#3602,#4538,.T.);
#3274=EDGE_CURVE('',#3995,#3994,#385,.T.);
#3275=EDGE_CURVE('',#3996,#3601,#4539,.T.);
#3276=EDGE_CURVE('',#3996,#3995,#386,.T.);
#3277=EDGE_CURVE('',#3982,#3996,#387,.T.);
#3278=EDGE_CURVE('',#3997,#3585,#4540,.T.);
#3279=EDGE_CURVE('',#3997,#3998,#4541,.T.);
#3280=EDGE_CURVE('',#3998,#3586,#4542,.T.);
#3281=EDGE_CURVE('',#3999,#3584,#4543,.T.);
#3282=EDGE_CURVE('',#3999,#3997,#4544,.T.);
#3283=EDGE_CURVE('',#4000,#3589,#4545,.T.);
#3284=EDGE_CURVE('',#4000,#4001,#4546,.T.);
#3285=EDGE_CURVE('',#4001,#3590,#4547,.T.);
#3286=EDGE_CURVE('',#4002,#3588,#4548,.T.);
#3287=EDGE_CURVE('',#4002,#4000,#4549,.F.);
#3288=EDGE_CURVE('',#4003,#3587,#4550,.T.);
#3289=EDGE_CURVE('',#4003,#4002,#4551,.T.);
#3290=EDGE_CURVE('',#3998,#4003,#4552,.T.);
#3291=EDGE_CURVE('',#4004,#3592,#4553,.T.);
#3292=EDGE_CURVE('',#4004,#3999,#388,.T.);
#3293=EDGE_CURVE('',#4005,#3591,#4554,.T.);
#3294=EDGE_CURVE('',#4005,#4004,#553,.F.);
#3295=EDGE_CURVE('',#4001,#4005,#554,.F.);
#3296=EDGE_CURVE('',#3808,#3790,#555,.F.);
#3297=EDGE_CURVE('',#3789,#3634,#556,.F.);
#3298=EDGE_CURVE('',#3633,#3783,#557,.F.);
#3299=EDGE_CURVE('',#3782,#3797,#558,.F.);
#3300=EDGE_CURVE('',#3873,#3717,#237,.T.);
#3301=EDGE_CURVE('',#3716,#3878,#238,.F.);
#3302=EDGE_CURVE('',#3877,#3780,#239,.T.);
#3303=EDGE_CURVE('',#3779,#3874,#240,.F.);
#3304=EDGE_CURVE('',#3791,#3866,#241,.T.);
#3305=EDGE_CURVE('',#3867,#3792,#242,.F.);
#3306=EDGE_CURVE('',#3865,#3787,#243,.F.);
#3307=EDGE_CURVE('',#3786,#3868,#244,.T.);
#3308=EDGE_CURVE('',#3577,#3406,#4555,.T.);
#3309=EDGE_CURVE('',#3407,#3576,#4556,.F.);
#3310=EDGE_CURVE('',#3575,#3403,#4557,.T.);
#3311=EDGE_CURVE('',#3402,#3574,#4558,.F.);
#3312=EDGE_CURVE('',#3573,#3404,#4559,.T.);
#3313=EDGE_CURVE('',#3405,#3572,#4560,.F.);
#3314=EDGE_CURVE('',#3583,#3481,#4561,.T.);
#3315=EDGE_CURVE('',#3482,#3582,#4562,.F.);
#3316=EDGE_CURVE('',#3581,#3483,#4563,.T.);
#3317=EDGE_CURVE('',#3479,#3580,#4564,.F.);
#3318=EDGE_CURVE('',#3579,#3478,#4565,.T.);
#3319=EDGE_CURVE('',#3480,#3578,#4566,.F.);
#3320=EDGE_CURVE('',#3495,#3400,#4567,.T.);
#3321=EDGE_CURVE('',#3401,#3494,#4568,.F.);
#3322=EDGE_CURVE('',#3493,#3397,#4569,.T.);
#3323=EDGE_CURVE('',#3396,#3492,#4570,.F.);
#3324=EDGE_CURVE('',#3491,#3398,#4571,.T.);
#3325=EDGE_CURVE('',#3399,#3490,#4572,.F.);
#3326=EDGE_CURVE('',#3489,#3394,#4573,.T.);
#3327=EDGE_CURVE('',#3395,#3488,#4574,.F.);
#3328=EDGE_CURVE('',#3487,#3391,#4575,.T.);
#3329=EDGE_CURVE('',#3390,#3486,#4576,.F.);
#3330=EDGE_CURVE('',#3484,#3392,#4577,.T.);
#3331=EDGE_CURVE('',#3393,#3485,#4578,.F.);
#3332=EDGE_CURVE('',#3840,#3881,#245,.T.);
#3333=EDGE_CURVE('',#3885,#3830,#246,.T.);
#3334=EDGE_CURVE('',#3453,#3814,#247,.F.);
#3335=EDGE_CURVE('',#3454,#3813,#248,.F.);
#3336=EDGE_CURVE('',#3765,#3468,#249,.F.);
#3337=EDGE_CURVE('',#3766,#3467,#250,.T.);
#3338=EDGE_CURVE('',#3712,#3824,#251,.T.);
#3339=EDGE_CURVE('',#3713,#3794,#252,.T.);
#3340=EDGE_CURVE('',#3807,#3711,#253,.T.);
#3341=EDGE_CURVE('',#3793,#3870,#559,.T.);
#3342=EDGE_CURVE('',#3714,#3793,#560,.T.);
#3343=EDGE_CURVE('',#3808,#3710,#561,.T.);
#3344=EDGE_CURVE('',#3714,#3870,#562,.F.);
#3345=EDGE_CURVE('',#3790,#3709,#563,.T.);
#3346=EDGE_CURVE('',#3715,#3869,#564,.T.);
#3347=EDGE_CURVE('',#3785,#3715,#565,.T.);
#3348=EDGE_CURVE('',#3785,#3869,#566,.F.);
#3349=EDGE_CURVE('',#3725,#3635,#254,.F.);
#3350=EDGE_CURVE('',#3795,#3723,#255,.F.);
#3351=EDGE_CURVE('',#3726,#3634,#567,.T.);
#3352=EDGE_CURVE('',#3796,#3722,#568,.T.);
#3353=EDGE_CURVE('',#3863,#3796,#569,.T.);
#3354=EDGE_CURVE('',#3727,#3789,#570,.T.);
#3355=EDGE_CURVE('',#3863,#3722,#571,.F.);
#3356=EDGE_CURVE('',#3728,#3788,#572,.T.);
#3357=EDGE_CURVE('',#3864,#3728,#573,.T.);
#3358=EDGE_CURVE('',#3864,#3788,#574,.F.);
#3359=EDGE_CURVE('',#3823,#3702,#256,.F.);
#3360=EDGE_CURVE('',#3703,#3798,#257,.F.);
#3361=EDGE_CURVE('',#3720,#3708,#258,.F.);
#3362=EDGE_CURVE('',#3704,#3797,#575,.T.);
#3363=EDGE_CURVE('',#3721,#3707,#576,.T.);
#3364=EDGE_CURVE('',#3875,#3721,#577,.T.);
#3365=EDGE_CURVE('',#3705,#3782,#578,.T.);
#3366=EDGE_CURVE('',#3875,#3707,#579,.F.);
#3367=EDGE_CURVE('',#3706,#3781,#580,.T.);
#3368=EDGE_CURVE('',#3876,#3706,#581,.T.);
#3369=EDGE_CURVE('',#3876,#3781,#582,.F.);
#3370=EDGE_CURVE('',#3632,#3667,#259,.T.);
#3371=EDGE_CURVE('',#3633,#3673,#583,.T.);
#3372=EDGE_CURVE('',#3783,#3672,#584,.T.);
#3373=EDGE_CURVE('',#3784,#3671,#585,.T.);
#3374=EDGE_CURVE('',#3871,#3784,#586,.T.);
#3375=EDGE_CURVE('',#3669,#3719,#260,.T.);
#3376=EDGE_CURVE('',#3871,#3671,#587,.F.);
#3377=EDGE_CURVE('',#3670,#3718,#588,.T.);
#3378=EDGE_CURVE('',#3872,#3670,#589,.T.);
#3379=EDGE_CURVE('',#3872,#3718,#590,.F.);
#3380=EDGE_CURVE('',#3763,#3685,#261,.F.);
#3381=EDGE_CURVE('',#3682,#3762,#262,.F.);
#3382=EDGE_CURVE('',#3683,#3761,#263,.T.);
#3383=EDGE_CURVE('',#3764,#3684,#264,.F.);
#3384=EDGE_CURVE('',#3638,#3664,#265,.F.);
#3385=EDGE_CURVE('',#3639,#3663,#266,.T.);
#3386=EDGE_CURVE('',#3802,#3882,#267,.F.);
#3387=EDGE_CURVE('',#3803,#3698,#268,.F.);
#3388=EDGE_CURVE('',#3804,#3697,#269,.T.);
#3389=EDGE_CURVE('',#3805,#3884,#270,.F.);
#3390=VERTEX_POINT('',#8746);
#3391=VERTEX_POINT('',#8747);
#3392=VERTEX_POINT('',#8749);
#3393=VERTEX_POINT('',#8751);
#3394=VERTEX_POINT('',#8753);
#3395=VERTEX_POINT('',#8755);
#3396=VERTEX_POINT('',#8758);
#3397=VERTEX_POINT('',#8759);
#3398=VERTEX_POINT('',#8761);
#3399=VERTEX_POINT('',#8763);
#3400=VERTEX_POINT('',#8765);
#3401=VERTEX_POINT('',#8767);
#3402=VERTEX_POINT('',#8770);
#3403=VERTEX_POINT('',#8771);
#3404=VERTEX_POINT('',#8773);
#3405=VERTEX_POINT('',#8775);
#3406=VERTEX_POINT('',#8777);
#3407=VERTEX_POINT('',#8779);
#3408=VERTEX_POINT('',#8782);
#3409=VERTEX_POINT('',#8783);
#3410=VERTEX_POINT('',#8785);
#3411=VERTEX_POINT('',#8787);
#3412=VERTEX_POINT('',#8789);
#3413=VERTEX_POINT('',#8791);
#3414=VERTEX_POINT('',#8794);
#3415=VERTEX_POINT('',#8795);
#3416=VERTEX_POINT('',#8797);
#3417=VERTEX_POINT('',#8799);
#3418=VERTEX_POINT('',#8801);
#3419=VERTEX_POINT('',#8803);
#3420=VERTEX_POINT('',#8805);
#3421=VERTEX_POINT('',#8807);
#3422=VERTEX_POINT('',#8809);
#3423=VERTEX_POINT('',#8811);
#3424=VERTEX_POINT('',#8813);
#3425=VERTEX_POINT('',#8815);
#3426=VERTEX_POINT('',#8817);
#3427=VERTEX_POINT('',#8819);
#3428=VERTEX_POINT('',#8822);
#3429=VERTEX_POINT('',#8823);
#3430=VERTEX_POINT('',#8825);
#3431=VERTEX_POINT('',#8827);
#3432=VERTEX_POINT('',#8829);
#3433=VERTEX_POINT('',#8831);
#3434=VERTEX_POINT('',#8833);
#3435=VERTEX_POINT('',#8835);
#3436=VERTEX_POINT('',#8837);
#3437=VERTEX_POINT('',#8839);
#3438=VERTEX_POINT('',#8841);
#3439=VERTEX_POINT('',#8843);
#3440=VERTEX_POINT('',#8845);
#3441=VERTEX_POINT('',#8847);
#3442=VERTEX_POINT('',#8850);
#3443=VERTEX_POINT('',#8852);
#3444=VERTEX_POINT('',#8854);
#3445=VERTEX_POINT('',#8856);
#3446=VERTEX_POINT('',#8858);
#3447=VERTEX_POINT('',#8859);
#3448=VERTEX_POINT('',#8861);
#3449=VERTEX_POINT('',#8863);
#3450=VERTEX_POINT('',#8865);
#3451=VERTEX_POINT('',#8867);
#3452=VERTEX_POINT('',#8870);
#3453=VERTEX_POINT('',#8871);
#3454=VERTEX_POINT('',#8873);
#3455=VERTEX_POINT('',#8875);
#3456=VERTEX_POINT('',#8877);
#3457=VERTEX_POINT('',#8879);
#3458=VERTEX_POINT('',#8881);
#3459=VERTEX_POINT('',#8883);
#3460=VERTEX_POINT('',#8885);
#3461=VERTEX_POINT('',#8887);
#3462=VERTEX_POINT('',#8889);
#3463=VERTEX_POINT('',#8891);
#3464=VERTEX_POINT('',#8893);
#3465=VERTEX_POINT('',#8895);
#3466=VERTEX_POINT('',#8897);
#3467=VERTEX_POINT('',#8899);
#3468=VERTEX_POINT('',#8901);
#3469=VERTEX_POINT('',#8903);
#3470=VERTEX_POINT('',#8905);
#3471=VERTEX_POINT('',#8907);
#3472=VERTEX_POINT('',#8909);
#3473=VERTEX_POINT('',#8911);
#3474=VERTEX_POINT('',#8913);
#3475=VERTEX_POINT('',#8915);
#3476=VERTEX_POINT('',#8917);
#3477=VERTEX_POINT('',#8919);
#3478=VERTEX_POINT('',#8922);
#3479=VERTEX_POINT('',#8923);
#3480=VERTEX_POINT('',#8925);
#3481=VERTEX_POINT('',#8927);
#3482=VERTEX_POINT('',#8929);
#3483=VERTEX_POINT('',#8931);
#3484=VERTEX_POINT('',#8935);
#3485=VERTEX_POINT('',#8936);
#3486=VERTEX_POINT('',#8938);
#3487=VERTEX_POINT('',#8940);
#3488=VERTEX_POINT('',#8942);
#3489=VERTEX_POINT('',#8944);
#3490=VERTEX_POINT('',#8947);
#3491=VERTEX_POINT('',#8948);
#3492=VERTEX_POINT('',#8950);
#3493=VERTEX_POINT('',#8952);
#3494=VERTEX_POINT('',#8954);
#3495=VERTEX_POINT('',#8956);
#3496=VERTEX_POINT('',#8959);
#3497=VERTEX_POINT('',#8960);
#3498=VERTEX_POINT('',#8962);
#3499=VERTEX_POINT('',#8964);
#3500=VERTEX_POINT('',#8966);
#3501=VERTEX_POINT('',#8968);
#3502=VERTEX_POINT('',#8971);
#3503=VERTEX_POINT('',#8972);
#3504=VERTEX_POINT('',#8974);
#3505=VERTEX_POINT('',#8976);
#3506=VERTEX_POINT('',#8978);
#3507=VERTEX_POINT('',#8980);
#3508=VERTEX_POINT('',#8983);
#3509=VERTEX_POINT('',#8985);
#3510=VERTEX_POINT('',#8987);
#3511=VERTEX_POINT('',#8989);
#3512=VERTEX_POINT('',#8991);
#3513=VERTEX_POINT('',#8992);
#3514=VERTEX_POINT('',#8994);
#3515=VERTEX_POINT('',#8996);
#3516=VERTEX_POINT('',#8999);
#3517=VERTEX_POINT('',#9000);
#3518=VERTEX_POINT('',#9002);
#3519=VERTEX_POINT('',#9004);
#3520=VERTEX_POINT('',#9006);
#3521=VERTEX_POINT('',#9008);
#3522=VERTEX_POINT('',#9011);
#3523=VERTEX_POINT('',#9012);
#3524=VERTEX_POINT('',#9014);
#3525=VERTEX_POINT('',#9016);
#3526=VERTEX_POINT('',#9018);
#3527=VERTEX_POINT('',#9020);
#3528=VERTEX_POINT('',#9022);
#3529=VERTEX_POINT('',#9024);
#3530=VERTEX_POINT('',#9027);
#3531=VERTEX_POINT('',#9029);
#3532=VERTEX_POINT('',#9031);
#3533=VERTEX_POINT('',#9033);
#3534=VERTEX_POINT('',#9035);
#3535=VERTEX_POINT('',#9036);
#3536=VERTEX_POINT('',#9038);
#3537=VERTEX_POINT('',#9040);
#3538=VERTEX_POINT('',#9042);
#3539=VERTEX_POINT('',#9044);
#3540=VERTEX_POINT('',#9046);
#3541=VERTEX_POINT('',#9048);
#3542=VERTEX_POINT('',#9050);
#3543=VERTEX_POINT('',#9052);
#3544=VERTEX_POINT('',#9054);
#3545=VERTEX_POINT('',#9056);
#3546=VERTEX_POINT('',#9058);
#3547=VERTEX_POINT('',#9060);
#3548=VERTEX_POINT('',#9063);
#3549=VERTEX_POINT('',#9064);
#3550=VERTEX_POINT('',#9066);
#3551=VERTEX_POINT('',#9068);
#3552=VERTEX_POINT('',#9070);
#3553=VERTEX_POINT('',#9072);
#3554=VERTEX_POINT('',#9074);
#3555=VERTEX_POINT('',#9076);
#3556=VERTEX_POINT('',#9078);
#3557=VERTEX_POINT('',#9080);
#3558=VERTEX_POINT('',#9082);
#3559=VERTEX_POINT('',#9084);
#3560=VERTEX_POINT('',#9086);
#3561=VERTEX_POINT('',#9088);
#3562=VERTEX_POINT('',#9091);
#3563=VERTEX_POINT('',#9092);
#3564=VERTEX_POINT('',#9094);
#3565=VERTEX_POINT('',#9096);
#3566=VERTEX_POINT('',#9098);
#3567=VERTEX_POINT('',#9100);
#3568=VERTEX_POINT('',#9103);
#3569=VERTEX_POINT('',#9104);
#3570=VERTEX_POINT('',#9106);
#3571=VERTEX_POINT('',#9108);
#3572=VERTEX_POINT('',#9111);
#3573=VERTEX_POINT('',#9112);
#3574=VERTEX_POINT('',#9114);
#3575=VERTEX_POINT('',#9116);
#3576=VERTEX_POINT('',#9118);
#3577=VERTEX_POINT('',#9120);
#3578=VERTEX_POINT('',#9123);
#3579=VERTEX_POINT('',#9124);
#3580=VERTEX_POINT('',#9126);
#3581=VERTEX_POINT('',#9128);
#3582=VERTEX_POINT('',#9130);
#3583=VERTEX_POINT('',#9132);
#3584=VERTEX_POINT('',#9136);
#3585=VERTEX_POINT('',#9137);
#3586=VERTEX_POINT('',#9139);
#3587=VERTEX_POINT('',#9141);
#3588=VERTEX_POINT('',#9143);
#3589=VERTEX_POINT('',#9145);
#3590=VERTEX_POINT('',#9147);
#3591=VERTEX_POINT('',#9149);
#3592=VERTEX_POINT('',#9151);
#3593=VERTEX_POINT('',#9156);
#3594=VERTEX_POINT('',#9157);
#3595=VERTEX_POINT('',#9159);
#3596=VERTEX_POINT('',#9161);
#3597=VERTEX_POINT('',#9163);
#3598=VERTEX_POINT('',#9165);
#3599=VERTEX_POINT('',#9167);
#3600=VERTEX_POINT('',#9169);
#3601=VERTEX_POINT('',#9173);
#3602=VERTEX_POINT('',#9177);
#3603=VERTEX_POINT('',#9181);
#3604=VERTEX_POINT('',#9185);
#3605=VERTEX_POINT('',#9189);
#3606=VERTEX_POINT('',#9193);
#3607=VERTEX_POINT('',#9195);
#3608=VERTEX_POINT('',#9199);
#3609=VERTEX_POINT('',#9201);
#3610=VERTEX_POINT('',#9205);
#3611=VERTEX_POINT('',#9209);
#3612=VERTEX_POINT('',#9211);
#3613=VERTEX_POINT('',#9215);
#3614=VERTEX_POINT('',#9222);
#3615=VERTEX_POINT('',#9223);
#3616=VERTEX_POINT('',#9227);
#3617=VERTEX_POINT('',#9231);
#3618=VERTEX_POINT('',#9235);
#3619=VERTEX_POINT('',#9239);
#3620=VERTEX_POINT('',#9243);
#3621=VERTEX_POINT('',#9247);
#3622=VERTEX_POINT('',#9251);
#3623=VERTEX_POINT('',#9255);
#3624=VERTEX_POINT('',#9259);
#3625=VERTEX_POINT('',#9263);
#3626=VERTEX_POINT('',#9267);
#3627=VERTEX_POINT('',#9271);
#3628=VERTEX_POINT('',#9275);
#3629=VERTEX_POINT('',#9279);
#3630=VERTEX_POINT('',#9284);
#3631=VERTEX_POINT('',#9285);
#3632=VERTEX_POINT('',#9287);
#3633=VERTEX_POINT('',#9289);
#3634=VERTEX_POINT('',#9292);
#3635=VERTEX_POINT('',#9294);
#3636=VERTEX_POINT('',#9296);
#3637=VERTEX_POINT('',#9298);
#3638=VERTEX_POINT('',#9300);
#3639=VERTEX_POINT('',#9302);
#3640=VERTEX_POINT('',#9307);
#3641=VERTEX_POINT('',#9308);
#3642=VERTEX_POINT('',#9312);
#3643=VERTEX_POINT('',#9316);
#3644=VERTEX_POINT('',#9320);
#3645=VERTEX_POINT('',#9324);
#3646=VERTEX_POINT('',#9328);
#3647=VERTEX_POINT('',#9332);
#3648=VERTEX_POINT('',#9336);
#3649=VERTEX_POINT('',#9342);
#3650=VERTEX_POINT('',#9343);
#3651=VERTEX_POINT('',#9345);
#3652=VERTEX_POINT('',#9347);
#3653=VERTEX_POINT('',#9351);
#3654=VERTEX_POINT('',#9352);
#3655=VERTEX_POINT('',#9354);
#3656=VERTEX_POINT('',#9356);
#3657=VERTEX_POINT('',#9358);
#3658=VERTEX_POINT('',#9360);
#3659=VERTEX_POINT('',#9362);
#3660=VERTEX_POINT('',#9364);
#3661=VERTEX_POINT('',#9366);
#3662=VERTEX_POINT('',#9368);
#3663=VERTEX_POINT('',#9370);
#3664=VERTEX_POINT('',#9372);
#3665=VERTEX_POINT('',#9374);
#3666=VERTEX_POINT('',#9376);
#3667=VERTEX_POINT('',#9380);
#3668=VERTEX_POINT('',#9381);
#3669=VERTEX_POINT('',#9383);
#3670=VERTEX_POINT('',#9385);
#3671=VERTEX_POINT('',#9387);
#3672=VERTEX_POINT('',#9389);
#3673=VERTEX_POINT('',#9391);
#3674=VERTEX_POINT('',#9395);
#3675=VERTEX_POINT('',#9396);
#3676=VERTEX_POINT('',#9398);
#3677=VERTEX_POINT('',#9400);
#3678=VERTEX_POINT('',#9404);
#3679=VERTEX_POINT('',#9405);
#3680=VERTEX_POINT('',#9410);
#3681=VERTEX_POINT('',#9412);
#3682=VERTEX_POINT('',#9416);
#3683=VERTEX_POINT('',#9417);
#3684=VERTEX_POINT('',#9419);
#3685=VERTEX_POINT('',#9421);
#3686=VERTEX_POINT('',#9424);
#3687=VERTEX_POINT('',#9425);
#3688=VERTEX_POINT('',#9427);
#3689=VERTEX_POINT('',#9429);
#3690=VERTEX_POINT('',#9431);
#3691=VERTEX_POINT('',#9433);
#3692=VERTEX_POINT('',#9435);
#3693=VERTEX_POINT('',#9437);
#3694=VERTEX_POINT('',#9439);
#3695=VERTEX_POINT('',#9441);
#3696=VERTEX_POINT('',#9443);
#3697=VERTEX_POINT('',#9445);
#3698=VERTEX_POINT('',#9447);
#3699=VERTEX_POINT('',#9449);
#3700=VERTEX_POINT('',#9451);
#3701=VERTEX_POINT('',#9453);
#3702=VERTEX_POINT('',#9457);
#3703=VERTEX_POINT('',#9458);
#3704=VERTEX_POINT('',#9460);
#3705=VERTEX_POINT('',#9462);
#3706=VERTEX_POINT('',#9464);
#3707=VERTEX_POINT('',#9466);
#3708=VERTEX_POINT('',#9468);
#3709=VERTEX_POINT('',#9472);
#3710=VERTEX_POINT('',#9473);
#3711=VERTEX_POINT('',#9475);
#3712=VERTEX_POINT('',#9477);
#3713=VERTEX_POINT('',#9479);
#3714=VERTEX_POINT('',#9481);
#3715=VERTEX_POINT('',#9483);
#3716=VERTEX_POINT('',#9487);
#3717=VERTEX_POINT('',#9488);
#3718=VERTEX_POINT('',#9490);
#3719=VERTEX_POINT('',#9492);
#3720=VERTEX_POINT('',#9495);
#3721=VERTEX_POINT('',#9497);
#3722=VERTEX_POINT('',#9501);
#3723=VERTEX_POINT('',#9502);
#3724=VERTEX_POINT('',#9504);
#3725=VERTEX_POINT('',#9506);
#3726=VERTEX_POINT('',#9508);
#3727=VERTEX_POINT('',#9510);
#3728=VERTEX_POINT('',#9512);
#3729=VERTEX_POINT('',#9516);
#3730=VERTEX_POINT('',#9517);
#3731=VERTEX_POINT('',#9519);
#3732=VERTEX_POINT('',#9521);
#3733=VERTEX_POINT('',#9524);
#3734=VERTEX_POINT('',#9525);
#3735=VERTEX_POINT('',#9527);
#3736=VERTEX_POINT('',#9529);
#3737=VERTEX_POINT('',#9531);
#3738=VERTEX_POINT('',#9533);
#3739=VERTEX_POINT('',#9536);
#3740=VERTEX_POINT('',#9537);
#3741=VERTEX_POINT('',#9539);
#3742=VERTEX_POINT('',#9541);
#3743=VERTEX_POINT('',#9543);
#3744=VERTEX_POINT('',#9545);
#3745=VERTEX_POINT('',#9555);
#3746=VERTEX_POINT('',#9556);
#3747=VERTEX_POINT('',#9558);
#3748=VERTEX_POINT('',#9560);
#3749=VERTEX_POINT('',#9564);
#3750=VERTEX_POINT('',#9565);
#3751=VERTEX_POINT('',#9567);
#3752=VERTEX_POINT('',#9569);
#3753=VERTEX_POINT('',#9573);
#3754=VERTEX_POINT('',#9574);
#3755=VERTEX_POINT('',#9576);
#3756=VERTEX_POINT('',#9578);
#3757=VERTEX_POINT('',#9582);
#3758=VERTEX_POINT('',#9583);
#3759=VERTEX_POINT('',#9585);
#3760=VERTEX_POINT('',#9587);
#3761=VERTEX_POINT('',#9591);
#3762=VERTEX_POINT('',#9593);
#3763=VERTEX_POINT('',#9606);
#3764=VERTEX_POINT('',#9608);
#3765=VERTEX_POINT('',#9612);
#3766=VERTEX_POINT('',#9613);
#3767=VERTEX_POINT('',#9615);
#3768=VERTEX_POINT('',#9618);
#3769=VERTEX_POINT('',#9620);
#3770=VERTEX_POINT('',#9622);
#3771=VERTEX_POINT('',#9625);
#3772=VERTEX_POINT('',#9628);
#3773=VERTEX_POINT('',#9630);
#3774=VERTEX_POINT('',#9632);
#3775=VERTEX_POINT('',#9634);
#3776=VERTEX_POINT('',#9636);
#3777=VERTEX_POINT('',#9638);
#3778=VERTEX_POINT('',#9641);
#3779=VERTEX_POINT('',#9644);
#3780=VERTEX_POINT('',#9645);
#3781=VERTEX_POINT('',#9647);
#3782=VERTEX_POINT('',#9649);
#3783=VERTEX_POINT('',#9652);
#3784=VERTEX_POINT('',#9654);
#3785=VERTEX_POINT('',#9658);
#3786=VERTEX_POINT('',#9659);
#3787=VERTEX_POINT('',#9661);
#3788=VERTEX_POINT('',#9663);
#3789=VERTEX_POINT('',#9665);
#3790=VERTEX_POINT('',#9668);
#3791=VERTEX_POINT('',#9672);
#3792=VERTEX_POINT('',#9673);
#3793=VERTEX_POINT('',#9675);
#3794=VERTEX_POINT('',#9677);
#3795=VERTEX_POINT('',#9680);
#3796=VERTEX_POINT('',#9682);
#3797=VERTEX_POINT('',#9686);
#3798=VERTEX_POINT('',#9688);
#3799=VERTEX_POINT('',#9690);
#3800=VERTEX_POINT('',#9692);
#3801=VERTEX_POINT('',#9694);
#3802=VERTEX_POINT('',#9696);
#3803=VERTEX_POINT('',#9698);
#3804=VERTEX_POINT('',#9700);
#3805=VERTEX_POINT('',#9702);
#3806=VERTEX_POINT('',#9704);
#3807=VERTEX_POINT('',#9707);
#3808=VERTEX_POINT('',#9709);
#3809=VERTEX_POINT('',#9806);
#3810=VERTEX_POINT('',#9810);
#3811=VERTEX_POINT('',#9812);
#3812=VERTEX_POINT('',#9813);
#3813=VERTEX_POINT('',#9815);
#3814=VERTEX_POINT('',#9817);
#3815=VERTEX_POINT('',#9819);
#3816=VERTEX_POINT('',#9822);
#3817=VERTEX_POINT('',#9824);
#3818=VERTEX_POINT('',#9826);
#3819=VERTEX_POINT('',#9830);
#3820=VERTEX_POINT('',#9832);
#3821=VERTEX_POINT('',#9834);
#3822=VERTEX_POINT('',#9836);
#3823=VERTEX_POINT('',#9840);
#3824=VERTEX_POINT('',#9846);
#3825=VERTEX_POINT('',#9851);
#3826=VERTEX_POINT('',#9856);
#3827=VERTEX_POINT('',#9860);
#3828=VERTEX_POINT('',#9865);
#3829=VERTEX_POINT('',#9866);
#3830=VERTEX_POINT('',#9868);
#3831=VERTEX_POINT('',#9881);
#3832=VERTEX_POINT('',#9883);
#3833=VERTEX_POINT('',#9885);
#3834=VERTEX_POINT('',#9889);
#3835=VERTEX_POINT('',#9891);
#3836=VERTEX_POINT('',#9896);
#3837=VERTEX_POINT('',#9903);
#3838=VERTEX_POINT('',#9905);
#3839=VERTEX_POINT('',#9907);
#3840=VERTEX_POINT('',#9914);
#3841=VERTEX_POINT('',#9916);
#3842=VERTEX_POINT('',#9918);
#3843=VERTEX_POINT('',#9926);
#3844=VERTEX_POINT('',#9927);
#3845=VERTEX_POINT('',#9937);
#3846=VERTEX_POINT('',#9939);
#3847=VERTEX_POINT('',#9946);
#3848=VERTEX_POINT('',#9949);
#3849=VERTEX_POINT('',#9952);
#3850=VERTEX_POINT('',#9955);
#3851=VERTEX_POINT('',#9966);
#3852=VERTEX_POINT('',#9969);
#3853=VERTEX_POINT('',#9972);
#3854=VERTEX_POINT('',#9975);
#3855=VERTEX_POINT('',#9977);
#3856=VERTEX_POINT('',#9979);
#3857=VERTEX_POINT('',#9983);
#3858=VERTEX_POINT('',#9986);
#3859=VERTEX_POINT('',#9989);
#3860=VERTEX_POINT('',#9992);
#3861=VERTEX_POINT('',#9994);
#3862=VERTEX_POINT('',#9996);
#3863=VERTEX_POINT('',#10027);
#3864=VERTEX_POINT('',#10028);
#3865=VERTEX_POINT('',#10030);
#3866=VERTEX_POINT('',#10032);
#3867=VERTEX_POINT('',#10036);
#3868=VERTEX_POINT('',#10037);
#3869=VERTEX_POINT('',#10042);
#3870=VERTEX_POINT('',#10044);
#3871=VERTEX_POINT('',#10048);
#3872=VERTEX_POINT('',#10049);
#3873=VERTEX_POINT('',#10051);
#3874=VERTEX_POINT('',#10053);
#3875=VERTEX_POINT('',#10057);
#3876=VERTEX_POINT('',#10058);
#3877=VERTEX_POINT('',#10060);
#3878=VERTEX_POINT('',#10062);
#3879=VERTEX_POINT('',#10069);
#3880=VERTEX_POINT('',#10070);
#3881=VERTEX_POINT('',#10072);
#3882=VERTEX_POINT('',#10074);
#3883=VERTEX_POINT('',#10078);
#3884=VERTEX_POINT('',#10084);
#3885=VERTEX_POINT('',#10085);
#3886=VERTEX_POINT('',#10087);
#3887=VERTEX_POINT('',#10089);
#3888=VERTEX_POINT('',#10093);
#3889=VERTEX_POINT('',#10111);
#3890=VERTEX_POINT('',#10115);
#3891=VERTEX_POINT('',#10119);
#3892=VERTEX_POINT('',#10124);
#3893=VERTEX_POINT('',#10128);
#3894=VERTEX_POINT('',#10132);
#3895=VERTEX_POINT('',#10136);
#3896=VERTEX_POINT('',#10138);
#3897=VERTEX_POINT('',#10141);
#3898=VERTEX_POINT('',#10143);
#3899=VERTEX_POINT('',#10146);
#3900=VERTEX_POINT('',#10148);
#3901=VERTEX_POINT('',#10151);
#3902=VERTEX_POINT('',#10153);
#3903=VERTEX_POINT('',#10164);
#3904=VERTEX_POINT('',#10168);
#3905=VERTEX_POINT('',#10179);
#3906=VERTEX_POINT('',#10192);
#3907=VERTEX_POINT('',#10205);
#3908=VERTEX_POINT('',#10218);
#3909=VERTEX_POINT('',#10231);
#3910=VERTEX_POINT('',#10244);
#3911=VERTEX_POINT('',#10257);
#3912=VERTEX_POINT('',#10270);
#3913=VERTEX_POINT('',#10283);
#3914=VERTEX_POINT('',#10296);
#3915=VERTEX_POINT('',#10309);
#3916=VERTEX_POINT('',#10322);
#3917=VERTEX_POINT('',#10335);
#3918=VERTEX_POINT('',#10348);
#3919=VERTEX_POINT('',#10363);
#3920=VERTEX_POINT('',#10364);
#3921=VERTEX_POINT('',#10366);
#3922=VERTEX_POINT('',#10370);
#3923=VERTEX_POINT('',#10383);
#3924=VERTEX_POINT('',#10385);
#3925=VERTEX_POINT('',#10400);
#3926=VERTEX_POINT('',#10402);
#3927=VERTEX_POINT('',#10417);
#3928=VERTEX_POINT('',#10419);
#3929=VERTEX_POINT('',#10434);
#3930=VERTEX_POINT('',#10436);
#3931=VERTEX_POINT('',#10451);
#3932=VERTEX_POINT('',#10453);
#3933=VERTEX_POINT('',#10468);
#3934=VERTEX_POINT('',#10470);
#3935=VERTEX_POINT('',#10485);
#3936=VERTEX_POINT('',#10486);
#3937=VERTEX_POINT('',#10488);
#3938=VERTEX_POINT('',#10492);
#3939=VERTEX_POINT('',#10505);
#3940=VERTEX_POINT('',#10507);
#3941=VERTEX_POINT('',#10522);
#3942=VERTEX_POINT('',#10524);
#3943=VERTEX_POINT('',#10539);
#3944=VERTEX_POINT('',#10541);
#3945=VERTEX_POINT('',#10556);
#3946=VERTEX_POINT('',#10558);
#3947=VERTEX_POINT('',#10602);
#3948=VERTEX_POINT('',#10606);
#3949=VERTEX_POINT('',#10617);
#3950=VERTEX_POINT('',#10630);
#3951=VERTEX_POINT('',#10643);
#3952=VERTEX_POINT('',#10656);
#3953=VERTEX_POINT('',#10669);
#3954=VERTEX_POINT('',#10682);
#3955=VERTEX_POINT('',#10695);
#3956=VERTEX_POINT('',#10701);
#3957=VERTEX_POINT('',#10702);
#3958=VERTEX_POINT('',#10704);
#3959=VERTEX_POINT('',#10706);
#3960=VERTEX_POINT('',#10719);
#3961=VERTEX_POINT('',#10721);
#3962=VERTEX_POINT('',#10736);
#3963=VERTEX_POINT('',#10738);
#3964=VERTEX_POINT('',#10753);
#3965=VERTEX_POINT('',#10755);
#3966=VERTEX_POINT('',#10770);
#3967=VERTEX_POINT('',#10772);
#3968=VERTEX_POINT('',#10787);
#3969=VERTEX_POINT('',#10789);
#3970=VERTEX_POINT('',#10804);
#3971=VERTEX_POINT('',#10806);
#3972=VERTEX_POINT('',#10821);
#3973=VERTEX_POINT('',#10823);
#3974=VERTEX_POINT('',#10838);
#3975=VERTEX_POINT('',#10840);
#3976=VERTEX_POINT('',#10873);
#3977=VERTEX_POINT('',#10875);
#3978=VERTEX_POINT('',#10879);
#3979=VERTEX_POINT('',#10883);
#3980=VERTEX_POINT('',#10885);
#3981=VERTEX_POINT('',#10889);
#3982=VERTEX_POINT('',#10891);
#3983=VERTEX_POINT('',#10895);
#3984=VERTEX_POINT('',#10899);
#3985=VERTEX_POINT('',#10903);
#3986=VERTEX_POINT('',#10916);
#3987=VERTEX_POINT('',#10929);
#3988=VERTEX_POINT('',#10935);
#3989=VERTEX_POINT('',#10946);
#3990=VERTEX_POINT('',#10959);
#3991=VERTEX_POINT('',#10965);
#3992=VERTEX_POINT('',#10987);
#3993=VERTEX_POINT('',#11000);
#3994=VERTEX_POINT('',#11013);
#3995=VERTEX_POINT('',#11026);
#3996=VERTEX_POINT('',#11039);
#3997=VERTEX_POINT('',#11057);
#3998=VERTEX_POINT('',#11059);
#3999=VERTEX_POINT('',#11063);
#4000=VERTEX_POINT('',#11067);
#4001=VERTEX_POINT('',#11069);
#4002=VERTEX_POINT('',#11073);
#4003=VERTEX_POINT('',#11077);
#4004=VERTEX_POINT('',#11090);
#4005=VERTEX_POINT('',#11096);
#4006=LINE('',#8745,#4579);
#4007=LINE('',#8750,#4580);
#4008=LINE('',#8754,#4581);
#4009=LINE('',#8757,#4582);
#4010=LINE('',#8762,#4583);
#4011=LINE('',#8766,#4584);
#4012=LINE('',#8769,#4585);
#4013=LINE('',#8774,#4586);
#4014=LINE('',#8778,#4587);
#4015=LINE('',#8781,#4588);
#4016=LINE('',#8786,#4589);
#4017=LINE('',#8790,#4590);
#4018=LINE('',#8796,#4591);
#4019=LINE('',#8804,#4592);
#4020=LINE('',#8808,#4593);
#4021=LINE('',#8812,#4594);
#4022=LINE('',#8816,#4595);
#4023=LINE('',#8824,#4596);
#4024=LINE('',#8832,#4597);
#4025=LINE('',#8836,#4598);
#4026=LINE('',#8840,#4599);
#4027=LINE('',#8844,#4600);
#4028=LINE('',#8860,#4601);
#4029=LINE('',#8864,#4602);
#4030=LINE('',#8868,#4603);
#4031=LINE('',#8869,#4604);
#4032=LINE('',#8872,#4605);
#4033=LINE('',#8874,#4606);
#4034=LINE('',#8878,#4607);
#4035=LINE('',#8880,#4608);
#4036=LINE('',#8884,#4609);
#4037=LINE('',#8886,#4610);
#4038=LINE('',#8888,#4611);
#4039=LINE('',#8892,#4612);
#4040=LINE('',#8894,#4613);
#4041=LINE('',#8898,#4614);
#4042=LINE('',#8900,#4615);
#4043=LINE('',#8902,#4616);
#4044=LINE('',#8904,#4617);
#4045=LINE('',#8906,#4618);
#4046=LINE('',#8910,#4619);
#4047=LINE('',#8912,#4620);
#4048=LINE('',#8914,#4621);
#4049=LINE('',#8918,#4622);
#4050=LINE('',#8920,#4623);
#4051=LINE('',#8924,#4624);
#4052=LINE('',#8928,#4625);
#4053=LINE('',#8932,#4626);
#4054=LINE('',#8934,#4627);
#4055=LINE('',#8939,#4628);
#4056=LINE('',#8943,#4629);
#4057=LINE('',#8946,#4630);
#4058=LINE('',#8951,#4631);
#4059=LINE('',#8955,#4632);
#4060=LINE('',#8958,#4633);
#4061=LINE('',#8963,#4634);
#4062=LINE('',#8967,#4635);
#4063=LINE('',#8973,#4636);
#4064=LINE('',#8977,#4637);
#4065=LINE('',#8981,#4638);
#4066=LINE('',#8990,#4639);
#4067=LINE('',#8993,#4640);
#4068=LINE('',#8995,#4641);
#4069=LINE('',#8997,#4642);
#4070=LINE('',#9001,#4643);
#4071=LINE('',#9005,#4644);
#4072=LINE('',#9009,#4645);
#4073=LINE('',#9010,#4646);
#4074=LINE('',#9015,#4647);
#4075=LINE('',#9019,#4648);
#4076=LINE('',#9023,#4649);
#4077=LINE('',#9041,#4650);
#4078=LINE('',#9045,#4651);
#4079=LINE('',#9049,#4652);
#4080=LINE('',#9053,#4653);
#4081=LINE('',#9061,#4654);
#4082=LINE('',#9069,#4655);
#4083=LINE('',#9073,#4656);
#4084=LINE('',#9077,#4657);
#4085=LINE('',#9081,#4658);
#4086=LINE('',#9089,#4659);
#4087=LINE('',#9090,#4660);
#4088=LINE('',#9095,#4661);
#4089=LINE('',#9099,#4662);
#4090=LINE('',#9102,#4663);
#4091=LINE('',#9105,#4664);
#4092=LINE('',#9107,#4665);
#4093=LINE('',#9109,#4666);
#4094=LINE('',#9110,#4667);
#4095=LINE('',#9115,#4668);
#4096=LINE('',#9119,#4669);
#4097=LINE('',#9122,#4670);
#4098=LINE('',#9127,#4671);
#4099=LINE('',#9131,#4672);
#4100=LINE('',#9135,#4673);
#4101=LINE('',#9138,#4674);
#4102=LINE('',#9140,#4675);
#4103=LINE('',#9142,#4676);
#4104=LINE('',#9144,#4677);
#4105=LINE('',#9146,#4678);
#4106=LINE('',#9155,#4679);
#4107=LINE('',#9158,#4680);
#4108=LINE('',#9160,#4681);
#4109=LINE('',#9162,#4682);
#4110=LINE('',#9164,#4683);
#4111=LINE('',#9166,#4684);
#4112=LINE('',#9168,#4685);
#4113=LINE('',#9194,#4686);
#4114=LINE('',#9283,#4687);
#4115=LINE('',#9286,#4688);
#4116=LINE('',#9288,#4689);
#4117=LINE('',#9290,#4690);
#4118=LINE('',#9291,#4691);
#4119=LINE('',#9293,#4692);
#4120=LINE('',#9295,#4693);
#4121=LINE('',#9297,#4694);
#4122=LINE('',#9299,#4695);
#4123=LINE('',#9301,#4696);
#4124=LINE('',#9303,#4697);
#4125=LINE('',#9341,#4698);
#4126=LINE('',#9344,#4699);
#4127=LINE('',#9346,#4700);
#4128=LINE('',#9348,#4701);
#4129=LINE('',#9350,#4702);
#4130=LINE('',#9355,#4703);
#4131=LINE('',#9357,#4704);
#4132=LINE('',#9359,#4705);
#4133=LINE('',#9363,#4706);
#4134=LINE('',#9365,#4707);
#4135=LINE('',#9367,#4708);
#4136=LINE('',#9369,#4709);
#4137=LINE('',#9371,#4710);
#4138=LINE('',#9373,#4711);
#4139=LINE('',#9375,#4712);
#4140=LINE('',#9377,#4713);
#4141=LINE('',#9379,#4714);
#4142=LINE('',#9382,#4715);
#4143=LINE('',#9384,#4716);
#4144=LINE('',#9386,#4717);
#4145=LINE('',#9388,#4718);
#4146=LINE('',#9392,#4719);
#4147=LINE('',#9394,#4720);
#4148=LINE('',#9397,#4721);
#4149=LINE('',#9399,#4722);
#4150=LINE('',#9401,#4723);
#4151=LINE('',#9403,#4724);
#4152=LINE('',#9406,#4725);
#4153=LINE('',#9407,#4726);
#4154=LINE('',#9409,#4727);
#4155=LINE('',#9411,#4728);
#4156=LINE('',#9413,#4729);
#4157=LINE('',#9415,#4730);
#4158=LINE('',#9418,#4731);
#4159=LINE('',#9420,#4732);
#4160=LINE('',#9422,#4733);
#4161=LINE('',#9423,#4734);
#4162=LINE('',#9428,#4735);
#4163=LINE('',#9430,#4736);
#4164=LINE('',#9432,#4737);
#4165=LINE('',#9436,#4738);
#4166=LINE('',#9438,#4739);
#4167=LINE('',#9440,#4740);
#4168=LINE('',#9444,#4741);
#4169=LINE('',#9446,#4742);
#4170=LINE('',#9448,#4743);
#4171=LINE('',#9452,#4744);
#4172=LINE('',#9454,#4745);
#4173=LINE('',#9456,#4746);
#4174=LINE('',#9459,#4747);
#4175=LINE('',#9463,#4748);
#4176=LINE('',#9465,#4749);
#4177=LINE('',#9467,#4750);
#4178=LINE('',#9469,#4751);
#4179=LINE('',#9474,#4752);
#4180=LINE('',#9476,#4753);
#4181=LINE('',#9478,#4754);
#4182=LINE('',#9480,#4755);
#4183=LINE('',#9482,#4756);
#4184=LINE('',#9484,#4757);
#4185=LINE('',#9486,#4758);
#4186=LINE('',#9489,#4759);
#4187=LINE('',#9491,#4760);
#4188=LINE('',#9493,#4761);
#4189=LINE('',#9494,#4762);
#4190=LINE('',#9496,#4763);
#4191=LINE('',#9498,#4764);
#4192=LINE('',#9500,#4765);
#4193=LINE('',#9503,#4766);
#4194=LINE('',#9505,#4767);
#4195=LINE('',#9507,#4768);
#4196=LINE('',#9511,#4769);
#4197=LINE('',#9513,#4770);
#4198=LINE('',#9515,#4771);
#4199=LINE('',#9518,#4772);
#4200=LINE('',#9520,#4773);
#4201=LINE('',#9522,#4774);
#4202=LINE('',#9526,#4775);
#4203=LINE('',#9530,#4776);
#4204=LINE('',#9534,#4777);
#4205=LINE('',#9538,#4778);
#4206=LINE('',#9542,#4779);
#4207=LINE('',#9546,#4780);
#4208=LINE('',#9548,#4781);
#4209=LINE('',#9549,#4782);
#4210=LINE('',#9551,#4783);
#4211=LINE('',#9552,#4784);
#4212=LINE('',#9554,#4785);
#4213=LINE('',#9557,#4786);
#4214=LINE('',#9559,#4787);
#4215=LINE('',#9561,#4788);
#4216=LINE('',#9563,#4789);
#4217=LINE('',#9566,#4790);
#4218=LINE('',#9568,#4791);
#4219=LINE('',#9570,#4792);
#4220=LINE('',#9572,#4793);
#4221=LINE('',#9575,#4794);
#4222=LINE('',#9577,#4795);
#4223=LINE('',#9579,#4796);
#4224=LINE('',#9581,#4797);
#4225=LINE('',#9584,#4798);
#4226=LINE('',#9586,#4799);
#4227=LINE('',#9588,#4800);
#4228=LINE('',#9590,#4801);
#4229=LINE('',#9592,#4802);
#4230=LINE('',#9594,#4803);
#4231=LINE('',#9596,#4804);
#4232=LINE('',#9597,#4805);
#4233=LINE('',#9599,#4806);
#4234=LINE('',#9600,#4807);
#4235=LINE('',#9602,#4808);
#4236=LINE('',#9603,#4809);
#4237=LINE('',#9605,#4810);
#4238=LINE('',#9607,#4811);
#4239=LINE('',#9609,#4812);
#4240=LINE('',#9611,#4813);
#4241=LINE('',#9614,#4814);
#4242=LINE('',#9616,#4815);
#4243=LINE('',#9617,#4816);
#4244=LINE('',#9619,#4817);
#4245=LINE('',#9621,#4818);
#4246=LINE('',#9623,#4819);
#4247=LINE('',#9626,#4820);
#4248=LINE('',#9627,#4821);
#4249=LINE('',#9631,#4822);
#4250=LINE('',#9635,#4823);
#4251=LINE('',#9637,#4824);
#4252=LINE('',#9639,#4825);
#4253=LINE('',#9643,#4826);
#4254=LINE('',#9646,#4827);
#4255=LINE('',#9648,#4828);
#4256=LINE('',#9650,#4829);
#4257=LINE('',#9651,#4830);
#4258=LINE('',#9653,#4831);
#4259=LINE('',#9655,#4832);
#4260=LINE('',#9657,#4833);
#4261=LINE('',#9660,#4834);
#4262=LINE('',#9662,#4835);
#4263=LINE('',#9664,#4836);
#4264=LINE('',#9666,#4837);
#4265=LINE('',#9667,#4838);
#4266=LINE('',#9669,#4839);
#4267=LINE('',#9671,#4840);
#4268=LINE('',#9674,#4841);
#4269=LINE('',#9676,#4842);
#4270=LINE('',#9678,#4843);
#4271=LINE('',#9679,#4844);
#4272=LINE('',#9681,#4845);
#4273=LINE('',#9683,#4846);
#4274=LINE('',#9685,#4847);
#4275=LINE('',#9687,#4848);
#4276=LINE('',#9689,#4849);
#4277=LINE('',#9691,#4850);
#4278=LINE('',#9693,#4851);
#4279=LINE('',#9695,#4852);
#4280=LINE('',#9697,#4853);
#4281=LINE('',#9699,#4854);
#4282=LINE('',#9701,#4855);
#4283=LINE('',#9703,#4856);
#4284=LINE('',#9705,#4857);
#4285=LINE('',#9706,#4858);
#4286=LINE('',#9708,#4859);
#4287=LINE('',#9710,#4860);
#4288=LINE('',#9712,#4861);
#4289=LINE('',#9713,#4862);
#4290=LINE('',#9715,#4863);
#4291=LINE('',#9716,#4864);
#4292=LINE('',#9719,#4865);
#4293=LINE('',#9725,#4866);
#4294=LINE('',#9726,#4867);
#4295=LINE('',#9728,#4868);
#4296=LINE('',#9729,#4869);
#4297=LINE('',#9731,#4870);
#4298=LINE('',#9732,#4871);
#4299=LINE('',#9734,#4872);
#4300=LINE('',#9735,#4873);
#4301=LINE('',#9737,#4874);
#4302=LINE('',#9738,#4875);
#4303=LINE('',#9740,#4876);
#4304=LINE('',#9741,#4877);
#4305=LINE('',#9743,#4878);
#4306=LINE('',#9744,#4879);
#4307=LINE('',#9753,#4880);
#4308=LINE('',#9754,#4881);
#4309=LINE('',#9756,#4882);
#4310=LINE('',#9757,#4883);
#4311=LINE('',#9759,#4884);
#4312=LINE('',#9760,#4885);
#4313=LINE('',#9762,#4886);
#4314=LINE('',#9763,#4887);
#4315=LINE('',#9765,#4888);
#4316=LINE('',#9766,#4889);
#4317=LINE('',#9768,#4890);
#4318=LINE('',#9769,#4891);
#4319=LINE('',#9771,#4892);
#4320=LINE('',#9772,#4893);
#4321=LINE('',#9781,#4894);
#4322=LINE('',#9782,#4895);
#4323=LINE('',#9784,#4896);
#4324=LINE('',#9785,#4897);
#4325=LINE('',#9787,#4898);
#4326=LINE('',#9788,#4899);
#4327=LINE('',#9793,#4900);
#4328=LINE('',#9794,#4901);
#4329=LINE('',#9796,#4902);
#4330=LINE('',#9797,#4903);
#4331=LINE('',#9799,#4904);
#4332=LINE('',#9800,#4905);
#4333=LINE('',#9805,#4906);
#4334=LINE('',#9807,#4907);
#4335=LINE('',#9811,#4908);
#4336=LINE('',#9814,#4909);
#4337=LINE('',#9816,#4910);
#4338=LINE('',#9818,#4911);
#4339=LINE('',#9820,#4912);
#4340=LINE('',#9823,#4913);
#4341=LINE('',#9827,#4914);
#4342=LINE('',#9829,#4915);
#4343=LINE('',#9831,#4916);
#4344=LINE('',#9833,#4917);
#4345=LINE('',#9835,#4918);
#4346=LINE('',#9837,#4919);
#4347=LINE('',#9839,#4920);
#4348=LINE('',#9841,#4921);
#4349=LINE('',#9843,#4922);
#4350=LINE('',#9845,#4923);
#4351=LINE('',#9847,#4924);
#4352=LINE('',#9849,#4925);
#4353=LINE('',#9850,#4926);
#4354=LINE('',#9852,#4927);
#4355=LINE('',#9854,#4928);
#4356=LINE('',#9855,#4929);
#4357=LINE('',#9857,#4930);
#4358=LINE('',#9859,#4931);
#4359=LINE('',#9861,#4932);
#4360=LINE('',#9862,#4933);
#4361=LINE('',#9864,#4934);
#4362=LINE('',#9867,#4935);
#4363=LINE('',#9869,#4936);
#4364=LINE('',#9870,#4937);
#4365=LINE('',#9871,#4938);
#4366=LINE('',#9874,#4939);
#4367=LINE('',#9875,#4940);
#4368=LINE('',#9877,#4941);
#4369=LINE('',#9878,#4942);
#4370=LINE('',#9880,#4943);
#4371=LINE('',#9882,#4944);
#4372=LINE('',#9884,#4945);
#4373=LINE('',#9886,#4946);
#4374=LINE('',#9888,#4947);
#4375=LINE('',#9890,#4948);
#4376=LINE('',#9892,#4949);
#4377=LINE('',#9894,#4950);
#4378=LINE('',#9895,#4951);
#4379=LINE('',#9897,#4952);
#4380=LINE('',#9898,#4953);
#4381=LINE('',#9900,#4954);
#4382=LINE('',#9902,#4955);
#4383=LINE('',#9904,#4956);
#4384=LINE('',#9906,#4957);
#4385=LINE('',#9908,#4958);
#4386=LINE('',#9910,#4959);
#4387=LINE('',#9911,#4960);
#4388=LINE('',#9913,#4961);
#4389=LINE('',#9915,#4962);
#4390=LINE('',#9917,#4963);
#4391=LINE('',#9919,#4964);
#4392=LINE('',#9920,#4965);
#4393=LINE('',#9923,#4966);
#4394=LINE('',#9925,#4967);
#4395=LINE('',#9928,#4968);
#4396=LINE('',#9929,#4969);
#4397=LINE('',#9934,#4970);
#4398=LINE('',#9936,#4971);
#4399=LINE('',#9938,#4972);
#4400=LINE('',#9940,#4973);
#4401=LINE('',#9957,#4974);
#4402=LINE('',#9959,#4975);
#4403=LINE('',#9961,#4976);
#4404=LINE('',#9963,#4977);
#4405=LINE('',#9999,#4978);
#4406=LINE('',#10002,#4979);
#4407=LINE('',#10003,#4980);
#4408=LINE('',#10005,#4981);
#4409=LINE('',#10006,#4982);
#4410=LINE('',#10008,#4983);
#4411=LINE('',#10009,#4984);
#4412=LINE('',#10014,#4985);
#4413=LINE('',#10015,#4986);
#4414=LINE('',#10017,#4987);
#4415=LINE('',#10018,#4988);
#4416=LINE('',#10020,#4989);
#4417=LINE('',#10021,#4990);
#4418=LINE('',#10026,#4991);
#4419=LINE('',#10029,#4992);
#4420=LINE('',#10031,#4993);
#4421=LINE('',#10033,#4994);
#4422=LINE('',#10035,#4995);
#4423=LINE('',#10038,#4996);
#4424=LINE('',#10039,#4997);
#4425=LINE('',#10041,#4998);
#4426=LINE('',#10043,#4999);
#4427=LINE('',#10045,#5000);
#4428=LINE('',#10047,#5001);
#4429=LINE('',#10050,#5002);
#4430=LINE('',#10052,#5003);
#4431=LINE('',#10054,#5004);
#4432=LINE('',#10056,#5005);
#4433=LINE('',#10059,#5006);
#4434=LINE('',#10061,#5007);
#4435=LINE('',#10063,#5008);
#4436=LINE('',#10065,#5009);
#4437=LINE('',#10066,#5010);
#4438=LINE('',#10068,#5011);
#4439=LINE('',#10071,#5012);
#4440=LINE('',#10073,#5013);
#4441=LINE('',#10075,#5014);
#4442=LINE('',#10083,#5015);
#4443=LINE('',#10086,#5016);
#4444=LINE('',#10088,#5017);
#4445=LINE('',#10090,#5018);
#4446=LINE('',#10098,#5019);
#4447=LINE('',#10099,#5020);
#4448=LINE('',#10101,#5021);
#4449=LINE('',#10102,#5022);
#4450=LINE('',#10104,#5023);
#4451=LINE('',#10105,#5024);
#4452=LINE('',#10107,#5025);
#4453=LINE('',#10108,#5026);
#4454=LINE('',#10110,#5027);
#4455=LINE('',#10112,#5028);
#4456=LINE('',#10114,#5029);
#4457=LINE('',#10116,#5030);
#4458=LINE('',#10123,#5031);
#4459=LINE('',#10125,#5032);
#4460=LINE('',#10127,#5033);
#4461=LINE('',#10129,#5034);
#4462=LINE('',#10163,#5035);
#4463=LINE('',#10169,#5036);
#4464=LINE('',#10178,#5037);
#4465=LINE('',#10191,#5038);
#4466=LINE('',#10204,#5039);
#4467=LINE('',#10217,#5040);
#4468=LINE('',#10230,#5041);
#4469=LINE('',#10243,#5042);
#4470=LINE('',#10256,#5043);
#4471=LINE('',#10269,#5044);
#4472=LINE('',#10282,#5045);
#4473=LINE('',#10295,#5046);
#4474=LINE('',#10308,#5047);
#4475=LINE('',#10321,#5048);
#4476=LINE('',#10334,#5049);
#4477=LINE('',#10347,#5050);
#4478=LINE('',#10365,#5051);
#4479=LINE('',#10371,#5052);
#4480=LINE('',#10384,#5053);
#4481=LINE('',#10401,#5054);
#4482=LINE('',#10418,#5055);
#4483=LINE('',#10435,#5056);
#4484=LINE('',#10452,#5057);
#4485=LINE('',#10469,#5058);
#4486=LINE('',#10487,#5059);
#4487=LINE('',#10493,#5060);
#4488=LINE('',#10506,#5061);
#4489=LINE('',#10523,#5062);
#4490=LINE('',#10540,#5063);
#4491=LINE('',#10557,#5064);
#4492=LINE('',#10601,#5065);
#4493=LINE('',#10607,#5066);
#4494=LINE('',#10616,#5067);
#4495=LINE('',#10629,#5068);
#4496=LINE('',#10642,#5069);
#4497=LINE('',#10655,#5070);
#4498=LINE('',#10668,#5071);
#4499=LINE('',#10681,#5072);
#4500=LINE('',#10694,#5073);
#4501=LINE('',#10703,#5074);
#4502=LINE('',#10707,#5075);
#4503=LINE('',#10720,#5076);
#4504=LINE('',#10737,#5077);
#4505=LINE('',#10754,#5078);
#4506=LINE('',#10771,#5079);
#4507=LINE('',#10788,#5080);
#4508=LINE('',#10805,#5081);
#4509=LINE('',#10822,#5082);
#4510=LINE('',#10839,#5083);
#4511=LINE('',#10872,#5084);
#4512=LINE('',#10874,#5085);
#4513=LINE('',#10876,#5086);
#4514=LINE('',#10878,#5087);
#4515=LINE('',#10880,#5088);
#4516=LINE('',#10882,#5089);
#4517=LINE('',#10884,#5090);
#4518=LINE('',#10886,#5091);
#4519=LINE('',#10888,#5092);
#4520=LINE('',#10890,#5093);
#4521=LINE('',#10892,#5094);
#4522=LINE('',#10894,#5095);
#4523=LINE('',#10896,#5096);
#4524=LINE('',#10898,#5097);
#4525=LINE('',#10900,#5098);
#4526=LINE('',#10902,#5099);
#4527=LINE('',#10904,#5100);
#4528=LINE('',#10906,#5101);
#4529=LINE('',#10915,#5102);
#4530=LINE('',#10928,#5103);
#4531=LINE('',#10934,#5104);
#4532=LINE('',#10945,#5105);
#4533=LINE('',#10958,#5106);
#4534=LINE('',#10964,#5107);
#4535=LINE('',#10986,#5108);
#4536=LINE('',#10999,#5109);
#4537=LINE('',#11012,#5110);
#4538=LINE('',#11025,#5111);
#4539=LINE('',#11038,#5112);
#4540=LINE('',#11056,#5113);
#4541=LINE('',#11058,#5114);
#4542=LINE('',#11060,#5115);
#4543=LINE('',#11062,#5116);
#4544=LINE('',#11064,#5117);
#4545=LINE('',#11066,#5118);
#4546=LINE('',#11068,#5119);
#4547=LINE('',#11070,#5120);
#4548=LINE('',#11072,#5121);
#4549=LINE('',#11074,#5122);
#4550=LINE('',#11076,#5123);
#4551=LINE('',#11078,#5124);
#4552=LINE('',#11080,#5125);
#4553=LINE('',#11089,#5126);
#4554=LINE('',#11095,#5127);
#4555=LINE('',#11122,#5128);
#4556=LINE('',#11123,#5129);
#4557=LINE('',#11125,#5130);
#4558=LINE('',#11126,#5131);
#4559=LINE('',#11128,#5132);
#4560=LINE('',#11129,#5133);
#4561=LINE('',#11134,#5134);
#4562=LINE('',#11135,#5135);
#4563=LINE('',#11137,#5136);
#4564=LINE('',#11138,#5137);
#4565=LINE('',#11140,#5138);
#4566=LINE('',#11141,#5139);
#4567=LINE('',#11146,#5140);
#4568=LINE('',#11147,#5141);
#4569=LINE('',#11149,#5142);
#4570=LINE('',#11150,#5143);
#4571=LINE('',#11152,#5144);
#4572=LINE('',#11153,#5145);
#4573=LINE('',#11158,#5146);
#4574=LINE('',#11159,#5147);
#4575=LINE('',#11161,#5148);
#4576=LINE('',#11162,#5149);
#4577=LINE('',#11164,#5150);
#4578=LINE('',#11165,#5151);
#4579=VECTOR('',#7088,1.);
#4580=VECTOR('',#7091,1.);
#4581=VECTOR('',#7094,1.);
#4582=VECTOR('',#7097,1.);
#4583=VECTOR('',#7100,1.);
#4584=VECTOR('',#7103,1.);
#4585=VECTOR('',#7106,1.);
#4586=VECTOR('',#7109,1.);
#4587=VECTOR('',#7112,1.);
#4588=VECTOR('',#7115,1.);
#4589=VECTOR('',#7118,1.);
#4590=VECTOR('',#7121,1.);
#4591=VECTOR('',#7126,1.);
#4592=VECTOR('',#7133,1.);
#4593=VECTOR('',#7136,1.);
#4594=VECTOR('',#7139,1.);
#4595=VECTOR('',#7142,1.);
#4596=VECTOR('',#7149,1.);
#4597=VECTOR('',#7156,1.);
#4598=VECTOR('',#7159,1.);
#4599=VECTOR('',#7162,1.);
#4600=VECTOR('',#7165,1.);
#4601=VECTOR('',#7180,1.);
#4602=VECTOR('',#7183,1.);
#4603=VECTOR('',#7186,1.);
#4604=VECTOR('',#7187,1.);
#4605=VECTOR('',#7188,1.);
#4606=VECTOR('',#7189,1.);
#4607=VECTOR('',#7192,1.);
#4608=VECTOR('',#7193,1.);
#4609=VECTOR('',#7196,1.);
#4610=VECTOR('',#7197,1.);
#4611=VECTOR('',#7198,1.);
#4612=VECTOR('',#7201,1.);
#4613=VECTOR('',#7202,1.);
#4614=VECTOR('',#7205,1.);
#4615=VECTOR('',#7206,1.);
#4616=VECTOR('',#7207,1.);
#4617=VECTOR('',#7208,1.);
#4618=VECTOR('',#7209,1.);
#4619=VECTOR('',#7212,1.);
#4620=VECTOR('',#7213,1.);
#4621=VECTOR('',#7214,1.);
#4622=VECTOR('',#7217,1.);
#4623=VECTOR('',#7218,1.);
#4624=VECTOR('',#7221,1.);
#4625=VECTOR('',#7224,1.);
#4626=VECTOR('',#7227,1.);
#4627=VECTOR('',#7230,1.);
#4628=VECTOR('',#7233,1.);
#4629=VECTOR('',#7236,1.);
#4630=VECTOR('',#7239,1.);
#4631=VECTOR('',#7242,1.);
#4632=VECTOR('',#7245,1.);
#4633=VECTOR('',#7248,1.);
#4634=VECTOR('',#7251,1.);
#4635=VECTOR('',#7254,1.);
#4636=VECTOR('',#7259,1.);
#4637=VECTOR('',#7262,1.);
#4638=VECTOR('',#7265,1.);
#4639=VECTOR('',#7274,1.);
#4640=VECTOR('',#7275,1.);
#4641=VECTOR('',#7276,1.);
#4642=VECTOR('',#7277,1.);
#4643=VECTOR('',#7280,1.);
#4644=VECTOR('',#7283,1.);
#4645=VECTOR('',#7286,1.);
#4646=VECTOR('',#7287,1.);
#4647=VECTOR('',#7290,1.);
#4648=VECTOR('',#7293,1.);
#4649=VECTOR('',#7296,1.);
#4650=VECTOR('',#7313,1.);
#4651=VECTOR('',#7316,1.);
#4652=VECTOR('',#7319,1.);
#4653=VECTOR('',#7322,1.);
#4654=VECTOR('',#7329,1.);
#4655=VECTOR('',#7336,1.);
#4656=VECTOR('',#7339,1.);
#4657=VECTOR('',#7342,1.);
#4658=VECTOR('',#7345,1.);
#4659=VECTOR('',#7352,1.);
#4660=VECTOR('',#7353,1.);
#4661=VECTOR('',#7356,1.);
#4662=VECTOR('',#7359,1.);
#4663=VECTOR('',#7362,1.);
#4664=VECTOR('',#7363,1.);
#4665=VECTOR('',#7364,1.);
#4666=VECTOR('',#7365,1.);
#4667=VECTOR('',#7366,1.);
#4668=VECTOR('',#7369,1.);
#4669=VECTOR('',#7372,1.);
#4670=VECTOR('',#7375,1.);
#4671=VECTOR('',#7378,1.);
#4672=VECTOR('',#7381,1.);
#4673=VECTOR('',#7386,1.);
#4674=VECTOR('',#7387,1.);
#4675=VECTOR('',#7388,1.);
#4676=VECTOR('',#7389,1.);
#4677=VECTOR('',#7390,1.);
#4678=VECTOR('',#7391,1.);
#4679=VECTOR('',#7396,1.);
#4680=VECTOR('',#7397,1.);
#4681=VECTOR('',#7398,1.);
#4682=VECTOR('',#7399,1.);
#4683=VECTOR('',#7400,1.);
#4684=VECTOR('',#7401,1.);
#4685=VECTOR('',#7402,1.);
#4686=VECTOR('',#7403,1.);
#4687=VECTOR('',#7408,1.);
#4688=VECTOR('',#7409,1.);
#4689=VECTOR('',#7410,1.);
#4690=VECTOR('',#7411,1.);
#4691=VECTOR('',#7412,1.);
#4692=VECTOR('',#7413,1.);
#4693=VECTOR('',#7414,1.);
#4694=VECTOR('',#7415,1.);
#4695=VECTOR('',#7416,1.);
#4696=VECTOR('',#7417,1.);
#4697=VECTOR('',#7418,1.);
#4698=VECTOR('',#7421,1.);
#4699=VECTOR('',#7422,1.);
#4700=VECTOR('',#7423,1.);
#4701=VECTOR('',#7424,1.);
#4702=VECTOR('',#7427,1.);
#4703=VECTOR('',#7430,1.);
#4704=VECTOR('',#7431,1.);
#4705=VECTOR('',#7432,1.);
#4706=VECTOR('',#7435,1.);
#4707=VECTOR('',#7436,1.);
#4708=VECTOR('',#7437,1.);
#4709=VECTOR('',#7438,1.);
#4710=VECTOR('',#7439,1.);
#4711=VECTOR('',#7440,1.);
#4712=VECTOR('',#7441,1.);
#4713=VECTOR('',#7442,1.);
#4714=VECTOR('',#7445,1.);
#4715=VECTOR('',#7446,1.);
#4716=VECTOR('',#7447,1.);
#4717=VECTOR('',#7448,1.);
#4718=VECTOR('',#7449,1.);
#4719=VECTOR('',#7452,1.);
#4720=VECTOR('',#7455,1.);
#4721=VECTOR('',#7456,1.);
#4722=VECTOR('',#7457,1.);
#4723=VECTOR('',#7458,1.);
#4724=VECTOR('',#7461,1.);
#4725=VECTOR('',#7462,1.);
#4726=VECTOR('',#7463,1.);
#4727=VECTOR('',#7466,1.);
#4728=VECTOR('',#7467,1.);
#4729=VECTOR('',#7468,1.);
#4730=VECTOR('',#7471,1.);
#4731=VECTOR('',#7472,1.);
#4732=VECTOR('',#7473,1.);
#4733=VECTOR('',#7474,1.);
#4734=VECTOR('',#7475,1.);
#4735=VECTOR('',#7478,1.);
#4736=VECTOR('',#7479,1.);
#4737=VECTOR('',#7480,1.);
#4738=VECTOR('',#7483,1.);
#4739=VECTOR('',#7484,1.);
#4740=VECTOR('',#7485,1.);
#4741=VECTOR('',#7488,1.);
#4742=VECTOR('',#7489,1.);
#4743=VECTOR('',#7490,1.);
#4744=VECTOR('',#7493,1.);
#4745=VECTOR('',#7494,1.);
#4746=VECTOR('',#7497,1.);
#4747=VECTOR('',#7498,1.);
#4748=VECTOR('',#7501,1.);
#4749=VECTOR('',#7502,1.);
#4750=VECTOR('',#7503,1.);
#4751=VECTOR('',#7504,1.);
#4752=VECTOR('',#7509,1.);
#4753=VECTOR('',#7510,1.);
#4754=VECTOR('',#7511,1.);
#4755=VECTOR('',#7512,1.);
#4756=VECTOR('',#7513,1.);
#4757=VECTOR('',#7514,1.);
#4758=VECTOR('',#7517,1.);
#4759=VECTOR('',#7518,1.);
#4760=VECTOR('',#7519,1.);
#4761=VECTOR('',#7520,1.);
#4762=VECTOR('',#7521,1.);
#4763=VECTOR('',#7522,1.);
#4764=VECTOR('',#7523,1.);
#4765=VECTOR('',#7526,1.);
#4766=VECTOR('',#7527,1.);
#4767=VECTOR('',#7528,1.);
#4768=VECTOR('',#7529,1.);
#4769=VECTOR('',#7532,1.);
#4770=VECTOR('',#7533,1.);
#4771=VECTOR('',#7536,1.);
#4772=VECTOR('',#7537,1.);
#4773=VECTOR('',#7538,1.);
#4774=VECTOR('',#7539,1.);
#4775=VECTOR('',#7542,1.);
#4776=VECTOR('',#7545,1.);
#4777=VECTOR('',#7548,1.);
#4778=VECTOR('',#7551,1.);
#4779=VECTOR('',#7554,1.);
#4780=VECTOR('',#7557,1.);
#4781=VECTOR('',#7560,1.);
#4782=VECTOR('',#7561,1.);
#4783=VECTOR('',#7564,1.);
#4784=VECTOR('',#7565,1.);
#4785=VECTOR('',#7568,1.);
#4786=VECTOR('',#7569,1.);
#4787=VECTOR('',#7570,1.);
#4788=VECTOR('',#7571,1.);
#4789=VECTOR('',#7574,1.);
#4790=VECTOR('',#7575,1.);
#4791=VECTOR('',#7576,1.);
#4792=VECTOR('',#7577,1.);
#4793=VECTOR('',#7580,1.);
#4794=VECTOR('',#7581,1.);
#4795=VECTOR('',#7582,1.);
#4796=VECTOR('',#7583,1.);
#4797=VECTOR('',#7586,1.);
#4798=VECTOR('',#7587,1.);
#4799=VECTOR('',#7588,1.);
#4800=VECTOR('',#7589,1.);
#4801=VECTOR('',#7592,1.);
#4802=VECTOR('',#7593,1.);
#4803=VECTOR('',#7594,1.);
#4804=VECTOR('',#7597,1.);
#4805=VECTOR('',#7598,1.);
#4806=VECTOR('',#7601,1.);
#4807=VECTOR('',#7602,1.);
#4808=VECTOR('',#7605,1.);
#4809=VECTOR('',#7606,1.);
#4810=VECTOR('',#7609,1.);
#4811=VECTOR('',#7610,1.);
#4812=VECTOR('',#7611,1.);
#4813=VECTOR('',#7614,1.);
#4814=VECTOR('',#7615,1.);
#4815=VECTOR('',#7616,1.);
#4816=VECTOR('',#7617,1.);
#4817=VECTOR('',#7618,1.);
#4818=VECTOR('',#7619,1.);
#4819=VECTOR('',#7620,1.);
#4820=VECTOR('',#7623,1.);
#4821=VECTOR('',#7624,1.);
#4822=VECTOR('',#7627,1.);
#4823=VECTOR('',#7630,1.);
#4824=VECTOR('',#7631,1.);
#4825=VECTOR('',#7632,1.);
#4826=VECTOR('',#7637,1.);
#4827=VECTOR('',#7638,1.);
#4828=VECTOR('',#7639,1.);
#4829=VECTOR('',#7640,1.);
#4830=VECTOR('',#7641,1.);
#4831=VECTOR('',#7642,1.);
#4832=VECTOR('',#7643,1.);
#4833=VECTOR('',#7646,1.);
#4834=VECTOR('',#7647,1.);
#4835=VECTOR('',#7648,1.);
#4836=VECTOR('',#7649,1.);
#4837=VECTOR('',#7650,1.);
#4838=VECTOR('',#7651,1.);
#4839=VECTOR('',#7652,1.);
#4840=VECTOR('',#7655,1.);
#4841=VECTOR('',#7656,1.);
#4842=VECTOR('',#7657,1.);
#4843=VECTOR('',#7658,1.);
#4844=VECTOR('',#7659,1.);
#4845=VECTOR('',#7660,1.);
#4846=VECTOR('',#7661,1.);
#4847=VECTOR('',#7664,1.);
#4848=VECTOR('',#7665,1.);
#4849=VECTOR('',#7666,1.);
#4850=VECTOR('',#7667,1.);
#4851=VECTOR('',#7668,1.);
#4852=VECTOR('',#7669,1.);
#4853=VECTOR('',#7670,1.);
#4854=VECTOR('',#7671,1.);
#4855=VECTOR('',#7672,1.);
#4856=VECTOR('',#7673,1.);
#4857=VECTOR('',#7674,1.);
#4858=VECTOR('',#7675,1.);
#4859=VECTOR('',#7676,1.);
#4860=VECTOR('',#7677,1.);
#4861=VECTOR('',#7680,1.);
#4862=VECTOR('',#7681,1.);
#4863=VECTOR('',#7684,1.);
#4864=VECTOR('',#7685,1.);
#4865=VECTOR('',#7690,1.);
#4866=VECTOR('',#7701,1.);
#4867=VECTOR('',#7702,1.);
#4868=VECTOR('',#7705,1.);
#4869=VECTOR('',#7706,1.);
#4870=VECTOR('',#7709,1.);
#4871=VECTOR('',#7710,1.);
#4872=VECTOR('',#7713,1.);
#4873=VECTOR('',#7714,1.);
#4874=VECTOR('',#7717,1.);
#4875=VECTOR('',#7718,1.);
#4876=VECTOR('',#7721,1.);
#4877=VECTOR('',#7722,1.);
#4878=VECTOR('',#7725,1.);
#4879=VECTOR('',#7726,1.);
#4880=VECTOR('',#7743,1.);
#4881=VECTOR('',#7744,1.);
#4882=VECTOR('',#7747,1.);
#4883=VECTOR('',#7748,1.);
#4884=VECTOR('',#7751,1.);
#4885=VECTOR('',#7752,1.);
#4886=VECTOR('',#7755,1.);
#4887=VECTOR('',#7756,1.);
#4888=VECTOR('',#7759,1.);
#4889=VECTOR('',#7760,1.);
#4890=VECTOR('',#7763,1.);
#4891=VECTOR('',#7764,1.);
#4892=VECTOR('',#7767,1.);
#4893=VECTOR('',#7768,1.);
#4894=VECTOR('',#7785,1.);
#4895=VECTOR('',#7786,1.);
#4896=VECTOR('',#7789,1.);
#4897=VECTOR('',#7790,1.);
#4898=VECTOR('',#7793,1.);
#4899=VECTOR('',#7794,1.);
#4900=VECTOR('',#7803,1.);
#4901=VECTOR('',#7804,1.);
#4902=VECTOR('',#7807,1.);
#4903=VECTOR('',#7808,1.);
#4904=VECTOR('',#7811,1.);
#4905=VECTOR('',#7812,1.);
#4906=VECTOR('',#7821,1.);
#4907=VECTOR('',#7822,1.);
#4908=VECTOR('',#7827,1.);
#4909=VECTOR('',#7828,1.);
#4910=VECTOR('',#7829,1.);
#4911=VECTOR('',#7830,1.);
#4912=VECTOR('',#7831,1.);
#4913=VECTOR('',#7834,1.);
#4914=VECTOR('',#7837,1.);
#4915=VECTOR('',#7840,1.);
#4916=VECTOR('',#7841,1.);
#4917=VECTOR('',#7842,1.);
#4918=VECTOR('',#7843,1.);
#4919=VECTOR('',#7844,1.);
#4920=VECTOR('',#7847,1.);
#4921=VECTOR('',#7848,1.);
#4922=VECTOR('',#7851,1.);
#4923=VECTOR('',#7854,1.);
#4924=VECTOR('',#7855,1.);
#4925=VECTOR('',#7858,1.);
#4926=VECTOR('',#7859,1.);
#4927=VECTOR('',#7860,1.);
#4928=VECTOR('',#7863,1.);
#4929=VECTOR('',#7864,1.);
#4930=VECTOR('',#7865,1.);
#4931=VECTOR('',#7868,1.);
#4932=VECTOR('',#7869,1.);
#4933=VECTOR('',#7870,1.);
#4934=VECTOR('',#7873,1.);
#4935=VECTOR('',#7874,1.);
#4936=VECTOR('',#7875,1.);
#4937=VECTOR('',#7876,1.);
#4938=VECTOR('',#7877,1.);
#4939=VECTOR('',#7882,1.);
#4940=VECTOR('',#7883,1.);
#4941=VECTOR('',#7886,1.);
#4942=VECTOR('',#7887,1.);
#4943=VECTOR('',#7890,1.);
#4944=VECTOR('',#7891,1.);
#4945=VECTOR('',#7892,1.);
#4946=VECTOR('',#7893,1.);
#4947=VECTOR('',#7896,1.);
#4948=VECTOR('',#7897,1.);
#4949=VECTOR('',#7898,1.);
#4950=VECTOR('',#7901,1.);
#4951=VECTOR('',#7902,1.);
#4952=VECTOR('',#7903,1.);
#4953=VECTOR('',#7904,1.);
#4954=VECTOR('',#7907,1.);
#4955=VECTOR('',#7910,1.);
#4956=VECTOR('',#7911,1.);
#4957=VECTOR('',#7912,1.);
#4958=VECTOR('',#7913,1.);
#4959=VECTOR('',#7916,1.);
#4960=VECTOR('',#7917,1.);
#4961=VECTOR('',#7920,1.);
#4962=VECTOR('',#7921,1.);
#4963=VECTOR('',#7922,1.);
#4964=VECTOR('',#7923,1.);
#4965=VECTOR('',#7924,1.);
#4966=VECTOR('',#7929,1.);
#4967=VECTOR('',#7932,1.);
#4968=VECTOR('',#7933,1.);
#4969=VECTOR('',#7934,1.);
#4970=VECTOR('',#7943,1.);
#4971=VECTOR('',#7946,1.);
#4972=VECTOR('',#7947,1.);
#4973=VECTOR('',#7948,1.);
#4974=VECTOR('',#7973,1.);
#4975=VECTOR('',#7976,1.);
#4976=VECTOR('',#7979,1.);
#4977=VECTOR('',#7982,1.);
#4978=VECTOR('',#8029,1.);
#4979=VECTOR('',#8034,1.);
#4980=VECTOR('',#8035,1.);
#4981=VECTOR('',#8038,1.);
#4982=VECTOR('',#8039,1.);
#4983=VECTOR('',#8042,1.);
#4984=VECTOR('',#8043,1.);
#4985=VECTOR('',#8052,1.);
#4986=VECTOR('',#8053,1.);
#4987=VECTOR('',#8056,1.);
#4988=VECTOR('',#8057,1.);
#4989=VECTOR('',#8060,1.);
#4990=VECTOR('',#8061,1.);
#4991=VECTOR('',#8070,1.);
#4992=VECTOR('',#8071,1.);
#4993=VECTOR('',#8072,1.);
#4994=VECTOR('',#8073,1.);
#4995=VECTOR('',#8076,1.);
#4996=VECTOR('',#8077,1.);
#4997=VECTOR('',#8078,1.);
#4998=VECTOR('',#8081,1.);
#4999=VECTOR('',#8082,1.);
#5000=VECTOR('',#8083,1.);
#5001=VECTOR('',#8086,1.);
#5002=VECTOR('',#8087,1.);
#5003=VECTOR('',#8088,1.);
#5004=VECTOR('',#8089,1.);
#5005=VECTOR('',#8092,1.);
#5006=VECTOR('',#8093,1.);
#5007=VECTOR('',#8094,1.);
#5008=VECTOR('',#8095,1.);
#5009=VECTOR('',#8098,1.);
#5010=VECTOR('',#8099,1.);
#5011=VECTOR('',#8102,1.);
#5012=VECTOR('',#8103,1.);
#5013=VECTOR('',#8104,1.);
#5014=VECTOR('',#8105,1.);
#5015=VECTOR('',#8118,1.);
#5016=VECTOR('',#8119,1.);
#5017=VECTOR('',#8120,1.);
#5018=VECTOR('',#8121,1.);
#5019=VECTOR('',#8134,1.);
#5020=VECTOR('',#8135,1.);
#5021=VECTOR('',#8138,1.);
#5022=VECTOR('',#8139,1.);
#5023=VECTOR('',#8142,1.);
#5024=VECTOR('',#8143,1.);
#5025=VECTOR('',#8146,1.);
#5026=VECTOR('',#8147,1.);
#5027=VECTOR('',#8150,1.);
#5028=VECTOR('',#8151,1.);
#5029=VECTOR('',#8154,1.);
#5030=VECTOR('',#8155,1.);
#5031=VECTOR('',#8166,1.);
#5032=VECTOR('',#8167,1.);
#5033=VECTOR('',#8170,1.);
#5034=VECTOR('',#8171,1.);
#5035=VECTOR('',#8204,1.);
#5036=VECTOR('',#8205,1.);
#5037=VECTOR('',#8206,1.);
#5038=VECTOR('',#8207,1.);
#5039=VECTOR('',#8208,1.);
#5040=VECTOR('',#8209,1.);
#5041=VECTOR('',#8210,1.);
#5042=VECTOR('',#8211,1.);
#5043=VECTOR('',#8212,1.);
#5044=VECTOR('',#8213,1.);
#5045=VECTOR('',#8214,1.);
#5046=VECTOR('',#8215,1.);
#5047=VECTOR('',#8216,1.);
#5048=VECTOR('',#8217,1.);
#5049=VECTOR('',#8218,1.);
#5050=VECTOR('',#8219,1.);
#5051=VECTOR('',#8220,1.);
#5052=VECTOR('',#8221,1.);
#5053=VECTOR('',#8222,1.);
#5054=VECTOR('',#8223,1.);
#5055=VECTOR('',#8224,1.);
#5056=VECTOR('',#8225,1.);
#5057=VECTOR('',#8226,1.);
#5058=VECTOR('',#8227,1.);
#5059=VECTOR('',#8228,1.);
#5060=VECTOR('',#8229,1.);
#5061=VECTOR('',#8230,1.);
#5062=VECTOR('',#8231,1.);
#5063=VECTOR('',#8232,1.);
#5064=VECTOR('',#8233,1.);
#5065=VECTOR('',#8246,1.);
#5066=VECTOR('',#8247,1.);
#5067=VECTOR('',#8248,1.);
#5068=VECTOR('',#8249,1.);
#5069=VECTOR('',#8250,1.);
#5070=VECTOR('',#8251,1.);
#5071=VECTOR('',#8252,1.);
#5072=VECTOR('',#8253,1.);
#5073=VECTOR('',#8254,1.);
#5074=VECTOR('',#8259,1.);
#5075=VECTOR('',#8262,1.);
#5076=VECTOR('',#8263,1.);
#5077=VECTOR('',#8264,1.);
#5078=VECTOR('',#8265,1.);
#5079=VECTOR('',#8266,1.);
#5080=VECTOR('',#8267,1.);
#5081=VECTOR('',#8268,1.);
#5082=VECTOR('',#8269,1.);
#5083=VECTOR('',#8270,1.);
#5084=VECTOR('',#8277,1.);
#5085=VECTOR('',#8278,1.);
#5086=VECTOR('',#8279,1.);
#5087=VECTOR('',#8282,1.);
#5088=VECTOR('',#8283,1.);
#5089=VECTOR('',#8286,1.);
#5090=VECTOR('',#8287,1.);
#5091=VECTOR('',#8288,1.);
#5092=VECTOR('',#8291,1.);
#5093=VECTOR('',#8292,1.);
#5094=VECTOR('',#8293,1.);
#5095=VECTOR('',#8296,1.);
#5096=VECTOR('',#8297,1.);
#5097=VECTOR('',#8300,1.);
#5098=VECTOR('',#8301,1.);
#5099=VECTOR('',#8304,1.);
#5100=VECTOR('',#8305,1.);
#5101=VECTOR('',#8308,1.);
#5102=VECTOR('',#8309,1.);
#5103=VECTOR('',#8310,1.);
#5104=VECTOR('',#8313,1.);
#5105=VECTOR('',#8316,1.);
#5106=VECTOR('',#8317,1.);
#5107=VECTOR('',#8320,1.);
#5108=VECTOR('',#8323,1.);
#5109=VECTOR('',#8324,1.);
#5110=VECTOR('',#8325,1.);
#5111=VECTOR('',#8326,1.);
#5112=VECTOR('',#8327,1.);
#5113=VECTOR('',#8332,1.);
#5114=VECTOR('',#8333,1.);
#5115=VECTOR('',#8334,1.);
#5116=VECTOR('',#8337,1.);
#5117=VECTOR('',#8338,1.);
#5118=VECTOR('',#8341,1.);
#5119=VECTOR('',#8342,1.);
#5120=VECTOR('',#8343,1.);
#5121=VECTOR('',#8346,1.);
#5122=VECTOR('',#8347,1.);
#5123=VECTOR('',#8350,1.);
#5124=VECTOR('',#8351,1.);
#5125=VECTOR('',#8354,1.);
#5126=VECTOR('',#8355,1.);
#5127=VECTOR('',#8358,1.);
#5128=VECTOR('',#8409,1.);
#5129=VECTOR('',#8410,1.);
#5130=VECTOR('',#8413,1.);
#5131=VECTOR('',#8414,1.);
#5132=VECTOR('',#8417,1.);
#5133=VECTOR('',#8418,1.);
#5134=VECTOR('',#8427,1.);
#5135=VECTOR('',#8428,1.);
#5136=VECTOR('',#8431,1.);
#5137=VECTOR('',#8432,1.);
#5138=VECTOR('',#8435,1.);
#5139=VECTOR('',#8436,1.);
#5140=VECTOR('',#8445,1.);
#5141=VECTOR('',#8446,1.);
#5142=VECTOR('',#8449,1.);
#5143=VECTOR('',#8450,1.);
#5144=VECTOR('',#8453,1.);
#5145=VECTOR('',#8454,1.);
#5146=VECTOR('',#8463,1.);
#5147=VECTOR('',#8464,1.);
#5148=VECTOR('',#8467,1.);
#5149=VECTOR('',#8468,1.);
#5150=VECTOR('',#8471,1.);
#5151=VECTOR('',#8472,1.);
#5152=EDGE_LOOP('',(#591,#592,#593,#594,#595,#596));
#5153=EDGE_LOOP('',(#597,#598,#599,#600,#601,#602));
#5154=EDGE_LOOP('',(#603,#604,#605,#606,#607,#608));
#5155=EDGE_LOOP('',(#609,#610,#611,#612,#613,#614));
#5156=EDGE_LOOP('',(#615,#616,#617,#618,#619,#620,#621,#622,#623,#624,#625,
#626,#627,#628));
#5157=EDGE_LOOP('',(#629,#630,#631,#632,#633,#634,#635,#636,#637,#638,#639,
#640,#641,#642));
#5158=EDGE_LOOP('',(#643));
#5159=EDGE_LOOP('',(#644));
#5160=EDGE_LOOP('',(#645));
#5161=EDGE_LOOP('',(#646));
#5162=EDGE_LOOP('',(#647,#648,#649,#650,#651,#652));
#5163=EDGE_LOOP('',(#653,#654,#655,#656,#657,#658,#659,#660,#661,#662,#663,
#664,#665,#666,#667,#668,#669,#670,#671,#672,#673,#674,#675,#676,#677,#678));
#5164=EDGE_LOOP('',(#679,#680,#681,#682,#683,#684));
#5165=EDGE_LOOP('',(#685,#686,#687,#688,#689,#690));
#5166=EDGE_LOOP('',(#691,#692,#693,#694,#695,#696));
#5167=EDGE_LOOP('',(#697,#698,#699,#700,#701,#702));
#5168=EDGE_LOOP('',(#703,#704,#705,#706,#707,#708));
#5169=EDGE_LOOP('',(#709));
#5170=EDGE_LOOP('',(#710));
#5171=EDGE_LOOP('',(#711));
#5172=EDGE_LOOP('',(#712));
#5173=EDGE_LOOP('',(#713,#714,#715,#716));
#5174=EDGE_LOOP('',(#717,#718,#719,#720,#721,#722));
#5175=EDGE_LOOP('',(#723,#724,#725,#726,#727,#728,#729,#730));
#5176=EDGE_LOOP('',(#731));
#5177=EDGE_LOOP('',(#732));
#5178=EDGE_LOOP('',(#733));
#5179=EDGE_LOOP('',(#734));
#5180=EDGE_LOOP('',(#735,#736,#737,#738,#739,#740,#741,#742,#743,#744,#745,
#746,#747,#748));
#5181=EDGE_LOOP('',(#749,#750,#751,#752,#753,#754,#755,#756,#757,#758,#759,
#760,#761,#762));
#5182=EDGE_LOOP('',(#763,#764,#765,#766,#767,#768));
#5183=EDGE_LOOP('',(#769,#770,#771,#772));
#5184=EDGE_LOOP('',(#773,#774,#775,#776,#777,#778));
#5185=EDGE_LOOP('',(#779,#780,#781,#782,#783,#784));
#5186=EDGE_LOOP('',(#785,#786,#787,#788,#789,#790,#791,#792,#793));
#5187=EDGE_LOOP('',(#794,#795,#796,#797,#798,#799,#800,#801,#802,#803,#804,
#805,#806,#807,#808,#809,#810,#811,#812,#813,#814));
#5188=EDGE_LOOP('',(#815,#816,#817,#818,#819,#820,#821,#822,#823,#824,#825,
#826,#827,#828,#829,#830));
#5189=EDGE_LOOP('',(#831,#832,#833,#834,#835,#836,#837,#838,#839,#840,#841,
#842));
#5190=EDGE_LOOP('',(#843,#844,#845,#846,#847,#848,#849,#850,#851));
#5191=EDGE_LOOP('',(#852,#853,#854,#855));
#5192=EDGE_LOOP('',(#856,#857,#858,#859,#860,#861,#862,#863,#864,#865,#866,
#867,#868,#869));
#5193=EDGE_LOOP('',(#870,#871,#872,#873,#874,#875,#876));
#5194=EDGE_LOOP('',(#877,#878,#879,#880));
#5195=EDGE_LOOP('',(#881,#882,#883,#884));
#5196=EDGE_LOOP('',(#885,#886,#887,#888));
#5197=EDGE_LOOP('',(#889,#890,#891,#892));
#5198=EDGE_LOOP('',(#893,#894,#895,#896,#897,#898,#899,#900,#901,#902,#903,
#904,#905,#906,#907,#908));
#5199=EDGE_LOOP('',(#909,#910,#911,#912,#913,#914,#915));
#5200=EDGE_LOOP('',(#916,#917,#918,#919,#920,#921,#922));
#5201=EDGE_LOOP('',(#923,#924,#925,#926,#927,#928,#929,#930));
#5202=EDGE_LOOP('',(#931,#932,#933,#934,#935,#936,#937));
#5203=EDGE_LOOP('',(#938,#939,#940,#941));
#5204=EDGE_LOOP('',(#942,#943,#944,#945,#946,#947));
#5205=EDGE_LOOP('',(#948,#949,#950,#951,#952,#953));
#5206=EDGE_LOOP('',(#954,#955,#956,#957));
#5207=EDGE_LOOP('',(#958,#959,#960,#961));
#5208=EDGE_LOOP('',(#962,#963,#964,#965));
#5209=EDGE_LOOP('',(#966,#967,#968,#969));
#5210=EDGE_LOOP('',(#970,#971,#972,#973));
#5211=EDGE_LOOP('',(#974,#975,#976,#977));
#5212=EDGE_LOOP('',(#978,#979,#980,#981));
#5213=EDGE_LOOP('',(#982,#983,#984,#985));
#5214=EDGE_LOOP('',(#986,#987,#988,#989));
#5215=EDGE_LOOP('',(#990,#991,#992,#993));
#5216=EDGE_LOOP('',(#994,#995,#996,#997));
#5217=EDGE_LOOP('',(#998,#999,#1000,#1001,#1002,#1003,#1004,#1005,#1006,
#1007,#1008,#1009,#1010,#1011,#1012,#1013,#1014,#1015,#1016));
#5218=EDGE_LOOP('',(#1017));
#5219=EDGE_LOOP('',(#1018,#1019,#1020,#1021,#1022,#1023,#1024,#1025));
#5220=EDGE_LOOP('',(#1026,#1027,#1028,#1029,#1030,#1031,#1032,#1033));
#5221=EDGE_LOOP('',(#1034,#1035,#1036,#1037,#1038,#1039,#1040,#1041));
#5222=EDGE_LOOP('',(#1042,#1043,#1044,#1045,#1046,#1047,#1048,#1049,#1050,
#1051,#1052,#1053,#1054,#1055,#1056,#1057));
#5223=EDGE_LOOP('',(#1058,#1059,#1060,#1061));
#5224=EDGE_LOOP('',(#1062,#1063,#1064,#1065));
#5225=EDGE_LOOP('',(#1066,#1067,#1068,#1069));
#5226=EDGE_LOOP('',(#1070,#1071,#1072,#1073));
#5227=EDGE_LOOP('',(#1074));
#5228=EDGE_LOOP('',(#1075));
#5229=EDGE_LOOP('',(#1076));
#5230=EDGE_LOOP('',(#1077));
#5231=EDGE_LOOP('',(#1078));
#5232=EDGE_LOOP('',(#1079));
#5233=EDGE_LOOP('',(#1080));
#5234=EDGE_LOOP('',(#1081));
#5235=EDGE_LOOP('',(#1082,#1083,#1084,#1085));
#5236=EDGE_LOOP('',(#1086,#1087,#1088,#1089));
#5237=EDGE_LOOP('',(#1090,#1091,#1092,#1093));
#5238=EDGE_LOOP('',(#1094,#1095,#1096,#1097));
#5239=EDGE_LOOP('',(#1098,#1099,#1100,#1101));
#5240=EDGE_LOOP('',(#1102,#1103,#1104,#1105));
#5241=EDGE_LOOP('',(#1106,#1107,#1108,#1109));
#5242=EDGE_LOOP('',(#1110,#1111,#1112,#1113));
#5243=EDGE_LOOP('',(#1114,#1115,#1116,#1117));
#5244=EDGE_LOOP('',(#1118,#1119,#1120,#1121));
#5245=EDGE_LOOP('',(#1122,#1123,#1124,#1125));
#5246=EDGE_LOOP('',(#1126,#1127,#1128,#1129));
#5247=EDGE_LOOP('',(#1130,#1131,#1132,#1133));
#5248=EDGE_LOOP('',(#1134,#1135,#1136,#1137));
#5249=EDGE_LOOP('',(#1138,#1139,#1140,#1141));
#5250=EDGE_LOOP('',(#1142,#1143,#1144,#1145));
#5251=EDGE_LOOP('',(#1146,#1147,#1148,#1149));
#5252=EDGE_LOOP('',(#1150,#1151,#1152,#1153));
#5253=EDGE_LOOP('',(#1154,#1155,#1156,#1157));
#5254=EDGE_LOOP('',(#1158,#1159,#1160,#1161));
#5255=EDGE_LOOP('',(#1162,#1163,#1164,#1165));
#5256=EDGE_LOOP('',(#1166,#1167,#1168,#1169));
#5257=EDGE_LOOP('',(#1170,#1171,#1172,#1173));
#5258=EDGE_LOOP('',(#1174,#1175,#1176,#1177));
#5259=EDGE_LOOP('',(#1178,#1179,#1180,#1181));
#5260=EDGE_LOOP('',(#1182,#1183,#1184,#1185));
#5261=EDGE_LOOP('',(#1186,#1187,#1188,#1189));
#5262=EDGE_LOOP('',(#1190,#1191,#1192,#1193));
#5263=EDGE_LOOP('',(#1194,#1195,#1196,#1197));
#5264=EDGE_LOOP('',(#1198,#1199,#1200,#1201));
#5265=EDGE_LOOP('',(#1202,#1203,#1204,#1205));
#5266=EDGE_LOOP('',(#1206,#1207,#1208,#1209));
#5267=EDGE_LOOP('',(#1210,#1211,#1212,#1213));
#5268=EDGE_LOOP('',(#1214,#1215,#1216,#1217));
#5269=EDGE_LOOP('',(#1218,#1219,#1220,#1221));
#5270=EDGE_LOOP('',(#1222,#1223,#1224,#1225));
#5271=EDGE_LOOP('',(#1226,#1227,#1228,#1229));
#5272=EDGE_LOOP('',(#1230,#1231,#1232,#1233));
#5273=EDGE_LOOP('',(#1234,#1235,#1236,#1237));
#5274=EDGE_LOOP('',(#1238,#1239,#1240,#1241));
#5275=EDGE_LOOP('',(#1242,#1243,#1244,#1245));
#5276=EDGE_LOOP('',(#1246));
#5277=EDGE_LOOP('',(#1247,#1248,#1249,#1250,#1251,#1252,#1253,#1254,#1255,
#1256,#1257,#1258,#1259,#1260,#1261,#1262,#1263,#1264,#1265));
#5278=EDGE_LOOP('',(#1266,#1267,#1268,#1269,#1270));
#5279=EDGE_LOOP('',(#1271,#1272,#1273,#1274));
#5280=EDGE_LOOP('',(#1275,#1276,#1277,#1278,#1279));
#5281=EDGE_LOOP('',(#1280,#1281,#1282,#1283,#1284,#1285,#1286));
#5282=EDGE_LOOP('',(#1287,#1288,#1289,#1290,#1291,#1292,#1293));
#5283=EDGE_LOOP('',(#1294,#1295,#1296,#1297,#1298,#1299,#1300,#1301));
#5284=EDGE_LOOP('',(#1302,#1303,#1304,#1305,#1306,#1307,#1308));
#5285=EDGE_LOOP('',(#1309,#1310,#1311,#1312));
#5286=EDGE_LOOP('',(#1313,#1314,#1315,#1316));
#5287=EDGE_LOOP('',(#1317,#1318,#1319,#1320));
#5288=EDGE_LOOP('',(#1321,#1322,#1323,#1324,#1325,#1326,#1327,#1328));
#5289=EDGE_LOOP('',(#1329,#1330,#1331,#1332));
#5290=EDGE_LOOP('',(#1333,#1334,#1335,#1336,#1337,#1338,#1339));
#5291=EDGE_LOOP('',(#1340,#1341,#1342,#1343));
#5292=EDGE_LOOP('',(#1344,#1345,#1346,#1347,#1348,#1349,#1350));
#5293=EDGE_LOOP('',(#1351,#1352,#1353,#1354));
#5294=EDGE_LOOP('',(#1355,#1356,#1357,#1358,#1359,#1360,#1361));
#5295=EDGE_LOOP('',(#1362,#1363,#1364,#1365));
#5296=EDGE_LOOP('',(#1366,#1367,#1368,#1369));
#5297=EDGE_LOOP('',(#1370,#1371,#1372,#1373));
#5298=EDGE_LOOP('',(#1374,#1375,#1376,#1377,#1378,#1379,#1380,#1381));
#5299=EDGE_LOOP('',(#1382,#1383,#1384,#1385));
#5300=EDGE_LOOP('',(#1386,#1387,#1388,#1389));
#5301=EDGE_LOOP('',(#1390,#1391,#1392,#1393,#1394,#1395,#1396,#1397));
#5302=EDGE_LOOP('',(#1398));
#5303=EDGE_LOOP('',(#1399));
#5304=EDGE_LOOP('',(#1400));
#5305=EDGE_LOOP('',(#1401));
#5306=EDGE_LOOP('',(#1402));
#5307=EDGE_LOOP('',(#1403));
#5308=EDGE_LOOP('',(#1404));
#5309=EDGE_LOOP('',(#1405));
#5310=EDGE_LOOP('',(#1406));
#5311=EDGE_LOOP('',(#1407,#1408,#1409,#1410));
#5312=EDGE_LOOP('',(#1411,#1412,#1413,#1414,#1415));
#5313=EDGE_LOOP('',(#1416));
#5314=EDGE_LOOP('',(#1417,#1418,#1419,#1420));
#5315=EDGE_LOOP('',(#1421));
#5316=EDGE_LOOP('',(#1422));
#5317=EDGE_LOOP('',(#1423,#1424,#1425,#1426,#1427));
#5318=EDGE_LOOP('',(#1428));
#5319=EDGE_LOOP('',(#1429));
#5320=EDGE_LOOP('',(#1430));
#5321=EDGE_LOOP('',(#1431));
#5322=EDGE_LOOP('',(#1432));
#5323=EDGE_LOOP('',(#1433));
#5324=EDGE_LOOP('',(#1434));
#5325=EDGE_LOOP('',(#1435));
#5326=EDGE_LOOP('',(#1436));
#5327=EDGE_LOOP('',(#1437));
#5328=EDGE_LOOP('',(#1438));
#5329=EDGE_LOOP('',(#1439));
#5330=EDGE_LOOP('',(#1440));
#5331=EDGE_LOOP('',(#1441));
#5332=EDGE_LOOP('',(#1442));
#5333=EDGE_LOOP('',(#1443));
#5334=EDGE_LOOP('',(#1444));
#5335=EDGE_LOOP('',(#1445));
#5336=EDGE_LOOP('',(#1446));
#5337=EDGE_LOOP('',(#1447));
#5338=EDGE_LOOP('',(#1448));
#5339=EDGE_LOOP('',(#1449));
#5340=EDGE_LOOP('',(#1450,#1451,#1452,#1453));
#5341=EDGE_LOOP('',(#1454,#1455,#1456,#1457));
#5342=EDGE_LOOP('',(#1458,#1459,#1460,#1461));
#5343=EDGE_LOOP('',(#1462,#1463,#1464,#1465));
#5344=EDGE_LOOP('',(#1466,#1467,#1468,#1469));
#5345=EDGE_LOOP('',(#1470,#1471,#1472,#1473));
#5346=EDGE_LOOP('',(#1474,#1475,#1476,#1477));
#5347=EDGE_LOOP('',(#1478,#1479,#1480,#1481));
#5348=EDGE_LOOP('',(#1482,#1483,#1484,#1485));
#5349=EDGE_LOOP('',(#1486,#1487,#1488,#1489));
#5350=EDGE_LOOP('',(#1490,#1491,#1492,#1493));
#5351=EDGE_LOOP('',(#1494,#1495,#1496,#1497));
#5352=EDGE_LOOP('',(#1498,#1499,#1500,#1501));
#5353=EDGE_LOOP('',(#1502,#1503,#1504,#1505));
#5354=EDGE_LOOP('',(#1506,#1507,#1508,#1509));
#5355=EDGE_LOOP('',(#1510,#1511,#1512,#1513));
#5356=EDGE_LOOP('',(#1514,#1515,#1516,#1517));
#5357=EDGE_LOOP('',(#1518,#1519,#1520,#1521));
#5358=EDGE_LOOP('',(#1522,#1523,#1524,#1525));
#5359=EDGE_LOOP('',(#1526,#1527,#1528,#1529));
#5360=EDGE_LOOP('',(#1530,#1531,#1532,#1533));
#5361=EDGE_LOOP('',(#1534));
#5362=EDGE_LOOP('',(#1535,#1536,#1537,#1538,#1539,#1540,#1541));
#5363=EDGE_LOOP('',(#1542,#1543,#1544,#1545));
#5364=EDGE_LOOP('',(#1546));
#5365=EDGE_LOOP('',(#1547,#1548,#1549,#1550,#1551,#1552,#1553));
#5366=EDGE_LOOP('',(#1554,#1555,#1556,#1557));
#5367=EDGE_LOOP('',(#1558,#1559,#1560,#1561));
#5368=EDGE_LOOP('',(#1562,#1563,#1564,#1565));
#5369=EDGE_LOOP('',(#1566,#1567,#1568,#1569));
#5370=EDGE_LOOP('',(#1570,#1571,#1572,#1573,#1574,#1575,#1576,#1577));
#5371=EDGE_LOOP('',(#1578,#1579,#1580,#1581,#1582));
#5372=EDGE_LOOP('',(#1583));
#5373=EDGE_LOOP('',(#1584,#1585,#1586,#1587,#1588,#1589));
#5374=EDGE_LOOP('',(#1590,#1591,#1592,#1593,#1594,#1595,#1596,#1597));
#5375=EDGE_LOOP('',(#1598,#1599,#1600,#1601,#1602));
#5376=EDGE_LOOP('',(#1603));
#5377=EDGE_LOOP('',(#1604,#1605,#1606,#1607,#1608,#1609));
#5378=EDGE_LOOP('',(#1610));
#5379=EDGE_LOOP('',(#1611));
#5380=EDGE_LOOP('',(#1612));
#5381=EDGE_LOOP('',(#1613));
#5382=EDGE_LOOP('',(#1614));
#5383=EDGE_LOOP('',(#1615));
#5384=EDGE_LOOP('',(#1616));
#5385=EDGE_LOOP('',(#1617));
#5386=EDGE_LOOP('',(#1618));
#5387=EDGE_LOOP('',(#1619));
#5388=EDGE_LOOP('',(#1620));
#5389=EDGE_LOOP('',(#1621));
#5390=EDGE_LOOP('',(#1622,#1623,#1624,#1625));
#5391=EDGE_LOOP('',(#1626,#1627,#1628,#1629));
#5392=EDGE_LOOP('',(#1630,#1631,#1632,#1633));
#5393=EDGE_LOOP('',(#1634,#1635,#1636,#1637));
#5394=EDGE_LOOP('',(#1638,#1639,#1640,#1641));
#5395=EDGE_LOOP('',(#1642,#1643,#1644,#1645));
#5396=EDGE_LOOP('',(#1646,#1647,#1648,#1649));
#5397=EDGE_LOOP('',(#1650,#1651,#1652,#1653));
#5398=EDGE_LOOP('',(#1654,#1655,#1656,#1657));
#5399=EDGE_LOOP('',(#1658,#1659,#1660,#1661));
#5400=EDGE_LOOP('',(#1662,#1663,#1664,#1665));
#5401=EDGE_LOOP('',(#1666,#1667,#1668,#1669));
#5402=EDGE_LOOP('',(#1670,#1671,#1672,#1673));
#5403=EDGE_LOOP('',(#1674,#1675,#1676,#1677));
#5404=EDGE_LOOP('',(#1678,#1679,#1680,#1681));
#5405=EDGE_LOOP('',(#1682,#1683,#1684,#1685));
#5406=EDGE_LOOP('',(#1686,#1687,#1688,#1689));
#5407=EDGE_LOOP('',(#1690,#1691,#1692,#1693));
#5408=EDGE_LOOP('',(#1694,#1695,#1696,#1697));
#5409=EDGE_LOOP('',(#1698,#1699,#1700,#1701));
#5410=EDGE_LOOP('',(#1702,#1703,#1704,#1705));
#5411=EDGE_LOOP('',(#1706,#1707,#1708,#1709));
#5412=EDGE_LOOP('',(#1710,#1711,#1712,#1713));
#5413=EDGE_LOOP('',(#1714,#1715,#1716,#1717));
#5414=EDGE_LOOP('',(#1718,#1719,#1720,#1721));
#5415=EDGE_LOOP('',(#1722,#1723,#1724,#1725));
#5416=EDGE_LOOP('',(#1726,#1727,#1728,#1729));
#5417=EDGE_LOOP('',(#1730,#1731,#1732,#1733));
#5418=EDGE_LOOP('',(#1734,#1735,#1736,#1737));
#5419=EDGE_LOOP('',(#1738,#1739,#1740,#1741));
#5420=EDGE_LOOP('',(#1742,#1743,#1744,#1745,#1746,#1747));
#5421=EDGE_LOOP('',(#1748,#1749,#1750,#1751,#1752,#1753,#1754,#1755));
#5422=EDGE_LOOP('',(#1756,#1757,#1758,#1759,#1760,#1761,#1762,#1763,#1764,
#1765,#1766,#1767,#1768,#1769,#1770,#1771));
#5423=EDGE_LOOP('',(#1772,#1773,#1774,#1775,#1776,#1777,#1778,#1779));
#5424=EDGE_LOOP('',(#1780,#1781,#1782,#1783,#1784,#1785));
#5425=EDGE_LOOP('',(#1786,#1787,#1788,#1789));
#5426=EDGE_LOOP('',(#1790,#1791,#1792,#1793));
#5427=EDGE_LOOP('',(#1794,#1795,#1796,#1797));
#5428=EDGE_LOOP('',(#1798,#1799,#1800,#1801));
#5429=EDGE_LOOP('',(#1802,#1803,#1804,#1805));
#5430=EDGE_LOOP('',(#1806,#1807,#1808,#1809));
#5431=EDGE_LOOP('',(#1810,#1811,#1812,#1813));
#5432=EDGE_LOOP('',(#1814,#1815,#1816,#1817));
#5433=EDGE_LOOP('',(#1818,#1819,#1820,#1821));
#5434=EDGE_LOOP('',(#1822,#1823,#1824,#1825));
#5435=EDGE_LOOP('',(#1826,#1827,#1828,#1829));
#5436=EDGE_LOOP('',(#1830,#1831,#1832,#1833));
#5437=EDGE_LOOP('',(#1834,#1835,#1836,#1837));
#5438=EDGE_LOOP('',(#1838,#1839,#1840,#1841));
#5439=EDGE_LOOP('',(#1842,#1843,#1844,#1845));
#5440=EDGE_LOOP('',(#1846,#1847,#1848,#1849));
#5441=EDGE_LOOP('',(#1850,#1851,#1852,#1853));
#5442=EDGE_LOOP('',(#1854,#1855,#1856,#1857));
#5443=EDGE_LOOP('',(#1858,#1859,#1860,#1861));
#5444=EDGE_LOOP('',(#1862,#1863,#1864,#1865,#1866,#1867,#1868,#1869,#1870,
#1871));
#5445=EDGE_LOOP('',(#1872,#1873,#1874,#1875,#1876,#1877,#1878,#1879,#1880));
#5446=EDGE_LOOP('',(#1881,#1882,#1883,#1884,#1885,#1886,#1887,#1888,#1889,
#1890));
#5447=EDGE_LOOP('',(#1891,#1892,#1893,#1894));
#5448=EDGE_LOOP('',(#1895,#1896,#1897,#1898));
#5449=EDGE_LOOP('',(#1899,#1900,#1901,#1902));
#5450=EDGE_LOOP('',(#1903,#1904,#1905,#1906));
#5451=EDGE_LOOP('',(#1907,#1908,#1909,#1910));
#5452=EDGE_LOOP('',(#1911,#1912,#1913,#1914));
#5453=EDGE_LOOP('',(#1915,#1916,#1917,#1918));
#5454=EDGE_LOOP('',(#1919,#1920,#1921,#1922));
#5455=EDGE_LOOP('',(#1923,#1924,#1925,#1926));
#5456=EDGE_LOOP('',(#1927,#1928,#1929,#1930));
#5457=EDGE_LOOP('',(#1931,#1932,#1933,#1934));
#5458=EDGE_LOOP('',(#1935,#1936,#1937,#1938));
#5459=EDGE_LOOP('',(#1939,#1940,#1941,#1942));
#5460=EDGE_LOOP('',(#1943,#1944,#1945,#1946));
#5461=EDGE_LOOP('',(#1947,#1948,#1949,#1950));
#5462=EDGE_LOOP('',(#1951,#1952,#1953,#1954));
#5463=EDGE_LOOP('',(#1955,#1956,#1957,#1958));
#5464=EDGE_LOOP('',(#1959,#1960,#1961,#1962));
#5465=EDGE_LOOP('',(#1963,#1964,#1965,#1966));
#5466=EDGE_LOOP('',(#1967,#1968,#1969,#1970));
#5467=EDGE_LOOP('',(#1971,#1972,#1973,#1974));
#5468=EDGE_LOOP('',(#1975,#1976,#1977,#1978,#1979,#1980,#1981,#1982,#1983,
#1984,#1985,#1986,#1987,#1988,#1989,#1990,#1991,#1992,#1993,#1994,#1995));
#5469=EDGE_LOOP('',(#1996,#1997,#1998,#1999));
#5470=EDGE_LOOP('',(#2000,#2001,#2002,#2003));
#5471=EDGE_LOOP('',(#2004,#2005,#2006,#2007));
#5472=EDGE_LOOP('',(#2008,#2009,#2010,#2011));
#5473=EDGE_LOOP('',(#2012,#2013,#2014,#2015));
#5474=EDGE_LOOP('',(#2016,#2017,#2018,#2019));
#5475=EDGE_LOOP('',(#2020,#2021,#2022,#2023));
#5476=EDGE_LOOP('',(#2024,#2025,#2026,#2027));
#5477=EDGE_LOOP('',(#2028,#2029,#2030,#2031));
#5478=EDGE_LOOP('',(#2032,#2033,#2034,#2035,#2036,#2037,#2038,#2039,#2040));
#5479=EDGE_LOOP('',(#2041,#2042,#2043,#2044));
#5480=EDGE_LOOP('',(#2045,#2046,#2047,#2048));
#5481=EDGE_LOOP('',(#2049,#2050,#2051,#2052));
#5482=EDGE_LOOP('',(#2053,#2054,#2055,#2056));
#5483=EDGE_LOOP('',(#2057,#2058,#2059,#2060));
#5484=EDGE_LOOP('',(#2061,#2062,#2063,#2064));
#5485=EDGE_LOOP('',(#2065,#2066,#2067,#2068));
#5486=EDGE_LOOP('',(#2069,#2070,#2071,#2072));
#5487=EDGE_LOOP('',(#2073,#2074,#2075,#2076));
#5488=EDGE_LOOP('',(#2077,#2078,#2079,#2080));
#5489=EDGE_LOOP('',(#2081,#2082,#2083,#2084));
#5490=EDGE_LOOP('',(#2085,#2086,#2087,#2088));
#5491=EDGE_LOOP('',(#2089,#2090,#2091,#2092));
#5492=EDGE_LOOP('',(#2093,#2094,#2095,#2096));
#5493=EDGE_LOOP('',(#2097,#2098,#2099,#2100));
#5494=EDGE_LOOP('',(#2101,#2102,#2103,#2104));
#5495=EDGE_LOOP('',(#2105,#2106,#2107,#2108));
#5496=EDGE_LOOP('',(#2109,#2110,#2111,#2112));
#5497=EDGE_LOOP('',(#2113,#2114,#2115,#2116));
#5498=EDGE_LOOP('',(#2117,#2118,#2119,#2120));
#5499=EDGE_LOOP('',(#2121,#2122,#2123,#2124));
#5500=EDGE_LOOP('',(#2125,#2126,#2127,#2128));
#5501=EDGE_LOOP('',(#2129,#2130,#2131,#2132));
#5502=EDGE_LOOP('',(#2133,#2134,#2135,#2136));
#5503=EDGE_LOOP('',(#2137,#2138,#2139,#2140));
#5504=EDGE_LOOP('',(#2141,#2142,#2143,#2144));
#5505=EDGE_LOOP('',(#2145,#2146,#2147,#2148));
#5506=EDGE_LOOP('',(#2149,#2150,#2151,#2152));
#5507=EDGE_LOOP('',(#2153,#2154,#2155,#2156));
#5508=EDGE_LOOP('',(#2157,#2158,#2159,#2160));
#5509=EDGE_LOOP('',(#2161,#2162,#2163,#2164));
#5510=EDGE_LOOP('',(#2165,#2166,#2167,#2168));
#5511=EDGE_LOOP('',(#2169,#2170,#2171,#2172));
#5512=EDGE_LOOP('',(#2173,#2174,#2175,#2176));
#5513=EDGE_LOOP('',(#2177,#2178,#2179,#2180));
#5514=EDGE_LOOP('',(#2181,#2182,#2183,#2184));
#5515=EDGE_LOOP('',(#2185,#2186,#2187,#2188));
#5516=EDGE_LOOP('',(#2189,#2190,#2191,#2192));
#5517=EDGE_LOOP('',(#2193,#2194,#2195,#2196));
#5518=EDGE_LOOP('',(#2197,#2198,#2199,#2200));
#5519=EDGE_LOOP('',(#2201,#2202,#2203,#2204));
#5520=EDGE_LOOP('',(#2205,#2206,#2207,#2208));
#5521=EDGE_LOOP('',(#2209,#2210,#2211,#2212));
#5522=EDGE_LOOP('',(#2213,#2214,#2215,#2216));
#5523=EDGE_LOOP('',(#2217,#2218,#2219,#2220));
#5524=EDGE_LOOP('',(#2221,#2222,#2223,#2224));
#5525=EDGE_LOOP('',(#2225,#2226,#2227,#2228));
#5526=EDGE_LOOP('',(#2229,#2230,#2231,#2232));
#5527=EDGE_LOOP('',(#2233,#2234,#2235,#2236));
#5528=EDGE_LOOP('',(#2237,#2238,#2239,#2240));
#5529=EDGE_LOOP('',(#2241,#2242,#2243,#2244));
#5530=EDGE_LOOP('',(#2245,#2246,#2247,#2248));
#5531=EDGE_LOOP('',(#2249,#2250,#2251,#2252));
#5532=EDGE_LOOP('',(#2253,#2254,#2255,#2256));
#5533=EDGE_LOOP('',(#2257,#2258,#2259));
#5534=EDGE_LOOP('',(#2260,#2261,#2262,#2263));
#5535=EDGE_LOOP('',(#2264,#2265,#2266,#2267));
#5536=EDGE_LOOP('',(#2268,#2269,#2270,#2271));
#5537=EDGE_LOOP('',(#2272,#2273,#2274));
#5538=EDGE_LOOP('',(#2275,#2276,#2277,#2278));
#5539=EDGE_LOOP('',(#2279,#2280,#2281,#2282));
#5540=EDGE_LOOP('',(#2283,#2284,#2285,#2286));
#5541=EDGE_LOOP('',(#2287,#2288,#2289,#2290));
#5542=EDGE_LOOP('',(#2291,#2292,#2293,#2294));
#5543=EDGE_LOOP('',(#2295,#2296,#2297,#2298));
#5544=EDGE_LOOP('',(#2299,#2300,#2301,#2302));
#5545=EDGE_LOOP('',(#2303,#2304,#2305));
#5546=EDGE_LOOP('',(#2306,#2307,#2308,#2309));
#5547=EDGE_LOOP('',(#2310,#2311,#2312,#2313));
#5548=EDGE_LOOP('',(#2314,#2315,#2316));
#5549=EDGE_LOOP('',(#2317,#2318,#2319,#2320));
#5550=EDGE_LOOP('',(#2321,#2322,#2323,#2324));
#5551=EDGE_LOOP('',(#2325,#2326,#2327,#2328));
#5552=EDGE_LOOP('',(#2329,#2330,#2331,#2332));
#5553=EDGE_LOOP('',(#2333,#2334,#2335,#2336));
#5554=EDGE_LOOP('',(#2337,#2338,#2339,#2340));
#5555=EDGE_LOOP('',(#2341,#2342,#2343,#2344));
#5556=EDGE_LOOP('',(#2345,#2346,#2347,#2348));
#5557=EDGE_LOOP('',(#2349,#2350,#2351));
#5558=EDGE_LOOP('',(#2352,#2353,#2354,#2355));
#5559=EDGE_LOOP('',(#2356,#2357,#2358,#2359));
#5560=EDGE_LOOP('',(#2360,#2361,#2362));
#5561=EDGE_LOOP('',(#2363,#2364,#2365,#2366));
#5562=EDGE_LOOP('',(#2367,#2368,#2369,#2370));
#5563=EDGE_LOOP('',(#2371,#2372,#2373,#2374));
#5564=EDGE_LOOP('',(#2375,#2376,#2377,#2378));
#5565=EDGE_LOOP('',(#2379,#2380,#2381,#2382));
#5566=EDGE_LOOP('',(#2383,#2384,#2385,#2386));
#5567=EDGE_LOOP('',(#2387,#2388,#2389,#2390));
#5568=EDGE_LOOP('',(#2391,#2392,#2393));
#5569=EDGE_LOOP('',(#2394,#2395,#2396,#2397));
#5570=EDGE_LOOP('',(#2398,#2399,#2400,#2401));
#5571=EDGE_LOOP('',(#2402,#2403,#2404));
#5572=EDGE_LOOP('',(#2405,#2406,#2407,#2408));
#5573=EDGE_LOOP('',(#2409,#2410,#2411,#2412));
#5574=EDGE_LOOP('',(#2413,#2414,#2415,#2416));
#5575=EDGE_LOOP('',(#2417,#2418,#2419,#2420));
#5576=EDGE_LOOP('',(#2421,#2422,#2423,#2424));
#5577=EDGE_LOOP('',(#2425,#2426,#2427,#2428));
#5578=EDGE_LOOP('',(#2429,#2430,#2431,#2432));
#5579=EDGE_LOOP('',(#2433,#2434,#2435,#2436));
#5580=EDGE_LOOP('',(#2437,#2438,#2439,#2440));
#5581=EDGE_LOOP('',(#2441,#2442,#2443,#2444));
#5582=EDGE_LOOP('',(#2445,#2446,#2447,#2448));
#5583=EDGE_LOOP('',(#2449,#2450,#2451,#2452));
#5584=EDGE_LOOP('',(#2453,#2454,#2455,#2456));
#5585=FACE_BOUND('',#5152,.T.);
#5586=FACE_BOUND('',#5153,.T.);
#5587=FACE_BOUND('',#5154,.T.);
#5588=FACE_BOUND('',#5155,.T.);
#5589=FACE_BOUND('',#5156,.T.);
#5590=FACE_BOUND('',#5157,.T.);
#5591=FACE_BOUND('',#5158,.T.);
#5592=FACE_BOUND('',#5159,.T.);
#5593=FACE_BOUND('',#5160,.T.);
#5594=FACE_BOUND('',#5161,.T.);
#5595=FACE_BOUND('',#5162,.T.);
#5596=FACE_BOUND('',#5163,.T.);
#5597=FACE_BOUND('',#5164,.T.);
#5598=FACE_BOUND('',#5165,.T.);
#5599=FACE_BOUND('',#5166,.T.);
#5600=FACE_BOUND('',#5167,.T.);
#5601=FACE_BOUND('',#5168,.T.);
#5602=FACE_BOUND('',#5169,.T.);
#5603=FACE_BOUND('',#5170,.T.);
#5604=FACE_BOUND('',#5171,.T.);
#5605=FACE_BOUND('',#5172,.T.);
#5606=FACE_BOUND('',#5173,.T.);
#5607=FACE_BOUND('',#5174,.T.);
#5608=FACE_BOUND('',#5175,.T.);
#5609=FACE_BOUND('',#5176,.T.);
#5610=FACE_BOUND('',#5177,.T.);
#5611=FACE_BOUND('',#5178,.T.);
#5612=FACE_BOUND('',#5179,.T.);
#5613=FACE_BOUND('',#5180,.T.);
#5614=FACE_BOUND('',#5181,.T.);
#5615=FACE_BOUND('',#5182,.T.);
#5616=FACE_BOUND('',#5183,.T.);
#5617=FACE_BOUND('',#5184,.T.);
#5618=FACE_BOUND('',#5185,.T.);
#5619=FACE_BOUND('',#5186,.T.);
#5620=FACE_BOUND('',#5187,.T.);
#5621=FACE_BOUND('',#5188,.T.);
#5622=FACE_BOUND('',#5189,.T.);
#5623=FACE_BOUND('',#5190,.T.);
#5624=FACE_BOUND('',#5191,.T.);
#5625=FACE_BOUND('',#5192,.T.);
#5626=FACE_BOUND('',#5193,.T.);
#5627=FACE_BOUND('',#5194,.T.);
#5628=FACE_BOUND('',#5195,.T.);
#5629=FACE_BOUND('',#5196,.T.);
#5630=FACE_BOUND('',#5197,.T.);
#5631=FACE_BOUND('',#5198,.T.);
#5632=FACE_BOUND('',#5199,.T.);
#5633=FACE_BOUND('',#5200,.T.);
#5634=FACE_BOUND('',#5201,.T.);
#5635=FACE_BOUND('',#5202,.T.);
#5636=FACE_BOUND('',#5203,.T.);
#5637=FACE_BOUND('',#5204,.T.);
#5638=FACE_BOUND('',#5205,.T.);
#5639=FACE_BOUND('',#5206,.T.);
#5640=FACE_BOUND('',#5207,.T.);
#5641=FACE_BOUND('',#5208,.T.);
#5642=FACE_BOUND('',#5209,.T.);
#5643=FACE_BOUND('',#5210,.T.);
#5644=FACE_BOUND('',#5211,.T.);
#5645=FACE_BOUND('',#5212,.T.);
#5646=FACE_BOUND('',#5213,.T.);
#5647=FACE_BOUND('',#5214,.T.);
#5648=FACE_BOUND('',#5215,.T.);
#5649=FACE_BOUND('',#5216,.T.);
#5650=FACE_BOUND('',#5217,.T.);
#5651=FACE_BOUND('',#5218,.T.);
#5652=FACE_BOUND('',#5219,.T.);
#5653=FACE_BOUND('',#5220,.T.);
#5654=FACE_BOUND('',#5221,.T.);
#5655=FACE_BOUND('',#5222,.T.);
#5656=FACE_BOUND('',#5223,.T.);
#5657=FACE_BOUND('',#5224,.T.);
#5658=FACE_BOUND('',#5225,.T.);
#5659=FACE_BOUND('',#5226,.T.);
#5660=FACE_BOUND('',#5227,.T.);
#5661=FACE_BOUND('',#5228,.T.);
#5662=FACE_BOUND('',#5229,.T.);
#5663=FACE_BOUND('',#5230,.T.);
#5664=FACE_BOUND('',#5231,.T.);
#5665=FACE_BOUND('',#5232,.T.);
#5666=FACE_BOUND('',#5233,.T.);
#5667=FACE_BOUND('',#5234,.T.);
#5668=FACE_BOUND('',#5235,.T.);
#5669=FACE_BOUND('',#5236,.T.);
#5670=FACE_BOUND('',#5237,.T.);
#5671=FACE_BOUND('',#5238,.T.);
#5672=FACE_BOUND('',#5239,.T.);
#5673=FACE_BOUND('',#5240,.T.);
#5674=FACE_BOUND('',#5241,.T.);
#5675=FACE_BOUND('',#5242,.T.);
#5676=FACE_BOUND('',#5243,.T.);
#5677=FACE_BOUND('',#5244,.T.);
#5678=FACE_BOUND('',#5245,.T.);
#5679=FACE_BOUND('',#5246,.T.);
#5680=FACE_BOUND('',#5247,.T.);
#5681=FACE_BOUND('',#5248,.T.);
#5682=FACE_BOUND('',#5249,.T.);
#5683=FACE_BOUND('',#5250,.T.);
#5684=FACE_BOUND('',#5251,.T.);
#5685=FACE_BOUND('',#5252,.T.);
#5686=FACE_BOUND('',#5253,.T.);
#5687=FACE_BOUND('',#5254,.T.);
#5688=FACE_BOUND('',#5255,.T.);
#5689=FACE_BOUND('',#5256,.T.);
#5690=FACE_BOUND('',#5257,.T.);
#5691=FACE_BOUND('',#5258,.T.);
#5692=FACE_BOUND('',#5259,.T.);
#5693=FACE_BOUND('',#5260,.T.);
#5694=FACE_BOUND('',#5261,.T.);
#5695=FACE_BOUND('',#5262,.T.);
#5696=FACE_BOUND('',#5263,.T.);
#5697=FACE_BOUND('',#5264,.T.);
#5698=FACE_BOUND('',#5265,.T.);
#5699=FACE_BOUND('',#5266,.T.);
#5700=FACE_BOUND('',#5267,.T.);
#5701=FACE_BOUND('',#5268,.T.);
#5702=FACE_BOUND('',#5269,.T.);
#5703=FACE_BOUND('',#5270,.T.);
#5704=FACE_BOUND('',#5271,.T.);
#5705=FACE_BOUND('',#5272,.T.);
#5706=FACE_BOUND('',#5273,.T.);
#5707=FACE_BOUND('',#5274,.T.);
#5708=FACE_BOUND('',#5275,.T.);
#5709=FACE_BOUND('',#5276,.T.);
#5710=FACE_BOUND('',#5277,.T.);
#5711=FACE_BOUND('',#5278,.T.);
#5712=FACE_BOUND('',#5279,.T.);
#5713=FACE_BOUND('',#5280,.T.);
#5714=FACE_BOUND('',#5281,.T.);
#5715=FACE_BOUND('',#5282,.T.);
#5716=FACE_BOUND('',#5283,.T.);
#5717=FACE_BOUND('',#5284,.T.);
#5718=FACE_BOUND('',#5285,.T.);
#5719=FACE_BOUND('',#5286,.T.);
#5720=FACE_BOUND('',#5287,.T.);
#5721=FACE_BOUND('',#5288,.T.);
#5722=FACE_BOUND('',#5289,.T.);
#5723=FACE_BOUND('',#5290,.T.);
#5724=FACE_BOUND('',#5291,.T.);
#5725=FACE_BOUND('',#5292,.T.);
#5726=FACE_BOUND('',#5293,.T.);
#5727=FACE_BOUND('',#5294,.T.);
#5728=FACE_BOUND('',#5295,.T.);
#5729=FACE_BOUND('',#5296,.T.);
#5730=FACE_BOUND('',#5297,.T.);
#5731=FACE_BOUND('',#5298,.T.);
#5732=FACE_BOUND('',#5299,.T.);
#5733=FACE_BOUND('',#5300,.T.);
#5734=FACE_BOUND('',#5301,.T.);
#5735=FACE_BOUND('',#5302,.T.);
#5736=FACE_BOUND('',#5303,.T.);
#5737=FACE_BOUND('',#5304,.T.);
#5738=FACE_BOUND('',#5305,.T.);
#5739=FACE_BOUND('',#5306,.T.);
#5740=FACE_BOUND('',#5307,.T.);
#5741=FACE_BOUND('',#5308,.T.);
#5742=FACE_BOUND('',#5309,.T.);
#5743=FACE_BOUND('',#5310,.T.);
#5744=FACE_BOUND('',#5311,.T.);
#5745=FACE_BOUND('',#5312,.T.);
#5746=FACE_BOUND('',#5313,.T.);
#5747=FACE_BOUND('',#5314,.T.);
#5748=FACE_BOUND('',#5315,.T.);
#5749=FACE_BOUND('',#5316,.T.);
#5750=FACE_BOUND('',#5317,.T.);
#5751=FACE_BOUND('',#5318,.T.);
#5752=FACE_BOUND('',#5319,.T.);
#5753=FACE_BOUND('',#5320,.T.);
#5754=FACE_BOUND('',#5321,.T.);
#5755=FACE_BOUND('',#5322,.T.);
#5756=FACE_BOUND('',#5323,.T.);
#5757=FACE_BOUND('',#5324,.T.);
#5758=FACE_BOUND('',#5325,.T.);
#5759=FACE_BOUND('',#83,.T.);
#5760=FACE_BOUND('',#5326,.T.);
#5761=FACE_BOUND('',#5327,.T.);
#5762=FACE_BOUND('',#5328,.T.);
#5763=FACE_BOUND('',#5329,.T.);
#5764=FACE_BOUND('',#5330,.T.);
#5765=FACE_BOUND('',#5331,.T.);
#5766=FACE_BOUND('',#5332,.T.);
#5767=FACE_BOUND('',#5333,.T.);
#5768=FACE_BOUND('',#5334,.T.);
#5769=FACE_BOUND('',#5335,.T.);
#5770=FACE_BOUND('',#5336,.T.);
#5771=FACE_BOUND('',#84,.T.);
#5772=FACE_BOUND('',#5337,.T.);
#5773=FACE_BOUND('',#5338,.T.);
#5774=FACE_BOUND('',#5339,.T.);
#5775=FACE_BOUND('',#5340,.T.);
#5776=FACE_BOUND('',#5341,.T.);
#5777=FACE_BOUND('',#5342,.T.);
#5778=FACE_BOUND('',#5343,.T.);
#5779=FACE_BOUND('',#5344,.T.);
#5780=FACE_BOUND('',#5345,.T.);
#5781=FACE_BOUND('',#5346,.T.);
#5782=FACE_BOUND('',#5347,.T.);
#5783=FACE_BOUND('',#5348,.T.);
#5784=FACE_BOUND('',#5349,.T.);
#5785=FACE_BOUND('',#5350,.T.);
#5786=FACE_BOUND('',#5351,.T.);
#5787=FACE_BOUND('',#5352,.T.);
#5788=FACE_BOUND('',#5353,.T.);
#5789=FACE_BOUND('',#5354,.T.);
#5790=FACE_BOUND('',#5355,.T.);
#5791=FACE_BOUND('',#5356,.T.);
#5792=FACE_BOUND('',#5357,.T.);
#5793=FACE_BOUND('',#5358,.T.);
#5794=FACE_BOUND('',#5359,.T.);
#5795=FACE_BOUND('',#5360,.T.);
#5796=FACE_BOUND('',#5361,.T.);
#5797=FACE_BOUND('',#5362,.T.);
#5798=FACE_BOUND('',#5363,.T.);
#5799=FACE_BOUND('',#5364,.T.);
#5800=FACE_BOUND('',#5365,.T.);
#5801=FACE_BOUND('',#5366,.T.);
#5802=FACE_BOUND('',#5367,.T.);
#5803=FACE_BOUND('',#5368,.T.);
#5804=FACE_BOUND('',#5369,.T.);
#5805=FACE_BOUND('',#5370,.T.);
#5806=FACE_BOUND('',#5371,.T.);
#5807=FACE_BOUND('',#5372,.T.);
#5808=FACE_BOUND('',#5373,.T.);
#5809=FACE_BOUND('',#5374,.T.);
#5810=FACE_BOUND('',#5375,.T.);
#5811=FACE_BOUND('',#5376,.T.);
#5812=FACE_BOUND('',#5377,.T.);
#5813=FACE_BOUND('',#85,.T.);
#5814=FACE_BOUND('',#5378,.T.);
#5815=FACE_BOUND('',#5379,.T.);
#5816=FACE_BOUND('',#5380,.T.);
#5817=FACE_BOUND('',#86,.T.);
#5818=FACE_BOUND('',#5381,.T.);
#5819=FACE_BOUND('',#5382,.T.);
#5820=FACE_BOUND('',#5383,.T.);
#5821=FACE_BOUND('',#87,.T.);
#5822=FACE_BOUND('',#5384,.T.);
#5823=FACE_BOUND('',#5385,.T.);
#5824=FACE_BOUND('',#5386,.T.);
#5825=FACE_BOUND('',#88,.T.);
#5826=FACE_BOUND('',#5387,.T.);
#5827=FACE_BOUND('',#5388,.T.);
#5828=FACE_BOUND('',#5389,.T.);
#5829=FACE_BOUND('',#5390,.T.);
#5830=FACE_BOUND('',#5391,.T.);
#5831=FACE_BOUND('',#5392,.T.);
#5832=FACE_BOUND('',#5393,.T.);
#5833=FACE_BOUND('',#5394,.T.);
#5834=FACE_BOUND('',#5395,.T.);
#5835=FACE_BOUND('',#5396,.T.);
#5836=FACE_BOUND('',#5397,.T.);
#5837=FACE_BOUND('',#5398,.T.);
#5838=FACE_BOUND('',#5399,.T.);
#5839=FACE_BOUND('',#5400,.T.);
#5840=FACE_BOUND('',#5401,.T.);
#5841=FACE_BOUND('',#5402,.T.);
#5842=FACE_BOUND('',#5403,.T.);
#5843=FACE_BOUND('',#5404,.T.);
#5844=FACE_BOUND('',#5405,.T.);
#5845=FACE_BOUND('',#5406,.T.);
#5846=FACE_BOUND('',#5407,.T.);
#5847=FACE_BOUND('',#5408,.T.);
#5848=FACE_BOUND('',#5409,.T.);
#5849=FACE_BOUND('',#5410,.T.);
#5850=FACE_BOUND('',#5411,.T.);
#5851=FACE_BOUND('',#5412,.T.);
#5852=FACE_BOUND('',#5413,.T.);
#5853=FACE_BOUND('',#5414,.T.);
#5854=FACE_BOUND('',#5415,.T.);
#5855=FACE_BOUND('',#5416,.T.);
#5856=FACE_BOUND('',#5417,.T.);
#5857=FACE_BOUND('',#5418,.T.);
#5858=FACE_BOUND('',#5419,.T.);
#5859=FACE_BOUND('',#5420,.T.);
#5860=FACE_BOUND('',#5421,.T.);
#5861=FACE_BOUND('',#5422,.T.);
#5862=FACE_BOUND('',#5423,.T.);
#5863=FACE_BOUND('',#5424,.T.);
#5864=FACE_BOUND('',#5425,.T.);
#5865=FACE_BOUND('',#5426,.T.);
#5866=FACE_BOUND('',#5427,.T.);
#5867=FACE_BOUND('',#5428,.T.);
#5868=FACE_BOUND('',#5429,.T.);
#5869=FACE_BOUND('',#5430,.T.);
#5870=FACE_BOUND('',#5431,.T.);
#5871=FACE_BOUND('',#5432,.T.);
#5872=FACE_BOUND('',#5433,.T.);
#5873=FACE_BOUND('',#5434,.T.);
#5874=FACE_BOUND('',#5435,.T.);
#5875=FACE_BOUND('',#5436,.T.);
#5876=FACE_BOUND('',#5437,.T.);
#5877=FACE_BOUND('',#5438,.T.);
#5878=FACE_BOUND('',#5439,.T.);
#5879=FACE_BOUND('',#5440,.T.);
#5880=FACE_BOUND('',#5441,.T.);
#5881=FACE_BOUND('',#5442,.T.);
#5882=FACE_BOUND('',#5443,.T.);
#5883=FACE_BOUND('',#5444,.T.);
#5884=FACE_BOUND('',#5445,.T.);
#5885=FACE_BOUND('',#5446,.T.);
#5886=FACE_BOUND('',#5447,.T.);
#5887=FACE_BOUND('',#5448,.T.);
#5888=FACE_BOUND('',#5449,.T.);
#5889=FACE_BOUND('',#5450,.T.);
#5890=FACE_BOUND('',#5451,.T.);
#5891=FACE_BOUND('',#5452,.T.);
#5892=FACE_BOUND('',#5453,.T.);
#5893=FACE_BOUND('',#5454,.T.);
#5894=FACE_BOUND('',#5455,.T.);
#5895=FACE_BOUND('',#5456,.T.);
#5896=FACE_BOUND('',#5457,.T.);
#5897=FACE_BOUND('',#5458,.T.);
#5898=FACE_BOUND('',#5459,.T.);
#5899=FACE_BOUND('',#5460,.T.);
#5900=FACE_BOUND('',#5461,.T.);
#5901=FACE_BOUND('',#5462,.T.);
#5902=FACE_BOUND('',#5463,.T.);
#5903=FACE_BOUND('',#5464,.T.);
#5904=FACE_BOUND('',#5465,.T.);
#5905=FACE_BOUND('',#5466,.T.);
#5906=FACE_BOUND('',#5467,.T.);
#5907=FACE_BOUND('',#5468,.T.);
#5908=FACE_BOUND('',#5469,.T.);
#5909=FACE_BOUND('',#5470,.T.);
#5910=FACE_BOUND('',#5471,.T.);
#5911=FACE_BOUND('',#5472,.T.);
#5912=FACE_BOUND('',#5473,.T.);
#5913=FACE_BOUND('',#5474,.T.);
#5914=FACE_BOUND('',#5475,.T.);
#5915=FACE_BOUND('',#5476,.T.);
#5916=FACE_BOUND('',#5477,.T.);
#5917=FACE_BOUND('',#5478,.T.);
#5918=FACE_BOUND('',#5479,.T.);
#5919=FACE_BOUND('',#5480,.T.);
#5920=FACE_BOUND('',#5481,.T.);
#5921=FACE_BOUND('',#5482,.T.);
#5922=FACE_BOUND('',#5483,.T.);
#5923=FACE_BOUND('',#5484,.T.);
#5924=FACE_BOUND('',#5485,.T.);
#5925=FACE_BOUND('',#5486,.T.);
#5926=FACE_BOUND('',#5487,.T.);
#5927=FACE_BOUND('',#5488,.T.);
#5928=FACE_BOUND('',#5489,.T.);
#5929=FACE_BOUND('',#5490,.T.);
#5930=FACE_BOUND('',#5491,.T.);
#5931=FACE_BOUND('',#5492,.T.);
#5932=FACE_BOUND('',#5493,.T.);
#5933=FACE_BOUND('',#5494,.T.);
#5934=FACE_BOUND('',#5495,.T.);
#5935=FACE_BOUND('',#5496,.T.);
#5936=FACE_BOUND('',#5497,.T.);
#5937=FACE_BOUND('',#5498,.T.);
#5938=FACE_BOUND('',#5499,.T.);
#5939=FACE_BOUND('',#5500,.T.);
#5940=FACE_BOUND('',#5501,.T.);
#5941=FACE_BOUND('',#5502,.T.);
#5942=FACE_BOUND('',#5503,.T.);
#5943=FACE_BOUND('',#5504,.T.);
#5944=FACE_BOUND('',#5505,.T.);
#5945=FACE_BOUND('',#5506,.T.);
#5946=FACE_BOUND('',#5507,.T.);
#5947=FACE_BOUND('',#5508,.T.);
#5948=FACE_BOUND('',#5509,.T.);
#5949=FACE_BOUND('',#5510,.T.);
#5950=FACE_BOUND('',#5511,.T.);
#5951=FACE_BOUND('',#5512,.T.);
#5952=FACE_BOUND('',#5513,.T.);
#5953=FACE_BOUND('',#5514,.T.);
#5954=FACE_BOUND('',#5515,.T.);
#5955=FACE_BOUND('',#5516,.T.);
#5956=FACE_BOUND('',#5517,.T.);
#5957=FACE_BOUND('',#5518,.T.);
#5958=FACE_BOUND('',#5519,.T.);
#5959=FACE_BOUND('',#5520,.T.);
#5960=FACE_BOUND('',#5521,.T.);
#5961=FACE_BOUND('',#5522,.T.);
#5962=FACE_BOUND('',#5523,.T.);
#5963=FACE_BOUND('',#5524,.T.);
#5964=FACE_BOUND('',#5525,.T.);
#5965=FACE_BOUND('',#5526,.T.);
#5966=FACE_BOUND('',#5527,.T.);
#5967=FACE_BOUND('',#5528,.T.);
#5968=FACE_BOUND('',#5529,.T.);
#5969=FACE_BOUND('',#5530,.T.);
#5970=FACE_BOUND('',#5531,.T.);
#5971=FACE_BOUND('',#5532,.T.);
#5972=FACE_BOUND('',#5533,.T.);
#5973=FACE_BOUND('',#5534,.T.);
#5974=FACE_BOUND('',#5535,.T.);
#5975=FACE_BOUND('',#5536,.T.);
#5976=FACE_BOUND('',#5537,.T.);
#5977=FACE_BOUND('',#5538,.T.);
#5978=FACE_BOUND('',#5539,.T.);
#5979=FACE_BOUND('',#5540,.T.);
#5980=FACE_BOUND('',#5541,.T.);
#5981=FACE_BOUND('',#5542,.T.);
#5982=FACE_BOUND('',#5543,.T.);
#5983=FACE_BOUND('',#5544,.T.);
#5984=FACE_BOUND('',#5545,.T.);
#5985=FACE_BOUND('',#5546,.T.);
#5986=FACE_BOUND('',#5547,.T.);
#5987=FACE_BOUND('',#5548,.T.);
#5988=FACE_BOUND('',#5549,.T.);
#5989=FACE_BOUND('',#5550,.T.);
#5990=FACE_BOUND('',#5551,.T.);
#5991=FACE_BOUND('',#5552,.T.);
#5992=FACE_BOUND('',#5553,.T.);
#5993=FACE_BOUND('',#5554,.T.);
#5994=FACE_BOUND('',#5555,.T.);
#5995=FACE_BOUND('',#5556,.T.);
#5996=FACE_BOUND('',#5557,.T.);
#5997=FACE_BOUND('',#5558,.T.);
#5998=FACE_BOUND('',#5559,.T.);
#5999=FACE_BOUND('',#5560,.T.);
#6000=FACE_BOUND('',#5561,.T.);
#6001=FACE_BOUND('',#5562,.T.);
#6002=FACE_BOUND('',#5563,.T.);
#6003=FACE_BOUND('',#5564,.T.);
#6004=FACE_BOUND('',#5565,.T.);
#6005=FACE_BOUND('',#5566,.T.);
#6006=FACE_BOUND('',#5567,.T.);
#6007=FACE_BOUND('',#5568,.T.);
#6008=FACE_BOUND('',#5569,.T.);
#6009=FACE_BOUND('',#5570,.T.);
#6010=FACE_BOUND('',#5571,.T.);
#6011=FACE_BOUND('',#5572,.T.);
#6012=FACE_BOUND('',#5573,.T.);
#6013=FACE_BOUND('',#5574,.T.);
#6014=FACE_BOUND('',#5575,.T.);
#6015=FACE_BOUND('',#5576,.T.);
#6016=FACE_BOUND('',#5577,.T.);
#6017=FACE_BOUND('',#5578,.T.);
#6018=FACE_BOUND('',#5579,.T.);
#6019=FACE_BOUND('',#5580,.T.);
#6020=FACE_BOUND('',#5581,.T.);
#6021=FACE_BOUND('',#5582,.T.);
#6022=FACE_BOUND('',#5583,.T.);
#6023=FACE_BOUND('',#5584,.T.);
#6024=PLANE('',#6542);
#6025=PLANE('',#6589);
#6026=PLANE('',#6644);
#6027=PLANE('',#6649);
#6028=PLANE('',#6650);
#6029=PLANE('',#6653);
#6030=PLANE('',#6655);
#6031=PLANE('',#6656);
#6032=PLANE('',#6657);
#6033=PLANE('',#6658);
#6034=PLANE('',#6663);
#6035=PLANE('',#6665);
#6036=PLANE('',#6667);
#6037=PLANE('',#6668);
#6038=PLANE('',#6670);
#6039=PLANE('',#6677);
#6040=PLANE('',#6678);
#6041=PLANE('',#6679);
#6042=PLANE('',#6680);
#6043=PLANE('',#6681);
#6044=PLANE('',#6682);
#6045=PLANE('',#6683);
#6046=PLANE('',#6684);
#6047=PLANE('',#6685);
#6048=PLANE('',#6686);
#6049=PLANE('',#6687);
#6050=PLANE('',#6688);
#6051=PLANE('',#6693);
#6052=PLANE('',#6694);
#6053=PLANE('',#6695);
#6054=PLANE('',#6696);
#6055=PLANE('',#6697);
#6056=PLANE('',#6698);
#6057=PLANE('',#6699);
#6058=PLANE('',#6700);
#6059=PLANE('',#6705);
#6060=PLANE('',#6706);
#6061=PLANE('',#6707);
#6062=PLANE('',#6708);
#6063=PLANE('',#6711);
#6064=PLANE('',#6719);
#6065=PLANE('',#6720);
#6066=PLANE('',#6721);
#6067=PLANE('',#6722);
#6068=PLANE('',#6725);
#6069=PLANE('',#6733);
#6070=PLANE('',#6734);
#6071=PLANE('',#6735);
#6072=PLANE('',#6739);
#6073=PLANE('',#6740);
#6074=PLANE('',#6741);
#6075=PLANE('',#6745);
#6076=PLANE('',#6746);
#6077=PLANE('',#6751);
#6078=PLANE('',#6752);
#6079=PLANE('',#6753);
#6080=PLANE('',#6754);
#6081=PLANE('',#6755);
#6082=PLANE('',#6756);
#6083=PLANE('',#6757);
#6084=PLANE('',#6758);
#6085=PLANE('',#6759);
#6086=PLANE('',#6760);
#6087=PLANE('',#6761);
#6088=PLANE('',#6762);
#6089=PLANE('',#6763);
#6090=PLANE('',#6764);
#6091=PLANE('',#6765);
#6092=PLANE('',#6766);
#6093=PLANE('',#6767);
#6094=PLANE('',#6768);
#6095=PLANE('',#6769);
#6096=PLANE('',#6770);
#6097=PLANE('',#6771);
#6098=PLANE('',#6774);
#6099=PLANE('',#6775);
#6100=PLANE('',#6776);
#6101=PLANE('',#6787);
#6102=PLANE('',#6788);
#6103=PLANE('',#6789);
#6104=PLANE('',#6790);
#6105=PLANE('',#6793);
#6106=PLANE('',#6797);
#6107=PLANE('',#6804);
#6108=PLANE('',#6808);
#6109=PLANE('',#6813);
#6110=PLANE('',#6814);
#6111=PLANE('',#6815);
#6112=PLANE('',#6816);
#6113=PLANE('',#6817);
#6114=PLANE('',#6821);
#6115=PLANE('',#6822);
#6116=PLANE('',#6823);
#6117=PLANE('',#6827);
#6118=PLANE('',#6828);
#6119=PLANE('',#6829);
#6120=PLANE('',#6830);
#6121=PLANE('',#6831);
#6122=PLANE('',#6832);
#6123=PLANE('',#6833);
#6124=PLANE('',#6834);
#6125=PLANE('',#6839);
#6126=PLANE('',#6840);
#6127=PLANE('',#6845);
#6128=PLANE('',#6846);
#6129=PLANE('',#6847);
#6130=PLANE('',#6848);
#6131=PLANE('',#6849);
#6132=PLANE('',#6850);
#6133=PLANE('',#6851);
#6134=PLANE('',#6855);
#6135=PLANE('',#6856);
#6136=PLANE('',#6857);
#6137=PLANE('',#6876);
#6138=PLANE('',#6877);
#6139=PLANE('',#6878);
#6140=PLANE('',#6882);
#6141=PLANE('',#6883);
#6142=PLANE('',#6884);
#6143=PLANE('',#6885);
#6144=PLANE('',#6886);
#6145=PLANE('',#6887);
#6146=PLANE('',#6888);
#6147=PLANE('',#6889);
#6148=PLANE('',#6890);
#6149=PLANE('',#6891);
#6150=PLANE('',#6896);
#6151=PLANE('',#6897);
#6152=PLANE('',#6898);
#6153=PLANE('',#6899);
#6154=PLANE('',#6900);
#6155=PLANE('',#6901);
#6156=PLANE('',#6902);
#6157=PLANE('',#6907);
#6158=PLANE('',#6928);
#6159=PLANE('',#6929);
#6160=PLANE('',#6930);
#6161=PLANE('',#6934);
#6162=PLANE('',#6935);
#6163=PLANE('',#6936);
#6164=PLANE('',#6940);
#6165=PLANE('',#6941);
#6166=PLANE('',#6942);
#6167=PLANE('',#6946);
#6168=PLANE('',#6947);
#6169=PLANE('',#6948);
#6170=ADVANCED_FACE('',(#5585,#5586,#5587,#5588,#5589,#5590,#5591,#5592,
#5593,#5594,#5595,#5596,#5597),#6024,.T.);
#6171=ADVANCED_FACE('',(#5598,#5599,#5600,#5601,#5602,#5603,#5604,#5605,
#5606,#5607,#5608,#5609,#5610,#5611,#5612,#5613,#5614,#5615,#5616,#5617,
#5618),#6025,.F.);
#6172=ADVANCED_FACE('',(#5619,#5620,#5621,#5622,#5623),#6026,.F.);
#6173=ADVANCED_FACE('',(#5624),#6027,.T.);
#6174=ADVANCED_FACE('',(#5625),#6028,.T.);
#6175=ADVANCED_FACE('',(#5626),#6029,.T.);
#6176=ADVANCED_FACE('',(#5627),#6030,.T.);
#6177=ADVANCED_FACE('',(#5628),#6031,.T.);
#6178=ADVANCED_FACE('',(#5629),#6032,.F.);
#6179=ADVANCED_FACE('',(#5630,#5631),#6033,.T.);
#6180=ADVANCED_FACE('',(#5632),#6034,.T.);
#6181=ADVANCED_FACE('',(#5633),#6035,.T.);
#6182=ADVANCED_FACE('',(#5634),#6036,.T.);
#6183=ADVANCED_FACE('',(#5635),#6037,.T.);
#6184=ADVANCED_FACE('',(#5636,#5637,#5638),#6038,.T.);
#6185=ADVANCED_FACE('',(#5639),#6039,.F.);
#6186=ADVANCED_FACE('',(#5640),#6040,.T.);
#6187=ADVANCED_FACE('',(#5641),#6041,.T.);
#6188=ADVANCED_FACE('',(#5642),#6042,.T.);
#6189=ADVANCED_FACE('',(#5643),#6043,.T.);
#6190=ADVANCED_FACE('',(#5644),#6044,.T.);
#6191=ADVANCED_FACE('',(#5645),#6045,.F.);
#6192=ADVANCED_FACE('',(#5646),#6046,.T.);
#6193=ADVANCED_FACE('',(#5647),#6047,.T.);
#6194=ADVANCED_FACE('',(#5648),#6048,.T.);
#6195=ADVANCED_FACE('',(#5649),#6049,.T.);
#6196=ADVANCED_FACE('',(#5650,#5651),#6050,.T.);
#6197=ADVANCED_FACE('',(#5652),#6051,.F.);
#6198=ADVANCED_FACE('',(#5653),#6052,.T.);
#6199=ADVANCED_FACE('',(#5654),#6053,.F.);
#6200=ADVANCED_FACE('',(#5655),#6054,.T.);
#6201=ADVANCED_FACE('',(#5656),#6055,.F.);
#6202=ADVANCED_FACE('',(#5657),#6056,.T.);
#6203=ADVANCED_FACE('',(#5658),#6057,.F.);
#6204=ADVANCED_FACE('',(#5659),#6058,.T.);
#6205=ADVANCED_FACE('',(#5660,#5661),#95,.F.);
#6206=ADVANCED_FACE('',(#5662,#5663),#96,.F.);
#6207=ADVANCED_FACE('',(#5664,#5665),#97,.F.);
#6208=ADVANCED_FACE('',(#5666,#5667),#98,.F.);
#6209=ADVANCED_FACE('',(#5668),#6059,.F.);
#6210=ADVANCED_FACE('',(#5669),#6060,.T.);
#6211=ADVANCED_FACE('',(#5670),#6061,.T.);
#6212=ADVANCED_FACE('',(#5671),#6062,.F.);
#6213=ADVANCED_FACE('',(#5672),#99,.T.);
#6214=ADVANCED_FACE('',(#5673),#100,.T.);
#6215=ADVANCED_FACE('',(#5674),#6063,.T.);
#6216=ADVANCED_FACE('',(#5675),#101,.F.);
#6217=ADVANCED_FACE('',(#5676),#102,.F.);
#6218=ADVANCED_FACE('',(#5677),#103,.F.);
#6219=ADVANCED_FACE('',(#5678),#104,.F.);
#6220=ADVANCED_FACE('',(#5679),#105,.F.);
#6221=ADVANCED_FACE('',(#5680),#106,.F.);
#6222=ADVANCED_FACE('',(#5681),#107,.F.);
#6223=ADVANCED_FACE('',(#5682),#6064,.F.);
#6224=ADVANCED_FACE('',(#5683),#6065,.T.);
#6225=ADVANCED_FACE('',(#5684),#6066,.F.);
#6226=ADVANCED_FACE('',(#5685),#6067,.T.);
#6227=ADVANCED_FACE('',(#5686),#108,.T.);
#6228=ADVANCED_FACE('',(#5687),#109,.T.);
#6229=ADVANCED_FACE('',(#5688),#6068,.F.);
#6230=ADVANCED_FACE('',(#5689),#110,.F.);
#6231=ADVANCED_FACE('',(#5690),#111,.F.);
#6232=ADVANCED_FACE('',(#5691),#112,.F.);
#6233=ADVANCED_FACE('',(#5692),#113,.F.);
#6234=ADVANCED_FACE('',(#5693),#114,.F.);
#6235=ADVANCED_FACE('',(#5694),#115,.F.);
#6236=ADVANCED_FACE('',(#5695),#116,.F.);
#6237=ADVANCED_FACE('',(#5696),#6069,.T.);
#6238=ADVANCED_FACE('',(#5697),#6070,.T.);
#6239=ADVANCED_FACE('',(#5698),#6071,.T.);
#6240=ADVANCED_FACE('',(#5699),#117,.F.);
#6241=ADVANCED_FACE('',(#5700),#118,.F.);
#6242=ADVANCED_FACE('',(#5701),#119,.F.);
#6243=ADVANCED_FACE('',(#5702),#6072,.F.);
#6244=ADVANCED_FACE('',(#5703),#6073,.F.);
#6245=ADVANCED_FACE('',(#5704),#6074,.F.);
#6246=ADVANCED_FACE('',(#5705),#120,.F.);
#6247=ADVANCED_FACE('',(#5706),#121,.F.);
#6248=ADVANCED_FACE('',(#5707),#122,.F.);
#6249=ADVANCED_FACE('',(#5708),#6075,.F.);
#6250=ADVANCED_FACE('',(#5709,#5710),#6076,.F.);
#6251=ADVANCED_FACE('',(#5711),#6077,.T.);
#6252=ADVANCED_FACE('',(#5712),#6078,.T.);
#6253=ADVANCED_FACE('',(#5713),#6079,.F.);
#6254=ADVANCED_FACE('',(#5714),#6080,.T.);
#6255=ADVANCED_FACE('',(#5715),#6081,.F.);
#6256=ADVANCED_FACE('',(#5716),#6082,.F.);
#6257=ADVANCED_FACE('',(#5717),#6083,.F.);
#6258=ADVANCED_FACE('',(#5718),#6084,.F.);
#6259=ADVANCED_FACE('',(#5719),#6085,.F.);
#6260=ADVANCED_FACE('',(#5720),#6086,.F.);
#6261=ADVANCED_FACE('',(#5721),#6087,.T.);
#6262=ADVANCED_FACE('',(#5722),#6088,.F.);
#6263=ADVANCED_FACE('',(#5723),#6089,.F.);
#6264=ADVANCED_FACE('',(#5724),#6090,.F.);
#6265=ADVANCED_FACE('',(#5725),#6091,.T.);
#6266=ADVANCED_FACE('',(#5726),#6092,.F.);
#6267=ADVANCED_FACE('',(#5727),#6093,.T.);
#6268=ADVANCED_FACE('',(#5728),#6094,.T.);
#6269=ADVANCED_FACE('',(#5729),#6095,.T.);
#6270=ADVANCED_FACE('',(#5730),#6096,.F.);
#6271=ADVANCED_FACE('',(#5731),#6097,.T.);
#6272=ADVANCED_FACE('',(#5732),#6098,.T.);
#6273=ADVANCED_FACE('',(#5733),#6099,.F.);
#6274=ADVANCED_FACE('',(#5734),#6100,.T.);
#6275=ADVANCED_FACE('',(#5735,#5736),#123,.F.);
#6276=ADVANCED_FACE('',(#5737,#5738),#124,.F.);
#6277=ADVANCED_FACE('',(#5739,#5740),#125,.F.);
#6278=ADVANCED_FACE('',(#5741,#5742),#126,.F.);
#6279=ADVANCED_FACE('',(#5743,#5744),#6101,.T.);
#6280=ADVANCED_FACE('',(#5745,#5746),#6102,.T.);
#6281=ADVANCED_FACE('',(#5747,#5748),#6103,.T.);
#6282=ADVANCED_FACE('',(#5749,#5750),#6104,.T.);
#6283=ADVANCED_FACE('',(#5751,#5752),#127,.T.);
#6284=ADVANCED_FACE('',(#5753,#5754),#6105,.T.);
#6285=ADVANCED_FACE('',(#5755,#5756),#128,.T.);
#6286=ADVANCED_FACE('',(#5757,#5758),#6106,.T.);
#6287=ADVANCED_FACE('',(#5759,#5760),#89,.F.);
#6288=ADVANCED_FACE('',(#5761,#5762),#129,.F.);
#6289=ADVANCED_FACE('',(#5763,#5764),#130,.T.);
#6290=ADVANCED_FACE('',(#5765,#5766),#6107,.T.);
#6291=ADVANCED_FACE('',(#5767,#5768),#131,.T.);
#6292=ADVANCED_FACE('',(#5769,#5770),#6108,.T.);
#6293=ADVANCED_FACE('',(#5771,#5772),#90,.F.);
#6294=ADVANCED_FACE('',(#5773,#5774),#132,.F.);
#6295=ADVANCED_FACE('',(#5775),#6109,.F.);
#6296=ADVANCED_FACE('',(#5776),#6110,.T.);
#6297=ADVANCED_FACE('',(#5777),#6111,.F.);
#6298=ADVANCED_FACE('',(#5778),#6112,.T.);
#6299=ADVANCED_FACE('',(#5779),#6113,.T.);
#6300=ADVANCED_FACE('',(#5780),#133,.F.);
#6301=ADVANCED_FACE('',(#5781),#134,.F.);
#6302=ADVANCED_FACE('',(#5782),#135,.F.);
#6303=ADVANCED_FACE('',(#5783),#6114,.F.);
#6304=ADVANCED_FACE('',(#5784),#6115,.F.);
#6305=ADVANCED_FACE('',(#5785),#6116,.T.);
#6306=ADVANCED_FACE('',(#5786),#136,.F.);
#6307=ADVANCED_FACE('',(#5787),#137,.F.);
#6308=ADVANCED_FACE('',(#5788),#138,.F.);
#6309=ADVANCED_FACE('',(#5789),#6117,.F.);
#6310=ADVANCED_FACE('',(#5790),#6118,.F.);
#6311=ADVANCED_FACE('',(#5791),#6119,.T.);
#6312=ADVANCED_FACE('',(#5792),#6120,.F.);
#6313=ADVANCED_FACE('',(#5793),#6121,.T.);
#6314=ADVANCED_FACE('',(#5794),#6122,.T.);
#6315=ADVANCED_FACE('',(#5795),#6123,.F.);
#6316=ADVANCED_FACE('',(#5796,#5797),#6124,.T.);
#6317=ADVANCED_FACE('',(#5798),#6125,.T.);
#6318=ADVANCED_FACE('',(#5799,#5800),#6126,.T.);
#6319=ADVANCED_FACE('',(#5801),#6127,.F.);
#6320=ADVANCED_FACE('',(#5802),#6128,.T.);
#6321=ADVANCED_FACE('',(#5803),#6129,.T.);
#6322=ADVANCED_FACE('',(#5804),#6130,.F.);
#6323=ADVANCED_FACE('',(#5805),#6131,.T.);
#6324=ADVANCED_FACE('',(#5806),#6132,.T.);
#6325=ADVANCED_FACE('',(#5807,#5808),#6133,.T.);
#6326=ADVANCED_FACE('',(#5809),#6134,.T.);
#6327=ADVANCED_FACE('',(#5810),#6135,.T.);
#6328=ADVANCED_FACE('',(#5811,#5812),#6136,.T.);
#6329=ADVANCED_FACE('',(#5813,#5814),#91,.F.);
#6330=ADVANCED_FACE('',(#5815,#5816),#139,.F.);
#6331=ADVANCED_FACE('',(#5817,#5818),#92,.F.);
#6332=ADVANCED_FACE('',(#5819,#5820),#140,.F.);
#6333=ADVANCED_FACE('',(#5821,#5822),#93,.F.);
#6334=ADVANCED_FACE('',(#5823,#5824),#141,.F.);
#6335=ADVANCED_FACE('',(#5825,#5826),#94,.F.);
#6336=ADVANCED_FACE('',(#5827,#5828),#142,.F.);
#6337=ADVANCED_FACE('',(#5829),#24,.T.);
#6338=ADVANCED_FACE('',(#5830),#25,.T.);
#6339=ADVANCED_FACE('',(#5831),#26,.T.);
#6340=ADVANCED_FACE('',(#5832),#27,.T.);
#6341=ADVANCED_FACE('',(#5833),#28,.T.);
#6342=ADVANCED_FACE('',(#5834),#29,.T.);
#6343=ADVANCED_FACE('',(#5835),#30,.T.);
#6344=ADVANCED_FACE('',(#5836),#31,.T.);
#6345=ADVANCED_FACE('',(#5837),#32,.T.);
#6346=ADVANCED_FACE('',(#5838),#33,.T.);
#6347=ADVANCED_FACE('',(#5839),#34,.T.);
#6348=ADVANCED_FACE('',(#5840),#35,.T.);
#6349=ADVANCED_FACE('',(#5841),#36,.T.);
#6350=ADVANCED_FACE('',(#5842),#37,.T.);
#6351=ADVANCED_FACE('',(#5843),#38,.T.);
#6352=ADVANCED_FACE('',(#5844),#39,.T.);
#6353=ADVANCED_FACE('',(#5845),#40,.T.);
#6354=ADVANCED_FACE('',(#5846),#41,.T.);
#6355=ADVANCED_FACE('',(#5847),#42,.T.);
#6356=ADVANCED_FACE('',(#5848),#43,.T.);
#6357=ADVANCED_FACE('',(#5849),#44,.T.);
#6358=ADVANCED_FACE('',(#5850),#45,.T.);
#6359=ADVANCED_FACE('',(#5851),#46,.T.);
#6360=ADVANCED_FACE('',(#5852),#47,.T.);
#6361=ADVANCED_FACE('',(#5853),#48,.T.);
#6362=ADVANCED_FACE('',(#5854),#49,.T.);
#6363=ADVANCED_FACE('',(#5855),#50,.T.);
#6364=ADVANCED_FACE('',(#5856),#51,.T.);
#6365=ADVANCED_FACE('',(#5857),#143,.T.);
#6366=ADVANCED_FACE('',(#5858),#52,.T.);
#6367=ADVANCED_FACE('',(#5859,#5860,#5861),#6137,.T.);
#6368=ADVANCED_FACE('',(#5862),#6138,.F.);
#6369=ADVANCED_FACE('',(#5863),#6139,.F.);
#6370=ADVANCED_FACE('',(#5864),#53,.T.);
#6371=ADVANCED_FACE('',(#5865),#54,.T.);
#6372=ADVANCED_FACE('',(#5866),#55,.T.);
#6373=ADVANCED_FACE('',(#5867),#56,.T.);
#6374=ADVANCED_FACE('',(#5868),#57,.T.);
#6375=ADVANCED_FACE('',(#5869),#58,.T.);
#6376=ADVANCED_FACE('',(#5870),#59,.T.);
#6377=ADVANCED_FACE('',(#5871),#60,.T.);
#6378=ADVANCED_FACE('',(#5872),#144,.T.);
#6379=ADVANCED_FACE('',(#5873),#61,.T.);
#6380=ADVANCED_FACE('',(#5874),#62,.T.);
#6381=ADVANCED_FACE('',(#5875),#63,.T.);
#6382=ADVANCED_FACE('',(#5876),#64,.T.);
#6383=ADVANCED_FACE('',(#5877),#65,.T.);
#6384=ADVANCED_FACE('',(#5878),#66,.T.);
#6385=ADVANCED_FACE('',(#5879),#67,.T.);
#6386=ADVANCED_FACE('',(#5880),#68,.T.);
#6387=ADVANCED_FACE('',(#5881),#69,.T.);
#6388=ADVANCED_FACE('',(#5882),#70,.T.);
#6389=ADVANCED_FACE('',(#5883,#5884),#6140,.T.);
#6390=ADVANCED_FACE('',(#5885),#6141,.F.);
#6391=ADVANCED_FACE('',(#5886),#6142,.T.);
#6392=ADVANCED_FACE('',(#5887),#6143,.T.);
#6393=ADVANCED_FACE('',(#5888),#6144,.T.);
#6394=ADVANCED_FACE('',(#5889),#6145,.T.);
#6395=ADVANCED_FACE('',(#5890),#6146,.T.);
#6396=ADVANCED_FACE('',(#5891),#6147,.T.);
#6397=ADVANCED_FACE('',(#5892),#6148,.T.);
#6398=ADVANCED_FACE('',(#5893),#6149,.T.);
#6399=ADVANCED_FACE('',(#5894),#71,.T.);
#6400=ADVANCED_FACE('',(#5895),#72,.T.);
#6401=ADVANCED_FACE('',(#5896),#145,.F.);
#6402=ADVANCED_FACE('',(#5897),#73,.T.);
#6403=ADVANCED_FACE('',(#5898),#74,.T.);
#6404=ADVANCED_FACE('',(#5899),#146,.F.);
#6405=ADVANCED_FACE('',(#5900),#75,.T.);
#6406=ADVANCED_FACE('',(#5901),#76,.T.);
#6407=ADVANCED_FACE('',(#5902),#77,.T.);
#6408=ADVANCED_FACE('',(#5903),#78,.T.);
#6409=ADVANCED_FACE('',(#5904),#79,.T.);
#6410=ADVANCED_FACE('',(#5905),#80,.T.);
#6411=ADVANCED_FACE('',(#5906),#81,.T.);
#6412=ADVANCED_FACE('',(#5907),#6150,.T.);
#6413=ADVANCED_FACE('',(#5908),#6151,.T.);
#6414=ADVANCED_FACE('',(#5909),#6152,.T.);
#6415=ADVANCED_FACE('',(#5910),#6153,.T.);
#6416=ADVANCED_FACE('',(#5911),#6154,.T.);
#6417=ADVANCED_FACE('',(#5912),#6155,.T.);
#6418=ADVANCED_FACE('',(#5913),#6156,.T.);
#6419=ADVANCED_FACE('',(#5914),#82,.T.);
#6420=ADVANCED_FACE('',(#5915),#147,.F.);
#6421=ADVANCED_FACE('',(#5916),#148,.F.);
#6422=ADVANCED_FACE('',(#5917),#6157,.T.);
#6423=ADVANCED_FACE('',(#5918),#149,.T.);
#6424=ADVANCED_FACE('',(#5919),#150,.T.);
#6425=ADVANCED_FACE('',(#5920),#151,.T.);
#6426=ADVANCED_FACE('',(#5921),#152,.T.);
#6427=ADVANCED_FACE('',(#5922),#153,.T.);
#6428=ADVANCED_FACE('',(#5923),#154,.T.);
#6429=ADVANCED_FACE('',(#5924),#155,.T.);
#6430=ADVANCED_FACE('',(#5925),#156,.T.);
#6431=ADVANCED_FACE('',(#5926),#6158,.T.);
#6432=ADVANCED_FACE('',(#5927),#6159,.F.);
#6433=ADVANCED_FACE('',(#5928),#6160,.T.);
#6434=ADVANCED_FACE('',(#5929),#157,.F.);
#6435=ADVANCED_FACE('',(#5930),#158,.F.);
#6436=ADVANCED_FACE('',(#5931),#159,.F.);
#6437=ADVANCED_FACE('',(#5932),#6161,.T.);
#6438=ADVANCED_FACE('',(#5933),#6162,.F.);
#6439=ADVANCED_FACE('',(#5934),#6163,.T.);
#6440=ADVANCED_FACE('',(#5935),#160,.F.);
#6441=ADVANCED_FACE('',(#5936),#161,.F.);
#6442=ADVANCED_FACE('',(#5937),#162,.F.);
#6443=ADVANCED_FACE('',(#5938),#6164,.F.);
#6444=ADVANCED_FACE('',(#5939),#6165,.F.);
#6445=ADVANCED_FACE('',(#5940),#6166,.T.);
#6446=ADVANCED_FACE('',(#5941),#163,.F.);
#6447=ADVANCED_FACE('',(#5942),#164,.F.);
#6448=ADVANCED_FACE('',(#5943),#165,.F.);
#6449=ADVANCED_FACE('',(#5944),#6167,.T.);
#6450=ADVANCED_FACE('',(#5945),#6168,.F.);
#6451=ADVANCED_FACE('',(#5946),#6169,.F.);
#6452=ADVANCED_FACE('',(#5947),#166,.F.);
#6453=ADVANCED_FACE('',(#5948),#167,.F.);
#6454=ADVANCED_FACE('',(#5949),#168,.F.);
#6455=ADVANCED_FACE('',(#5950),#169,.T.);
#6456=ADVANCED_FACE('',(#5951),#170,.T.);
#6457=ADVANCED_FACE('',(#5952),#171,.T.);
#6458=ADVANCED_FACE('',(#5953),#172,.T.);
#6459=ADVANCED_FACE('',(#5954),#173,.T.);
#6460=ADVANCED_FACE('',(#5955),#174,.T.);
#6461=ADVANCED_FACE('',(#5956),#175,.T.);
#6462=ADVANCED_FACE('',(#5957),#176,.T.);
#6463=ADVANCED_FACE('',(#5958),#177,.T.);
#6464=ADVANCED_FACE('',(#5959),#178,.T.);
#6465=ADVANCED_FACE('',(#5960),#179,.T.);
#6466=ADVANCED_FACE('',(#5961),#180,.T.);
#6467=ADVANCED_FACE('',(#5962),#181,.T.);
#6468=ADVANCED_FACE('',(#5963),#182,.T.);
#6469=ADVANCED_FACE('',(#5964),#183,.T.);
#6470=ADVANCED_FACE('',(#5965),#184,.T.);
#6471=ADVANCED_FACE('',(#5966),#185,.T.);
#6472=ADVANCED_FACE('',(#5967),#186,.T.);
#6473=ADVANCED_FACE('',(#5968),#187,.T.);
#6474=ADVANCED_FACE('',(#5969),#188,.T.);
#6475=ADVANCED_FACE('',(#5970),#189,.T.);
#6476=ADVANCED_FACE('',(#5971),#190,.T.);
#6477=ADVANCED_FACE('',(#5972),#16,.T.);
#6478=ADVANCED_FACE('',(#5973),#12,.T.);
#6479=ADVANCED_FACE('',(#5974),#191,.T.);
#6480=ADVANCED_FACE('',(#5975),#192,.T.);
#6481=ADVANCED_FACE('',(#5976),#17,.T.);
#6482=ADVANCED_FACE('',(#5977),#193,.T.);
#6483=ADVANCED_FACE('',(#5978),#194,.T.);
#6484=ADVANCED_FACE('',(#5979),#195,.T.);
#6485=ADVANCED_FACE('',(#5980),#196,.T.);
#6486=ADVANCED_FACE('',(#5981),#197,.T.);
#6487=ADVANCED_FACE('',(#5982),#198,.T.);
#6488=ADVANCED_FACE('',(#5983),#13,.T.);
#6489=ADVANCED_FACE('',(#5984),#18,.T.);
#6490=ADVANCED_FACE('',(#5985),#199,.T.);
#6491=ADVANCED_FACE('',(#5986),#200,.T.);
#6492=ADVANCED_FACE('',(#5987),#19,.T.);
#6493=ADVANCED_FACE('',(#5988),#201,.T.);
#6494=ADVANCED_FACE('',(#5989),#202,.T.);
#6495=ADVANCED_FACE('',(#5990),#203,.T.);
#6496=ADVANCED_FACE('',(#5991),#204,.T.);
#6497=ADVANCED_FACE('',(#5992),#205,.T.);
#6498=ADVANCED_FACE('',(#5993),#206,.T.);
#6499=ADVANCED_FACE('',(#5994),#207,.T.);
#6500=ADVANCED_FACE('',(#5995),#14,.T.);
#6501=ADVANCED_FACE('',(#5996),#20,.T.);
#6502=ADVANCED_FACE('',(#5997),#208,.T.);
#6503=ADVANCED_FACE('',(#5998),#209,.T.);
#6504=ADVANCED_FACE('',(#5999),#21,.T.);
#6505=ADVANCED_FACE('',(#6000),#210,.T.);
#6506=ADVANCED_FACE('',(#6001),#211,.T.);
#6507=ADVANCED_FACE('',(#6002),#212,.T.);
#6508=ADVANCED_FACE('',(#6003),#15,.T.);
#6509=ADVANCED_FACE('',(#6004),#213,.T.);
#6510=ADVANCED_FACE('',(#6005),#214,.T.);
#6511=ADVANCED_FACE('',(#6006),#215,.T.);
#6512=ADVANCED_FACE('',(#6007),#22,.T.);
#6513=ADVANCED_FACE('',(#6008),#216,.T.);
#6514=ADVANCED_FACE('',(#6009),#217,.T.);
#6515=ADVANCED_FACE('',(#6010),#23,.T.);
#6516=ADVANCED_FACE('',(#6011),#218,.T.);
#6517=ADVANCED_FACE('',(#6012),#219,.T.);
#6518=ADVANCED_FACE('',(#6013),#220,.T.);
#6519=ADVANCED_FACE('',(#6014),#221,.T.);
#6520=ADVANCED_FACE('',(#6015),#222,.T.);
#6521=ADVANCED_FACE('',(#6016),#223,.T.);
#6522=ADVANCED_FACE('',(#6017),#224,.T.);
#6523=ADVANCED_FACE('',(#6018),#225,.T.);
#6524=ADVANCED_FACE('',(#6019),#226,.T.);
#6525=ADVANCED_FACE('',(#6020),#227,.T.);
#6526=ADVANCED_FACE('',(#6021),#228,.T.);
#6527=ADVANCED_FACE('',(#6022),#229,.T.);
#6528=ADVANCED_FACE('',(#6023),#230,.T.);
#6529=CLOSED_SHELL('',(#6170,#6171,#6172,#6173,#6174,#6175,#6176,#6177,
#6178,#6179,#6180,#6181,#6182,#6183,#6184,#6185,#6186,#6187,#6188,#6189,
#6190,#6191,#6192,#6193,#6194,#6195,#6196,#6197,#6198,#6199,#6200,#6201,
#6202,#6203,#6204,#6205,#6206,#6207,#6208,#6209,#6210,#6211,#6212,#6213,
#6214,#6215,#6216,#6217,#6218,#6219,#6220,#6221,#6222,#6223,#6224,#6225,
#6226,#6227,#6228,#6229,#6230,#6231,#6232,#6233,#6234,#6235,#6236,#6237,
#6238,#6239,#6240,#6241,#6242,#6243,#6244,#6245,#6246,#6247,#6248,#6249,
#6250,#6251,#6252,#6253,#6254,#6255,#6256,#6257,#6258,#6259,#6260,#6261,
#6262,#6263,#6264,#6265,#6266,#6267,#6268,#6269,#6270,#6271,#6272,#6273,
#6274,#6275,#6276,#6277,#6278,#6279,#6280,#6281,#6282,#6283,#6284,#6285,
#6286,#6287,#6288,#6289,#6290,#6291,#6292,#6293,#6294,#6295,#6296,#6297,
#6298,#6299,#6300,#6301,#6302,#6303,#6304,#6305,#6306,#6307,#6308,#6309,
#6310,#6311,#6312,#6313,#6314,#6315,#6316,#6317,#6318,#6319,#6320,#6321,
#6322,#6323,#6324,#6325,#6326,#6327,#6328,#6329,#6330,#6331,#6332,#6333,
#6334,#6335,#6336,#6337,#6338,#6339,#6340,#6341,#6342,#6343,#6344,#6345,
#6346,#6347,#6348,#6349,#6350,#6351,#6352,#6353,#6354,#6355,#6356,#6357,
#6358,#6359,#6360,#6361,#6362,#6363,#6364,#6365,#6366,#6367,#6368,#6369,
#6370,#6371,#6372,#6373,#6374,#6375,#6376,#6377,#6378,#6379,#6380,#6381,
#6382,#6383,#6384,#6385,#6386,#6387,#6388,#6389,#6390,#6391,#6392,#6393,
#6394,#6395,#6396,#6397,#6398,#6399,#6400,#6401,#6402,#6403,#6404,#6405,
#6406,#6407,#6408,#6409,#6410,#6411,#6412,#6413,#6414,#6415,#6416,#6417,
#6418,#6419,#6420,#6421,#6422,#6423,#6424,#6425,#6426,#6427,#6428,#6429,
#6430,#6431,#6432,#6433,#6434,#6435,#6436,#6437,#6438,#6439,#6440,#6441,
#6442,#6443,#6444,#6445,#6446,#6447,#6448,#6449,#6450,#6451,#6452,#6453,
#6454,#6455,#6456,#6457,#6458,#6459,#6460,#6461,#6462,#6463,#6464,#6465,
#6466,#6467,#6468,#6469,#6470,#6471,#6472,#6473,#6474,#6475,#6476,#6477,
#6478,#6479,#6480,#6481,#6482,#6483,#6484,#6485,#6486,#6487,#6488,#6489,
#6490,#6491,#6492,#6493,#6494,#6495,#6496,#6497,#6498,#6499,#6500,#6501,
#6502,#6503,#6504,#6505,#6506,#6507,#6508,#6509,#6510,#6511,#6512,#6513,
#6514,#6515,#6516,#6517,#6518,#6519,#6520,#6521,#6522,#6523,#6524,#6525,
#6526,#6527,#6528));
#6530=STYLED_ITEM('',(#6531),#6538);
#6531=PRESENTATION_STYLE_ASSIGNMENT((#6532));
#6532=SURFACE_STYLE_USAGE(.BOTH.,#6533);
#6533=SURFACE_SIDE_STYLE('',(#6534));
#6534=SURFACE_STYLE_FILL_AREA(#6535);
#6535=FILL_AREA_STYLE('',(#6536));
#6536=FILL_AREA_STYLE_COLOUR('',#6537);
#6537=COLOUR_RGB('',0.615686274509804,0.811764705882353,0.929411764705882);
#6538=MANIFOLD_SOLID_BREP('Main base',#6529);
#6539=SHAPE_DEFINITION_REPRESENTATION(#11307,#6540);
#6540=SHAPE_REPRESENTATION('Main base',(#6541),#11302);
#6541=AXIS2_PLACEMENT_3D('',#8743,#7084,#7085);
#6542=AXIS2_PLACEMENT_3D('',#8744,#7086,#7087);
#6543=AXIS2_PLACEMENT_3D('',#8748,#7089,#7090);
#6544=AXIS2_PLACEMENT_3D('',#8752,#7092,#7093);
#6545=AXIS2_PLACEMENT_3D('',#8756,#7095,#7096);
#6546=AXIS2_PLACEMENT_3D('',#8760,#7098,#7099);
#6547=AXIS2_PLACEMENT_3D('',#8764,#7101,#7102);
#6548=AXIS2_PLACEMENT_3D('',#8768,#7104,#7105);
#6549=AXIS2_PLACEMENT_3D('',#8772,#7107,#7108);
#6550=AXIS2_PLACEMENT_3D('',#8776,#7110,#7111);
#6551=AXIS2_PLACEMENT_3D('',#8780,#7113,#7114);
#6552=AXIS2_PLACEMENT_3D('',#8784,#7116,#7117);
#6553=AXIS2_PLACEMENT_3D('',#8788,#7119,#7120);
#6554=AXIS2_PLACEMENT_3D('',#8792,#7122,#7123);
#6555=AXIS2_PLACEMENT_3D('',#8793,#7124,#7125);
#6556=AXIS2_PLACEMENT_3D('',#8798,#7127,#7128);
#6557=AXIS2_PLACEMENT_3D('',#8800,#7129,#7130);
#6558=AXIS2_PLACEMENT_3D('',#8802,#7131,#7132);
#6559=AXIS2_PLACEMENT_3D('',#8806,#7134,#7135);
#6560=AXIS2_PLACEMENT_3D('',#8810,#7137,#7138);
#6561=AXIS2_PLACEMENT_3D('',#8814,#7140,#7141);
#6562=AXIS2_PLACEMENT_3D('',#8818,#7143,#7144);
#6563=AXIS2_PLACEMENT_3D('',#8820,#7145,#7146);
#6564=AXIS2_PLACEMENT_3D('',#8821,#7147,#7148);
#6565=AXIS2_PLACEMENT_3D('',#8826,#7150,#7151);
#6566=AXIS2_PLACEMENT_3D('',#8828,#7152,#7153);
#6567=AXIS2_PLACEMENT_3D('',#8830,#7154,#7155);
#6568=AXIS2_PLACEMENT_3D('',#8834,#7157,#7158);
#6569=AXIS2_PLACEMENT_3D('',#8838,#7160,#7161);
#6570=AXIS2_PLACEMENT_3D('',#8842,#7163,#7164);
#6571=AXIS2_PLACEMENT_3D('',#8846,#7166,#7167);
#6572=AXIS2_PLACEMENT_3D('',#8848,#7168,#7169);
#6573=AXIS2_PLACEMENT_3D('',#8849,#7170,#7171);
#6574=AXIS2_PLACEMENT_3D('',#8851,#7172,#7173);
#6575=AXIS2_PLACEMENT_3D('',#8853,#7174,#7175);
#6576=AXIS2_PLACEMENT_3D('',#8855,#7176,#7177);
#6577=AXIS2_PLACEMENT_3D('',#8857,#7178,#7179);
#6578=AXIS2_PLACEMENT_3D('',#8862,#7181,#7182);
#6579=AXIS2_PLACEMENT_3D('',#8866,#7184,#7185);
#6580=AXIS2_PLACEMENT_3D('',#8876,#7190,#7191);
#6581=AXIS2_PLACEMENT_3D('',#8882,#7194,#7195);
#6582=AXIS2_PLACEMENT_3D('',#8890,#7199,#7200);
#6583=AXIS2_PLACEMENT_3D('',#8896,#7203,#7204);
#6584=AXIS2_PLACEMENT_3D('',#8908,#7210,#7211);
#6585=AXIS2_PLACEMENT_3D('',#8916,#7215,#7216);
#6586=AXIS2_PLACEMENT_3D('',#8921,#7219,#7220);
#6587=AXIS2_PLACEMENT_3D('',#8926,#7222,#7223);
#6588=AXIS2_PLACEMENT_3D('',#8930,#7225,#7226);
#6589=AXIS2_PLACEMENT_3D('',#8933,#7228,#7229);
#6590=AXIS2_PLACEMENT_3D('',#8937,#7231,#7232);
#6591=AXIS2_PLACEMENT_3D('',#8941,#7234,#7235);
#6592=AXIS2_PLACEMENT_3D('',#8945,#7237,#7238);
#6593=AXIS2_PLACEMENT_3D('',#8949,#7240,#7241);
#6594=AXIS2_PLACEMENT_3D('',#8953,#7243,#7244);
#6595=AXIS2_PLACEMENT_3D('',#8957,#7246,#7247);
#6596=AXIS2_PLACEMENT_3D('',#8961,#7249,#7250);
#6597=AXIS2_PLACEMENT_3D('',#8965,#7252,#7253);
#6598=AXIS2_PLACEMENT_3D('',#8969,#7255,#7256);
#6599=AXIS2_PLACEMENT_3D('',#8970,#7257,#7258);
#6600=AXIS2_PLACEMENT_3D('',#8975,#7260,#7261);
#6601=AXIS2_PLACEMENT_3D('',#8979,#7263,#7264);
#6602=AXIS2_PLACEMENT_3D('',#8982,#7266,#7267);
#6603=AXIS2_PLACEMENT_3D('',#8984,#7268,#7269);
#6604=AXIS2_PLACEMENT_3D('',#8986,#7270,#7271);
#6605=AXIS2_PLACEMENT_3D('',#8988,#7272,#7273);
#6606=AXIS2_PLACEMENT_3D('',#8998,#7278,#7279);
#6607=AXIS2_PLACEMENT_3D('',#9003,#7281,#7282);
#6608=AXIS2_PLACEMENT_3D('',#9007,#7284,#7285);
#6609=AXIS2_PLACEMENT_3D('',#9013,#7288,#7289);
#6610=AXIS2_PLACEMENT_3D('',#9017,#7291,#7292);
#6611=AXIS2_PLACEMENT_3D('',#9021,#7294,#7295);
#6612=AXIS2_PLACEMENT_3D('',#9025,#7297,#7298);
#6613=AXIS2_PLACEMENT_3D('',#9026,#7299,#7300);
#6614=AXIS2_PLACEMENT_3D('',#9028,#7301,#7302);
#6615=AXIS2_PLACEMENT_3D('',#9030,#7303,#7304);
#6616=AXIS2_PLACEMENT_3D('',#9032,#7305,#7306);
#6617=AXIS2_PLACEMENT_3D('',#9034,#7307,#7308);
#6618=AXIS2_PLACEMENT_3D('',#9037,#7309,#7310);
#6619=AXIS2_PLACEMENT_3D('',#9039,#7311,#7312);
#6620=AXIS2_PLACEMENT_3D('',#9043,#7314,#7315);
#6621=AXIS2_PLACEMENT_3D('',#9047,#7317,#7318);
#6622=AXIS2_PLACEMENT_3D('',#9051,#7320,#7321);
#6623=AXIS2_PLACEMENT_3D('',#9055,#7323,#7324);
#6624=AXIS2_PLACEMENT_3D('',#9057,#7325,#7326);
#6625=AXIS2_PLACEMENT_3D('',#9059,#7327,#7328);
#6626=AXIS2_PLACEMENT_3D('',#9062,#7330,#7331);
#6627=AXIS2_PLACEMENT_3D('',#9065,#7332,#7333);
#6628=AXIS2_PLACEMENT_3D('',#9067,#7334,#7335);
#6629=AXIS2_PLACEMENT_3D('',#9071,#7337,#7338);
#6630=AXIS2_PLACEMENT_3D('',#9075,#7340,#7341);
#6631=AXIS2_PLACEMENT_3D('',#9079,#7343,#7344);
#6632=AXIS2_PLACEMENT_3D('',#9083,#7346,#7347);
#6633=AXIS2_PLACEMENT_3D('',#9085,#7348,#7349);
#6634=AXIS2_PLACEMENT_3D('',#9087,#7350,#7351);
#6635=AXIS2_PLACEMENT_3D('',#9093,#7354,#7355);
#6636=AXIS2_PLACEMENT_3D('',#9097,#7357,#7358);
#6637=AXIS2_PLACEMENT_3D('',#9101,#7360,#7361);
#6638=AXIS2_PLACEMENT_3D('',#9113,#7367,#7368);
#6639=AXIS2_PLACEMENT_3D('',#9117,#7370,#7371);
#6640=AXIS2_PLACEMENT_3D('',#9121,#7373,#7374);
#6641=AXIS2_PLACEMENT_3D('',#9125,#7376,#7377);
#6642=AXIS2_PLACEMENT_3D('',#9129,#7379,#7380);
#6643=AXIS2_PLACEMENT_3D('',#9133,#7382,#7383);
#6644=AXIS2_PLACEMENT_3D('',#9134,#7384,#7385);
#6645=AXIS2_PLACEMENT_3D('',#9148,#7392,#7393);
#6646=AXIS2_PLACEMENT_3D('',#9150,#7394,#7395);
#6647=AXIS2_PLACEMENT_3D('',#9200,#7404,#7405);
#6648=AXIS2_PLACEMENT_3D('',#9210,#7406,#7407);
#6649=AXIS2_PLACEMENT_3D('',#9340,#7419,#7420);
#6650=AXIS2_PLACEMENT_3D('',#9349,#7425,#7426);
#6651=AXIS2_PLACEMENT_3D('',#9353,#7428,#7429);
#6652=AXIS2_PLACEMENT_3D('',#9361,#7433,#7434);
#6653=AXIS2_PLACEMENT_3D('',#9378,#7443,#7444);
#6654=AXIS2_PLACEMENT_3D('',#9390,#7450,#7451);
#6655=AXIS2_PLACEMENT_3D('',#9393,#7453,#7454);
#6656=AXIS2_PLACEMENT_3D('',#9402,#7459,#7460);
#6657=AXIS2_PLACEMENT_3D('',#9408,#7464,#7465);
#6658=AXIS2_PLACEMENT_3D('',#9414,#7469,#7470);
#6659=AXIS2_PLACEMENT_3D('',#9426,#7476,#7477);
#6660=AXIS2_PLACEMENT_3D('',#9434,#7481,#7482);
#6661=AXIS2_PLACEMENT_3D('',#9442,#7486,#7487);
#6662=AXIS2_PLACEMENT_3D('',#9450,#7491,#7492);
#6663=AXIS2_PLACEMENT_3D('',#9455,#7495,#7496);
#6664=AXIS2_PLACEMENT_3D('',#9461,#7499,#7500);
#6665=AXIS2_PLACEMENT_3D('',#9470,#7505,#7506);
#6666=AXIS2_PLACEMENT_3D('',#9471,#7507,#7508);
#6667=AXIS2_PLACEMENT_3D('',#9485,#7515,#7516);
#6668=AXIS2_PLACEMENT_3D('',#9499,#7524,#7525);
#6669=AXIS2_PLACEMENT_3D('',#9509,#7530,#7531);
#6670=AXIS2_PLACEMENT_3D('',#9514,#7534,#7535);
#6671=AXIS2_PLACEMENT_3D('',#9523,#7540,#7541);
#6672=AXIS2_PLACEMENT_3D('',#9528,#7543,#7544);
#6673=AXIS2_PLACEMENT_3D('',#9532,#7546,#7547);
#6674=AXIS2_PLACEMENT_3D('',#9535,#7549,#7550);
#6675=AXIS2_PLACEMENT_3D('',#9540,#7552,#7553);
#6676=AXIS2_PLACEMENT_3D('',#9544,#7555,#7556);
#6677=AXIS2_PLACEMENT_3D('',#9547,#7558,#7559);
#6678=AXIS2_PLACEMENT_3D('',#9550,#7562,#7563);
#6679=AXIS2_PLACEMENT_3D('',#9553,#7566,#7567);
#6680=AXIS2_PLACEMENT_3D('',#9562,#7572,#7573);
#6681=AXIS2_PLACEMENT_3D('',#9571,#7578,#7579);
#6682=AXIS2_PLACEMENT_3D('',#9580,#7584,#7585);
#6683=AXIS2_PLACEMENT_3D('',#9589,#7590,#7591);
#6684=AXIS2_PLACEMENT_3D('',#9595,#7595,#7596);
#6685=AXIS2_PLACEMENT_3D('',#9598,#7599,#7600);
#6686=AXIS2_PLACEMENT_3D('',#9601,#7603,#7604);
#6687=AXIS2_PLACEMENT_3D('',#9604,#7607,#7608);
#6688=AXIS2_PLACEMENT_3D('',#9610,#7612,#7613);
#6689=AXIS2_PLACEMENT_3D('',#9624,#7621,#7622);
#6690=AXIS2_PLACEMENT_3D('',#9629,#7625,#7626);
#6691=AXIS2_PLACEMENT_3D('',#9633,#7628,#7629);
#6692=AXIS2_PLACEMENT_3D('',#9640,#7633,#7634);
#6693=AXIS2_PLACEMENT_3D('',#9642,#7635,#7636);
#6694=AXIS2_PLACEMENT_3D('',#9656,#7644,#7645);
#6695=AXIS2_PLACEMENT_3D('',#9670,#7653,#7654);
#6696=AXIS2_PLACEMENT_3D('',#9684,#7662,#7663);
#6697=AXIS2_PLACEMENT_3D('',#9711,#7678,#7679);
#6698=AXIS2_PLACEMENT_3D('',#9714,#7682,#7683);
#6699=AXIS2_PLACEMENT_3D('',#9717,#7686,#7687);
#6700=AXIS2_PLACEMENT_3D('',#9718,#7688,#7689);
#6701=AXIS2_PLACEMENT_3D('',#9720,#7691,#7692);
#6702=AXIS2_PLACEMENT_3D('',#9721,#7693,#7694);
#6703=AXIS2_PLACEMENT_3D('',#9722,#7695,#7696);
#6704=AXIS2_PLACEMENT_3D('',#9723,#7697,#7698);
#6705=AXIS2_PLACEMENT_3D('',#9724,#7699,#7700);
#6706=AXIS2_PLACEMENT_3D('',#9727,#7703,#7704);
#6707=AXIS2_PLACEMENT_3D('',#9730,#7707,#7708);
#6708=AXIS2_PLACEMENT_3D('',#9733,#7711,#7712);
#6709=AXIS2_PLACEMENT_3D('',#9736,#7715,#7716);
#6710=AXIS2_PLACEMENT_3D('',#9739,#7719,#7720);
#6711=AXIS2_PLACEMENT_3D('',#9742,#7723,#7724);
#6712=AXIS2_PLACEMENT_3D('',#9745,#7727,#7728);
#6713=AXIS2_PLACEMENT_3D('',#9746,#7729,#7730);
#6714=AXIS2_PLACEMENT_3D('',#9747,#7731,#7732);
#6715=AXIS2_PLACEMENT_3D('',#9748,#7733,#7734);
#6716=AXIS2_PLACEMENT_3D('',#9749,#7735,#7736);
#6717=AXIS2_PLACEMENT_3D('',#9750,#7737,#7738);
#6718=AXIS2_PLACEMENT_3D('',#9751,#7739,#7740);
#6719=AXIS2_PLACEMENT_3D('',#9752,#7741,#7742);
#6720=AXIS2_PLACEMENT_3D('',#9755,#7745,#7746);
#6721=AXIS2_PLACEMENT_3D('',#9758,#7749,#7750);
#6722=AXIS2_PLACEMENT_3D('',#9761,#7753,#7754);
#6723=AXIS2_PLACEMENT_3D('',#9764,#7757,#7758);
#6724=AXIS2_PLACEMENT_3D('',#9767,#7761,#7762);
#6725=AXIS2_PLACEMENT_3D('',#9770,#7765,#7766);
#6726=AXIS2_PLACEMENT_3D('',#9773,#7769,#7770);
#6727=AXIS2_PLACEMENT_3D('',#9774,#7771,#7772);
#6728=AXIS2_PLACEMENT_3D('',#9775,#7773,#7774);
#6729=AXIS2_PLACEMENT_3D('',#9776,#7775,#7776);
#6730=AXIS2_PLACEMENT_3D('',#9777,#7777,#7778);
#6731=AXIS2_PLACEMENT_3D('',#9778,#7779,#7780);
#6732=AXIS2_PLACEMENT_3D('',#9779,#7781,#7782);
#6733=AXIS2_PLACEMENT_3D('',#9780,#7783,#7784);
#6734=AXIS2_PLACEMENT_3D('',#9783,#7787,#7788);
#6735=AXIS2_PLACEMENT_3D('',#9786,#7791,#7792);
#6736=AXIS2_PLACEMENT_3D('',#9789,#7795,#7796);
#6737=AXIS2_PLACEMENT_3D('',#9790,#7797,#7798);
#6738=AXIS2_PLACEMENT_3D('',#9791,#7799,#7800);
#6739=AXIS2_PLACEMENT_3D('',#9792,#7801,#7802);
#6740=AXIS2_PLACEMENT_3D('',#9795,#7805,#7806);
#6741=AXIS2_PLACEMENT_3D('',#9798,#7809,#7810);
#6742=AXIS2_PLACEMENT_3D('',#9801,#7813,#7814);
#6743=AXIS2_PLACEMENT_3D('',#9802,#7815,#7816);
#6744=AXIS2_PLACEMENT_3D('',#9803,#7817,#7818);
#6745=AXIS2_PLACEMENT_3D('',#9804,#7819,#7820);
#6746=AXIS2_PLACEMENT_3D('',#9808,#7823,#7824);
#6747=AXIS2_PLACEMENT_3D('',#9809,#7825,#7826);
#6748=AXIS2_PLACEMENT_3D('',#9821,#7832,#7833);
#6749=AXIS2_PLACEMENT_3D('',#9825,#7835,#7836);
#6750=AXIS2_PLACEMENT_3D('',#9828,#7838,#7839);
#6751=AXIS2_PLACEMENT_3D('',#9838,#7845,#7846);
#6752=AXIS2_PLACEMENT_3D('',#9842,#7849,#7850);
#6753=AXIS2_PLACEMENT_3D('',#9844,#7852,#7853);
#6754=AXIS2_PLACEMENT_3D('',#9848,#7856,#7857);
#6755=AXIS2_PLACEMENT_3D('',#9853,#7861,#7862);
#6756=AXIS2_PLACEMENT_3D('',#9858,#7866,#7867);
#6757=AXIS2_PLACEMENT_3D('',#9863,#7871,#7872);
#6758=AXIS2_PLACEMENT_3D('',#9872,#7878,#7879);
#6759=AXIS2_PLACEMENT_3D('',#9873,#7880,#7881);
#6760=AXIS2_PLACEMENT_3D('',#9876,#7884,#7885);
#6761=AXIS2_PLACEMENT_3D('',#9879,#7888,#7889);
#6762=AXIS2_PLACEMENT_3D('',#9887,#7894,#7895);
#6763=AXIS2_PLACEMENT_3D('',#9893,#7899,#7900);
#6764=AXIS2_PLACEMENT_3D('',#9899,#7905,#7906);
#6765=AXIS2_PLACEMENT_3D('',#9901,#7908,#7909);
#6766=AXIS2_PLACEMENT_3D('',#9909,#7914,#7915);
#6767=AXIS2_PLACEMENT_3D('',#9912,#7918,#7919);
#6768=AXIS2_PLACEMENT_3D('',#9921,#7925,#7926);
#6769=AXIS2_PLACEMENT_3D('',#9922,#7927,#7928);
#6770=AXIS2_PLACEMENT_3D('',#9924,#7930,#7931);
#6771=AXIS2_PLACEMENT_3D('',#9930,#7935,#7936);
#6772=AXIS2_PLACEMENT_3D('',#9931,#7937,#7938);
#6773=AXIS2_PLACEMENT_3D('',#9932,#7939,#7940);
#6774=AXIS2_PLACEMENT_3D('',#9933,#7941,#7942);
#6775=AXIS2_PLACEMENT_3D('',#9935,#7944,#7945);
#6776=AXIS2_PLACEMENT_3D('',#9941,#7949,#7950);
#6777=AXIS2_PLACEMENT_3D('',#9942,#7951,#7952);
#6778=AXIS2_PLACEMENT_3D('',#9943,#7953,#7954);
#6779=AXIS2_PLACEMENT_3D('',#9944,#7955,#7956);
#6780=AXIS2_PLACEMENT_3D('',#9945,#7957,#7958);
#6781=AXIS2_PLACEMENT_3D('',#9947,#7959,#7960);
#6782=AXIS2_PLACEMENT_3D('',#9948,#7961,#7962);
#6783=AXIS2_PLACEMENT_3D('',#9950,#7963,#7964);
#6784=AXIS2_PLACEMENT_3D('',#9951,#7965,#7966);
#6785=AXIS2_PLACEMENT_3D('',#9953,#7967,#7968);
#6786=AXIS2_PLACEMENT_3D('',#9954,#7969,#7970);
#6787=AXIS2_PLACEMENT_3D('',#9956,#7971,#7972);
#6788=AXIS2_PLACEMENT_3D('',#9958,#7974,#7975);
#6789=AXIS2_PLACEMENT_3D('',#9960,#7977,#7978);
#6790=AXIS2_PLACEMENT_3D('',#9962,#7980,#7981);
#6791=AXIS2_PLACEMENT_3D('',#9964,#7983,#7984);
#6792=AXIS2_PLACEMENT_3D('',#9965,#7985,#7986);
#6793=AXIS2_PLACEMENT_3D('',#9967,#7987,#7988);
#6794=AXIS2_PLACEMENT_3D('',#9968,#7989,#7990);
#6795=AXIS2_PLACEMENT_3D('',#9970,#7991,#7992);
#6796=AXIS2_PLACEMENT_3D('',#9971,#7993,#7994);
#6797=AXIS2_PLACEMENT_3D('',#9973,#7995,#7996);
#6798=AXIS2_PLACEMENT_3D('',#9974,#7997,#7998);
#6799=AXIS2_PLACEMENT_3D('',#9976,#7999,#8000);
#6800=AXIS2_PLACEMENT_3D('',#9978,#8001,#8002);
#6801=AXIS2_PLACEMENT_3D('',#9980,#8003,#8004);
#6802=AXIS2_PLACEMENT_3D('',#9981,#8005,#8006);
#6803=AXIS2_PLACEMENT_3D('',#9982,#8007,#8008);
#6804=AXIS2_PLACEMENT_3D('',#9984,#8009,#8010);
#6805=AXIS2_PLACEMENT_3D('',#9985,#8011,#8012);
#6806=AXIS2_PLACEMENT_3D('',#9987,#8013,#8014);
#6807=AXIS2_PLACEMENT_3D('',#9988,#8015,#8016);
#6808=AXIS2_PLACEMENT_3D('',#9990,#8017,#8018);
#6809=AXIS2_PLACEMENT_3D('',#9991,#8019,#8020);
#6810=AXIS2_PLACEMENT_3D('',#9993,#8021,#8022);
#6811=AXIS2_PLACEMENT_3D('',#9995,#8023,#8024);
#6812=AXIS2_PLACEMENT_3D('',#9997,#8025,#8026);
#6813=AXIS2_PLACEMENT_3D('',#9998,#8027,#8028);
#6814=AXIS2_PLACEMENT_3D('',#10000,#8030,#8031);
#6815=AXIS2_PLACEMENT_3D('',#10001,#8032,#8033);
#6816=AXIS2_PLACEMENT_3D('',#10004,#8036,#8037);
#6817=AXIS2_PLACEMENT_3D('',#10007,#8040,#8041);
#6818=AXIS2_PLACEMENT_3D('',#10010,#8044,#8045);
#6819=AXIS2_PLACEMENT_3D('',#10011,#8046,#8047);
#6820=AXIS2_PLACEMENT_3D('',#10012,#8048,#8049);
#6821=AXIS2_PLACEMENT_3D('',#10013,#8050,#8051);
#6822=AXIS2_PLACEMENT_3D('',#10016,#8054,#8055);
#6823=AXIS2_PLACEMENT_3D('',#10019,#8058,#8059);
#6824=AXIS2_PLACEMENT_3D('',#10022,#8062,#8063);
#6825=AXIS2_PLACEMENT_3D('',#10023,#8064,#8065);
#6826=AXIS2_PLACEMENT_3D('',#10024,#8066,#8067);
#6827=AXIS2_PLACEMENT_3D('',#10025,#8068,#8069);
#6828=AXIS2_PLACEMENT_3D('',#10034,#8074,#8075);
#6829=AXIS2_PLACEMENT_3D('',#10040,#8079,#8080);
#6830=AXIS2_PLACEMENT_3D('',#10046,#8084,#8085);
#6831=AXIS2_PLACEMENT_3D('',#10055,#8090,#8091);
#6832=AXIS2_PLACEMENT_3D('',#10064,#8096,#8097);
#6833=AXIS2_PLACEMENT_3D('',#10067,#8100,#8101);
#6834=AXIS2_PLACEMENT_3D('',#10076,#8106,#8107);
#6835=AXIS2_PLACEMENT_3D('',#10077,#8108,#8109);
#6836=AXIS2_PLACEMENT_3D('',#10079,#8110,#8111);
#6837=AXIS2_PLACEMENT_3D('',#10080,#8112,#8113);
#6838=AXIS2_PLACEMENT_3D('',#10081,#8114,#8115);
#6839=AXIS2_PLACEMENT_3D('',#10082,#8116,#8117);
#6840=AXIS2_PLACEMENT_3D('',#10091,#8122,#8123);
#6841=AXIS2_PLACEMENT_3D('',#10092,#8124,#8125);
#6842=AXIS2_PLACEMENT_3D('',#10094,#8126,#8127);
#6843=AXIS2_PLACEMENT_3D('',#10095,#8128,#8129);
#6844=AXIS2_PLACEMENT_3D('',#10096,#8130,#8131);
#6845=AXIS2_PLACEMENT_3D('',#10097,#8132,#8133);
#6846=AXIS2_PLACEMENT_3D('',#10100,#8136,#8137);
#6847=AXIS2_PLACEMENT_3D('',#10103,#8140,#8141);
#6848=AXIS2_PLACEMENT_3D('',#10106,#8144,#8145);
#6849=AXIS2_PLACEMENT_3D('',#10109,#8148,#8149);
#6850=AXIS2_PLACEMENT_3D('',#10113,#8152,#8153);
#6851=AXIS2_PLACEMENT_3D('',#10117,#8156,#8157);
#6852=AXIS2_PLACEMENT_3D('',#10118,#8158,#8159);
#6853=AXIS2_PLACEMENT_3D('',#10120,#8160,#8161);
#6854=AXIS2_PLACEMENT_3D('',#10121,#8162,#8163);
#6855=AXIS2_PLACEMENT_3D('',#10122,#8164,#8165);
#6856=AXIS2_PLACEMENT_3D('',#10126,#8168,#8169);
#6857=AXIS2_PLACEMENT_3D('',#10130,#8172,#8173);
#6858=AXIS2_PLACEMENT_3D('',#10131,#8174,#8175);
#6859=AXIS2_PLACEMENT_3D('',#10133,#8176,#8177);
#6860=AXIS2_PLACEMENT_3D('',#10134,#8178,#8179);
#6861=AXIS2_PLACEMENT_3D('',#10135,#8180,#8181);
#6862=AXIS2_PLACEMENT_3D('',#10137,#8182,#8183);
#6863=AXIS2_PLACEMENT_3D('',#10139,#8184,#8185);
#6864=AXIS2_PLACEMENT_3D('',#10140,#8186,#8187);
#6865=AXIS2_PLACEMENT_3D('',#10142,#8188,#8189);
#6866=AXIS2_PLACEMENT_3D('',#10144,#8190,#8191);
#6867=AXIS2_PLACEMENT_3D('',#10145,#8192,#8193);
#6868=AXIS2_PLACEMENT_3D('',#10147,#8194,#8195);
#6869=AXIS2_PLACEMENT_3D('',#10149,#8196,#8197);
#6870=AXIS2_PLACEMENT_3D('',#10150,#8198,#8199);
#6871=AXIS2_PLACEMENT_3D('',#10152,#8200,#8201);
#6872=AXIS2_PLACEMENT_3D('',#10154,#8202,#8203);
#6873=AXIS2_PLACEMENT_3D('',#10576,#8234,#8235);
#6874=AXIS2_PLACEMENT_3D('',#10577,#8236,#8237);
#6875=AXIS2_PLACEMENT_3D('',#10578,#8238,#8239);
#6876=AXIS2_PLACEMENT_3D('',#10590,#8240,#8241);
#6877=AXIS2_PLACEMENT_3D('',#10591,#8242,#8243);
#6878=AXIS2_PLACEMENT_3D('',#10592,#8244,#8245);
#6879=AXIS2_PLACEMENT_3D('',#10699,#8255,#8256);
#6880=AXIS2_PLACEMENT_3D('',#10700,#8257,#8258);
#6881=AXIS2_PLACEMENT_3D('',#10705,#8260,#8261);
#6882=AXIS2_PLACEMENT_3D('',#10869,#8271,#8272);
#6883=AXIS2_PLACEMENT_3D('',#10870,#8273,#8274);
#6884=AXIS2_PLACEMENT_3D('',#10871,#8275,#8276);
#6885=AXIS2_PLACEMENT_3D('',#10877,#8280,#8281);
#6886=AXIS2_PLACEMENT_3D('',#10881,#8284,#8285);
#6887=AXIS2_PLACEMENT_3D('',#10887,#8289,#8290);
#6888=AXIS2_PLACEMENT_3D('',#10893,#8294,#8295);
#6889=AXIS2_PLACEMENT_3D('',#10897,#8298,#8299);
#6890=AXIS2_PLACEMENT_3D('',#10901,#8302,#8303);
#6891=AXIS2_PLACEMENT_3D('',#10905,#8306,#8307);
#6892=AXIS2_PLACEMENT_3D('',#10933,#8311,#8312);
#6893=AXIS2_PLACEMENT_3D('',#10936,#8314,#8315);
#6894=AXIS2_PLACEMENT_3D('',#10963,#8318,#8319);
#6895=AXIS2_PLACEMENT_3D('',#10966,#8321,#8322);
#6896=AXIS2_PLACEMENT_3D('',#11054,#8328,#8329);
#6897=AXIS2_PLACEMENT_3D('',#11055,#8330,#8331);
#6898=AXIS2_PLACEMENT_3D('',#11061,#8335,#8336);
#6899=AXIS2_PLACEMENT_3D('',#11065,#8339,#8340);
#6900=AXIS2_PLACEMENT_3D('',#11071,#8344,#8345);
#6901=AXIS2_PLACEMENT_3D('',#11075,#8348,#8349);
#6902=AXIS2_PLACEMENT_3D('',#11079,#8352,#8353);
#6903=AXIS2_PLACEMENT_3D('',#11094,#8356,#8357);
#6904=AXIS2_PLACEMENT_3D('',#11097,#8359,#8360);
#6905=AXIS2_PLACEMENT_3D('',#11098,#8361,#8362);
#6906=AXIS2_PLACEMENT_3D('',#11099,#8363,#8364);
#6907=AXIS2_PLACEMENT_3D('',#11100,#8365,#8366);
#6908=AXIS2_PLACEMENT_3D('',#11101,#8367,#8368);
#6909=AXIS2_PLACEMENT_3D('',#11102,#8369,#8370);
#6910=AXIS2_PLACEMENT_3D('',#11103,#8371,#8372);
#6911=AXIS2_PLACEMENT_3D('',#11104,#8373,#8374);
#6912=AXIS2_PLACEMENT_3D('',#11105,#8375,#8376);
#6913=AXIS2_PLACEMENT_3D('',#11106,#8377,#8378);
#6914=AXIS2_PLACEMENT_3D('',#11107,#8379,#8380);
#6915=AXIS2_PLACEMENT_3D('',#11108,#8381,#8382);
#6916=AXIS2_PLACEMENT_3D('',#11109,#8383,#8384);
#6917=AXIS2_PLACEMENT_3D('',#11110,#8385,#8386);
#6918=AXIS2_PLACEMENT_3D('',#11111,#8387,#8388);
#6919=AXIS2_PLACEMENT_3D('',#11112,#8389,#8390);
#6920=AXIS2_PLACEMENT_3D('',#11113,#8391,#8392);
#6921=AXIS2_PLACEMENT_3D('',#11114,#8393,#8394);
#6922=AXIS2_PLACEMENT_3D('',#11115,#8395,#8396);
#6923=AXIS2_PLACEMENT_3D('',#11116,#8397,#8398);
#6924=AXIS2_PLACEMENT_3D('',#11117,#8399,#8400);
#6925=AXIS2_PLACEMENT_3D('',#11118,#8401,#8402);
#6926=AXIS2_PLACEMENT_3D('',#11119,#8403,#8404);
#6927=AXIS2_PLACEMENT_3D('',#11120,#8405,#8406);
#6928=AXIS2_PLACEMENT_3D('',#11121,#8407,#8408);
#6929=AXIS2_PLACEMENT_3D('',#11124,#8411,#8412);
#6930=AXIS2_PLACEMENT_3D('',#11127,#8415,#8416);
#6931=AXIS2_PLACEMENT_3D('',#11130,#8419,#8420);
#6932=AXIS2_PLACEMENT_3D('',#11131,#8421,#8422);
#6933=AXIS2_PLACEMENT_3D('',#11132,#8423,#8424);
#6934=AXIS2_PLACEMENT_3D('',#11133,#8425,#8426);
#6935=AXIS2_PLACEMENT_3D('',#11136,#8429,#8430);
#6936=AXIS2_PLACEMENT_3D('',#11139,#8433,#8434);
#6937=AXIS2_PLACEMENT_3D('',#11142,#8437,#8438);
#6938=AXIS2_PLACEMENT_3D('',#11143,#8439,#8440);
#6939=AXIS2_PLACEMENT_3D('',#11144,#8441,#8442);
#6940=AXIS2_PLACEMENT_3D('',#11145,#8443,#8444);
#6941=AXIS2_PLACEMENT_3D('',#11148,#8447,#8448);
#6942=AXIS2_PLACEMENT_3D('',#11151,#8451,#8452);
#6943=AXIS2_PLACEMENT_3D('',#11154,#8455,#8456);
#6944=AXIS2_PLACEMENT_3D('',#11155,#8457,#8458);
#6945=AXIS2_PLACEMENT_3D('',#11156,#8459,#8460);
#6946=AXIS2_PLACEMENT_3D('',#11157,#8461,#8462);
#6947=AXIS2_PLACEMENT_3D('',#11160,#8465,#8466);
#6948=AXIS2_PLACEMENT_3D('',#11163,#8469,#8470);
#6949=AXIS2_PLACEMENT_3D('',#11166,#8473,#8474);
#6950=AXIS2_PLACEMENT_3D('',#11167,#8475,#8476);
#6951=AXIS2_PLACEMENT_3D('',#11168,#8477,#8478);
#6952=AXIS2_PLACEMENT_3D('',#11169,#8479,#8480);
#6953=AXIS2_PLACEMENT_3D('',#11170,#8481,#8482);
#6954=AXIS2_PLACEMENT_3D('',#11171,#8483,#8484);
#6955=AXIS2_PLACEMENT_3D('',#11172,#8485,#8486);
#6956=AXIS2_PLACEMENT_3D('',#11173,#8487,#8488);
#6957=AXIS2_PLACEMENT_3D('',#11174,#8489,#8490);
#6958=AXIS2_PLACEMENT_3D('',#11175,#8491,#8492);
#6959=AXIS2_PLACEMENT_3D('',#11176,#8493,#8494);
#6960=AXIS2_PLACEMENT_3D('',#11177,#8495,#8496);
#6961=AXIS2_PLACEMENT_3D('',#11178,#8497,#8498);
#6962=AXIS2_PLACEMENT_3D('',#11179,#8499,#8500);
#6963=AXIS2_PLACEMENT_3D('',#11180,#8501,#8502);
#6964=AXIS2_PLACEMENT_3D('',#11181,#8503,#8504);
#6965=AXIS2_PLACEMENT_3D('',#11182,#8505,#8506);
#6966=AXIS2_PLACEMENT_3D('',#11183,#8507,#8508);
#6967=AXIS2_PLACEMENT_3D('',#11184,#8509,#8510);
#6968=AXIS2_PLACEMENT_3D('',#11185,#8511,#8512);
#6969=AXIS2_PLACEMENT_3D('',#11186,#8513,#8514);
#6970=AXIS2_PLACEMENT_3D('',#11187,#8515,#8516);
#6971=AXIS2_PLACEMENT_3D('',#11188,#8517,#8518);
#6972=AXIS2_PLACEMENT_3D('',#11189,#8519,#8520);
#6973=AXIS2_PLACEMENT_3D('',#11190,#8521,#8522);
#6974=AXIS2_PLACEMENT_3D('',#11191,#8523,#8524);
#6975=AXIS2_PLACEMENT_3D('',#11192,#8525,#8526);
#6976=AXIS2_PLACEMENT_3D('',#11193,#8527,#8528);
#6977=AXIS2_PLACEMENT_3D('',#11194,#8529,#8530);
#6978=AXIS2_PLACEMENT_3D('',#11195,#8531,#8532);
#6979=AXIS2_PLACEMENT_3D('',#11196,#8533,#8534);
#6980=AXIS2_PLACEMENT_3D('',#11197,#8535,#8536);
#6981=AXIS2_PLACEMENT_3D('',#11198,#8537,#8538);
#6982=AXIS2_PLACEMENT_3D('',#11199,#8539,#8540);
#6983=AXIS2_PLACEMENT_3D('',#11200,#8541,#8542);
#6984=AXIS2_PLACEMENT_3D('',#11201,#8543,#8544);
#6985=AXIS2_PLACEMENT_3D('',#11202,#8545,#8546);
#6986=AXIS2_PLACEMENT_3D('',#11203,#8547,#8548);
#6987=AXIS2_PLACEMENT_3D('',#11204,#8549,#8550);
#6988=AXIS2_PLACEMENT_3D('',#11205,#8551,#8552);
#6989=AXIS2_PLACEMENT_3D('',#11206,#8553,#8554);
#6990=AXIS2_PLACEMENT_3D('',#11207,#8555,#8556);
#6991=AXIS2_PLACEMENT_3D('',#11208,#8557,#8558);
#6992=AXIS2_PLACEMENT_3D('',#11209,#8559,#8560);
#6993=AXIS2_PLACEMENT_3D('',#11210,#8561,#8562);
#6994=AXIS2_PLACEMENT_3D('',#11211,#8563,#8564);
#6995=AXIS2_PLACEMENT_3D('',#11212,#8565,#8566);
#6996=AXIS2_PLACEMENT_3D('',#11213,#8567,#8568);
#6997=AXIS2_PLACEMENT_3D('',#11214,#8569,#8570);
#6998=AXIS2_PLACEMENT_3D('',#11215,#8571,#8572);
#6999=AXIS2_PLACEMENT_3D('',#11216,#8573,#8574);
#7000=AXIS2_PLACEMENT_3D('',#11217,#8575,#8576);
#7001=AXIS2_PLACEMENT_3D('',#11218,#8577,#8578);
#7002=AXIS2_PLACEMENT_3D('',#11219,#8579,#8580);
#7003=AXIS2_PLACEMENT_3D('',#11220,#8581,#8582);
#7004=AXIS2_PLACEMENT_3D('',#11221,#8583,#8584);
#7005=AXIS2_PLACEMENT_3D('',#11222,#8585,#8586);
#7006=AXIS2_PLACEMENT_3D('',#11223,#8587,#8588);
#7007=AXIS2_PLACEMENT_3D('',#11224,#8589,#8590);
#7008=AXIS2_PLACEMENT_3D('',#11225,#8591,#8592);
#7009=AXIS2_PLACEMENT_3D('',#11226,#8593,#8594);
#7010=AXIS2_PLACEMENT_3D('',#11227,#8595,#8596);
#7011=AXIS2_PLACEMENT_3D('',#11228,#8597,#8598);
#7012=AXIS2_PLACEMENT_3D('',#11229,#8599,#8600);
#7013=AXIS2_PLACEMENT_3D('',#11230,#8601,#8602);
#7014=AXIS2_PLACEMENT_3D('',#11231,#8603,#8604);
#7015=AXIS2_PLACEMENT_3D('',#11232,#8605,#8606);
#7016=AXIS2_PLACEMENT_3D('',#11233,#8607,#8608);
#7017=AXIS2_PLACEMENT_3D('',#11234,#8609,#8610);
#7018=AXIS2_PLACEMENT_3D('',#11235,#8611,#8612);
#7019=AXIS2_PLACEMENT_3D('',#11236,#8613,#8614);
#7020=AXIS2_PLACEMENT_3D('',#11237,#8615,#8616);
#7021=AXIS2_PLACEMENT_3D('',#11238,#8617,#8618);
#7022=AXIS2_PLACEMENT_3D('',#11239,#8619,#8620);
#7023=AXIS2_PLACEMENT_3D('',#11240,#8621,#8622);
#7024=AXIS2_PLACEMENT_3D('',#11241,#8623,#8624);
#7025=AXIS2_PLACEMENT_3D('',#11242,#8625,#8626);
#7026=AXIS2_PLACEMENT_3D('',#11243,#8627,#8628);
#7027=AXIS2_PLACEMENT_3D('',#11244,#8629,#8630);
#7028=AXIS2_PLACEMENT_3D('',#11245,#8631,#8632);
#7029=AXIS2_PLACEMENT_3D('',#11246,#8633,#8634);
#7030=AXIS2_PLACEMENT_3D('',#11247,#8635,#8636);
#7031=AXIS2_PLACEMENT_3D('',#11248,#8637,#8638);
#7032=AXIS2_PLACEMENT_3D('',#11249,#8639,#8640);
#7033=AXIS2_PLACEMENT_3D('',#11250,#8641,#8642);
#7034=AXIS2_PLACEMENT_3D('',#11251,#8643,#8644);
#7035=AXIS2_PLACEMENT_3D('',#11252,#8645,#8646);
#7036=AXIS2_PLACEMENT_3D('',#11253,#8647,#8648);
#7037=AXIS2_PLACEMENT_3D('',#11254,#8649,#8650);
#7038=AXIS2_PLACEMENT_3D('',#11255,#8651,#8652);
#7039=AXIS2_PLACEMENT_3D('',#11256,#8653,#8654);
#7040=AXIS2_PLACEMENT_3D('',#11257,#8655,#8656);
#7041=AXIS2_PLACEMENT_3D('',#11258,#8657,#8658);
#7042=AXIS2_PLACEMENT_3D('',#11259,#8659,#8660);
#7043=AXIS2_PLACEMENT_3D('',#11260,#8661,#8662);
#7044=AXIS2_PLACEMENT_3D('',#11261,#8663,#8664);
#7045=AXIS2_PLACEMENT_3D('',#11262,#8665,#8666);
#7046=AXIS2_PLACEMENT_3D('',#11263,#8667,#8668);
#7047=AXIS2_PLACEMENT_3D('',#11264,#8669,#8670);
#7048=AXIS2_PLACEMENT_3D('',#11265,#8671,#8672);
#7049=AXIS2_PLACEMENT_3D('',#11266,#8673,#8674);
#7050=AXIS2_PLACEMENT_3D('',#11267,#8675,#8676);
#7051=AXIS2_PLACEMENT_3D('',#11268,#8677,#8678);
#7052=AXIS2_PLACEMENT_3D('',#11269,#8679,#8680);
#7053=AXIS2_PLACEMENT_3D('',#11270,#8681,#8682);
#7054=AXIS2_PLACEMENT_3D('',#11271,#8683,#8684);
#7055=AXIS2_PLACEMENT_3D('',#11272,#8685,#8686);
#7056=AXIS2_PLACEMENT_3D('',#11273,#8687,#8688);
#7057=AXIS2_PLACEMENT_3D('',#11274,#8689,#8690);
#7058=AXIS2_PLACEMENT_3D('',#11275,#8691,#8692);
#7059=AXIS2_PLACEMENT_3D('',#11276,#8693,#8694);
#7060=AXIS2_PLACEMENT_3D('',#11277,#8695,#8696);
#7061=AXIS2_PLACEMENT_3D('',#11278,#8697,#8698);
#7062=AXIS2_PLACEMENT_3D('',#11279,#8699,#8700);
#7063=AXIS2_PLACEMENT_3D('',#11280,#8701,#8702);
#7064=AXIS2_PLACEMENT_3D('',#11281,#8703,#8704);
#7065=AXIS2_PLACEMENT_3D('',#11282,#8705,#8706);
#7066=AXIS2_PLACEMENT_3D('',#11283,#8707,#8708);
#7067=AXIS2_PLACEMENT_3D('',#11284,#8709,#8710);
#7068=AXIS2_PLACEMENT_3D('',#11285,#8711,#8712);
#7069=AXIS2_PLACEMENT_3D('',#11286,#8713,#8714);
#7070=AXIS2_PLACEMENT_3D('',#11287,#8715,#8716);
#7071=AXIS2_PLACEMENT_3D('',#11288,#8717,#8718);
#7072=AXIS2_PLACEMENT_3D('',#11289,#8719,#8720);
#7073=AXIS2_PLACEMENT_3D('',#11290,#8721,#8722);
#7074=AXIS2_PLACEMENT_3D('',#11291,#8723,#8724);
#7075=AXIS2_PLACEMENT_3D('',#11292,#8725,#8726);
#7076=AXIS2_PLACEMENT_3D('',#11293,#8727,#8728);
#7077=AXIS2_PLACEMENT_3D('',#11294,#8729,#8730);
#7078=AXIS2_PLACEMENT_3D('',#11295,#8731,#8732);
#7079=AXIS2_PLACEMENT_3D('',#11296,#8733,#8734);
#7080=AXIS2_PLACEMENT_3D('',#11297,#8735,#8736);
#7081=AXIS2_PLACEMENT_3D('',#11298,#8737,#8738);
#7082=AXIS2_PLACEMENT_3D('',#11299,#8739,#8740);
#7083=AXIS2_PLACEMENT_3D('',#11300,#8741,#8742);
#7084=DIRECTION('',(0.,0.,1.));
#7085=DIRECTION('',(1.,0.,0.));
#7086=DIRECTION('',(0.,0.,1.));
#7087=DIRECTION('',(1.,0.,0.));
#7088=DIRECTION('',(0.8,-0.6,0.));
#7089=DIRECTION('',(0.,0.,1.));
#7090=DIRECTION('',(1.,0.,0.));
#7091=DIRECTION('',(-1.,0.,0.));
#7092=DIRECTION('',(0.,0.,1.));
#7093=DIRECTION('',(1.,0.,0.));
#7094=DIRECTION('',(-0.8,-0.6,0.));
#7095=DIRECTION('',(0.,0.,1.));
#7096=DIRECTION('',(1.,0.,0.));
#7097=DIRECTION('',(-0.8,-0.6,0.));
#7098=DIRECTION('',(0.,0.,1.));
#7099=DIRECTION('',(1.,0.,0.));
#7100=DIRECTION('',(0.,-1.,0.));
#7101=DIRECTION('',(0.,0.,1.));
#7102=DIRECTION('',(1.,0.,0.));
#7103=DIRECTION('',(0.8,-0.6,0.));
#7104=DIRECTION('',(0.,0.,1.));
#7105=DIRECTION('',(1.,0.,0.));
#7106=DIRECTION('',(-0.8,-0.6,0.));
#7107=DIRECTION('',(0.,0.,1.));
#7108=DIRECTION('',(1.,0.,0.));
#7109=DIRECTION('',(0.8,-0.6,0.));
#7110=DIRECTION('',(0.,0.,1.));
#7111=DIRECTION('',(1.,0.,0.));
#7112=DIRECTION('',(-1.,0.,0.));
#7113=DIRECTION('',(0.,0.,1.));
#7114=DIRECTION('',(1.,0.,0.));
#7115=DIRECTION('',(-1.,0.,0.));
#7116=DIRECTION('',(0.,0.,1.));
#7117=DIRECTION('',(1.,0.,0.));
#7118=DIRECTION('',(0.349382449242356,0.936980204786319,0.));
#7119=DIRECTION('',(0.,0.,1.));
#7120=DIRECTION('',(1.,0.,0.));
#7121=DIRECTION('',(0.349382449242357,-0.936980204786319,0.));
#7122=DIRECTION('',(0.,0.,1.));
#7123=DIRECTION('',(1.,0.,0.));
#7124=DIRECTION('',(0.,0.,1.));
#7125=DIRECTION('',(1.,0.,0.));
#7126=DIRECTION('',(0.,1.,0.));
#7127=DIRECTION('',(0.,0.,1.));
#7128=DIRECTION('',(1.,0.,0.));
#7129=DIRECTION('',(0.,0.,1.));
#7130=DIRECTION('',(1.,0.,0.));
#7131=DIRECTION('',(0.,0.,1.));
#7132=DIRECTION('',(1.,0.,0.));
#7133=DIRECTION('',(-1.,-1.72660987280334E-16,0.));
#7134=DIRECTION('',(0.,0.,1.));
#7135=DIRECTION('',(1.,0.,0.));
#7136=DIRECTION('',(0.349382449242357,-0.936980204786319,0.));
#7137=DIRECTION('',(0.,0.,1.));
#7138=DIRECTION('',(1.,0.,0.));
#7139=DIRECTION('',(0.349382449242357,0.936980204786319,0.));
#7140=DIRECTION('',(0.,0.,1.));
#7141=DIRECTION('',(1.,0.,0.));
#7142=DIRECTION('',(-1.,-1.72660987280334E-16,0.));
#7143=DIRECTION('',(0.,0.,1.));
#7144=DIRECTION('',(1.,0.,0.));
#7145=DIRECTION('',(0.,0.,1.));
#7146=DIRECTION('',(1.,0.,0.));
#7147=DIRECTION('',(0.,0.,1.));
#7148=DIRECTION('',(1.,0.,0.));
#7149=DIRECTION('',(0.,1.,0.));
#7150=DIRECTION('',(0.,0.,1.));
#7151=DIRECTION('',(1.,0.,0.));
#7152=DIRECTION('',(0.,0.,1.));
#7153=DIRECTION('',(1.,0.,0.));
#7154=DIRECTION('',(0.,0.,1.));
#7155=DIRECTION('',(1.,0.,0.));
#7156=DIRECTION('',(-1.,-1.72660987280333E-16,0.));
#7157=DIRECTION('',(0.,0.,1.));
#7158=DIRECTION('',(1.,0.,0.));
#7159=DIRECTION('',(0.349382449242357,-0.936980204786319,0.));
#7160=DIRECTION('',(0.,0.,1.));
#7161=DIRECTION('',(1.,0.,0.));
#7162=DIRECTION('',(0.349382449242357,0.936980204786319,0.));
#7163=DIRECTION('',(0.,0.,1.));
#7164=DIRECTION('',(1.,0.,0.));
#7165=DIRECTION('',(-1.,-1.72660987280333E-16,0.));
#7166=DIRECTION('',(0.,0.,1.));
#7167=DIRECTION('',(1.,0.,0.));
#7168=DIRECTION('',(0.,0.,1.));
#7169=DIRECTION('',(1.,0.,0.));
#7170=DIRECTION('',(0.,0.,1.));
#7171=DIRECTION('',(1.,0.,0.));
#7172=DIRECTION('',(0.,0.,1.));
#7173=DIRECTION('',(1.,0.,0.));
#7174=DIRECTION('',(0.,0.,1.));
#7175=DIRECTION('',(1.,0.,0.));
#7176=DIRECTION('',(0.,0.,1.));
#7177=DIRECTION('',(1.,0.,0.));
#7178=DIRECTION('',(0.,0.,1.));
#7179=DIRECTION('',(1.,0.,0.));
#7180=DIRECTION('',(-1.,0.,0.));
#7181=DIRECTION('',(0.,0.,1.));
#7182=DIRECTION('',(1.,0.,0.));
#7183=DIRECTION('',(0.349382449242357,0.936980204786319,0.));
#7184=DIRECTION('',(0.,0.,1.));
#7185=DIRECTION('',(1.,0.,0.));
#7186=DIRECTION('',(0.349382449242357,-0.936980204786319,0.));
#7187=DIRECTION('',(1.,0.,0.));
#7188=DIRECTION('',(0.,1.,0.));
#7189=DIRECTION('',(1.,0.,0.));
#7190=DIRECTION('',(0.,0.,1.));
#7191=DIRECTION('',(1.,0.,0.));
#7192=DIRECTION('',(0.,1.,0.));
#7193=DIRECTION('',(1.,0.,0.));
#7194=DIRECTION('',(0.,0.,1.));
#7195=DIRECTION('',(1.,0.,0.));
#7196=DIRECTION('',(0.,-1.,0.));
#7197=DIRECTION('',(1.,9.93399270423368E-17,0.));
#7198=DIRECTION('',(0.,-1.,0.));
#7199=DIRECTION('',(0.,0.,1.));
#7200=DIRECTION('',(1.,0.,0.));
#7201=DIRECTION('',(1.,0.,0.));
#7202=DIRECTION('',(0.,-1.,0.));
#7203=DIRECTION('',(0.,0.,1.));
#7204=DIRECTION('',(1.,0.,0.));
#7205=DIRECTION('',(1.,0.,0.));
#7206=DIRECTION('',(0.,-1.,0.));
#7207=DIRECTION('',(1.,0.,0.));
#7208=DIRECTION('',(0.,-1.,0.));
#7209=DIRECTION('',(-1.,0.,0.));
#7210=DIRECTION('',(0.,0.,1.));
#7211=DIRECTION('',(1.,0.,0.));
#7212=DIRECTION('',(0.,-1.,0.));
#7213=DIRECTION('',(1.,0.,0.));
#7214=DIRECTION('',(0.,-1.,0.));
#7215=DIRECTION('',(0.,0.,1.));
#7216=DIRECTION('',(1.,0.,0.));
#7217=DIRECTION('',(-1.,0.,0.));
#7218=DIRECTION('',(0.,1.,0.));
#7219=DIRECTION('',(0.,0.,1.));
#7220=DIRECTION('',(1.,0.,0.));
#7221=DIRECTION('',(0.8,-0.6,0.));
#7222=DIRECTION('',(0.,0.,1.));
#7223=DIRECTION('',(1.,0.,0.));
#7224=DIRECTION('',(-0.8,-0.6,0.));
#7225=DIRECTION('',(0.,0.,1.));
#7226=DIRECTION('',(1.,0.,0.));
#7227=DIRECTION('',(0.,-1.,0.));
#7228=DIRECTION('',(0.,0.,1.));
#7229=DIRECTION('',(1.,0.,0.));
#7230=DIRECTION('',(1.,0.,0.));
#7231=DIRECTION('',(0.,0.,1.));
#7232=DIRECTION('',(1.,0.,0.));
#7233=DIRECTION('',(-0.8,0.6,0.));
#7234=DIRECTION('',(0.,0.,1.));
#7235=DIRECTION('',(1.,0.,0.));
#7236=DIRECTION('',(0.8,0.6,0.));
#7237=DIRECTION('',(0.,0.,1.));
#7238=DIRECTION('',(1.,0.,0.));
#7239=DIRECTION('',(0.,1.,0.));
#7240=DIRECTION('',(0.,0.,1.));
#7241=DIRECTION('',(1.,0.,0.));
#7242=DIRECTION('',(0.8,0.6,0.));
#7243=DIRECTION('',(0.,0.,1.));
#7244=DIRECTION('',(1.,0.,0.));
#7245=DIRECTION('',(-0.8,0.6,0.));
#7246=DIRECTION('',(0.,0.,1.));
#7247=DIRECTION('',(1.,0.,0.));
#7248=DIRECTION('',(0.783897884395391,-0.620889770281675,0.));
#7249=DIRECTION('',(0.,0.,1.));
#7250=DIRECTION('',(1.,0.,0.));
#7251=DIRECTION('',(0.,-1.,0.));
#7252=DIRECTION('',(0.,0.,1.));
#7253=DIRECTION('',(1.,0.,0.));
#7254=DIRECTION('',(1.,9.93399270423369E-17,0.));
#7255=DIRECTION('',(0.,0.,1.));
#7256=DIRECTION('',(1.,0.,0.));
#7257=DIRECTION('',(0.,0.,1.));
#7258=DIRECTION('',(1.,0.,0.));
#7259=DIRECTION('',(0.783897884395391,-0.620889770281675,0.));
#7260=DIRECTION('',(0.,0.,1.));
#7261=DIRECTION('',(1.,0.,0.));
#7262=DIRECTION('',(0.,-1.,0.));
#7263=DIRECTION('',(0.,0.,1.));
#7264=DIRECTION('',(1.,0.,0.));
#7265=DIRECTION('',(1.,0.,0.));
#7266=DIRECTION('',(0.,0.,1.));
#7267=DIRECTION('',(1.,0.,0.));
#7268=DIRECTION('',(0.,0.,1.));
#7269=DIRECTION('',(1.,0.,0.));
#7270=DIRECTION('',(0.,0.,1.));
#7271=DIRECTION('',(1.,0.,0.));
#7272=DIRECTION('',(0.,0.,1.));
#7273=DIRECTION('',(1.,0.,0.));
#7274=DIRECTION('',(-3.12211199275916E-16,-1.,0.));
#7275=DIRECTION('',(-1.,0.,0.));
#7276=DIRECTION('',(0.,-1.,0.));
#7277=DIRECTION('',(-1.,0.,0.));
#7278=DIRECTION('',(0.,0.,1.));
#7279=DIRECTION('',(1.,0.,0.));
#7280=DIRECTION('',(0.349382449242357,-0.936980204786319,0.));
#7281=DIRECTION('',(0.,0.,1.));
#7282=DIRECTION('',(1.,0.,0.));
#7283=DIRECTION('',(0.349382449242357,0.936980204786319,0.));
#7284=DIRECTION('',(0.,0.,1.));
#7285=DIRECTION('',(1.,0.,0.));
#7286=DIRECTION('',(-1.,0.,0.));
#7287=DIRECTION('',(-1.,-1.36592399683213E-16,0.));
#7288=DIRECTION('',(0.,0.,1.));
#7289=DIRECTION('',(1.,0.,0.));
#7290=DIRECTION('',(6.82961998416066E-17,1.,0.));
#7291=DIRECTION('',(0.,0.,1.));
#7292=DIRECTION('',(1.,0.,0.));
#7293=DIRECTION('',(-1.,-1.36592399683213E-16,0.));
#7294=DIRECTION('',(0.,0.,1.));
#7295=DIRECTION('',(1.,0.,0.));
#7296=DIRECTION('',(6.82961998416066E-17,1.,0.));
#7297=DIRECTION('',(0.,0.,1.));
#7298=DIRECTION('',(1.,0.,0.));
#7299=DIRECTION('',(0.,0.,1.));
#7300=DIRECTION('',(1.,0.,0.));
#7301=DIRECTION('',(0.,0.,1.));
#7302=DIRECTION('',(1.,0.,0.));
#7303=DIRECTION('',(0.,0.,1.));
#7304=DIRECTION('',(1.,0.,0.));
#7305=DIRECTION('',(0.,0.,1.));
#7306=DIRECTION('',(1.,0.,0.));
#7307=DIRECTION('',(0.,0.,1.));
#7308=DIRECTION('',(1.,0.,0.));
#7309=DIRECTION('',(0.,0.,1.));
#7310=DIRECTION('',(1.,0.,0.));
#7311=DIRECTION('',(0.,0.,1.));
#7312=DIRECTION('',(1.,0.,0.));
#7313=DIRECTION('',(-1.,-1.72660987280333E-16,0.));
#7314=DIRECTION('',(0.,0.,1.));
#7315=DIRECTION('',(1.,0.,0.));
#7316=DIRECTION('',(0.349382449242357,0.936980204786319,0.));
#7317=DIRECTION('',(0.,0.,1.));
#7318=DIRECTION('',(1.,0.,0.));
#7319=DIRECTION('',(0.349382449242357,-0.936980204786319,0.));
#7320=DIRECTION('',(0.,0.,1.));
#7321=DIRECTION('',(1.,0.,0.));
#7322=DIRECTION('',(-1.,-1.72660987280333E-16,0.));
#7323=DIRECTION('',(0.,0.,1.));
#7324=DIRECTION('',(1.,0.,0.));
#7325=DIRECTION('',(0.,0.,1.));
#7326=DIRECTION('',(1.,0.,0.));
#7327=DIRECTION('',(0.,0.,1.));
#7328=DIRECTION('',(1.,0.,0.));
#7329=DIRECTION('',(0.,1.,0.));
#7330=DIRECTION('',(0.,0.,1.));
#7331=DIRECTION('',(1.,0.,0.));
#7332=DIRECTION('',(0.,0.,1.));
#7333=DIRECTION('',(1.,0.,0.));
#7334=DIRECTION('',(0.,0.,1.));
#7335=DIRECTION('',(1.,0.,0.));
#7336=DIRECTION('',(-1.,-1.72660987280334E-16,0.));
#7337=DIRECTION('',(0.,0.,1.));
#7338=DIRECTION('',(1.,0.,0.));
#7339=DIRECTION('',(0.349382449242357,0.936980204786319,0.));
#7340=DIRECTION('',(0.,0.,1.));
#7341=DIRECTION('',(1.,0.,0.));
#7342=DIRECTION('',(0.349382449242357,-0.936980204786319,0.));
#7343=DIRECTION('',(0.,0.,1.));
#7344=DIRECTION('',(1.,0.,0.));
#7345=DIRECTION('',(-1.,-1.72660987280334E-16,0.));
#7346=DIRECTION('',(0.,0.,1.));
#7347=DIRECTION('',(1.,0.,0.));
#7348=DIRECTION('',(0.,0.,1.));
#7349=DIRECTION('',(1.,0.,0.));
#7350=DIRECTION('',(0.,0.,1.));
#7351=DIRECTION('',(1.,0.,0.));
#7352=DIRECTION('',(0.,1.,0.));
#7353=DIRECTION('',(-1.,0.,0.));
#7354=DIRECTION('',(0.,0.,1.));
#7355=DIRECTION('',(1.,0.,0.));
#7356=DIRECTION('',(0.349382449242357,-0.936980204786319,0.));
#7357=DIRECTION('',(0.,0.,1.));
#7358=DIRECTION('',(1.,0.,0.));
#7359=DIRECTION('',(0.349382449242356,0.936980204786319,0.));
#7360=DIRECTION('',(0.,0.,1.));
#7361=DIRECTION('',(1.,0.,0.));
#7362=DIRECTION('',(1.,0.,0.));
#7363=DIRECTION('',(3.12211199275916E-16,-1.,0.));
#7364=DIRECTION('',(1.,0.,0.));
#7365=DIRECTION('',(0.,-1.,0.));
#7366=DIRECTION('',(-0.8,0.6,0.));
#7367=DIRECTION('',(0.,0.,1.));
#7368=DIRECTION('',(1.,0.,0.));
#7369=DIRECTION('',(0.8,0.6,0.));
#7370=DIRECTION('',(0.,0.,1.));
#7371=DIRECTION('',(1.,0.,0.));
#7372=DIRECTION('',(1.,0.,0.));
#7373=DIRECTION('',(0.,0.,1.));
#7374=DIRECTION('',(1.,0.,0.));
#7375=DIRECTION('',(-0.8,0.6,0.));
#7376=DIRECTION('',(0.,0.,1.));
#7377=DIRECTION('',(1.,0.,0.));
#7378=DIRECTION('',(0.,1.,0.));
#7379=DIRECTION('',(0.,0.,1.));
#7380=DIRECTION('',(1.,0.,0.));
#7381=DIRECTION('',(0.8,0.6,0.));
#7382=DIRECTION('',(0.,0.,1.));
#7383=DIRECTION('',(1.,0.,0.));
#7384=DIRECTION('',(1.36592399683213E-16,-1.,0.));
#7385=DIRECTION('',(1.,1.36592399683213E-16,0.));
#7386=DIRECTION('',(-0.525438968568783,-7.17709696038825E-17,-0.850831293682463));
#7387=DIRECTION('',(0.851790549743905,1.16348115217003E-16,-0.523882486218976));
#7388=DIRECTION('',(1.,1.36592399683213E-16,0.));
#7389=DIRECTION('',(-0.206852167773565,-2.82544339758659E-17,0.978372209686772));
#7390=DIRECTION('',(-1.,-1.36592399683213E-16,0.));
#7391=DIRECTION('',(0.211975506822562,2.89542431509591E-17,-0.977274978963095));
#7392=DIRECTION('',(-1.36592399683213E-16,1.,0.));
#7393=DIRECTION('',(-1.,-1.36592399683213E-16,0.));
#7394=DIRECTION('',(-1.36592399683213E-16,1.,0.));
#7395=DIRECTION('',(-1.,-1.36592399683213E-16,0.));
#7396=DIRECTION('',(-0.771294487289498,-1.05352964881306E-16,0.636478447299538));
#7397=DIRECTION('',(0.,0.,1.));
#7398=DIRECTION('',(1.,1.36592399683213E-16,0.));
#7399=DIRECTION('',(-0.203521418788478,-2.77994789792503E-17,0.979070493935102));
#7400=DIRECTION('',(-1.,-1.36592399683213E-16,0.));
#7401=DIRECTION('',(0.197248313880702,2.69426205264328E-17,-0.98035356003394));
#7402=DIRECTION('',(0.747492292640634,1.02101765996491E-16,-0.664270481387552));
#7403=DIRECTION('',(-0.583293351460777,-7.96734385952913E-17,-0.812261574950862));
#7404=DIRECTION('',(-1.36592399683213E-16,1.,0.));
#7405=DIRECTION('',(-1.,-1.36592399683213E-16,0.));
#7406=DIRECTION('',(-1.36592399683213E-16,1.,0.));
#7407=DIRECTION('',(-1.,-1.36592399683213E-16,0.));
#7408=DIRECTION('',(-1.,-1.36592399683213E-16,0.));
#7409=DIRECTION('',(0.,0.,-1.));
#7410=DIRECTION('',(-1.,-1.36592399683213E-16,0.));
#7411=DIRECTION('',(0.,0.,-1.));
#7412=DIRECTION('',(0.,0.,-1.));
#7413=DIRECTION('',(-1.,-1.36592399683213E-16,0.));
#7414=DIRECTION('',(0.,0.,-1.));
#7415=DIRECTION('',(-1.,-1.36592399683213E-16,0.));
#7416=DIRECTION('',(0.,0.,-1.));
#7417=DIRECTION('',(-1.,-1.36592399683213E-16,0.));
#7418=DIRECTION('',(0.,0.,-1.));
#7419=DIRECTION('',(0.,0.,1.));
#7420=DIRECTION('',(1.,0.,0.));
#7421=DIRECTION('',(0.,-1.,0.));
#7422=DIRECTION('',(-1.,0.,0.));
#7423=DIRECTION('',(0.,-1.,0.));
#7424=DIRECTION('',(-1.,0.,0.));
#7425=DIRECTION('',(0.,0.,1.));
#7426=DIRECTION('',(1.,0.,0.));
#7427=DIRECTION('',(1.,0.,0.));
#7428=DIRECTION('',(0.,0.,1.));
#7429=DIRECTION('',(1.,0.,0.));
#7430=DIRECTION('',(0.,1.,0.));
#7431=DIRECTION('',(-1.,-9.93399270423368E-17,0.));
#7432=DIRECTION('',(0.,1.,0.));
#7433=DIRECTION('',(0.,0.,1.));
#7434=DIRECTION('',(1.,0.,0.));
#7435=DIRECTION('',(-1.,0.,0.));
#7436=DIRECTION('',(0.,-1.,0.));
#7437=DIRECTION('',(1.,0.,0.));
#7438=DIRECTION('',(-3.51781693480721E-16,1.,0.));
#7439=DIRECTION('',(-1.,-1.36592399683213E-16,0.));
#7440=DIRECTION('',(0.,-1.,0.));
#7441=DIRECTION('',(-1.,0.,0.));
#7442=DIRECTION('',(0.,-1.,0.));
#7443=DIRECTION('',(0.,0.,1.));
#7444=DIRECTION('',(1.,0.,0.));
#7445=DIRECTION('',(0.,-1.,0.));
#7446=DIRECTION('',(-1.,0.,0.));
#7447=DIRECTION('',(-3.12211199275916E-16,-1.,0.));
#7448=DIRECTION('',(-1.,0.,0.));
#7449=DIRECTION('',(6.82961998416066E-17,1.,0.));
#7450=DIRECTION('',(0.,0.,1.));
#7451=DIRECTION('',(1.,0.,0.));
#7452=DIRECTION('',(-1.,-1.36592399683213E-16,0.));
#7453=DIRECTION('',(0.,0.,1.));
#7454=DIRECTION('',(1.,0.,0.));
#7455=DIRECTION('',(0.,-1.,0.));
#7456=DIRECTION('',(-1.,0.,0.));
#7457=DIRECTION('',(0.,-1.,0.));
#7458=DIRECTION('',(1.,0.,0.));
#7459=DIRECTION('',(0.,1.,0.));
#7460=DIRECTION('',(0.,0.,1.));
#7461=DIRECTION('',(1.,0.,0.));
#7462=DIRECTION('',(0.,0.,-1.));
#7463=DIRECTION('',(0.,0.,-1.));
#7464=DIRECTION('',(0.,-1.,0.));
#7465=DIRECTION('',(0.,0.,-1.));
#7466=DIRECTION('',(0.,0.,-1.));
#7467=DIRECTION('',(-1.,0.,0.));
#7468=DIRECTION('',(0.,0.,-1.));
#7469=DIRECTION('',(0.,0.,1.));
#7470=DIRECTION('',(1.,0.,0.));
#7471=DIRECTION('',(0.,1.,0.));
#7472=DIRECTION('',(-1.,-9.93399270423368E-17,0.));
#7473=DIRECTION('',(0.,1.,0.));
#7474=DIRECTION('',(1.,0.,0.));
#7475=DIRECTION('',(1.,0.,0.));
#7476=DIRECTION('',(0.,0.,1.));
#7477=DIRECTION('',(1.,0.,0.));
#7478=DIRECTION('',(0.,1.,0.));
#7479=DIRECTION('',(1.,0.,0.));
#7480=DIRECTION('',(0.,1.,0.));
#7481=DIRECTION('',(0.,0.,1.));
#7482=DIRECTION('',(1.,0.,0.));
#7483=DIRECTION('',(-1.,0.,0.));
#7484=DIRECTION('',(0.,-1.,0.));
#7485=DIRECTION('',(1.,0.,0.));
#7486=DIRECTION('',(0.,0.,1.));
#7487=DIRECTION('',(-1.,0.,0.));
#7488=DIRECTION('',(0.,-1.,0.));
#7489=DIRECTION('',(-1.,-1.36592399683213E-16,0.));
#7490=DIRECTION('',(-3.52899880681868E-16,1.,0.));
#7491=DIRECTION('',(0.,0.,1.));
#7492=DIRECTION('',(-1.,0.,0.));
#7493=DIRECTION('',(-1.,0.,0.));
#7494=DIRECTION('',(0.,-1.,0.));
#7495=DIRECTION('',(0.,0.,1.));
#7496=DIRECTION('',(1.,0.,0.));
#7497=DIRECTION('',(0.,-1.,0.));
#7498=DIRECTION('',(-1.,-1.36592399683213E-16,0.));
#7499=DIRECTION('',(0.,0.,1.));
#7500=DIRECTION('',(1.,0.,0.));
#7501=DIRECTION('',(6.82961998416066E-17,1.,0.));
#7502=DIRECTION('',(-1.,0.,0.));
#7503=DIRECTION('',(-3.12211199275916E-16,-1.,0.));
#7504=DIRECTION('',(-1.,0.,0.));
#7505=DIRECTION('',(0.,0.,1.));
#7506=DIRECTION('',(1.,0.,0.));
#7507=DIRECTION('',(0.,0.,1.));
#7508=DIRECTION('',(1.,0.,0.));
#7509=DIRECTION('',(-1.,-1.36592399683213E-16,0.));
#7510=DIRECTION('',(0.,1.,0.));
#7511=DIRECTION('',(1.,0.,0.));
#7512=DIRECTION('',(3.12211199275916E-16,-1.,0.));
#7513=DIRECTION('',(-1.,6.82961998416066E-17,0.));
#7514=DIRECTION('',(6.82961998416066E-17,1.,0.));
#7515=DIRECTION('',(-1.,3.12211199275916E-16,0.));
#7516=DIRECTION('',(-3.12211199275916E-16,-1.,0.));
#7517=DIRECTION('',(-3.12211199275916E-16,-1.,0.));
#7518=DIRECTION('',(0.,0.,1.));
#7519=DIRECTION('',(-3.12211199275916E-16,-1.,0.));
#7520=DIRECTION('',(0.,0.,1.));
#7521=DIRECTION('',(0.,0.,1.));
#7522=DIRECTION('',(-3.12211199275916E-16,-1.,0.));
#7523=DIRECTION('',(0.,0.,1.));
#7524=DIRECTION('',(0.,0.,1.));
#7525=DIRECTION('',(1.,0.,0.));
#7526=DIRECTION('',(3.12211199275916E-16,-1.,0.));
#7527=DIRECTION('',(1.,0.,0.));
#7528=DIRECTION('',(0.,-1.,0.));
#7529=DIRECTION('',(-1.,-1.36592399683213E-16,0.));
#7530=DIRECTION('',(0.,0.,1.));
#7531=DIRECTION('',(1.,0.,0.));
#7532=DIRECTION('',(6.82961998416066E-17,1.,0.));
#7533=DIRECTION('',(-1.,6.82961998416066E-17,0.));
#7534=DIRECTION('',(0.,0.,1.));
#7535=DIRECTION('',(1.,0.,0.));
#7536=DIRECTION('',(1.,0.,0.));
#7537=DIRECTION('',(0.,-1.,0.));
#7538=DIRECTION('',(1.,9.93399270423368E-17,0.));
#7539=DIRECTION('',(0.,-1.,0.));
#7540=DIRECTION('',(0.,0.,1.));
#7541=DIRECTION('',(1.,0.,0.));
#7542=DIRECTION('',(1.,0.,0.));
#7543=DIRECTION('',(0.,0.,1.));
#7544=DIRECTION('',(1.,0.,0.));
#7545=DIRECTION('',(0.,-1.,0.));
#7546=DIRECTION('',(0.,0.,1.));
#7547=DIRECTION('',(1.,0.,0.));
#7548=DIRECTION('',(0.783897884395391,-0.620889770281675,0.));
#7549=DIRECTION('',(0.,0.,1.));
#7550=DIRECTION('',(1.,0.,0.));
#7551=DIRECTION('',(0.783897884395391,-0.620889770281675,0.));
#7552=DIRECTION('',(0.,0.,1.));
#7553=DIRECTION('',(1.,0.,0.));
#7554=DIRECTION('',(1.,9.93399270423369E-17,0.));
#7555=DIRECTION('',(0.,0.,1.));
#7556=DIRECTION('',(1.,0.,0.));
#7557=DIRECTION('',(0.,-1.,0.));
#7558=DIRECTION('',(1.,0.,0.));
#7559=DIRECTION('',(0.,0.,-1.));
#7560=DIRECTION('',(0.,0.,1.));
#7561=DIRECTION('',(0.,0.,-1.));
#7562=DIRECTION('',(1.,0.,0.));
#7563=DIRECTION('',(0.,0.,-1.));
#7564=DIRECTION('',(0.,0.,1.));
#7565=DIRECTION('',(0.,0.,-1.));
#7566=DIRECTION('',(0.,0.,1.));
#7567=DIRECTION('',(1.,0.,0.));
#7568=DIRECTION('',(0.,1.,0.));
#7569=DIRECTION('',(1.,0.,0.));
#7570=DIRECTION('',(0.,1.,0.));
#7571=DIRECTION('',(1.,0.,0.));
#7572=DIRECTION('',(0.,0.,1.));
#7573=DIRECTION('',(1.,0.,0.));
#7574=DIRECTION('',(0.,-1.,0.));
#7575=DIRECTION('',(1.,0.,0.));
#7576=DIRECTION('',(0.,-1.,0.));
#7577=DIRECTION('',(1.,0.,0.));
#7578=DIRECTION('',(0.,-1.,0.));
#7579=DIRECTION('',(0.,0.,-1.));
#7580=DIRECTION('',(0.,0.,1.));
#7581=DIRECTION('',(1.,0.,0.));
#7582=DIRECTION('',(0.,0.,1.));
#7583=DIRECTION('',(1.,0.,0.));
#7584=DIRECTION('',(0.,-1.,0.));
#7585=DIRECTION('',(0.,0.,-1.));
#7586=DIRECTION('',(0.,0.,1.));
#7587=DIRECTION('',(1.,0.,0.));
#7588=DIRECTION('',(0.,0.,1.));
#7589=DIRECTION('',(1.,0.,0.));
#7590=DIRECTION('',(1.,0.,0.));
#7591=DIRECTION('',(0.,0.,-1.));
#7592=DIRECTION('',(0.,0.,1.));
#7593=DIRECTION('',(0.,1.,0.));
#7594=DIRECTION('',(0.,0.,-1.));
#7595=DIRECTION('',(0.,1.,0.));
#7596=DIRECTION('',(0.,0.,1.));
#7597=DIRECTION('',(0.,0.,1.));
#7598=DIRECTION('',(0.,0.,1.));
#7599=DIRECTION('',(0.,-1.,0.));
#7600=DIRECTION('',(0.,0.,-1.));
#7601=DIRECTION('',(0.,0.,1.));
#7602=DIRECTION('',(0.,0.,1.));
#7603=DIRECTION('',(0.,-1.,0.));
#7604=DIRECTION('',(0.,0.,-1.));
#7605=DIRECTION('',(0.,0.,1.));
#7606=DIRECTION('',(0.,0.,1.));
#7607=DIRECTION('',(1.,0.,0.));
#7608=DIRECTION('',(0.,0.,-1.));
#7609=DIRECTION('',(0.,0.,-1.));
#7610=DIRECTION('',(0.,1.,0.));
#7611=DIRECTION('',(0.,0.,1.));
#7612=DIRECTION('',(-1.,0.,0.));
#7613=DIRECTION('',(0.,0.,1.));
#7614=DIRECTION('',(0.,-1.,0.));
#7615=DIRECTION('',(0.,0.,-1.));
#7616=DIRECTION('',(0.,-1.,0.));
#7617=DIRECTION('',(0.,-1.,0.));
#7618=DIRECTION('',(0.,0.,-1.));
#7619=DIRECTION('',(0.,-1.,0.));
#7620=DIRECTION('',(0.,0.,-1.));
#7621=DIRECTION('',(-1.,0.,0.));
#7622=DIRECTION('',(0.,0.,1.));
#7623=DIRECTION('',(0.,0.,1.));
#7624=DIRECTION('',(0.,0.,1.));
#7625=DIRECTION('',(-1.,0.,0.));
#7626=DIRECTION('',(0.,0.,-1.));
#7627=DIRECTION('',(0.,-1.,0.));
#7628=DIRECTION('',(-1.,0.,0.));
#7629=DIRECTION('',(0.,-1.36592399683213E-16,-1.));
#7630=DIRECTION('',(0.,0.,-1.));
#7631=DIRECTION('',(0.,-1.,0.));
#7632=DIRECTION('',(0.,0.,1.));
#7633=DIRECTION('',(-1.,0.,0.));
#7634=DIRECTION('',(0.,0.,1.));
#7635=DIRECTION('',(-1.,6.82961998416066E-17,0.));
#7636=DIRECTION('',(-6.82961998416066E-17,-1.,0.));
#7637=DIRECTION('',(6.82961998416066E-17,1.,0.));
#7638=DIRECTION('',(0.,0.,1.));
#7639=DIRECTION('',(6.82961998416066E-17,1.,0.));
#7640=DIRECTION('',(0.,0.,-1.));
#7641=DIRECTION('',(0.,0.,-1.));
#7642=DIRECTION('',(6.82961998416066E-17,1.,0.));
#7643=DIRECTION('',(0.,0.,1.));
#7644=DIRECTION('',(-1.,6.82961998416066E-17,0.));
#7645=DIRECTION('',(-6.82961998416066E-17,-1.,0.));
#7646=DIRECTION('',(0.,0.,-1.));
#7647=DIRECTION('',(-6.82961998416066E-17,-1.,0.));
#7648=DIRECTION('',(0.,0.,-1.));
#7649=DIRECTION('',(6.82961998416066E-17,1.,0.));
#7650=DIRECTION('',(0.,0.,-1.));
#7651=DIRECTION('',(0.,0.,-1.));
#7652=DIRECTION('',(6.82961998416066E-17,1.,0.));
#7653=DIRECTION('',(-1.,-3.12211199275916E-16,0.));
#7654=DIRECTION('',(3.12211199275916E-16,-1.,0.));
#7655=DIRECTION('',(3.12211199275916E-16,-1.,0.));
#7656=DIRECTION('',(0.,0.,-1.));
#7657=DIRECTION('',(3.12211199275916E-16,-1.,0.));
#7658=DIRECTION('',(0.,0.,1.));
#7659=DIRECTION('',(0.,0.,1.));
#7660=DIRECTION('',(3.12211199275916E-16,-1.,0.));
#7661=DIRECTION('',(0.,0.,-1.));
#7662=DIRECTION('',(1.36592399683213E-16,-1.,0.));
#7663=DIRECTION('',(1.,1.36592399683213E-16,0.));
#7664=DIRECTION('',(0.,0.,-1.));
#7665=DIRECTION('',(-1.,-1.36592399683213E-16,0.));
#7666=DIRECTION('',(-0.707106781186548,-9.65854120745432E-17,0.707106781186548));
#7667=DIRECTION('',(0.,0.,-1.));
#7668=DIRECTION('',(-1.,-1.36592399683213E-16,0.));
#7669=DIRECTION('',(0.,0.,-1.));
#7670=DIRECTION('',(-0.707106781186548,-9.65854120745432E-17,-0.707106781186548));
#7671=DIRECTION('',(-1.,-1.36592399683213E-16,0.));
#7672=DIRECTION('',(0.707106781186548,9.65854120745432E-17,-0.707106781186548));
#7673=DIRECTION('',(0.,0.,-1.));
#7674=DIRECTION('',(-1.,-1.36592399683213E-16,0.));
#7675=DIRECTION('',(0.707106781186548,9.65854120745432E-17,0.707106781186548));
#7676=DIRECTION('',(-1.,-1.36592399683213E-16,0.));
#7677=DIRECTION('',(0.,0.,-1.));
#7678=DIRECTION('',(1.,0.,0.));
#7679=DIRECTION('',(0.,0.,-1.));
#7680=DIRECTION('',(0.,0.,1.));
#7681=DIRECTION('',(0.,0.,1.));
#7682=DIRECTION('',(1.,0.,0.));
#7683=DIRECTION('',(0.,0.,-1.));
#7684=DIRECTION('',(0.,0.,1.));
#7685=DIRECTION('',(0.,0.,1.));
#7686=DIRECTION('',(-9.93399270423368E-17,1.,0.));
#7687=DIRECTION('',(-1.,-9.93399270423368E-17,0.));
#7688=DIRECTION('',(-9.93399270423368E-17,1.,0.));
#7689=DIRECTION('',(-1.,-9.93399270423368E-17,0.));
#7690=DIRECTION('',(-1.,-9.93399270423368E-17,0.));
#7691=DIRECTION('',(0.,0.,-1.));
#7692=DIRECTION('',(-1.,0.,0.));
#7693=DIRECTION('',(0.,0.,-1.));
#7694=DIRECTION('',(-1.,0.,0.));
#7695=DIRECTION('',(0.,0.,-1.));
#7696=DIRECTION('',(-1.,0.,0.));
#7697=DIRECTION('',(0.,0.,-1.));
#7698=DIRECTION('',(-1.,0.,0.));
#7699=DIRECTION('',(0.936980204786319,-0.349382449242356,0.));
#7700=DIRECTION('',(0.349382449242357,0.936980204786319,0.));
#7701=DIRECTION('',(0.,0.,-1.));
#7702=DIRECTION('',(0.,0.,-1.));
#7703=DIRECTION('',(-0.936980204786319,-0.349382449242357,0.));
#7704=DIRECTION('',(0.349382449242357,-0.936980204786319,0.));
#7705=DIRECTION('',(0.,0.,-1.));
#7706=DIRECTION('',(0.,0.,-1.));
#7707=DIRECTION('',(-1.72660987280333E-16,1.,0.));
#7708=DIRECTION('',(-1.,-1.72660987280333E-16,0.));
#7709=DIRECTION('',(0.,0.,-1.));
#7710=DIRECTION('',(0.,0.,-1.));
#7711=DIRECTION('',(-1.72660987280333E-16,1.,0.));
#7712=DIRECTION('',(-1.,-1.72660987280333E-16,0.));
#7713=DIRECTION('',(0.,0.,1.));
#7714=DIRECTION('',(0.,0.,-1.));
#7715=DIRECTION('',(0.,0.,1.));
#7716=DIRECTION('',(1.,0.,0.));
#7717=DIRECTION('',(0.,0.,1.));
#7718=DIRECTION('',(0.,0.,1.));
#7719=DIRECTION('',(0.,0.,1.));
#7720=DIRECTION('',(1.,0.,0.));
#7721=DIRECTION('',(0.,0.,1.));
#7722=DIRECTION('',(0.,0.,1.));
#7723=DIRECTION('',(1.,0.,0.));
#7724=DIRECTION('',(0.,0.,-1.));
#7725=DIRECTION('',(0.,0.,-1.));
#7726=DIRECTION('',(0.,0.,-1.));
#7727=DIRECTION('',(0.,0.,1.));
#7728=DIRECTION('',(1.,0.,0.));
#7729=DIRECTION('',(0.,0.,1.));
#7730=DIRECTION('',(1.,0.,0.));
#7731=DIRECTION('',(0.,0.,1.));
#7732=DIRECTION('',(1.,0.,0.));
#7733=DIRECTION('',(0.,0.,1.));
#7734=DIRECTION('',(1.,0.,0.));
#7735=DIRECTION('',(0.,0.,1.));
#7736=DIRECTION('',(1.,0.,0.));
#7737=DIRECTION('',(0.,0.,1.));
#7738=DIRECTION('',(1.,0.,0.));
#7739=DIRECTION('',(0.,0.,1.));
#7740=DIRECTION('',(1.,0.,0.));
#7741=DIRECTION('',(-0.936980204786319,-0.349382449242357,0.));
#7742=DIRECTION('',(0.349382449242357,-0.936980204786319,0.));
#7743=DIRECTION('',(0.,0.,-1.));
#7744=DIRECTION('',(0.,0.,-1.));
#7745=DIRECTION('',(0.936980204786319,-0.349382449242357,0.));
#7746=DIRECTION('',(0.349382449242357,0.936980204786319,0.));
#7747=DIRECTION('',(0.,0.,-1.));
#7748=DIRECTION('',(0.,0.,-1.));
#7749=DIRECTION('',(-1.72660987280334E-16,1.,0.));
#7750=DIRECTION('',(-1.,-1.72660987280334E-16,0.));
#7751=DIRECTION('',(0.,0.,-1.));
#7752=DIRECTION('',(0.,0.,1.));
#7753=DIRECTION('',(-1.72660987280334E-16,1.,0.));
#7754=DIRECTION('',(-1.,-1.72660987280334E-16,0.));
#7755=DIRECTION('',(0.,0.,-1.));
#7756=DIRECTION('',(0.,0.,-1.));
#7757=DIRECTION('',(0.,0.,1.));
#7758=DIRECTION('',(1.,0.,0.));
#7759=DIRECTION('',(0.,0.,1.));
#7760=DIRECTION('',(0.,0.,1.));
#7761=DIRECTION('',(0.,0.,1.));
#7762=DIRECTION('',(1.,0.,0.));
#7763=DIRECTION('',(0.,0.,1.));
#7764=DIRECTION('',(0.,0.,1.));
#7765=DIRECTION('',(1.,0.,0.));
#7766=DIRECTION('',(0.,0.,-1.));
#7767=DIRECTION('',(0.,0.,1.));
#7768=DIRECTION('',(0.,0.,1.));
#7769=DIRECTION('',(0.,0.,1.));
#7770=DIRECTION('',(1.,0.,0.));
#7771=DIRECTION('',(0.,0.,1.));
#7772=DIRECTION('',(1.,0.,0.));
#7773=DIRECTION('',(0.,0.,1.));
#7774=DIRECTION('',(1.,0.,0.));
#7775=DIRECTION('',(0.,0.,1.));
#7776=DIRECTION('',(1.,0.,0.));
#7777=DIRECTION('',(0.,0.,1.));
#7778=DIRECTION('',(1.,0.,0.));
#7779=DIRECTION('',(0.,0.,1.));
#7780=DIRECTION('',(1.,0.,0.));
#7781=DIRECTION('',(0.,0.,1.));
#7782=DIRECTION('',(1.,0.,0.));
#7783=DIRECTION('',(-0.936980204786319,-0.349382449242357,0.));
#7784=DIRECTION('',(0.349382449242357,-0.936980204786319,0.));
#7785=DIRECTION('',(0.,0.,-1.));
#7786=DIRECTION('',(0.,0.,-1.));
#7787=DIRECTION('',(0.936980204786319,-0.349382449242356,0.));
#7788=DIRECTION('',(0.349382449242356,0.936980204786319,0.));
#7789=DIRECTION('',(0.,0.,-1.));
#7790=DIRECTION('',(0.,0.,-1.));
#7791=DIRECTION('',(0.,1.,0.));
#7792=DIRECTION('',(0.,0.,1.));
#7793=DIRECTION('',(0.,0.,-1.));
#7794=DIRECTION('',(0.,0.,-1.));
#7795=DIRECTION('',(0.,0.,-1.));
#7796=DIRECTION('',(-1.,0.,0.));
#7797=DIRECTION('',(0.,0.,-1.));
#7798=DIRECTION('',(-1.,0.,0.));
#7799=DIRECTION('',(0.,0.,-1.));
#7800=DIRECTION('',(-1.,0.,0.));
#7801=DIRECTION('',(0.,1.,0.));
#7802=DIRECTION('',(0.,0.,1.));
#7803=DIRECTION('',(0.,0.,-1.));
#7804=DIRECTION('',(0.,0.,-1.));
#7805=DIRECTION('',(-0.936980204786319,-0.349382449242357,0.));
#7806=DIRECTION('',(0.349382449242357,-0.936980204786319,0.));
#7807=DIRECTION('',(0.,0.,-1.));
#7808=DIRECTION('',(0.,0.,-1.));
#7809=DIRECTION('',(0.936980204786319,-0.349382449242357,0.));
#7810=DIRECTION('',(0.349382449242357,0.936980204786319,0.));
#7811=DIRECTION('',(0.,0.,-1.));
#7812=DIRECTION('',(0.,0.,-1.));
#7813=DIRECTION('',(0.,0.,-1.));
#7814=DIRECTION('',(-1.,0.,0.));
#7815=DIRECTION('',(0.,0.,-1.));
#7816=DIRECTION('',(-1.,0.,0.));
#7817=DIRECTION('',(0.,0.,-1.));
#7818=DIRECTION('',(-1.,0.,0.));
#7819=DIRECTION('',(0.,1.,0.));
#7820=DIRECTION('',(0.,0.,1.));
#7821=DIRECTION('',(-1.,0.,0.));
#7822=DIRECTION('',(0.,0.,1.));
#7823=DIRECTION('',(-1.,0.,0.));
#7824=DIRECTION('',(0.,0.,1.));
#7825=DIRECTION('',(-1.,0.,0.));
#7826=DIRECTION('',(0.,0.,1.));
#7827=DIRECTION('',(0.,1.,0.));
#7828=DIRECTION('',(0.,0.,-1.));
#7829=DIRECTION('',(0.,1.,0.));
#7830=DIRECTION('',(0.,0.,1.));
#7831=DIRECTION('',(0.,-1.,0.));
#7832=DIRECTION('',(-1.,0.,0.));
#7833=DIRECTION('',(0.,1.36592399683213E-16,-1.));
#7834=DIRECTION('',(0.,1.,0.));
#7835=DIRECTION('',(-1.,0.,0.));
#7836=DIRECTION('',(0.,0.,1.));
#7837=DIRECTION('',(0.,0.,1.));
#7838=DIRECTION('',(-1.,0.,0.));
#7839=DIRECTION('',(0.,0.,1.));
#7840=DIRECTION('',(0.,0.,-1.));
#7841=DIRECTION('',(0.,-1.,0.));
#7842=DIRECTION('',(0.,0.,-1.));
#7843=DIRECTION('',(0.,-1.,0.));
#7844=DIRECTION('',(0.,0.,1.));
#7845=DIRECTION('',(0.,1.,0.));
#7846=DIRECTION('',(0.,0.,1.));
#7847=DIRECTION('',(0.707106781186548,0.,-0.707106781186548));
#7848=DIRECTION('',(-1.,0.,0.));
#7849=DIRECTION('',(0.,-1.,0.));
#7850=DIRECTION('',(0.,0.,-1.));
#7851=DIRECTION('',(1.,0.,0.));
#7852=DIRECTION('',(0.,-1.,0.));
#7853=DIRECTION('',(0.,0.,-1.));
#7854=DIRECTION('',(1.,0.,0.));
#7855=DIRECTION('',(-0.707106781186548,0.,-0.707106781186548));
#7856=DIRECTION('',(-1.,0.,0.));
#7857=DIRECTION('',(0.,0.,1.));
#7858=DIRECTION('',(0.,0.,1.));
#7859=DIRECTION('',(0.,-1.,0.));
#7860=DIRECTION('',(0.,0.,-1.));
#7861=DIRECTION('',(-1.,0.,0.));
#7862=DIRECTION('',(0.,0.,1.));
#7863=DIRECTION('',(0.,0.,1.));
#7864=DIRECTION('',(0.,0.,-1.));
#7865=DIRECTION('',(0.,-1.,0.));
#7866=DIRECTION('',(-1.,0.,0.));
#7867=DIRECTION('',(0.,0.,1.));
#7868=DIRECTION('',(0.,-1.,0.));
#7869=DIRECTION('',(0.,0.,-1.));
#7870=DIRECTION('',(0.,-1.,0.));
#7871=DIRECTION('',(0.,-1.,0.));
#7872=DIRECTION('',(0.,0.,-1.));
#7873=DIRECTION('',(1.,0.,0.));
#7874=DIRECTION('',(0.,0.,-1.));
#7875=DIRECTION('',(-0.707106781186548,0.,0.707106781186548));
#7876=DIRECTION('',(0.,0.,1.));
#7877=DIRECTION('',(0.,0.,1.));
#7878=DIRECTION('',(-1.,0.,0.));
#7879=DIRECTION('',(0.,0.,1.));
#7880=DIRECTION('',(0.,-1.,0.));
#7881=DIRECTION('',(0.,0.,-1.));
#7882=DIRECTION('',(0.,0.,1.));
#7883=DIRECTION('',(0.,0.,1.));
#7884=DIRECTION('',(0.,1.,0.));
#7885=DIRECTION('',(0.,0.,1.));
#7886=DIRECTION('',(0.,0.,1.));
#7887=DIRECTION('',(0.,0.,1.));
#7888=DIRECTION('',(-1.,0.,0.));
#7889=DIRECTION('',(0.,0.,1.));
#7890=DIRECTION('',(0.,0.,-1.));
#7891=DIRECTION('',(0.,-1.,0.));
#7892=DIRECTION('',(0.,0.,1.));
#7893=DIRECTION('',(0.,-1.,0.));
#7894=DIRECTION('',(0.,1.,0.));
#7895=DIRECTION('',(0.,0.,1.));
#7896=DIRECTION('',(1.,0.,0.));
#7897=DIRECTION('',(0.,0.,1.));
#7898=DIRECTION('',(-1.,0.,0.));
#7899=DIRECTION('',(-1.,0.,0.));
#7900=DIRECTION('',(0.,0.,1.));
#7901=DIRECTION('',(0.,0.,1.));
#7902=DIRECTION('',(0.,0.,-1.));
#7903=DIRECTION('',(0.,-1.,0.));
#7904=DIRECTION('',(0.,0.,1.));
#7905=DIRECTION('',(0.,1.,0.));
#7906=DIRECTION('',(0.,0.,1.));
#7907=DIRECTION('',(0.,0.,1.));
#7908=DIRECTION('',(-1.,0.,0.));
#7909=DIRECTION('',(0.,0.,1.));
#7910=DIRECTION('',(0.,0.,1.));
#7911=DIRECTION('',(0.,0.,1.));
#7912=DIRECTION('',(0.,-1.,0.));
#7913=DIRECTION('',(0.,0.,-1.));
#7914=DIRECTION('',(0.,1.,0.));
#7915=DIRECTION('',(0.,0.,1.));
#7916=DIRECTION('',(1.,0.,0.));
#7917=DIRECTION('',(-1.,0.,0.));
#7918=DIRECTION('',(0.,1.,0.));
#7919=DIRECTION('',(0.,0.,1.));
#7920=DIRECTION('',(0.707106781186548,0.,0.707106781186548));
#7921=DIRECTION('',(0.,0.,-1.));
#7922=DIRECTION('',(-1.,0.,0.));
#7923=DIRECTION('',(0.,0.,1.));
#7924=DIRECTION('',(0.,0.,1.));
#7925=DIRECTION('',(-1.,0.,0.));
#7926=DIRECTION('',(0.,0.,1.));
#7927=DIRECTION('',(0.,1.,0.));
#7928=DIRECTION('',(0.,0.,1.));
#7929=DIRECTION('',(1.,0.,0.));
#7930=DIRECTION('',(0.,1.,0.));
#7931=DIRECTION('',(0.,0.,1.));
#7932=DIRECTION('',(1.,0.,0.));
#7933=DIRECTION('',(0.,0.,-1.));
#7934=DIRECTION('',(0.,0.,-1.));
#7935=DIRECTION('',(0.,0.,1.));
#7936=DIRECTION('',(1.,0.,0.));
#7937=DIRECTION('',(0.,0.,1.));
#7938=DIRECTION('',(1.,0.,0.));
#7939=DIRECTION('',(0.,0.,1.));
#7940=DIRECTION('',(1.,0.,0.));
#7941=DIRECTION('',(0.,1.,0.));
#7942=DIRECTION('',(0.,0.,1.));
#7943=DIRECTION('',(1.,0.,0.));
#7944=DIRECTION('',(0.,1.,0.));
#7945=DIRECTION('',(0.,0.,1.));
#7946=DIRECTION('',(0.,0.,-1.));
#7947=DIRECTION('',(1.,0.,0.));
#7948=DIRECTION('',(0.,0.,-1.));
#7949=DIRECTION('',(0.,0.,1.));
#7950=DIRECTION('',(1.,0.,0.));
#7951=DIRECTION('',(0.,0.,1.));
#7952=DIRECTION('',(1.,0.,0.));
#7953=DIRECTION('',(0.,0.,1.));
#7954=DIRECTION('',(1.,0.,0.));
#7955=DIRECTION('',(0.,0.,-1.));
#7956=DIRECTION('',(-1.,0.,0.));
#7957=DIRECTION('',(0.,0.,-1.));
#7958=DIRECTION('',(-1.,0.,0.));
#7959=DIRECTION('',(0.,0.,-1.));
#7960=DIRECTION('',(-1.,0.,0.));
#7961=DIRECTION('',(0.,0.,-1.));
#7962=DIRECTION('',(-1.,0.,0.));
#7963=DIRECTION('',(0.,0.,-1.));
#7964=DIRECTION('',(-1.,0.,0.));
#7965=DIRECTION('',(0.,0.,-1.));
#7966=DIRECTION('',(-1.,0.,0.));
#7967=DIRECTION('',(0.,0.,-1.));
#7968=DIRECTION('',(-1.,0.,0.));
#7969=DIRECTION('',(0.,0.,-1.));
#7970=DIRECTION('',(-1.,0.,0.));
#7971=DIRECTION('',(0.,0.,1.));
#7972=DIRECTION('',(1.,0.,0.));
#7973=DIRECTION('',(-1.,0.,0.));
#7974=DIRECTION('',(0.,0.,1.));
#7975=DIRECTION('',(1.,0.,0.));
#7976=DIRECTION('',(1.,0.,0.));
#7977=DIRECTION('',(0.,0.,1.));
#7978=DIRECTION('',(1.,0.,0.));
#7979=DIRECTION('',(1.,0.,0.));
#7980=DIRECTION('',(0.,0.,1.));
#7981=DIRECTION('',(1.,0.,0.));
#7982=DIRECTION('',(-1.,0.,0.));
#7983=DIRECTION('',(-1.,0.,0.));
#7984=DIRECTION('',(0.,0.,1.));
#7985=DIRECTION('',(1.,0.,0.));
#7986=DIRECTION('',(0.,0.,-1.));
#7987=DIRECTION('',(1.,0.,0.));
#7988=DIRECTION('',(0.,1.,0.));
#7989=DIRECTION('',(1.,0.,0.));
#7990=DIRECTION('',(0.,0.,-1.));
#7991=DIRECTION('',(-1.,0.,0.));
#7992=DIRECTION('',(0.,0.,1.));
#7993=DIRECTION('',(1.,0.,0.));
#7994=DIRECTION('',(0.,0.,-1.));
#7995=DIRECTION('',(1.,0.,0.));
#7996=DIRECTION('',(0.,1.,0.));
#7997=DIRECTION('',(-1.,0.,0.));
#7998=DIRECTION('',(0.,0.,1.));
#7999=DIRECTION('',(1.,0.,0.));
#8000=DIRECTION('',(0.,0.,-1.));
#8001=DIRECTION('',(-1.,0.,0.));
#8002=DIRECTION('',(0.,0.,1.));
#8003=DIRECTION('',(-1.,0.,0.));
#8004=DIRECTION('',(0.,0.,1.));
#8005=DIRECTION('',(1.,0.,0.));
#8006=DIRECTION('',(0.,0.,-1.));
#8007=DIRECTION('',(-1.,0.,0.));
#8008=DIRECTION('',(0.,0.,1.));
#8009=DIRECTION('',(-1.,0.,0.));
#8010=DIRECTION('',(0.,-1.,0.));
#8011=DIRECTION('',(-1.,0.,0.));
#8012=DIRECTION('',(0.,0.,1.));
#8013=DIRECTION('',(1.,0.,0.));
#8014=DIRECTION('',(0.,0.,-1.));
#8015=DIRECTION('',(-1.,0.,0.));
#8016=DIRECTION('',(0.,0.,1.));
#8017=DIRECTION('',(-1.,0.,0.));
#8018=DIRECTION('',(0.,-1.,0.));
#8019=DIRECTION('',(1.,0.,0.));
#8020=DIRECTION('',(0.,0.,-1.));
#8021=DIRECTION('',(-1.,0.,0.));
#8022=DIRECTION('',(0.,0.,1.));
#8023=DIRECTION('',(1.,0.,0.));
#8024=DIRECTION('',(0.,0.,-1.));
#8025=DIRECTION('',(1.,0.,0.));
#8026=DIRECTION('',(0.,0.,-1.));
#8027=DIRECTION('',(0.,1.,0.));
#8028=DIRECTION('',(0.,0.,1.));
#8029=DIRECTION('',(1.,0.,0.));
#8030=DIRECTION('',(0.,1.,0.));
#8031=DIRECTION('',(0.,0.,1.));
#8032=DIRECTION('',(-0.620889770281675,-0.783897884395391,0.));
#8033=DIRECTION('',(0.783897884395391,-0.620889770281675,0.));
#8034=DIRECTION('',(0.,0.,-1.));
#8035=DIRECTION('',(0.,0.,1.));
#8036=DIRECTION('',(-1.,0.,0.));
#8037=DIRECTION('',(0.,0.,1.));
#8038=DIRECTION('',(0.,0.,-1.));
#8039=DIRECTION('',(0.,0.,-1.));
#8040=DIRECTION('',(0.,-1.,0.));
#8041=DIRECTION('',(0.,0.,-1.));
#8042=DIRECTION('',(0.,0.,-1.));
#8043=DIRECTION('',(0.,0.,1.));
#8044=DIRECTION('',(0.,0.,-1.));
#8045=DIRECTION('',(-1.,0.,0.));
#8046=DIRECTION('',(0.,0.,1.));
#8047=DIRECTION('',(1.,0.,0.));
#8048=DIRECTION('',(0.,0.,-1.));
#8049=DIRECTION('',(-1.,0.,0.));
#8050=DIRECTION('',(-1.,0.,0.));
#8051=DIRECTION('',(0.,0.,1.));
#8052=DIRECTION('',(0.,0.,-1.));
#8053=DIRECTION('',(0.,0.,-1.));
#8054=DIRECTION('',(9.93399270423368E-17,-1.,0.));
#8055=DIRECTION('',(1.,9.93399270423369E-17,0.));
#8056=DIRECTION('',(0.,0.,1.));
#8057=DIRECTION('',(0.,0.,-1.));
#8058=DIRECTION('',(-0.620889770281675,-0.783897884395391,0.));
#8059=DIRECTION('',(0.783897884395391,-0.620889770281675,0.));
#8060=DIRECTION('',(0.,0.,1.));
#8061=DIRECTION('',(0.,0.,-1.));
#8062=DIRECTION('',(0.,0.,1.));
#8063=DIRECTION('',(1.,0.,0.));
#8064=DIRECTION('',(0.,0.,-1.));
#8065=DIRECTION('',(-1.,0.,0.));
#8066=DIRECTION('',(0.,0.,-1.));
#8067=DIRECTION('',(-1.,0.,0.));
#8068=DIRECTION('',(6.82961998416066E-17,1.,0.));
#8069=DIRECTION('',(-1.,6.82961998416066E-17,0.));
#8070=DIRECTION('',(-1.,6.82961998416066E-17,0.));
#8071=DIRECTION('',(0.,0.,-1.));
#8072=DIRECTION('',(-1.,6.82961998416066E-17,0.));
#8073=DIRECTION('',(0.,0.,-1.));
#8074=DIRECTION('',(0.,0.,-1.));
#8075=DIRECTION('',(-1.,0.,0.));
#8076=DIRECTION('',(-1.,6.82961998416066E-17,0.));
#8077=DIRECTION('',(3.12211199275916E-16,-1.,0.));
#8078=DIRECTION('',(-6.82961998416066E-17,-1.,0.));
#8079=DIRECTION('',(6.82961998416066E-17,1.,0.));
#8080=DIRECTION('',(-1.,6.82961998416066E-17,0.));
#8081=DIRECTION('',(0.,0.,-1.));
#8082=DIRECTION('',(-1.,6.82961998416066E-17,0.));
#8083=DIRECTION('',(0.,0.,-1.));
#8084=DIRECTION('',(0.,1.,0.));
#8085=DIRECTION('',(0.,0.,1.));
#8086=DIRECTION('',(-1.,0.,0.));
#8087=DIRECTION('',(0.,0.,1.));
#8088=DIRECTION('',(-1.,0.,0.));
#8089=DIRECTION('',(0.,0.,1.));
#8090=DIRECTION('',(0.,1.,0.));
#8091=DIRECTION('',(0.,0.,1.));
#8092=DIRECTION('',(-1.,0.,0.));
#8093=DIRECTION('',(0.,0.,1.));
#8094=DIRECTION('',(-1.,0.,0.));
#8095=DIRECTION('',(0.,0.,1.));
#8096=DIRECTION('',(0.,0.,1.));
#8097=DIRECTION('',(1.,0.,0.));
#8098=DIRECTION('',(-3.12211199275916E-16,-1.,0.));
#8099=DIRECTION('',(6.82961998416066E-17,1.,0.));
#8100=DIRECTION('',(1.,3.52899880681868E-16,0.));
#8101=DIRECTION('',(-3.52899880681868E-16,1.,0.));
#8102=DIRECTION('',(3.52899880681868E-16,-1.,0.));
#8103=DIRECTION('',(0.,0.,-1.));
#8104=DIRECTION('',(3.52899880681868E-16,-1.,0.));
#8105=DIRECTION('',(0.,0.,-1.));
#8106=DIRECTION('',(0.,0.,1.));
#8107=DIRECTION('',(1.,0.,0.));
#8108=DIRECTION('',(0.,0.,1.));
#8109=DIRECTION('',(1.,0.,0.));
#8110=DIRECTION('',(0.,0.,1.));
#8111=DIRECTION('',(1.,0.,0.));
#8112=DIRECTION('',(0.,0.,1.));
#8113=DIRECTION('',(1.,0.,0.));
#8114=DIRECTION('',(0.,0.,1.));
#8115=DIRECTION('',(1.,0.,0.));
#8116=DIRECTION('',(1.,0.,0.));
#8117=DIRECTION('',(0.,0.,-1.));
#8118=DIRECTION('',(0.,1.,0.));
#8119=DIRECTION('',(0.,0.,-1.));
#8120=DIRECTION('',(0.,-1.,0.));
#8121=DIRECTION('',(0.,0.,-1.));
#8122=DIRECTION('',(0.,0.,1.));
#8123=DIRECTION('',(1.,0.,0.));
#8124=DIRECTION('',(0.,0.,1.));
#8125=DIRECTION('',(1.,0.,0.));
#8126=DIRECTION('',(0.,0.,1.));
#8127=DIRECTION('',(1.,0.,0.));
#8128=DIRECTION('',(0.,0.,1.));
#8129=DIRECTION('',(1.,0.,0.));
#8130=DIRECTION('',(0.,0.,1.));
#8131=DIRECTION('',(1.,0.,0.));
#8132=DIRECTION('',(0.707106781186548,2.49537898710072E-16,-0.707106781186548));
#8133=DIRECTION('',(3.52899880681868E-16,-1.,0.));
#8134=DIRECTION('',(0.707106781186548,0.,0.707106781186548));
#8135=DIRECTION('',(-0.707106781186548,-9.65854120745432E-17,-0.707106781186548));
#8136=DIRECTION('',(0.707106781186548,0.,0.707106781186548));
#8137=DIRECTION('',(0.,1.,0.));
#8138=DIRECTION('',(0.707106781186548,0.,-0.707106781186548));
#8139=DIRECTION('',(-0.707106781186548,-9.65854120745433E-17,0.707106781186548));
#8140=DIRECTION('',(-0.707106781186548,0.,0.707106781186548));
#8141=DIRECTION('',(0.,1.,0.));
#8142=DIRECTION('',(-0.707106781186548,-9.65854120745433E-17,-0.707106781186548));
#8143=DIRECTION('',(0.707106781186548,0.,0.707106781186548));
#8144=DIRECTION('',(-0.707106781186548,0.,-0.707106781186548));
#8145=DIRECTION('',(0.,-1.,0.));
#8146=DIRECTION('',(0.707106781186548,0.,-0.707106781186548));
#8147=DIRECTION('',(-0.707106781186548,-9.65854120745433E-17,0.707106781186548));
#8148=DIRECTION('',(0.,-1.,0.));
#8149=DIRECTION('',(0.,0.,-1.));
#8150=DIRECTION('',(0.,0.,-1.));
#8151=DIRECTION('',(-1.,0.,0.));
#8152=DIRECTION('',(1.,0.,0.));
#8153=DIRECTION('',(0.,0.,-1.));
#8154=DIRECTION('',(0.,0.,-1.));
#8155=DIRECTION('',(0.,-1.,0.));
#8156=DIRECTION('',(0.,0.,1.));
#8157=DIRECTION('',(1.,0.,0.));
#8158=DIRECTION('',(0.,0.,1.));
#8159=DIRECTION('',(1.,0.,0.));
#8160=DIRECTION('',(0.,0.,1.));
#8161=DIRECTION('',(1.,0.,0.));
#8162=DIRECTION('',(0.,0.,1.));
#8163=DIRECTION('',(1.,0.,0.));
#8164=DIRECTION('',(0.,-1.,0.));
#8165=DIRECTION('',(0.,0.,-1.));
#8166=DIRECTION('',(0.,0.,-1.));
#8167=DIRECTION('',(-1.,0.,0.));
#8168=DIRECTION('',(-1.,-3.51781693480721E-16,0.));
#8169=DIRECTION('',(3.51781693480721E-16,-1.,0.));
#8170=DIRECTION('',(-3.51781693480721E-16,1.,0.));
#8171=DIRECTION('',(0.,0.,-1.));
#8172=DIRECTION('',(0.,0.,1.));
#8173=DIRECTION('',(1.,0.,0.));
#8174=DIRECTION('',(0.,0.,1.));
#8175=DIRECTION('',(1.,0.,0.));
#8176=DIRECTION('',(0.,0.,1.));
#8177=DIRECTION('',(1.,0.,0.));
#8178=DIRECTION('',(0.,0.,1.));
#8179=DIRECTION('',(1.,0.,0.));
#8180=DIRECTION('',(0.,0.,1.));
#8181=DIRECTION('',(1.,0.,0.));
#8182=DIRECTION('',(0.,0.,-1.));
#8183=DIRECTION('',(-1.,0.,0.));
#8184=DIRECTION('',(0.,0.,-1.));
#8185=DIRECTION('',(-1.,0.,0.));
#8186=DIRECTION('',(0.,0.,1.));
#8187=DIRECTION('',(1.,0.,0.));
#8188=DIRECTION('',(0.,0.,-1.));
#8189=DIRECTION('',(-1.,0.,0.));
#8190=DIRECTION('',(0.,0.,-1.));
#8191=DIRECTION('',(-1.,0.,0.));
#8192=DIRECTION('',(0.,0.,1.));
#8193=DIRECTION('',(1.,0.,0.));
#8194=DIRECTION('',(0.,0.,-1.));
#8195=DIRECTION('',(-1.,0.,0.));
#8196=DIRECTION('',(0.,0.,-1.));
#8197=DIRECTION('',(-1.,0.,0.));
#8198=DIRECTION('',(0.,0.,1.));
#8199=DIRECTION('',(1.,0.,0.));
#8200=DIRECTION('',(0.,0.,-1.));
#8201=DIRECTION('',(-1.,0.,0.));
#8202=DIRECTION('',(0.,0.,-1.));
#8203=DIRECTION('',(-1.,0.,0.));
#8204=DIRECTION('',(-1.36592399683213E-16,1.,0.));
#8205=DIRECTION('',(-1.36592399683213E-16,1.,0.));
#8206=DIRECTION('',(-1.36592399683213E-16,1.,0.));
#8207=DIRECTION('',(-1.36592399683213E-16,1.,0.));
#8208=DIRECTION('',(-1.36592399683213E-16,1.,0.));
#8209=DIRECTION('',(-1.36592399683213E-16,1.,0.));
#8210=DIRECTION('',(-1.36592399683213E-16,1.,0.));
#8211=DIRECTION('',(-1.36592399683213E-16,1.,0.));
#8212=DIRECTION('',(-1.36592399683213E-16,1.,0.));
#8213=DIRECTION('',(-1.36592399683213E-16,1.,0.));
#8214=DIRECTION('',(-1.36592399683213E-16,1.,0.));
#8215=DIRECTION('',(-1.36592399683213E-16,1.,0.));
#8216=DIRECTION('',(-1.36592399683213E-16,1.,0.));
#8217=DIRECTION('',(-1.36592399683213E-16,1.,0.));
#8218=DIRECTION('',(-1.36592399683213E-16,1.,0.));
#8219=DIRECTION('',(-1.36592399683213E-16,1.,0.));
#8220=DIRECTION('',(-1.36592399683213E-16,1.,0.));
#8221=DIRECTION('',(-1.36592399683213E-16,1.,0.));
#8222=DIRECTION('',(-1.36592399683213E-16,1.,0.));
#8223=DIRECTION('',(-1.36592399683213E-16,1.,0.));
#8224=DIRECTION('',(-1.36592399683213E-16,1.,0.));
#8225=DIRECTION('',(-1.36592399683213E-16,1.,0.));
#8226=DIRECTION('',(-1.36592399683213E-16,1.,0.));
#8227=DIRECTION('',(-1.36592399683213E-16,1.,0.));
#8228=DIRECTION('',(-1.36592399683213E-16,1.,0.));
#8229=DIRECTION('',(-1.36592399683213E-16,1.,0.));
#8230=DIRECTION('',(-1.36592399683213E-16,1.,0.));
#8231=DIRECTION('',(-1.36592399683213E-16,1.,0.));
#8232=DIRECTION('',(-1.36592399683213E-16,1.,0.));
#8233=DIRECTION('',(-1.36592399683213E-16,1.,0.));
#8234=DIRECTION('',(-1.36592399683213E-16,1.,0.));
#8235=DIRECTION('',(-0.962866462308321,0.,0.269978102374728));
#8236=DIRECTION('',(-1.36592399683213E-16,1.,0.));
#8237=DIRECTION('',(-1.,-1.36592399683213E-16,0.));
#8238=DIRECTION('',(-1.36592399683213E-16,1.,0.));
#8239=DIRECTION('',(-1.,-1.36592399683213E-16,0.));
#8240=DIRECTION('',(-1.36592399683213E-16,1.,0.));
#8241=DIRECTION('',(-1.,-1.38777878078145E-16,0.));
#8242=DIRECTION('',(1.36592399683213E-16,-1.,0.));
#8243=DIRECTION('',(1.,1.36592399683213E-16,0.));
#8244=DIRECTION('',(1.36592399683213E-16,-1.,0.));
#8245=DIRECTION('',(1.,1.36592399683213E-16,0.));
#8246=DIRECTION('',(-1.36592399683213E-16,1.,0.));
#8247=DIRECTION('',(-1.36592399683213E-16,1.,0.));
#8248=DIRECTION('',(-1.36592399683213E-16,1.,0.));
#8249=DIRECTION('',(-1.36592399683213E-16,1.,0.));
#8250=DIRECTION('',(-1.36592399683213E-16,1.,0.));
#8251=DIRECTION('',(-1.36592399683213E-16,1.,0.));
#8252=DIRECTION('',(-1.36592399683213E-16,1.,0.));
#8253=DIRECTION('',(-1.36592399683213E-16,1.,0.));
#8254=DIRECTION('',(-1.36592399683213E-16,1.,0.));
#8255=DIRECTION('',(-1.36592399683213E-16,1.,0.));
#8256=DIRECTION('',(-0.993039409322464,0.,-0.117782560391989));
#8257=DIRECTION('',(-1.36592399683213E-16,1.,0.));
#8258=DIRECTION('',(-1.,-1.36592399683213E-16,0.));
#8259=DIRECTION('',(-1.36592399683213E-16,1.,0.));
#8260=DIRECTION('',(-1.36592399683213E-16,1.,0.));
#8261=DIRECTION('',(-1.,-1.36592399683213E-16,0.));
#8262=DIRECTION('',(-1.36592399683213E-16,1.,0.));
#8263=DIRECTION('',(-1.36592399683213E-16,1.,0.));
#8264=DIRECTION('',(-1.36592399683213E-16,1.,0.));
#8265=DIRECTION('',(-1.36592399683213E-16,1.,0.));
#8266=DIRECTION('',(-1.36592399683213E-16,1.,0.));
#8267=DIRECTION('',(-1.36592399683213E-16,1.,0.));
#8268=DIRECTION('',(-1.36592399683213E-16,1.,0.));
#8269=DIRECTION('',(-1.36592399683213E-16,1.,0.));
#8270=DIRECTION('',(-1.36592399683213E-16,1.,0.));
#8271=DIRECTION('',(-1.36592399683213E-16,1.,0.));
#8272=DIRECTION('',(-1.,-1.38777878078145E-16,0.));
#8273=DIRECTION('',(1.36592399683213E-16,-1.,0.));
#8274=DIRECTION('',(1.,1.36592399683213E-16,0.));
#8275=DIRECTION('',(1.,1.36592399683213E-16,0.));
#8276=DIRECTION('',(0.,0.,-1.));
#8277=DIRECTION('',(-1.36592399683213E-16,1.,0.));
#8278=DIRECTION('',(0.,0.,1.));
#8279=DIRECTION('',(-1.36592399683213E-16,1.,0.));
#8280=DIRECTION('',(0.636478447299538,8.69381184632894E-17,0.771294487289498));
#8281=DIRECTION('',(0.771294487289498,1.07038612319407E-16,-0.636478447299538));
#8282=DIRECTION('',(-1.36592399683213E-16,1.,0.));
#8283=DIRECTION('',(0.771294487289498,1.07038612319407E-16,-0.636478447299538));
#8284=DIRECTION('',(-0.812261574950862,-1.10948757693004E-16,0.583293351460777));
#8285=DIRECTION('',(0.583293351460777,8.0948213612816E-17,0.812261574950862));
#8286=DIRECTION('',(-1.36592399683213E-16,1.,0.));
#8287=DIRECTION('',(0.583293351460777,8.0948213612816E-17,0.812261574950862));
#8288=DIRECTION('',(-1.36592399683213E-16,1.,0.));
#8289=DIRECTION('',(-0.664270481387552,-9.07342990914489E-17,-0.747492292640634));
#8290=DIRECTION('',(-0.747492292640633,-1.03735394252435E-16,0.664270481387551));
#8291=DIRECTION('',(-1.36592399683213E-16,1.,0.));
#8292=DIRECTION('',(-0.747492292640633,-1.03735394252435E-16,0.664270481387551));
#8293=DIRECTION('',(-1.36592399683213E-16,1.,0.));
#8294=DIRECTION('',(-0.98035356003394,-1.33908845303017E-16,-0.197248313880702));
#8295=DIRECTION('',(-0.197248313880702,-2.73737024548557E-17,0.98035356003394));
#8296=DIRECTION('',(-1.36592399683213E-16,1.,0.));
#8297=DIRECTION('',(-0.197248313880702,-2.73737024548557E-17,0.98035356003394));
#8298=DIRECTION('',(0.,0.,1.));
#8299=DIRECTION('',(1.,1.38777878078145E-16,0.));
#8300=DIRECTION('',(-1.36592399683213E-16,1.,0.));
#8301=DIRECTION('',(-1.,-1.38777878078145E-16,0.));
#8302=DIRECTION('',(0.979070493935102,1.33733588225624E-16,0.203521418788478));
#8303=DIRECTION('',(0.203521418788478,2.82442706429183E-17,-0.979070493935102));
#8304=DIRECTION('',(-1.36592399683213E-16,1.,0.));
#8305=DIRECTION('',(0.203521418788478,2.82442706429183E-17,-0.979070493935102));
#8306=DIRECTION('',(0.,0.,-1.));
#8307=DIRECTION('',(-1.,-1.38777878078145E-16,0.));
#8308=DIRECTION('',(-1.,-1.38777878078145E-16,0.));
#8309=DIRECTION('',(-1.36592399683213E-16,1.,0.));
#8310=DIRECTION('',(-1.36592399683213E-16,1.,0.));
#8311=DIRECTION('',(-1.36592399683213E-16,1.,0.));
#8312=DIRECTION('',(-0.979562969364617,0.,-0.201137736513002));
#8313=DIRECTION('',(-1.36592399683213E-16,1.,0.));
#8314=DIRECTION('',(-1.36592399683213E-16,1.,0.));
#8315=DIRECTION('',(-1.,-1.36592399683213E-16,0.));
#8316=DIRECTION('',(-1.36592399683213E-16,1.,0.));
#8317=DIRECTION('',(-1.36592399683213E-16,1.,0.));
#8318=DIRECTION('',(-1.36592399683213E-16,1.,0.));
#8319=DIRECTION('',(0.186410650461129,0.,0.982471917865676));
#8320=DIRECTION('',(-1.36592399683213E-16,1.,0.));
#8321=DIRECTION('',(-1.36592399683213E-16,1.,0.));
#8322=DIRECTION('',(-1.,-1.36592399683213E-16,0.));
#8323=DIRECTION('',(-1.36592399683213E-16,1.,0.));
#8324=DIRECTION('',(-1.36592399683213E-16,1.,0.));
#8325=DIRECTION('',(-1.36592399683213E-16,1.,0.));
#8326=DIRECTION('',(-1.36592399683213E-16,1.,0.));
#8327=DIRECTION('',(-1.36592399683213E-16,1.,0.));
#8328=DIRECTION('',(-1.36592399683213E-16,1.,0.));
#8329=DIRECTION('',(-1.,-1.38777878078145E-16,0.));
#8330=DIRECTION('',(-0.523882486218976,-7.15583659446578E-17,-0.851790549743905));
#8331=DIRECTION('',(-0.851790549743905,-1.18209685060475E-16,0.523882486218976));
#8332=DIRECTION('',(-1.36592399683213E-16,1.,0.));
#8333=DIRECTION('',(-0.851790549743905,-1.18209685060475E-16,0.523882486218976));
#8334=DIRECTION('',(-1.36592399683213E-16,1.,0.));
#8335=DIRECTION('',(-0.850831293682463,-1.1621708812966E-16,0.525438968568783));
#8336=DIRECTION('',(0.525438968568783,7.29193051175446E-17,0.850831293682463));
#8337=DIRECTION('',(-1.36592399683213E-16,1.,0.));
#8338=DIRECTION('',(0.525438968568783,7.29193051175446E-17,0.850831293682463));
#8339=DIRECTION('',(-0.977274978963095,-1.33488334526931E-16,-0.211975506822562));
#8340=DIRECTION('',(-0.211975506822562,-2.94175110413745E-17,0.977274978963095));
#8341=DIRECTION('',(-1.36592399683213E-16,1.,0.));
#8342=DIRECTION('',(-0.211975506822562,-2.94175110413745E-17,0.977274978963095));
#8343=DIRECTION('',(-1.36592399683213E-16,1.,0.));
#8344=DIRECTION('',(0.,0.,1.));
#8345=DIRECTION('',(1.,1.38777878078145E-16,0.));
#8346=DIRECTION('',(-1.36592399683213E-16,1.,0.));
#8347=DIRECTION('',(-1.,-1.38777878078145E-16,0.));
#8348=DIRECTION('',(0.978372209686772,1.33638207904484E-16,0.206852167773565));
#8349=DIRECTION('',(0.206852167773565,2.87065049194798E-17,-0.978372209686772));
#8350=DIRECTION('',(-1.36592399683213E-16,1.,0.));
#8351=DIRECTION('',(0.206852167773565,2.87065049194798E-17,-0.978372209686772));
#8352=DIRECTION('',(0.,0.,-1.));
#8353=DIRECTION('',(-1.,-1.38777878078145E-16,0.));
#8354=DIRECTION('',(-1.,-1.38777878078145E-16,0.));
#8355=DIRECTION('',(-1.36592399683213E-16,1.,0.));
#8356=DIRECTION('',(-1.36592399683213E-16,1.,0.));
#8357=DIRECTION('',(-0.611638616520812,0.,-0.791137284408027));
#8358=DIRECTION('',(-1.36592399683213E-16,1.,0.));
#8359=DIRECTION('',(-1.36592399683213E-16,1.,0.));
#8360=DIRECTION('',(-1.,-1.36592399683213E-16,0.));
#8361=DIRECTION('',(-1.36592399683213E-16,1.,0.));
#8362=DIRECTION('',(0.966413939618289,0.,0.256990461518436));
#8363=DIRECTION('',(-1.36592399683213E-16,1.,0.));
#8364=DIRECTION('',(-1.,-1.36592399683213E-16,0.));
#8365=DIRECTION('',(-1.36592399683213E-16,1.,0.));
#8366=DIRECTION('',(-1.,-1.38777878078145E-16,0.));
#8367=DIRECTION('',(0.,0.,-1.));
#8368=DIRECTION('',(-1.,0.,0.));
#8369=DIRECTION('',(0.,0.,1.));
#8370=DIRECTION('',(1.,0.,0.));
#8371=DIRECTION('',(0.,0.,1.));
#8372=DIRECTION('',(1.,0.,0.));
#8373=DIRECTION('',(0.,0.,1.));
#8374=DIRECTION('',(1.,0.,0.));
#8375=DIRECTION('',(0.,0.,-1.));
#8376=DIRECTION('',(-1.,0.,0.));
#8377=DIRECTION('',(0.,0.,1.));
#8378=DIRECTION('',(1.,0.,0.));
#8379=DIRECTION('',(0.,0.,1.));
#8380=DIRECTION('',(1.,0.,0.));
#8381=DIRECTION('',(0.,0.,1.));
#8382=DIRECTION('',(1.,0.,0.));
#8383=DIRECTION('',(-3.12211199275916E-16,-1.,0.));
#8384=DIRECTION('',(1.,-3.12211199275916E-16,0.));
#8385=DIRECTION('',(-2.20766656170384E-16,-0.707106781186548,-0.707106781186548));
#8386=DIRECTION('',(2.20766656170384E-16,0.707106781186548,-0.707106781186548));
#8387=DIRECTION('',(-2.20766656170384E-16,-0.707106781186548,0.707106781186548));
#8388=DIRECTION('',(2.20766656170384E-16,0.707106781186548,0.707106781186548));
#8389=DIRECTION('',(-6.82961998416066E-17,-1.,0.));
#8390=DIRECTION('',(1.,-6.82961998416066E-17,0.));
#8391=DIRECTION('',(4.82927060372716E-17,0.707106781186548,-0.707106781186548));
#8392=DIRECTION('',(-4.82927060372716E-17,-0.707106781186548,-0.707106781186548));
#8393=DIRECTION('',(4.82927060372716E-17,0.707106781186548,0.707106781186548));
#8394=DIRECTION('',(-4.82927060372716E-17,-0.707106781186548,0.707106781186548));
#8395=DIRECTION('',(3.12211199275916E-16,-1.,0.));
#8396=DIRECTION('',(1.,3.12211199275916E-16,0.));
#8397=DIRECTION('',(2.20766656170384E-16,-0.707106781186548,-0.707106781186548));
#8398=DIRECTION('',(-2.20766656170384E-16,0.707106781186548,-0.707106781186548));
#8399=DIRECTION('',(2.20766656170384E-16,-0.707106781186548,0.707106781186548));
#8400=DIRECTION('',(-2.20766656170384E-16,0.707106781186548,0.707106781186548));
#8401=DIRECTION('',(6.82961998416066E-17,1.,0.));
#8402=DIRECTION('',(-1.,6.82961998416066E-17,0.));
#8403=DIRECTION('',(4.82927060372716E-17,0.707106781186548,0.707106781186548));
#8404=DIRECTION('',(-4.82927060372716E-17,-0.707106781186548,0.707106781186548));
#8405=DIRECTION('',(4.82927060372716E-17,0.707106781186548,-0.707106781186548));
#8406=DIRECTION('',(-4.82927060372716E-17,-0.707106781186548,-0.707106781186548));
#8407=DIRECTION('',(0.,1.,0.));
#8408=DIRECTION('',(0.,0.,1.));
#8409=DIRECTION('',(0.,0.,1.));
#8410=DIRECTION('',(0.,0.,1.));
#8411=DIRECTION('',(-0.6,0.8,0.));
#8412=DIRECTION('',(-0.8,-0.6,0.));
#8413=DIRECTION('',(0.,0.,1.));
#8414=DIRECTION('',(0.,0.,1.));
#8415=DIRECTION('',(-0.6,-0.8,0.));
#8416=DIRECTION('',(0.8,-0.6,0.));
#8417=DIRECTION('',(0.,0.,1.));
#8418=DIRECTION('',(0.,0.,1.));
#8419=DIRECTION('',(0.,0.,-1.));
#8420=DIRECTION('',(-1.,0.,0.));
#8421=DIRECTION('',(0.,0.,-1.));
#8422=DIRECTION('',(-1.,0.,0.));
#8423=DIRECTION('',(0.,0.,1.));
#8424=DIRECTION('',(1.,0.,0.));
#8425=DIRECTION('',(-0.6,0.8,0.));
#8426=DIRECTION('',(-0.8,-0.6,0.));
#8427=DIRECTION('',(0.,0.,1.));
#8428=DIRECTION('',(0.,0.,1.));
#8429=DIRECTION('',(-1.,0.,0.));
#8430=DIRECTION('',(0.,0.,1.));
#8431=DIRECTION('',(0.,0.,1.));
#8432=DIRECTION('',(0.,0.,1.));
#8433=DIRECTION('',(-0.6,-0.8,0.));
#8434=DIRECTION('',(0.8,-0.6,0.));
#8435=DIRECTION('',(0.,0.,1.));
#8436=DIRECTION('',(0.,0.,1.));
#8437=DIRECTION('',(0.,0.,-1.));
#8438=DIRECTION('',(-1.,0.,0.));
#8439=DIRECTION('',(0.,0.,1.));
#8440=DIRECTION('',(1.,0.,0.));
#8441=DIRECTION('',(0.,0.,-1.));
#8442=DIRECTION('',(-1.,0.,0.));
#8443=DIRECTION('',(-0.6,-0.8,0.));
#8444=DIRECTION('',(0.8,-0.6,0.));
#8445=DIRECTION('',(0.,0.,1.));
#8446=DIRECTION('',(0.,0.,1.));
#8447=DIRECTION('',(-0.6,0.8,0.));
#8448=DIRECTION('',(-0.8,-0.6,0.));
#8449=DIRECTION('',(0.,0.,1.));
#8450=DIRECTION('',(0.,0.,1.));
#8451=DIRECTION('',(-1.,0.,0.));
#8452=DIRECTION('',(0.,0.,1.));
#8453=DIRECTION('',(0.,0.,1.));
#8454=DIRECTION('',(0.,0.,1.));
#8455=DIRECTION('',(0.,0.,-1.));
#8456=DIRECTION('',(-1.,0.,0.));
#8457=DIRECTION('',(0.,0.,1.));
#8458=DIRECTION('',(1.,0.,0.));
#8459=DIRECTION('',(0.,0.,-1.));
#8460=DIRECTION('',(-1.,0.,0.));
#8461=DIRECTION('',(-0.6,0.8,0.));
#8462=DIRECTION('',(-0.8,-0.6,0.));
#8463=DIRECTION('',(0.,0.,1.));
#8464=DIRECTION('',(0.,0.,1.));
#8465=DIRECTION('',(-0.6,-0.8,0.));
#8466=DIRECTION('',(0.8,-0.6,0.));
#8467=DIRECTION('',(0.,0.,1.));
#8468=DIRECTION('',(0.,0.,1.));
#8469=DIRECTION('',(0.,1.,0.));
#8470=DIRECTION('',(0.,0.,1.));
#8471=DIRECTION('',(0.,0.,1.));
#8472=DIRECTION('',(0.,0.,1.));
#8473=DIRECTION('',(0.,0.,1.));
#8474=DIRECTION('',(1.,0.,0.));
#8475=DIRECTION('',(0.,0.,-1.));
#8476=DIRECTION('',(-1.,0.,0.));
#8477=DIRECTION('',(0.,0.,-1.));
#8478=DIRECTION('',(-1.,0.,0.));
#8479=DIRECTION('',(-0.707106781186548,0.,-0.707106781186548));
#8480=DIRECTION('',(-0.707106781186548,0.,0.707106781186548));
#8481=DIRECTION('',(0.38268343236509,0.,0.923879532511287));
#8482=DIRECTION('',(-0.923879532511287,0.,0.38268343236509));
#8483=DIRECTION('',(0.,0.,1.));
#8484=DIRECTION('',(1.,0.,0.));
#8485=DIRECTION('',(-0.707106781186548,0.,0.707106781186548));
#8486=DIRECTION('',(0.707106781186548,0.,0.707106781186548));
#8487=DIRECTION('',(-0.38268343236509,0.,0.923879532511287));
#8488=DIRECTION('',(0.923879532511287,0.,0.38268343236509));
#8489=DIRECTION('',(0.,0.,1.));
#8490=DIRECTION('',(1.,0.,0.));
#8491=DIRECTION('',(0.,0.,1.));
#8492=DIRECTION('',(1.,0.,0.));
#8493=DIRECTION('',(0.,0.,-1.));
#8494=DIRECTION('',(-1.,0.,0.));
#8495=DIRECTION('',(0.,0.,1.));
#8496=DIRECTION('',(1.,0.,0.));
#8497=DIRECTION('',(0.,0.,-1.));
#8498=DIRECTION('',(-1.,0.,0.));
#8499=DIRECTION('',(0.,-0.707106781186548,0.707106781186548));
#8500=DIRECTION('',(0.,-0.707106781186548,-0.707106781186548));
#8501=DIRECTION('',(0.,-1.,0.));
#8502=DIRECTION('',(0.,0.,-1.));
#8503=DIRECTION('',(0.,-0.707106781186548,-0.707106781186548));
#8504=DIRECTION('',(0.,0.707106781186548,-0.707106781186548));
#8505=DIRECTION('',(0.,0.,-1.));
#8506=DIRECTION('',(-1.,0.,0.));
#8507=DIRECTION('',(0.,0.,-1.));
#8508=DIRECTION('',(-1.,0.,0.));
#8509=DIRECTION('',(0.,-0.707106781186548,0.707106781186548));
#8510=DIRECTION('',(0.,-0.707106781186548,-0.707106781186548));
#8511=DIRECTION('',(0.,-1.,0.));
#8512=DIRECTION('',(0.,0.,-1.));
#8513=DIRECTION('',(0.,0.707106781186548,0.707106781186548));
#8514=DIRECTION('',(0.,-0.707106781186548,0.707106781186548));
#8515=DIRECTION('',(0.,0.,1.));
#8516=DIRECTION('',(1.,0.,0.));
#8517=DIRECTION('',(0.,0.,1.));
#8518=DIRECTION('',(1.,0.,0.));
#8519=DIRECTION('',(0.,0.,1.));
#8520=DIRECTION('',(1.,0.,0.));
#8521=DIRECTION('',(0.,0.,1.));
#8522=DIRECTION('',(1.,0.,0.));
#8523=DIRECTION('',(-0.707106781186548,0.,-0.707106781186548));
#8524=DIRECTION('',(-0.707106781186548,0.,0.707106781186548));
#8525=DIRECTION('',(-0.923879532511287,0.,-0.38268343236509));
#8526=DIRECTION('',(0.38268343236509,0.,-0.923879532511287));
#8527=DIRECTION('',(-1.,0.,0.));
#8528=DIRECTION('',(0.,0.,1.));
#8529=DIRECTION('',(-0.707106781186548,0.707106781186548,0.));
#8530=DIRECTION('',(0.707106781186547,0.707106781186548,0.));
#8531=DIRECTION('',(-0.707106781186548,-9.65854120745433E-17,-0.707106781186548));
#8532=DIRECTION('',(-0.707106781186548,0.,0.707106781186548));
#8533=DIRECTION('',(-0.923879532511287,-1.26194922363922E-16,-0.38268343236509));
#8534=DIRECTION('',(-0.38268343236509,-5.22716483457562E-17,0.923879532511287));
#8535=DIRECTION('',(0.,0.,1.));
#8536=DIRECTION('',(1.,0.,0.));
#8537=DIRECTION('',(0.,5.46369598732853E-15,1.));
#8538=DIRECTION('',(0.,-1.,5.46369598732853E-15));
#8539=DIRECTION('',(-3.12211199275916E-16,1.,0.));
#8540=DIRECTION('',(-1.,-3.12211199275916E-16,0.));
#8541=DIRECTION('',(4.37095678986283E-15,1.,0.));
#8542=DIRECTION('',(-1.,4.37095678986283E-15,0.));
#8543=DIRECTION('',(-1.,-1.36592399683213E-16,0.));
#8544=DIRECTION('',(1.36592399683213E-16,-1.,0.));
#8545=DIRECTION('',(-1.,0.,0.));
#8546=DIRECTION('',(0.,0.,1.));
#8547=DIRECTION('',(1.,0.,5.46369598732853E-15));
#8548=DIRECTION('',(5.46369598732853E-15,0.,-1.));
#8549=DIRECTION('',(1.,0.,0.));
#8550=DIRECTION('',(0.,0.,-1.));
#8551=DIRECTION('',(0.,0.,1.));
#8552=DIRECTION('',(1.,0.,0.));
#8553=DIRECTION('',(0.,1.,0.));
#8554=DIRECTION('',(0.,0.,1.));
#8555=DIRECTION('',(-1.,6.82961998416066E-17,0.));
#8556=DIRECTION('',(-6.82961998416066E-17,-1.,0.));
#8557=DIRECTION('',(-1.,0.,0.));
#8558=DIRECTION('',(0.,0.,1.));
#8559=DIRECTION('',(6.82961998416066E-17,1.,0.));
#8560=DIRECTION('',(-1.,6.82961998416066E-17,0.));
#8561=DIRECTION('',(0.,1.,-4.37095678986282E-15));
#8562=DIRECTION('',(0.,4.37095678986282E-15,1.));
#8563=DIRECTION('',(0.,4.37095678986282E-15,1.));
#8564=DIRECTION('',(0.,-1.,4.37095678986282E-15));
#8565=DIRECTION('',(0.,0.,1.));
#8566=DIRECTION('',(1.,0.,0.));
#8567=DIRECTION('',(0.,0.,-1.));
#8568=DIRECTION('',(-1.,0.,0.));
#8569=DIRECTION('',(0.,0.,1.));
#8570=DIRECTION('',(1.,0.,0.));
#8571=DIRECTION('',(0.707106781186548,9.65854120745433E-17,0.707106781186548));
#8572=DIRECTION('',(0.707106781186548,9.65854120745433E-17,-0.707106781186548));
#8573=DIRECTION('',(1.,0.,0.));
#8574=DIRECTION('',(0.,0.,-1.));
#8575=DIRECTION('',(0.707106781186547,0.707106781186548,0.));
#8576=DIRECTION('',(0.707106781186548,-0.707106781186548,0.));
#8577=DIRECTION('',(1.,1.36592399683213E-16,0.));
#8578=DIRECTION('',(-1.36592399683213E-16,1.,0.));
#8579=DIRECTION('',(-1.,0.,0.));
#8580=DIRECTION('',(0.,0.,1.));
#8581=DIRECTION('',(-3.12211199275916E-16,1.,0.));
#8582=DIRECTION('',(-1.,-3.12211199275916E-16,0.));
#8583=DIRECTION('',(0.,-1.,0.));
#8584=DIRECTION('',(0.,0.,-1.));
#8585=DIRECTION('',(0.,0.,-1.));
#8586=DIRECTION('',(-1.,0.,0.));
#8587=DIRECTION('',(-5.46369598732853E-15,0.,1.));
#8588=DIRECTION('',(1.,0.,5.46369598732853E-15));
#8589=DIRECTION('',(0.,0.,1.));
#8590=DIRECTION('',(1.,0.,0.));
#8591=DIRECTION('',(0.,-1.,0.));
#8592=DIRECTION('',(0.,0.,-1.));
#8593=DIRECTION('',(1.,0.,5.46369598732853E-15));
#8594=DIRECTION('',(5.46369598732853E-15,0.,-1.));
#8595=DIRECTION('',(1.,0.,0.));
#8596=DIRECTION('',(0.,0.,-1.));
#8597=DIRECTION('',(6.82961998416066E-17,1.,0.));
#8598=DIRECTION('',(-1.,6.82961998416066E-17,0.));
#8599=DIRECTION('',(0.,-1.,0.));
#8600=DIRECTION('',(0.,0.,-1.));
#8601=DIRECTION('',(1.,-6.82961998416066E-17,0.));
#8602=DIRECTION('',(6.82961998416066E-17,1.,0.));
#8603=DIRECTION('',(-1.,0.,-4.37095678986282E-15));
#8604=DIRECTION('',(-4.37095678986282E-15,0.,1.));
#8605=DIRECTION('',(0.,0.,1.));
#8606=DIRECTION('',(1.,0.,0.));
#8607=DIRECTION('',(0.,0.,1.));
#8608=DIRECTION('',(1.,0.,0.));
#8609=DIRECTION('',(0.,0.,1.));
#8610=DIRECTION('',(1.,0.,0.));
#8611=DIRECTION('',(-0.707106781186548,0.,0.707106781186548));
#8612=DIRECTION('',(0.707106781186548,0.,0.707106781186548));
#8613=DIRECTION('',(-0.923879532511287,0.,0.38268343236509));
#8614=DIRECTION('',(-0.38268343236509,0.,-0.923879532511287));
#8615=DIRECTION('',(0.707106781186548,9.65854120745433E-17,-0.707106781186548));
#8616=DIRECTION('',(-0.707106781186548,0.,-0.707106781186548));
#8617=DIRECTION('',(-0.923879532511287,-1.26194922363922E-16,0.38268343236509));
#8618=DIRECTION('',(-0.38268343236509,-5.22716483457562E-17,-0.923879532511287));
#8619=DIRECTION('',(-1.,0.,0.));
#8620=DIRECTION('',(0.,0.,1.));
#8621=DIRECTION('',(-0.707106781186548,-0.707106781186548,0.));
#8622=DIRECTION('',(0.707106781186547,-0.707106781186548,0.));
#8623=DIRECTION('',(-1.,-1.36592399683213E-16,0.));
#8624=DIRECTION('',(1.36592399683213E-16,-1.,0.));
#8625=DIRECTION('',(1.,0.,0.));
#8626=DIRECTION('',(0.,0.,-1.));
#8627=DIRECTION('',(-3.12211199275916E-16,-1.,0.));
#8628=DIRECTION('',(1.,-3.12211199275916E-16,0.));
#8629=DIRECTION('',(0.,1.,0.));
#8630=DIRECTION('',(0.,0.,1.));
#8631=DIRECTION('',(0.,0.,1.));
#8632=DIRECTION('',(1.,0.,0.));
#8633=DIRECTION('',(0.,0.,1.));
#8634=DIRECTION('',(1.,0.,0.));
#8635=DIRECTION('',(0.,0.,1.));
#8636=DIRECTION('',(1.,0.,0.));
#8637=DIRECTION('',(0.,1.,0.));
#8638=DIRECTION('',(0.,0.,1.));
#8639=DIRECTION('',(-1.,0.,0.));
#8640=DIRECTION('',(0.,0.,1.));
#8641=DIRECTION('',(-1.,0.,0.));
#8642=DIRECTION('',(0.,0.,1.));
#8643=DIRECTION('',(-6.82961998416066E-17,-1.,0.));
#8644=DIRECTION('',(1.,-6.82961998416066E-17,0.));
#8645=DIRECTION('',(0.,1.,0.));
#8646=DIRECTION('',(0.,0.,1.));
#8647=DIRECTION('',(-1.,0.,0.));
#8648=DIRECTION('',(0.,0.,1.));
#8649=DIRECTION('',(1.,0.,0.));
#8650=DIRECTION('',(0.,0.,-1.));
#8651=DIRECTION('',(0.,0.,1.));
#8652=DIRECTION('',(1.,0.,0.));
#8653=DIRECTION('',(0.,0.,1.));
#8654=DIRECTION('',(1.,0.,0.));
#8655=DIRECTION('',(0.,0.,-1.));
#8656=DIRECTION('',(-1.,0.,0.));
#8657=DIRECTION('',(0.,0.,-1.));
#8658=DIRECTION('',(-1.,0.,0.));
#8659=DIRECTION('',(0.707106781186548,9.65854120745433E-17,-0.707106781186548));
#8660=DIRECTION('',(-0.707106781186548,-9.65854120745433E-17,-0.707106781186548));
#8661=DIRECTION('',(1.,1.36592399683213E-16,0.));
#8662=DIRECTION('',(-1.36592399683213E-16,1.,0.));
#8663=DIRECTION('',(1.,0.,0.));
#8664=DIRECTION('',(0.,0.,-1.));
#8665=DIRECTION('',(0.,0.,1.));
#8666=DIRECTION('',(1.,0.,0.));
#8667=DIRECTION('',(0.,-1.,0.));
#8668=DIRECTION('',(0.,0.,-1.));
#8669=DIRECTION('',(-6.82961998416066E-17,-1.,0.));
#8670=DIRECTION('',(1.,-6.82961998416066E-17,0.));
#8671=DIRECTION('',(0.,-1.,0.));
#8672=DIRECTION('',(0.,0.,-1.));
#8673=DIRECTION('',(0.,0.,1.));
#8674=DIRECTION('',(1.,0.,0.));
#8675=DIRECTION('',(0.,0.,1.));
#8676=DIRECTION('',(1.,0.,0.));
#8677=DIRECTION('',(1.,0.,0.));
#8678=DIRECTION('',(0.,0.,-1.));
#8679=DIRECTION('',(0.707106781186547,-0.707106781186548,0.));
#8680=DIRECTION('',(-0.707106781186548,-0.707106781186548,0.));
#8681=DIRECTION('',(1.,0.,0.));
#8682=DIRECTION('',(0.,0.,-1.));
#8683=DIRECTION('',(1.,0.,0.));
#8684=DIRECTION('',(0.,0.,-1.));
#8685=DIRECTION('',(-3.12211199275916E-16,-1.,0.));
#8686=DIRECTION('',(1.,-3.12211199275916E-16,0.));
#8687=DIRECTION('',(0.,-1.,0.));
#8688=DIRECTION('',(0.,0.,-1.));
#8689=DIRECTION('',(1.,0.,0.));
#8690=DIRECTION('',(0.,0.,-1.));
#8691=DIRECTION('',(-1.,0.,0.));
#8692=DIRECTION('',(0.,0.,1.));
#8693=DIRECTION('',(0.,0.,1.));
#8694=DIRECTION('',(1.,0.,0.));
#8695=DIRECTION('',(0.,0.,1.));
#8696=DIRECTION('',(1.,0.,0.));
#8697=DIRECTION('',(0.,0.,-1.));
#8698=DIRECTION('',(-1.,0.,0.));
#8699=DIRECTION('',(-1.,0.,0.));
#8700=DIRECTION('',(0.,0.,1.));
#8701=DIRECTION('',(0.707106781186548,0.707106781186548,0.));
#8702=DIRECTION('',(-0.707106781186548,0.707106781186548,0.));
#8703=DIRECTION('',(-0.707106781186548,0.707106781186548,0.));
#8704=DIRECTION('',(-0.707106781186548,-0.707106781186548,0.));
#8705=DIRECTION('',(0.,-1.,0.));
#8706=DIRECTION('',(0.,0.,-1.));
#8707=DIRECTION('',(-0.707106781186548,-0.707106781186548,0.));
#8708=DIRECTION('',(-0.707106781186548,0.707106781186548,0.));
#8709=DIRECTION('',(0.,1.,0.));
#8710=DIRECTION('',(0.,0.,1.));
#8711=DIRECTION('',(-0.707106781186548,0.707106781186548,0.));
#8712=DIRECTION('',(-0.707106781186548,-0.707106781186548,0.));
#8713=DIRECTION('',(-1.,-9.93399270423368E-17,0.));
#8714=DIRECTION('',(9.93399270423368E-17,-1.,0.));
#8715=DIRECTION('',(0.,0.,1.));
#8716=DIRECTION('',(1.,0.,0.));
#8717=DIRECTION('',(-0.707106781186548,-9.65854120745433E-17,0.707106781186548));
#8718=DIRECTION('',(0.707106781186548,9.65854120745433E-17,0.707106781186548));
#8719=DIRECTION('',(1.,1.36592399683213E-16,0.));
#8720=DIRECTION('',(-1.36592399683213E-16,1.,0.));
#8721=DIRECTION('',(0.707106781186548,9.65854120745433E-17,0.707106781186548));
#8722=DIRECTION('',(-0.707106781186548,-9.65854120745433E-17,0.707106781186548));
#8723=DIRECTION('',(0.,0.,1.));
#8724=DIRECTION('',(1.,0.,0.));
#8725=DIRECTION('',(0.,0.,1.));
#8726=DIRECTION('',(1.,0.,0.));
#8727=DIRECTION('',(0.38268343236509,5.22716483457562E-17,0.923879532511287));
#8728=DIRECTION('',(-0.923879532511287,-1.26194922363922E-16,0.38268343236509));
#8729=DIRECTION('',(0.707106781186548,9.65854120745432E-17,0.707106781186548));
#8730=DIRECTION('',(0.707106781186548,0.,-0.707106781186548));
#8731=DIRECTION('',(0.923879532511287,1.26194922363922E-16,0.38268343236509));
#8732=DIRECTION('',(-0.38268343236509,-5.22716483457562E-17,0.923879532511287));
#8733=DIRECTION('',(-1.,-1.36592399683213E-16,0.));
#8734=DIRECTION('',(1.36592399683213E-16,-1.,0.));
#8735=DIRECTION('',(-0.923879532511287,-1.26194922363922E-16,0.38268343236509));
#8736=DIRECTION('',(0.38268343236509,5.22716483457562E-17,0.923879532511287));
#8737=DIRECTION('',(-0.707106781186548,-9.65854120745433E-17,0.707106781186548));
#8738=DIRECTION('',(0.707106781186548,0.,0.707106781186548));
#8739=DIRECTION('',(0.38268343236509,5.22716483457562E-17,-0.923879532511287));
#8740=DIRECTION('',(-0.923879532511287,-1.26194922363922E-16,-0.38268343236509));
#8741=DIRECTION('',(0.,0.,-1.));
#8742=DIRECTION('',(-1.,0.,0.));
#8743=CARTESIAN_POINT('',(0.,0.,0.));
#8744=CARTESIAN_POINT('',(0.,0.,0.0127));
#8745=CARTESIAN_POINT('',(0.0309793958723545,0.0413058611631393,0.0127));
#8746=CARTESIAN_POINT('',(-0.0189965942323208,0.0787878537416458,0.0127));
#8747=CARTESIAN_POINT('',(-0.000996594232320784,0.0652878537416458,0.0127));
#8748=CARTESIAN_POINT('',(-0.0177965942323208,0.0803878537416458,0.0127));
#8749=CARTESIAN_POINT('',(-0.0177965942323208,0.0823878537416458,0.0127));
#8750=CARTESIAN_POINT('',(0.,0.0823878537416458,0.0127));
#8751=CARTESIAN_POINT('',(0.0182034057676792,0.0823878537416458,0.0127));
#8752=CARTESIAN_POINT('',(0.0182034057676792,0.0803878537416458,0.0127));
#8753=CARTESIAN_POINT('',(0.0194034057676792,0.0787878537416458,0.0127));
#8754=CARTESIAN_POINT('',(-0.0308329437196255,0.0411105916261673,0.0127));
#8755=CARTESIAN_POINT('',(0.00140340576767922,0.0652878537416458,0.0127));
#8756=CARTESIAN_POINT('',(0.000203405767679216,0.0668878537416458,0.0127));
#8757=CARTESIAN_POINT('',(-0.0284329437196255,0.0379105916261673,0.0127));
#8758=CARTESIAN_POINT('',(0.0250034057676792,0.0779878537416458,0.0127));
#8759=CARTESIAN_POINT('',(0.00567007243434586,0.0634878537416458,0.0127));
#8760=CARTESIAN_POINT('',(0.0262034057676792,0.0763878537416458,0.0127));
#8761=CARTESIAN_POINT('',(0.0282034057676792,0.0763878537416458,0.0127));
#8762=CARTESIAN_POINT('',(0.0282034057676792,0.,0.0127));
#8763=CARTESIAN_POINT('',(0.0282034057676792,0.0473878537416458,0.0127));
#8764=CARTESIAN_POINT('',(0.0262034057676792,0.0473878537416458,0.0127));
#8765=CARTESIAN_POINT('',(0.0250034057676792,0.0457878537416458,0.0127));
#8766=CARTESIAN_POINT('',(0.0309793958723545,0.0413058611631393,0.0127));
#8767=CARTESIAN_POINT('',(0.00567007243434588,0.0602878537416458,0.0127));
#8768=CARTESIAN_POINT('',(0.00687007243434587,0.0618878537416458,0.0127));
#8769=CARTESIAN_POINT('',(-0.0284329437196255,0.0379105916261673,0.0127));
#8770=CARTESIAN_POINT('',(-0.000996594232320782,0.0584878537416458,0.0127));
#8771=CARTESIAN_POINT('',(-0.0189965942323208,0.0449878537416458,0.0127));
#8772=CARTESIAN_POINT('',(0.000203405767679216,0.0568878537416458,0.0127));
#8773=CARTESIAN_POINT('',(0.00140340576767921,0.0584878537416458,0.0127));
#8774=CARTESIAN_POINT('',(0.0285793958723545,0.0381058611631393,0.0127));
#8775=CARTESIAN_POINT('',(0.0194034057676792,0.0449878537416458,0.0127));
#8776=CARTESIAN_POINT('',(0.0182034057676792,0.0433878537416458,0.0127));
#8777=CARTESIAN_POINT('',(0.0182034057676792,0.0413878537416458,0.0127));
#8778=CARTESIAN_POINT('',(0.,0.0413878537416458,0.0127));
#8779=CARTESIAN_POINT('',(-0.0177965942323208,0.0413878537416458,0.0127));
#8780=CARTESIAN_POINT('',(-0.0177965942323208,0.0433878537416458,0.0127));
#8781=CARTESIAN_POINT('',(0.,-0.0234475,0.0127));
#8782=CARTESIAN_POINT('',(0.00479559766275977,-0.0234475,0.0127));
#8783=CARTESIAN_POINT('',(-0.00479559766275977,-0.0234475,0.0127));
#8784=CARTESIAN_POINT('',(-0.00479559766275977,-0.0214475,0.0127));
#8785=CARTESIAN_POINT('',(-0.0066695580723324,-0.0207487351015153,0.0127));
#8786=CARTESIAN_POINT('',(0.000936980204786318,-0.000349382449242356,0.0127));
#8787=CARTESIAN_POINT('',(-0.00187396040957264,-0.00788781409684138,0.0127));
#8788=CARTESIAN_POINT('',(-1.0842021724855E-18,-0.00858657899532609,0.0127));
#8789=CARTESIAN_POINT('',(0.00187396040957263,-0.00788781409684138,0.0127));
#8790=CARTESIAN_POINT('',(-0.000936980204786321,-0.000349382449242357,0.0127));
#8791=CARTESIAN_POINT('',(0.00666955807233241,-0.0207487351015153,0.0127));
#8792=CARTESIAN_POINT('',(0.00479559766275977,-0.0214475,0.0127));
#8793=CARTESIAN_POINT('',(0.02171,0.0158620471872475,0.0127));
#8794=CARTESIAN_POINT('',(0.02671,0.0158620471872475,0.0127));
#8795=CARTESIAN_POINT('',(0.0249994736842105,0.0196275966665249,0.0127));
#8796=CARTESIAN_POINT('',(0.02671,0.,0.0127));
#8797=CARTESIAN_POINT('',(0.02671,-0.0158620471872475,0.0127));
#8798=CARTESIAN_POINT('',(0.02171,-0.0158620471872475,0.0127));
#8799=CARTESIAN_POINT('',(0.0249994736842105,-0.0196275966665249,0.0127));
#8800=CARTESIAN_POINT('',(0.02921,-0.0244475,0.0127));
#8801=CARTESIAN_POINT('',(0.0243900966665249,-0.0202369736842105,0.0127));
#8802=CARTESIAN_POINT('',(0.0206245471872475,-0.0169475,0.0127));
#8803=CARTESIAN_POINT('',(0.0206245471872475,-0.0219475,0.0127));
#8804=CARTESIAN_POINT('',(3.78947701833513E-18,-0.0219475,0.0127));
#8805=CARTESIAN_POINT('',(0.0143238448261514,-0.0219475,0.0127));
#8806=CARTESIAN_POINT('',(0.0143238448261514,-0.0169475,0.0127));
#8807=CARTESIAN_POINT('',(0.00963894380221985,-0.0186944122462118,0.0127));
#8808=CARTESIAN_POINT('',(0.0023424505119658,0.00087345612310589,0.0127));
#8809=CARTESIAN_POINT('',(0.00331953702255883,-0.00174691224621179,0.0127));
#8810=CARTESIAN_POINT('',(0.00800443804649042,-1.7347234759768E-18,0.0127));
#8811=CARTESIAN_POINT('',(0.00331953702255883,0.00174691224621178,0.0127));
#8812=CARTESIAN_POINT('',(0.0023424505119658,-0.000873456123105891,0.0127));
#8813=CARTESIAN_POINT('',(0.00963894380221985,0.0186944122462118,0.0127));
#8814=CARTESIAN_POINT('',(0.0143238448261514,0.0169475,0.0127));
#8815=CARTESIAN_POINT('',(0.0143238448261514,0.0219475,0.0127));
#8816=CARTESIAN_POINT('',(-3.78947701833513E-18,0.0219475,0.0127));
#8817=CARTESIAN_POINT('',(0.0206245471872475,0.0219475,0.0127));
#8818=CARTESIAN_POINT('',(0.0206245471872475,0.0169475,0.0127));
#8819=CARTESIAN_POINT('',(0.0243900966665249,0.0202369736842105,0.0127));
#8820=CARTESIAN_POINT('',(0.02921,0.0244475,0.0127));
#8821=CARTESIAN_POINT('',(-0.02171,-0.0158620471872475,0.0127));
#8822=CARTESIAN_POINT('',(-0.02671,-0.0158620471872475,0.0127));
#8823=CARTESIAN_POINT('',(-0.0249994736842106,-0.0196275966665249,0.0127));
#8824=CARTESIAN_POINT('',(-0.02671,0.,0.0127));
#8825=CARTESIAN_POINT('',(-0.02671,0.0158620471872475,0.0127));
#8826=CARTESIAN_POINT('',(-0.02171,0.0158620471872475,0.0127));
#8827=CARTESIAN_POINT('',(-0.0249994736842106,0.0196275966665249,0.0127));
#8828=CARTESIAN_POINT('',(-0.02921,0.0244475,0.0127));
#8829=CARTESIAN_POINT('',(-0.0243900966665249,0.0202369736842105,0.0127));
#8830=CARTESIAN_POINT('',(-0.0206245471872475,0.0169475,0.0127));
#8831=CARTESIAN_POINT('',(-0.0206245471872475,0.0219475,0.0127));
#8832=CARTESIAN_POINT('',(-3.78947701833513E-18,0.0219475,0.0127));
#8833=CARTESIAN_POINT('',(-0.0143238448261514,0.0219475,0.0127));
#8834=CARTESIAN_POINT('',(-0.0143238448261514,0.0169475,0.0127));
#8835=CARTESIAN_POINT('',(-0.00963894380221985,0.0186944122462118,0.0127));
#8836=CARTESIAN_POINT('',(-0.0023424505119658,-0.000873456123105891,0.0127));
#8837=CARTESIAN_POINT('',(-0.00331953702255883,0.00174691224621178,0.0127));
#8838=CARTESIAN_POINT('',(-0.00800443804649042,-3.46944695195361E-18,0.0127));
#8839=CARTESIAN_POINT('',(-0.00331953702255883,-0.00174691224621179,0.0127));
#8840=CARTESIAN_POINT('',(-0.0023424505119658,0.000873456123105891,0.0127));
#8841=CARTESIAN_POINT('',(-0.00963894380221985,-0.0186944122462118,0.0127));
#8842=CARTESIAN_POINT('',(-0.0143238448261514,-0.0169475,0.0127));
#8843=CARTESIAN_POINT('',(-0.0143238448261514,-0.0219475,0.0127));
#8844=CARTESIAN_POINT('',(3.78947701833513E-18,-0.0219475,0.0127));
#8845=CARTESIAN_POINT('',(-0.0206245471872475,-0.0219475,0.0127));
#8846=CARTESIAN_POINT('',(-0.0206245471872475,-0.0169475,0.0127));
#8847=CARTESIAN_POINT('',(-0.0243900966665249,-0.0202369736842105,0.0127));
#8848=CARTESIAN_POINT('',(-0.02921,-0.0244475,0.0127));
#8849=CARTESIAN_POINT('',(-0.02921,-0.0244475,0.0127));
#8850=CARTESIAN_POINT('',(-0.02781,-0.0244475,0.0127));
#8851=CARTESIAN_POINT('',(0.02921,0.0244475,0.0127));
#8852=CARTESIAN_POINT('',(0.03061,0.0244475,0.0127));
#8853=CARTESIAN_POINT('',(0.02921,-0.0244475,0.0127));
#8854=CARTESIAN_POINT('',(0.03061,-0.0244475,0.0127));
#8855=CARTESIAN_POINT('',(-0.02921,0.0244475,0.0127));
#8856=CARTESIAN_POINT('',(-0.02781,0.0244475,0.0127));
#8857=CARTESIAN_POINT('',(-0.00479559766275977,0.0214475,0.0127));
#8858=CARTESIAN_POINT('',(-0.00479559766275977,0.0234475,0.0127));
#8859=CARTESIAN_POINT('',(-0.00666955807233241,0.0207487351015153,0.0127));
#8860=CARTESIAN_POINT('',(0.,0.0234475,0.0127));
#8861=CARTESIAN_POINT('',(0.00479559766275976,0.0234475,0.0127));
#8862=CARTESIAN_POINT('',(0.00479559766275976,0.0214475,0.0127));
#8863=CARTESIAN_POINT('',(0.0066695580723324,0.0207487351015153,0.0127));
#8864=CARTESIAN_POINT('',(-0.000936980204786319,0.000349382449242356,0.0127));
#8865=CARTESIAN_POINT('',(0.00187396040957263,0.00788781409684137,0.0127));
#8866=CARTESIAN_POINT('',(-1.7347234759768E-18,0.00858657899532609,0.0127));
#8867=CARTESIAN_POINT('',(-0.00187396040957264,0.00788781409684137,0.0127));
#8868=CARTESIAN_POINT('',(0.000936980204786316,0.000349382449242356,0.0127));
#8869=CARTESIAN_POINT('',(0.0588375,-0.02295,0.0127));
#8870=CARTESIAN_POINT('',(0.04455,-0.02295,0.0127));
#8871=CARTESIAN_POINT('',(0.060325,-0.02295,0.0127));
#8872=CARTESIAN_POINT('',(0.060325,0.00805,0.0127));
#8873=CARTESIAN_POINT('',(0.060325,0.00805,0.0127));
#8874=CARTESIAN_POINT('',(0.054025,0.00805,0.0127));
#8875=CARTESIAN_POINT('',(0.047725,0.00805,0.0127));
#8876=CARTESIAN_POINT('',(0.047725,0.011225,0.0127));
#8877=CARTESIAN_POINT('',(0.04455,0.011225,0.0127));
#8878=CARTESIAN_POINT('',(0.04455,0.05485,0.0127));
#8879=CARTESIAN_POINT('',(0.04455,0.05715,0.0127));
#8880=CARTESIAN_POINT('',(0.0397375,0.05715,0.0127));
#8881=CARTESIAN_POINT('',(0.0381,0.05715,0.0127));
#8882=CARTESIAN_POINT('',(0.0381,0.060325,0.0127));
#8883=CARTESIAN_POINT('',(0.034925,0.060325,0.0127));
#8884=CARTESIAN_POINT('',(0.034925,6.93889390390723E-18,0.0127));
#8885=CARTESIAN_POINT('',(0.034925,0.0936625,0.0127));
#8886=CARTESIAN_POINT('',(-6.30808536718839E-18,0.0936625,0.0127));
#8887=CARTESIAN_POINT('',(-0.034925,0.0936625,0.0127));
#8888=CARTESIAN_POINT('',(-0.034925,-3.46944695195361E-18,0.0127));
#8889=CARTESIAN_POINT('',(-0.034925,0.060325,0.0127));
#8890=CARTESIAN_POINT('',(-0.0381,0.060325,0.0127));
#8891=CARTESIAN_POINT('',(-0.0381,0.05715,0.0127));
#8892=CARTESIAN_POINT('',(-0.0397375,0.05715,0.0127));
#8893=CARTESIAN_POINT('',(-0.04455,0.05715,0.0127));
#8894=CARTESIAN_POINT('',(-0.04455,0.05485,0.0127));
#8895=CARTESIAN_POINT('',(-0.04455,0.011225,0.0127));
#8896=CARTESIAN_POINT('',(-0.047725,0.011225,0.0127));
#8897=CARTESIAN_POINT('',(-0.047725,0.00805,0.0127));
#8898=CARTESIAN_POINT('',(-0.054025,0.00805,0.0127));
#8899=CARTESIAN_POINT('',(-0.060325,0.00805,0.0127));
#8900=CARTESIAN_POINT('',(-0.060325,0.,0.0127));
#8901=CARTESIAN_POINT('',(-0.060325,-0.02295,0.0127));
#8902=CARTESIAN_POINT('',(-0.0588375,-0.02295,0.0127));
#8903=CARTESIAN_POINT('',(-0.04455,-0.02295,0.0127));
#8904=CARTESIAN_POINT('',(-0.04455,-0.0245375,0.0127));
#8905=CARTESIAN_POINT('',(-0.04455,-0.026125,0.0127));
#8906=CARTESIAN_POINT('',(-0.0397375,-0.026125,0.0127));
#8907=CARTESIAN_POINT('',(-0.0381,-0.026125,0.0127));
#8908=CARTESIAN_POINT('',(-0.0381,-0.0293,0.0127));
#8909=CARTESIAN_POINT('',(-0.034925,-0.0293,0.0127));
#8910=CARTESIAN_POINT('',(-0.034925,-3.46944695195361E-18,0.0127));
#8911=CARTESIAN_POINT('',(-0.034925,-0.0319875,0.0127));
#8912=CARTESIAN_POINT('',(0.0015875,-0.0319875,0.0127));
#8913=CARTESIAN_POINT('',(0.034925,-0.0319875,0.0127));
#8914=CARTESIAN_POINT('',(0.034925,6.93889390390723E-18,0.0127));
#8915=CARTESIAN_POINT('',(0.034925,-0.0293,0.0127));
#8916=CARTESIAN_POINT('',(0.0381,-0.0293,0.0127));
#8917=CARTESIAN_POINT('',(0.0381,-0.026125,0.0127));
#8918=CARTESIAN_POINT('',(0.0397375,-0.026125,0.0127));
#8919=CARTESIAN_POINT('',(0.04455,-0.026125,0.0127));
#8920=CARTESIAN_POINT('',(0.04455,-0.0245375,0.0127));
#8921=CARTESIAN_POINT('',(-0.0257965942323208,0.0763878537416458,0.0127));
#8922=CARTESIAN_POINT('',(-0.0245965942323208,0.0779878537416458,0.0127));
#8923=CARTESIAN_POINT('',(-0.0277965942323208,0.0763878537416458,0.0127));
#8924=CARTESIAN_POINT('',(0.0285793958723545,0.0381058611631393,0.0127));
#8925=CARTESIAN_POINT('',(-0.00526326089898744,0.0634878537416458,0.0127));
#8926=CARTESIAN_POINT('',(-0.00646326089898744,0.0618878537416458,0.0127));
#8927=CARTESIAN_POINT('',(-0.00526326089898744,0.0602878537416458,0.0127));
#8928=CARTESIAN_POINT('',(-0.0308329437196255,0.0411105916261673,0.0127));
#8929=CARTESIAN_POINT('',(-0.0245965942323208,0.0457878537416458,0.0127));
#8930=CARTESIAN_POINT('',(-0.0257965942323208,0.0473878537416458,0.0127));
#8931=CARTESIAN_POINT('',(-0.0277965942323208,0.0473878537416458,0.0127));
#8932=CARTESIAN_POINT('',(-0.0277965942323208,0.,0.0127));
#8933=CARTESIAN_POINT('',(0.,0.,0.00635));
#8934=CARTESIAN_POINT('',(0.000203405767679216,0.0823878537416458,0.00635));
#8935=CARTESIAN_POINT('',(-0.0177965942323208,0.0823878537416458,0.00635));
#8936=CARTESIAN_POINT('',(0.0182034057676792,0.0823878537416458,0.00635));
#8937=CARTESIAN_POINT('',(-0.0177965942323208,0.0803878537416458,0.00635));
#8938=CARTESIAN_POINT('',(-0.0189965942323208,0.0787878537416458,0.00635));
#8939=CARTESIAN_POINT('',(-0.0135965942323208,0.0747378537416458,0.00635));
#8940=CARTESIAN_POINT('',(-0.000996594232320784,0.0652878537416458,0.00635));
#8941=CARTESIAN_POINT('',(0.000203405767679216,0.0668878537416458,0.00635));
#8942=CARTESIAN_POINT('',(0.00140340576767921,0.0652878537416458,0.00635));
#8943=CARTESIAN_POINT('',(0.0140034057676792,0.0747378537416458,0.00635));
#8944=CARTESIAN_POINT('',(0.0194034057676792,0.0787878537416458,0.00635));
#8945=CARTESIAN_POINT('',(0.0182034057676792,0.0803878537416458,0.00635));
#8946=CARTESIAN_POINT('',(0.0282034057676792,0.0618878537416458,0.00635));
#8947=CARTESIAN_POINT('',(0.0282034057676792,0.0473878537416458,0.00635));
#8948=CARTESIAN_POINT('',(0.0282034057676792,0.0763878537416458,0.00635));
#8949=CARTESIAN_POINT('',(0.0262034057676792,0.0763878537416458,0.00635));
#8950=CARTESIAN_POINT('',(0.0250034057676792,0.0779878537416458,0.00635));
#8951=CARTESIAN_POINT('',(0.0164034057676792,0.0715378537416458,0.00635));
#8952=CARTESIAN_POINT('',(0.00567007243434587,0.0634878537416458,0.00635));
#8953=CARTESIAN_POINT('',(0.00687007243434587,0.0618878537416458,0.00635));
#8954=CARTESIAN_POINT('',(0.00567007243434588,0.0602878537416458,0.00635));
#8955=CARTESIAN_POINT('',(0.0164034057676792,0.0522378537416458,0.00635));
#8956=CARTESIAN_POINT('',(0.0250034057676792,0.0457878537416458,0.00635));
#8957=CARTESIAN_POINT('',(0.0262034057676792,0.0473878537416458,0.00635));
#8958=CARTESIAN_POINT('',(-0.0352275845576003,-0.0444762183705086,0.00635));
#8959=CARTESIAN_POINT('',(-0.0168205511485917,-0.0590555902152244,0.00635));
#8960=CARTESIAN_POINT('',(0.00298543732572351,-0.0747430105780231,0.00635));
#8961=CARTESIAN_POINT('',(-0.019925,-0.0629750796372014,0.00635));
#8962=CARTESIAN_POINT('',(-0.024925,-0.0629750796372014,0.00635));
#8963=CARTESIAN_POINT('',(-0.024925,0.,0.00635));
#8964=CARTESIAN_POINT('',(-0.024925,-0.0786625,0.00635));
#8965=CARTESIAN_POINT('',(-0.019925,-0.0786625,0.00635));
#8966=CARTESIAN_POINT('',(-0.019925,-0.0836625,0.00635));
#8967=CARTESIAN_POINT('',(8.31102664617951E-18,-0.0836625,0.00635));
#8968=CARTESIAN_POINT('',(-0.000119011525684866,-0.0836625,0.00635));
#8969=CARTESIAN_POINT('',(-0.000119011525684867,-0.0786625,0.00635));
#8970=CARTESIAN_POINT('',(0.000119011525684911,-0.0533375,0.00635));
#8971=CARTESIAN_POINT('',(0.000119011525684911,-0.0483375,0.00635));
#8972=CARTESIAN_POINT('',(-0.00298543732572346,-0.057256989421977,0.00635));
#8973=CARTESIAN_POINT('',(-0.0290186868547836,-0.0366372395265546,0.00635));
#8974=CARTESIAN_POINT('',(0.0168205511485917,-0.0729444097847756,0.00635));
#8975=CARTESIAN_POINT('',(0.019925,-0.0690249203627986,0.00635));
#8976=CARTESIAN_POINT('',(0.024925,-0.0690249203627986,0.00635));
#8977=CARTESIAN_POINT('',(0.024925,0.,0.00635));
#8978=CARTESIAN_POINT('',(0.024925,-0.0533375,0.00635));
#8979=CARTESIAN_POINT('',(0.019925,-0.0533375,0.00635));
#8980=CARTESIAN_POINT('',(0.019925,-0.0483375,0.00635));
#8981=CARTESIAN_POINT('',(0.,-0.0483375,0.00635));
#8982=CARTESIAN_POINT('',(-0.0595625,0.05485,0.00635));
#8983=CARTESIAN_POINT('',(-0.0581625,0.05485,0.00635));
#8984=CARTESIAN_POINT('',(0.0484875,0.05485,0.00635));
#8985=CARTESIAN_POINT('',(0.0498875,0.05485,0.00635));
#8986=CARTESIAN_POINT('',(0.0595625,0.05485,0.00635));
#8987=CARTESIAN_POINT('',(0.0609625,0.05485,0.00635));
#8988=CARTESIAN_POINT('',(-0.0484875,0.05485,0.00635));
#8989=CARTESIAN_POINT('',(-0.0470875,0.05485,0.00635));
#8990=CARTESIAN_POINT('',(0.0889,-2.77555756156289E-17,0.00635));
#8991=CARTESIAN_POINT('',(0.0889,0.0889,0.00635));
#8992=CARTESIAN_POINT('',(0.0889,-0.0889,0.00635));
#8993=CARTESIAN_POINT('',(0.,0.0889,0.00635));
#8994=CARTESIAN_POINT('',(0.0635,0.0889,0.00635));
#8995=CARTESIAN_POINT('',(0.0635,0.,0.00635));
#8996=CARTESIAN_POINT('',(0.0635,-0.0889,0.00635));
#8997=CARTESIAN_POINT('',(0.,-0.0889,0.00635));
#8998=CARTESIAN_POINT('',(-0.00479559766275977,0.0214475,0.00635));
#8999=CARTESIAN_POINT('',(-0.00479559766275977,0.0234475,0.00635));
#9000=CARTESIAN_POINT('',(-0.00666955807233241,0.0207487351015153,0.00635));
#9001=CARTESIAN_POINT('',(0.000936980204786316,0.000349382449242356,0.00635));
#9002=CARTESIAN_POINT('',(-0.00187396040957264,0.00788781409684137,0.00635));
#9003=CARTESIAN_POINT('',(-1.7347234759768E-18,0.00858657899532609,0.00635));
#9004=CARTESIAN_POINT('',(0.00187396040957263,0.00788781409684137,0.00635));
#9005=CARTESIAN_POINT('',(-0.000936980204786319,0.000349382449242356,0.00635));
#9006=CARTESIAN_POINT('',(0.0066695580723324,0.0207487351015153,0.00635));
#9007=CARTESIAN_POINT('',(0.00479559766275976,0.0214475,0.00635));
#9008=CARTESIAN_POINT('',(0.00479559766275976,0.0234475,0.00635));
#9009=CARTESIAN_POINT('',(0.,0.0234475,0.00635));
#9010=CARTESIAN_POINT('',(0.,-0.1016,0.00635));
#9011=CARTESIAN_POINT('',(0.0889,-0.1016,0.00635));
#9012=CARTESIAN_POINT('',(-0.0889,-0.1016,0.00635));
#9013=CARTESIAN_POINT('',(-0.0889,-0.0889,0.00635));
#9014=CARTESIAN_POINT('',(-0.1016,-0.0889,0.00635));
#9015=CARTESIAN_POINT('',(-0.1016,0.,0.00635));
#9016=CARTESIAN_POINT('',(-0.1016,0.0889,0.00635));
#9017=CARTESIAN_POINT('',(-0.0889,0.0889,0.00635));
#9018=CARTESIAN_POINT('',(-0.0889,0.1016,0.00635));
#9019=CARTESIAN_POINT('',(0.,0.1016,0.00635));
#9020=CARTESIAN_POINT('',(0.0889,0.1016,0.00635));
#9021=CARTESIAN_POINT('',(0.0889,0.0889,0.00635));
#9022=CARTESIAN_POINT('',(0.1016,0.0889,0.00635));
#9023=CARTESIAN_POINT('',(0.1016,0.,0.00635));
#9024=CARTESIAN_POINT('',(0.1016,-0.0889,0.00635));
#9025=CARTESIAN_POINT('',(0.0889,-0.0889,0.00635));
#9026=CARTESIAN_POINT('',(-0.02921,0.0244475,0.00635));
#9027=CARTESIAN_POINT('',(-0.02781,0.0244475,0.00635));
#9028=CARTESIAN_POINT('',(0.02921,-0.0244475,0.00635));
#9029=CARTESIAN_POINT('',(0.03061,-0.0244475,0.00635));
#9030=CARTESIAN_POINT('',(0.02921,0.0244475,0.00635));
#9031=CARTESIAN_POINT('',(0.03061,0.0244475,0.00635));
#9032=CARTESIAN_POINT('',(-0.02921,-0.0244475,0.00635));
#9033=CARTESIAN_POINT('',(-0.02781,-0.0244475,0.00635));
#9034=CARTESIAN_POINT('',(-0.02171,-0.0158620471872475,0.00635));
#9035=CARTESIAN_POINT('',(-0.02671,-0.0158620471872475,0.00635));
#9036=CARTESIAN_POINT('',(-0.0249994736842106,-0.0196275966665249,0.00635));
#9037=CARTESIAN_POINT('',(-0.02921,-0.0244475,0.00635));
#9038=CARTESIAN_POINT('',(-0.0243900966665249,-0.0202369736842105,0.00635));
#9039=CARTESIAN_POINT('',(-0.0206245471872475,-0.0169475,0.00635));
#9040=CARTESIAN_POINT('',(-0.0206245471872475,-0.0219475,0.00635));
#9041=CARTESIAN_POINT('',(3.78947701833513E-18,-0.0219475,0.00635));
#9042=CARTESIAN_POINT('',(-0.0143238448261514,-0.0219475,0.00635));
#9043=CARTESIAN_POINT('',(-0.0143238448261514,-0.0169475,0.00635));
#9044=CARTESIAN_POINT('',(-0.00963894380221985,-0.0186944122462118,0.00635));
#9045=CARTESIAN_POINT('',(-0.0023424505119658,0.000873456123105891,0.00635));
#9046=CARTESIAN_POINT('',(-0.00331953702255883,-0.00174691224621179,0.00635));
#9047=CARTESIAN_POINT('',(-0.00800443804649042,-3.46944695195361E-18,0.00635));
#9048=CARTESIAN_POINT('',(-0.00331953702255883,0.00174691224621178,0.00635));
#9049=CARTESIAN_POINT('',(-0.0023424505119658,-0.000873456123105891,0.00635));
#9050=CARTESIAN_POINT('',(-0.00963894380221985,0.0186944122462118,0.00635));
#9051=CARTESIAN_POINT('',(-0.0143238448261514,0.0169475,0.00635));
#9052=CARTESIAN_POINT('',(-0.0143238448261514,0.0219475,0.00635));
#9053=CARTESIAN_POINT('',(-3.78947701833513E-18,0.0219475,0.00635));
#9054=CARTESIAN_POINT('',(-0.0206245471872475,0.0219475,0.00635));
#9055=CARTESIAN_POINT('',(-0.0206245471872475,0.0169475,0.00635));
#9056=CARTESIAN_POINT('',(-0.0243900966665249,0.0202369736842105,0.00635));
#9057=CARTESIAN_POINT('',(-0.02921,0.0244475,0.00635));
#9058=CARTESIAN_POINT('',(-0.0249994736842106,0.0196275966665249,0.00635));
#9059=CARTESIAN_POINT('',(-0.02171,0.0158620471872475,0.00635));
#9060=CARTESIAN_POINT('',(-0.02671,0.0158620471872475,0.00635));
#9061=CARTESIAN_POINT('',(-0.02671,0.,0.00635));
#9062=CARTESIAN_POINT('',(0.02171,0.0158620471872475,0.00635));
#9063=CARTESIAN_POINT('',(0.02671,0.0158620471872475,0.00635));
#9064=CARTESIAN_POINT('',(0.0249994736842105,0.0196275966665249,0.00635));
#9065=CARTESIAN_POINT('',(0.02921,0.0244475,0.00635));
#9066=CARTESIAN_POINT('',(0.0243900966665249,0.0202369736842105,0.00635));
#9067=CARTESIAN_POINT('',(0.0206245471872475,0.0169475,0.00635));
#9068=CARTESIAN_POINT('',(0.0206245471872475,0.0219475,0.00635));
#9069=CARTESIAN_POINT('',(-3.78947701833513E-18,0.0219475,0.00635));
#9070=CARTESIAN_POINT('',(0.0143238448261514,0.0219475,0.00635));
#9071=CARTESIAN_POINT('',(0.0143238448261514,0.0169475,0.00635));
#9072=CARTESIAN_POINT('',(0.00963894380221985,0.0186944122462118,0.00635));
#9073=CARTESIAN_POINT('',(0.0023424505119658,-0.000873456123105891,0.00635));
#9074=CARTESIAN_POINT('',(0.00331953702255883,0.00174691224621178,0.00635));
#9075=CARTESIAN_POINT('',(0.00800443804649042,-1.7347234759768E-18,0.00635));
#9076=CARTESIAN_POINT('',(0.00331953702255883,-0.00174691224621179,0.00635));
#9077=CARTESIAN_POINT('',(0.0023424505119658,0.00087345612310589,0.00635));
#9078=CARTESIAN_POINT('',(0.00963894380221985,-0.0186944122462118,0.00635));
#9079=CARTESIAN_POINT('',(0.0143238448261514,-0.0169475,0.00635));
#9080=CARTESIAN_POINT('',(0.0143238448261514,-0.0219475,0.00635));
#9081=CARTESIAN_POINT('',(3.78947701833513E-18,-0.0219475,0.00635));
#9082=CARTESIAN_POINT('',(0.0206245471872475,-0.0219475,0.00635));
#9083=CARTESIAN_POINT('',(0.0206245471872475,-0.0169475,0.00635));
#9084=CARTESIAN_POINT('',(0.0243900966665249,-0.0202369736842105,0.00635));
#9085=CARTESIAN_POINT('',(0.02921,-0.0244475,0.00635));
#9086=CARTESIAN_POINT('',(0.0249994736842105,-0.0196275966665249,0.00635));
#9087=CARTESIAN_POINT('',(0.02171,-0.0158620471872475,0.00635));
#9088=CARTESIAN_POINT('',(0.02671,-0.0158620471872475,0.00635));
#9089=CARTESIAN_POINT('',(0.02671,0.,0.00635));
#9090=CARTESIAN_POINT('',(0.,-0.0234475,0.00635));
#9091=CARTESIAN_POINT('',(0.00479559766275977,-0.0234475,0.00635));
#9092=CARTESIAN_POINT('',(-0.00479559766275977,-0.0234475,0.00635));
#9093=CARTESIAN_POINT('',(0.00479559766275977,-0.0214475,0.00635));
#9094=CARTESIAN_POINT('',(0.00666955807233241,-0.0207487351015153,0.00635));
#9095=CARTESIAN_POINT('',(-0.000936980204786321,-0.000349382449242357,0.00635));
#9096=CARTESIAN_POINT('',(0.00187396040957263,-0.00788781409684138,0.00635));
#9097=CARTESIAN_POINT('',(-1.0842021724855E-18,-0.00858657899532609,0.00635));
#9098=CARTESIAN_POINT('',(-0.00187396040957264,-0.00788781409684138,0.00635));
#9099=CARTESIAN_POINT('',(0.000936980204786318,-0.000349382449242356,0.00635));
#9100=CARTESIAN_POINT('',(-0.0066695580723324,-0.0207487351015153,0.00635));
#9101=CARTESIAN_POINT('',(-0.00479559766275977,-0.0214475,0.00635));
#9102=CARTESIAN_POINT('',(0.,0.0889,0.00635));
#9103=CARTESIAN_POINT('',(-0.0889,0.0889,0.00635));
#9104=CARTESIAN_POINT('',(-0.0635,0.0889,0.00635));
#9105=CARTESIAN_POINT('',(-0.0889,-2.77555756156289E-17,0.00635));
#9106=CARTESIAN_POINT('',(-0.0889,-0.0889,0.00635));
#9107=CARTESIAN_POINT('',(0.,-0.0889,0.00635));
#9108=CARTESIAN_POINT('',(-0.0635,-0.0889,0.00635));
#9109=CARTESIAN_POINT('',(-0.0635,0.,0.00635));
#9110=CARTESIAN_POINT('',(0.0140034057676792,0.0490378537416458,0.00635));
#9111=CARTESIAN_POINT('',(0.0194034057676792,0.0449878537416458,0.00635));
#9112=CARTESIAN_POINT('',(0.00140340576767921,0.0584878537416458,0.00635));
#9113=CARTESIAN_POINT('',(0.000203405767679216,0.0568878537416458,0.00635));
#9114=CARTESIAN_POINT('',(-0.000996594232320781,0.0584878537416458,0.00635));
#9115=CARTESIAN_POINT('',(-0.0135965942323208,0.0490378537416458,0.00635));
#9116=CARTESIAN_POINT('',(-0.0189965942323208,0.0449878537416458,0.00635));
#9117=CARTESIAN_POINT('',(-0.0177965942323208,0.0433878537416458,0.00635));
#9118=CARTESIAN_POINT('',(-0.0177965942323208,0.0413878537416458,0.00635));
#9119=CARTESIAN_POINT('',(0.000203405767679216,0.0413878537416458,0.00635));
#9120=CARTESIAN_POINT('',(0.0182034057676792,0.0413878537416458,0.00635));
#9121=CARTESIAN_POINT('',(0.0182034057676792,0.0433878537416458,0.00635));
#9122=CARTESIAN_POINT('',(-0.0159965942323208,0.0715378537416458,0.00635));
#9123=CARTESIAN_POINT('',(-0.00526326089898744,0.0634878537416458,0.00635));
#9124=CARTESIAN_POINT('',(-0.0245965942323208,0.0779878537416458,0.00635));
#9125=CARTESIAN_POINT('',(-0.0257965942323208,0.0763878537416458,0.00635));
#9126=CARTESIAN_POINT('',(-0.0277965942323208,0.0763878537416458,0.00635));
#9127=CARTESIAN_POINT('',(-0.0277965942323208,0.0618878537416458,0.00635));
#9128=CARTESIAN_POINT('',(-0.0277965942323208,0.0473878537416458,0.00635));
#9129=CARTESIAN_POINT('',(-0.0257965942323208,0.0473878537416458,0.00635));
#9130=CARTESIAN_POINT('',(-0.0245965942323208,0.0457878537416458,0.00635));
#9131=CARTESIAN_POINT('',(-0.0159965942323208,0.0522378537416458,0.00635));
#9132=CARTESIAN_POINT('',(-0.00526326089898744,0.0602878537416458,0.00635));
#9133=CARTESIAN_POINT('',(-0.00646326089898744,0.0618878537416458,0.00635));
#9134=CARTESIAN_POINT('',(0.,0.1016,0.03175));
#9135=CARTESIAN_POINT('',(0.0157331060867303,0.1016,0.0220338704970341));
#9136=CARTESIAN_POINT('',(0.0146147193877551,0.1016,0.0202228925170068));
#9137=CARTESIAN_POINT('',(0.0155110629251701,0.1016,0.0216743210884353));
#9138=CARTESIAN_POINT('',(-0.00023909675530422,0.1016,0.0313612480145835));
#9139=CARTESIAN_POINT('',(0.0116902636054422,0.1016,0.0240242530612245));
#9140=CARTESIAN_POINT('',(0.,0.1016,0.0240242530612245));
#9141=CARTESIAN_POINT('',(0.0100098894557823,0.1016,0.0240242530612245));
#9142=CARTESIAN_POINT('',(0.00801806371384775,0.1016,0.0334452176729212));
#9143=CARTESIAN_POINT('',(0.0120963180272109,0.1016,0.0141558346938775));
#9144=CARTESIAN_POINT('',(0.,0.1016,0.0141558346938775));
#9145=CARTESIAN_POINT('',(0.0141546683673469,0.1016,0.0141558346938775));
#9146=CARTESIAN_POINT('',(0.00987386952922639,0.1016,0.0338916884119742));
#9147=CARTESIAN_POINT('',(0.0129406884260013,0.1016,0.0197520108577792));
#9148=CARTESIAN_POINT('',(-0.0163320571083511,0.1016,0.0130308277225086));
#9149=CARTESIAN_POINT('',(0.0124272687782933,0.1016,0.021688593478545));
#9150=CARTESIAN_POINT('',(0.0200680379650008,0.1016,0.0312936110869673));
#9151=CARTESIAN_POINT('',(0.0128414710884354,0.1016,0.0213719401360544));
#9152=CARTESIAN_POINT('',(0.0128414710884354,0.1016,0.0213719401360544));
#9153=CARTESIAN_POINT('',(0.0131956887755102,0.1016,0.0211084367346939));
#9154=CARTESIAN_POINT('',(0.0146147193877551,0.1016,0.0202228925170068));
#9155=CARTESIAN_POINT('',(-0.00527531451921324,0.1016,0.0253572917713857));
#9156=CARTESIAN_POINT('',(0.00427329081632654,0.1016,0.0174777054421769));
#9157=CARTESIAN_POINT('',(0.00608973639455783,0.1016,0.0159787598639455));
#9158=CARTESIAN_POINT('',(0.00608973639455783,0.1016,0.03175));
#9159=CARTESIAN_POINT('',(0.00608973639455783,0.1016,0.0159118040816327));
#9160=CARTESIAN_POINT('',(0.,0.1016,0.0159118040816327));
#9161=CARTESIAN_POINT('',(0.00225597789115647,0.1016,0.0159118040816327));
#9162=CARTESIAN_POINT('',(-0.000993414577837247,0.1016,0.0315434968466735));
#9163=CARTESIAN_POINT('',(0.0026209948979592,0.1016,0.0141558346938775));
#9164=CARTESIAN_POINT('',(0.,0.1016,0.0141558346938775));
#9165=CARTESIAN_POINT('',(0.00911354591836736,0.1016,0.0141558346938775));
#9166=CARTESIAN_POINT('',(0.00535672806944946,0.1016,0.0328277801220814));
#9167=CARTESIAN_POINT('',(0.00882412414965987,0.1016,0.0155943040816327));
#9168=CARTESIAN_POINT('',(-0.00412821052967521,0.1016,0.0271045947926447));
#9169=CARTESIAN_POINT('',(0.00560376700680273,0.1016,0.0184561238095238));
#9170=CARTESIAN_POINT('',(0.00560376700680273,0.1016,0.0184561238095238));
#9171=CARTESIAN_POINT('',(0.00438992346938777,0.1016,0.0195295761904762));
#9172=CARTESIAN_POINT('',(0.00392663265306124,0.1016,0.0201732156462585));
#9173=CARTESIAN_POINT('',(0.00392663265306124,0.1016,0.0201732156462585));
#9174=CARTESIAN_POINT('',(0.00392663265306124,0.1016,0.0201732156462585));
#9175=CARTESIAN_POINT('',(0.0034633418367347,0.1016,0.0208168551020408));
#9176=CARTESIAN_POINT('',(0.0034633418367347,0.1016,0.0213848993197279));
#9177=CARTESIAN_POINT('',(0.0034633418367347,0.1016,0.0213848993197279));
#9178=CARTESIAN_POINT('',(0.0034633418367347,0.1016,0.0213848993197279));
#9179=CARTESIAN_POINT('',(0.0034633418367347,0.1016,0.0218903074829932));
#9180=CARTESIAN_POINT('',(0.00374088435374151,0.1016,0.0221570506802721));
#9181=CARTESIAN_POINT('',(0.00374088435374151,0.1016,0.0221570506802721));
#9182=CARTESIAN_POINT('',(0.00374088435374151,0.1016,0.0221570506802721));
#9183=CARTESIAN_POINT('',(0.00401842687074831,0.1016,0.022423793877551));
#9184=CARTESIAN_POINT('',(0.00448279761904763,0.1016,0.022423793877551));
#9185=CARTESIAN_POINT('',(0.00448279761904763,0.1016,0.022423793877551));
#9186=CARTESIAN_POINT('',(0.00448279761904763,0.1016,0.022423793877551));
#9187=CARTESIAN_POINT('',(0.00492988945578232,0.1016,0.022423793877551));
#9188=CARTESIAN_POINT('',(0.0053985799319728,0.1016,0.0221980880952381));
#9189=CARTESIAN_POINT('',(0.0053985799319728,0.1016,0.0221980880952381));
#9190=CARTESIAN_POINT('',(0.0053985799319728,0.1016,0.0221980880952381));
#9191=CARTESIAN_POINT('',(0.00586727040816328,0.1016,0.0219723823129251));
#9192=CARTESIAN_POINT('',(0.00655626700680273,0.1016,0.0213978585034013));
#9193=CARTESIAN_POINT('',(0.00655626700680273,0.1016,0.0213978585034013));
#9194=CARTESIAN_POINT('',(0.00923032859683968,0.1016,0.0251216065509309));
#9195=CARTESIAN_POINT('',(0.00754116496598641,0.1016,0.0227693721088436));
#9196=CARTESIAN_POINT('',(0.00754116496598641,0.1016,0.0227693721088436));
#9197=CARTESIAN_POINT('',(0.0066491411564626,0.1016,0.0235253244897959));
#9198=CARTESIAN_POINT('',(0.00583919217687076,0.1016,0.0238449843537415));
#9199=CARTESIAN_POINT('',(0.00583919217687076,0.1016,0.0238449843537415));
#9200=CARTESIAN_POINT('',(0.00416398141697842,0.1016,0.019612614301615));
#9201=CARTESIAN_POINT('',(0.00415233843537416,0.1016,0.0241646442176871));
#9202=CARTESIAN_POINT('',(0.00415233843537416,0.1016,0.0241646442176871));
#9203=CARTESIAN_POINT('',(0.00286937925170069,0.1016,0.0241646442176871));
#9204=CARTESIAN_POINT('',(0.00212098639455783,0.1016,0.0235037258503401));
#9205=CARTESIAN_POINT('',(0.00212098639455783,0.1016,0.0235037258503401));
#9206=CARTESIAN_POINT('',(0.00212098639455783,0.1016,0.0235037258503401));
#9207=CARTESIAN_POINT('',(0.00137259353741497,0.1016,0.0228428074829932));
#9208=CARTESIAN_POINT('',(0.00137259353741497,0.1016,0.0217563959183673));
#9209=CARTESIAN_POINT('',(0.00137259353741497,0.1016,0.0217563959183673));
#9210=CARTESIAN_POINT('',(0.00473015758798905,0.1016,0.0217304808658718));
#9211=CARTESIAN_POINT('',(0.00164905612244899,0.1016,0.0203989214285714));
#9212=CARTESIAN_POINT('',(0.00164905612244899,0.1016,0.0203989214285714));
#9213=CARTESIAN_POINT('',(0.001925518707483,0.1016,0.0197650013605442));
#9214=CARTESIAN_POINT('',(0.00247520408163266,0.1016,0.0191300013605442));
#9215=CARTESIAN_POINT('',(0.00247520408163266,0.1016,0.0191300013605442));
#9216=CARTESIAN_POINT('',(0.00247520408163266,0.1016,0.0191300013605442));
#9217=CARTESIAN_POINT('',(0.00302488945578232,0.1016,0.0184950013605442));
#9218=CARTESIAN_POINT('',(0.00427329081632654,0.1016,0.0174777054421769));
#9219=CARTESIAN_POINT('',(-0.00985005952380954,0.1016,0.0214108176870749));
#9220=CARTESIAN_POINT('',(-0.00985005952380954,0.1016,0.02221428707483));
#9221=CARTESIAN_POINT('',(-0.0102409948979592,0.1016,0.0228460472789116));
#9222=CARTESIAN_POINT('',(-0.0102409948979592,0.1016,0.0228460472789116));
#9223=CARTESIAN_POINT('',(-0.00985005952380954,0.1016,0.0214108176870749));
#9224=CARTESIAN_POINT('',(-0.0102409948979592,0.1016,0.0228460472789116));
#9225=CARTESIAN_POINT('',(-0.0106319302721089,0.1016,0.0234778074829932));
#9226=CARTESIAN_POINT('',(-0.0113749234693878,0.1016,0.0238287853741497));
#9227=CARTESIAN_POINT('',(-0.0113749234693878,0.1016,0.0238287853741497));
#9228=CARTESIAN_POINT('',(-0.0113749234693878,0.1016,0.0238287853741497));
#9229=CARTESIAN_POINT('',(-0.0121179166666667,0.1016,0.0241797632653061));
#9230=CARTESIAN_POINT('',(-0.0131092942176871,0.1016,0.0241797632653061));
#9231=CARTESIAN_POINT('',(-0.0131092942176871,0.1016,0.0241797632653061));
#9232=CARTESIAN_POINT('',(-0.0131092942176871,0.1016,0.0241797632653061));
#9233=CARTESIAN_POINT('',(-0.0139408418367347,0.1016,0.0241797632653061));
#9234=CARTESIAN_POINT('',(-0.0145650425170068,0.1016,0.0238957411564626));
#9235=CARTESIAN_POINT('',(-0.0145650425170068,0.1016,0.0238957411564626));
#9236=CARTESIAN_POINT('',(-0.0145650425170068,0.1016,0.0238957411564626));
#9237=CARTESIAN_POINT('',(-0.0151892431972789,0.1016,0.0236117190476191));
#9238=CARTESIAN_POINT('',(-0.015516462585034,0.1016,0.0230987513605442));
#9239=CARTESIAN_POINT('',(-0.015516462585034,0.1016,0.0230987513605442));
#9240=CARTESIAN_POINT('',(-0.015516462585034,0.1016,0.0230987513605442));
#9241=CARTESIAN_POINT('',(-0.0158436819727891,0.1016,0.0225857836734694));
#9242=CARTESIAN_POINT('',(-0.0158436819727891,0.1016,0.0219248653061224));
#9243=CARTESIAN_POINT('',(-0.0158436819727891,0.1016,0.0219248653061224));
#9244=CARTESIAN_POINT('',(-0.0158436819727891,0.1016,0.0219248653061224));
#9245=CARTESIAN_POINT('',(-0.0158436819727891,0.1016,0.0210198823129252));
#9246=CARTESIAN_POINT('',(-0.0153004761904762,0.1016,0.0203481646258504));
#9247=CARTESIAN_POINT('',(-0.0153004761904762,0.1016,0.0203481646258504));
#9248=CARTESIAN_POINT('',(-0.0153004761904762,0.1016,0.0203481646258504));
#9249=CARTESIAN_POINT('',(-0.0147572704081633,0.1016,0.0196764469387755));
#9250=CARTESIAN_POINT('',(-0.0137442942176871,0.1016,0.0193265489795919));
#9251=CARTESIAN_POINT('',(-0.0137442942176871,0.1016,0.0193265489795919));
#9252=CARTESIAN_POINT('',(-0.0137442942176871,0.1016,0.0193265489795919));
#9253=CARTESIAN_POINT('',(-0.0152086819727892,0.1016,0.0183740489795919));
#9254=CARTESIAN_POINT('',(-0.0152086819727892,0.1016,0.016862144217687));
#9255=CARTESIAN_POINT('',(-0.0152086819727892,0.1016,0.016862144217687));
#9256=CARTESIAN_POINT('',(-0.0152086819727892,0.1016,0.016862144217687));
#9257=CARTESIAN_POINT('',(-0.0152086819727892,0.1016,0.0160392360544218));
#9258=CARTESIAN_POINT('',(-0.0147799489795918,0.1016,0.01538803707483));
#9259=CARTESIAN_POINT('',(-0.0147799489795918,0.1016,0.01538803707483));
#9260=CARTESIAN_POINT('',(-0.0147799489795918,0.1016,0.01538803707483));
#9261=CARTESIAN_POINT('',(-0.0143512159863946,0.1016,0.0147368380952381));
#9262=CARTESIAN_POINT('',(-0.0135585459183674,0.1016,0.0143783006802721));
#9263=CARTESIAN_POINT('',(-0.0135585459183674,0.1016,0.0143783006802721));
#9264=CARTESIAN_POINT('',(-0.0135585459183674,0.1016,0.0143783006802721));
#9265=CARTESIAN_POINT('',(-0.0127658758503401,0.1016,0.0140197632653061));
#9266=CARTESIAN_POINT('',(-0.011711862244898,0.1016,0.0140197632653061));
#9267=CARTESIAN_POINT('',(-0.011711862244898,0.1016,0.0140197632653061));
#9268=CARTESIAN_POINT('',(-0.011711862244898,0.1016,0.0140197632653061));
#9269=CARTESIAN_POINT('',(-0.0102690731292517,0.1016,0.0140197632653061));
#9270=CARTESIAN_POINT('',(-0.00944184523809525,0.1016,0.0146958006802721));
#9271=CARTESIAN_POINT('',(-0.00944184523809525,0.1016,0.0146958006802721));
#9272=CARTESIAN_POINT('',(-0.00944184523809525,0.1016,0.0146958006802721));
#9273=CARTESIAN_POINT('',(-0.00861461734693879,0.1016,0.0153718380952381));
#9274=CARTESIAN_POINT('',(-0.00861461734693879,0.1016,0.0165187258503402));
#9275=CARTESIAN_POINT('',(-0.00861461734693879,0.1016,0.0165187258503402));
#9276=CARTESIAN_POINT('',(-0.00861461734693879,0.1016,0.0165187258503402));
#9277=CARTESIAN_POINT('',(-0.00861461734693879,0.1016,0.0185295591836734));
#9278=CARTESIAN_POINT('',(-0.0109623894557823,0.1016,0.0193935047619048));
#9279=CARTESIAN_POINT('',(-0.0109623894557823,0.1016,0.0193935047619048));
#9280=CARTESIAN_POINT('',(-0.0109623894557823,0.1016,0.0193935047619048));
#9281=CARTESIAN_POINT('',(-0.00985005952380954,0.1016,0.0202855285714286));
#9282=CARTESIAN_POINT('',(-0.00985005952380954,0.1016,0.0214108176870749));
#9283=CARTESIAN_POINT('',(0.,0.1016,0.04445));
#9284=CARTESIAN_POINT('',(0.060325,0.1016,0.04445));
#9285=CARTESIAN_POINT('',(0.053975,0.1016,0.04445));
#9286=CARTESIAN_POINT('',(0.060325,0.1016,0.03175));
#9287=CARTESIAN_POINT('',(0.060325,0.1016,0.028575));
#9288=CARTESIAN_POINT('',(0.0889,0.1016,0.028575));
#9289=CARTESIAN_POINT('',(0.0889,0.1016,0.028575));
#9290=CARTESIAN_POINT('',(0.0889,0.1016,0.03175));
#9291=CARTESIAN_POINT('',(-0.0889,0.1016,0.03175));
#9292=CARTESIAN_POINT('',(-0.0889,0.1016,0.028575));
#9293=CARTESIAN_POINT('',(-0.0635,0.1016,0.028575));
#9294=CARTESIAN_POINT('',(-0.060325,0.1016,0.028575));
#9295=CARTESIAN_POINT('',(-0.060325,0.1016,0.04445));
#9296=CARTESIAN_POINT('',(-0.060325,0.1016,0.04445));
#9297=CARTESIAN_POINT('',(0.,0.1016,0.04445));
#9298=CARTESIAN_POINT('',(-0.053975,0.1016,0.04445));
#9299=CARTESIAN_POINT('',(-0.053975,0.1016,0.03175));
#9300=CARTESIAN_POINT('',(-0.053975,0.1016,0.028575));
#9301=CARTESIAN_POINT('',(0.0508,0.1016,0.028575));
#9302=CARTESIAN_POINT('',(0.053975,0.1016,0.028575));
#9303=CARTESIAN_POINT('',(0.053975,0.1016,0.04445));
#9304=CARTESIAN_POINT('',(-0.000856386054421782,0.1016,0.0208654520408163));
#9305=CARTESIAN_POINT('',(-0.00141363095238097,0.1016,0.0224583517006803));
#9306=CARTESIAN_POINT('',(-0.00239528911564628,0.1016,0.0233190574829932));
#9307=CARTESIAN_POINT('',(-0.00239528911564628,0.1016,0.0233190574829932));
#9308=CARTESIAN_POINT('',(-0.000856386054421782,0.1016,0.0208654520408163));
#9309=CARTESIAN_POINT('',(-0.00239528911564628,0.1016,0.0233190574829932));
#9310=CARTESIAN_POINT('',(-0.00337694727891158,0.1016,0.0241797632653061));
#9311=CARTESIAN_POINT('',(-0.00465342687074831,0.1016,0.0241797632653061));
#9312=CARTESIAN_POINT('',(-0.00465342687074831,0.1016,0.0241797632653061));
#9313=CARTESIAN_POINT('',(-0.00465342687074831,0.1016,0.0241797632653061));
#9314=CARTESIAN_POINT('',(-0.00734677721088437,0.1016,0.0241797632653061));
#9315=CARTESIAN_POINT('',(-0.00734677721088437,0.1016,0.0209874843537415));
#9316=CARTESIAN_POINT('',(-0.00734677721088437,0.1016,0.0209874843537415));
#9317=CARTESIAN_POINT('',(-0.00734677721088437,0.1016,0.0209874843537415));
#9318=CARTESIAN_POINT('',(-0.00734677721088437,0.1016,0.0189075353741496));
#9319=CARTESIAN_POINT('',(-0.00679601190476192,0.1016,0.0172843976190476));
#9320=CARTESIAN_POINT('',(-0.00679601190476192,0.1016,0.0172843976190476));
#9321=CARTESIAN_POINT('',(-0.00679601190476192,0.1016,0.0172843976190476));
#9322=CARTESIAN_POINT('',(-0.00624524659863947,0.1016,0.0156612598639456));
#9323=CARTESIAN_POINT('',(-0.00527330782312927,0.1016,0.0148405115646258));
#9324=CARTESIAN_POINT('',(-0.00527330782312927,0.1016,0.0148405115646258));
#9325=CARTESIAN_POINT('',(-0.00527330782312927,0.1016,0.0148405115646258));
#9326=CARTESIAN_POINT('',(-0.00430136904761906,0.1016,0.0140197632653061));
#9327=CARTESIAN_POINT('',(-0.00302056972789117,0.1016,0.0140197632653061));
#9328=CARTESIAN_POINT('',(-0.00302056972789117,0.1016,0.0140197632653061));
#9329=CARTESIAN_POINT('',(-0.00302056972789117,0.1016,0.0140197632653061));
#9330=CARTESIAN_POINT('',(-0.00168361394557824,0.1016,0.0140197632653061));
#9331=CARTESIAN_POINT('',(-0.000991377551020422,0.1016,0.0148437513605442));
#9332=CARTESIAN_POINT('',(-0.000991377551020422,0.1016,0.0148437513605442));
#9333=CARTESIAN_POINT('',(-0.000991377551020422,0.1016,0.0148437513605442));
#9334=CARTESIAN_POINT('',(-0.000299141156462598,0.1016,0.0156677394557823));
#9335=CARTESIAN_POINT('',(-0.000299141156462598,0.1016,0.0173070761904762));
#9336=CARTESIAN_POINT('',(-0.000299141156462598,0.1016,0.0173070761904762));
#9337=CARTESIAN_POINT('',(-0.000299141156462598,0.1016,0.0173070761904762));
#9338=CARTESIAN_POINT('',(-0.000299141156462598,0.1016,0.0192725523809524));
#9339=CARTESIAN_POINT('',(-0.000856386054421782,0.1016,0.0208654520408163));
#9340=CARTESIAN_POINT('',(0.,0.,0.03175));
#9341=CARTESIAN_POINT('',(0.055625,0.06215,0.03175));
#9342=CARTESIAN_POINT('',(0.055625,0.06215,0.03175));
#9343=CARTESIAN_POINT('',(0.055625,0.05715,0.03175));
#9344=CARTESIAN_POINT('',(0.05715,0.06215,0.03175));
#9345=CARTESIAN_POINT('',(0.052425,0.06215,0.03175));
#9346=CARTESIAN_POINT('',(0.052425,0.06215,0.03175));
#9347=CARTESIAN_POINT('',(0.052425,0.05715,0.03175));
#9348=CARTESIAN_POINT('',(0.0549,0.05715,0.03175));
#9349=CARTESIAN_POINT('',(0.,0.,0.03175));
#9350=CARTESIAN_POINT('',(-0.0397375,0.05715,0.03175));
#9351=CARTESIAN_POINT('',(-0.04455,0.05715,0.03175));
#9352=CARTESIAN_POINT('',(-0.0381,0.05715,0.03175));
#9353=CARTESIAN_POINT('',(-0.0381,0.060325,0.03175));
#9354=CARTESIAN_POINT('',(-0.034925,0.060325,0.03175));
#9355=CARTESIAN_POINT('',(-0.034925,-3.46944695195361E-18,0.03175));
#9356=CARTESIAN_POINT('',(-0.034925,0.0936625,0.03175));
#9357=CARTESIAN_POINT('',(-6.30808536718839E-18,0.0936625,0.03175));
#9358=CARTESIAN_POINT('',(0.034925,0.0936625,0.03175));
#9359=CARTESIAN_POINT('',(0.034925,6.93889390390723E-18,0.03175));
#9360=CARTESIAN_POINT('',(0.034925,0.060325,0.03175));
#9361=CARTESIAN_POINT('',(0.0381,0.060325,0.03175));
#9362=CARTESIAN_POINT('',(0.0381,0.05715,0.03175));
#9363=CARTESIAN_POINT('',(0.0397375,0.05715,0.03175));
#9364=CARTESIAN_POINT('',(0.04455,0.05715,0.03175));
#9365=CARTESIAN_POINT('',(0.04455,0.06215,0.03175));
#9366=CARTESIAN_POINT('',(0.04455,0.06215,0.03175));
#9367=CARTESIAN_POINT('',(0.054025,0.06215,0.03175));
#9368=CARTESIAN_POINT('',(0.0508,0.06215,0.03175));
#9369=CARTESIAN_POINT('',(0.0508,0.081875,0.03175));
#9370=CARTESIAN_POINT('',(0.0508,0.098425,0.03175));
#9371=CARTESIAN_POINT('',(-0.0508,0.098425,0.03175));
#9372=CARTESIAN_POINT('',(-0.0508,0.098425,0.03175));
#9373=CARTESIAN_POINT('',(-0.0508,0.081875,0.03175));
#9374=CARTESIAN_POINT('',(-0.0508,0.06215,0.03175));
#9375=CARTESIAN_POINT('',(-0.009475,0.06215,0.03175));
#9376=CARTESIAN_POINT('',(-0.04455,0.06215,0.03175));
#9377=CARTESIAN_POINT('',(-0.04455,0.06215,0.03175));
#9378=CARTESIAN_POINT('',(0.,0.,0.03175));
#9379=CARTESIAN_POINT('',(0.0635,-1.38777878078145E-17,0.03175));
#9380=CARTESIAN_POINT('',(0.0635,0.098425,0.03175));
#9381=CARTESIAN_POINT('',(0.0635,0.092075,0.03175));
#9382=CARTESIAN_POINT('',(0.0889,0.092075,0.03175));
#9383=CARTESIAN_POINT('',(0.092075,0.092075,0.03175));
#9384=CARTESIAN_POINT('',(0.092075,-2.87468461733299E-17,0.03175));
#9385=CARTESIAN_POINT('',(0.092075,0.079375,0.03175));
#9386=CARTESIAN_POINT('',(0.1016,0.079375,0.03175));
#9387=CARTESIAN_POINT('',(0.098425,0.079375,0.03175));
#9388=CARTESIAN_POINT('',(0.098425,0.0889,0.03175));
#9389=CARTESIAN_POINT('',(0.098425,0.0889,0.03175));
#9390=CARTESIAN_POINT('',(0.0889,0.0889,0.03175));
#9391=CARTESIAN_POINT('',(0.0889,0.098425,0.03175));
#9392=CARTESIAN_POINT('',(0.0635,0.098425,0.03175));
#9393=CARTESIAN_POINT('',(0.,0.,0.03175));
#9394=CARTESIAN_POINT('',(-0.052425,0.06215,0.03175));
#9395=CARTESIAN_POINT('',(-0.052425,0.06215,0.03175));
#9396=CARTESIAN_POINT('',(-0.052425,0.05715,0.03175));
#9397=CARTESIAN_POINT('',(-0.009475,0.06215,0.03175));
#9398=CARTESIAN_POINT('',(-0.055625,0.06215,0.03175));
#9399=CARTESIAN_POINT('',(-0.055625,0.06215,0.03175));
#9400=CARTESIAN_POINT('',(-0.055625,0.05715,0.03175));
#9401=CARTESIAN_POINT('',(-0.0533,0.05715,0.03175));
#9402=CARTESIAN_POINT('',(0.054025,0.06215,0.03755));
#9403=CARTESIAN_POINT('',(0.054025,0.06215,0.03755));
#9404=CARTESIAN_POINT('',(0.04455,0.06215,0.03755));
#9405=CARTESIAN_POINT('',(0.0508,0.06215,0.03755));
#9406=CARTESIAN_POINT('',(0.0508,0.06215,0.044452));
#9407=CARTESIAN_POINT('',(0.04455,0.06215,0.03755));
#9408=CARTESIAN_POINT('',(-0.009475,0.06215,0.03755));
#9409=CARTESIAN_POINT('',(-0.0508,0.06215,0.044452));
#9410=CARTESIAN_POINT('',(-0.0508,0.06215,0.03755));
#9411=CARTESIAN_POINT('',(-0.009475,0.06215,0.03755));
#9412=CARTESIAN_POINT('',(-0.04455,0.06215,0.03755));
#9413=CARTESIAN_POINT('',(-0.04455,0.06215,0.03755));
#9414=CARTESIAN_POINT('',(0.,0.,0.03175));
#9415=CARTESIAN_POINT('',(0.0381,-0.0936625,0.03175));
#9416=CARTESIAN_POINT('',(0.0381,-0.0351625,0.03175));
#9417=CARTESIAN_POINT('',(0.0381,-0.0968375,0.03175));
#9418=CARTESIAN_POINT('',(9.61983018496229E-18,-0.0968375,0.03175));
#9419=CARTESIAN_POINT('',(-0.0381,-0.0968375,0.03175));
#9420=CARTESIAN_POINT('',(-0.0381,0.,0.03175));
#9421=CARTESIAN_POINT('',(-0.0381,-0.0351625,0.03175));
#9422=CARTESIAN_POINT('',(0.034925,-0.0351625,0.03175));
#9423=CARTESIAN_POINT('',(0.0397375,-0.026125,0.03175));
#9424=CARTESIAN_POINT('',(0.0381,-0.026125,0.03175));
#9425=CARTESIAN_POINT('',(0.04455,-0.026125,0.03175));
#9426=CARTESIAN_POINT('',(0.0381,-0.0293,0.03175));
#9427=CARTESIAN_POINT('',(0.034925,-0.0293,0.03175));
#9428=CARTESIAN_POINT('',(0.034925,6.93889390390723E-18,0.03175));
#9429=CARTESIAN_POINT('',(0.034925,-0.0319875,0.03175));
#9430=CARTESIAN_POINT('',(0.0015875,-0.0319875,0.03175));
#9431=CARTESIAN_POINT('',(-0.034925,-0.0319875,0.03175));
#9432=CARTESIAN_POINT('',(-0.034925,-3.46944695195361E-18,0.03175));
#9433=CARTESIAN_POINT('',(-0.034925,-0.0293,0.03175));
#9434=CARTESIAN_POINT('',(-0.0381,-0.0293,0.03175));
#9435=CARTESIAN_POINT('',(-0.0381,-0.026125,0.03175));
#9436=CARTESIAN_POINT('',(-0.0397375,-0.026125,0.03175));
#9437=CARTESIAN_POINT('',(-0.04455,-0.026125,0.03175));
#9438=CARTESIAN_POINT('',(-0.04455,-0.0245375,0.03175));
#9439=CARTESIAN_POINT('',(-0.04455,-0.02295,0.03175));
#9440=CARTESIAN_POINT('',(-0.0588375,-0.02295,0.03175));
#9441=CARTESIAN_POINT('',(-0.0502901280605346,-0.02295,0.03175));
#9442=CARTESIAN_POINT('',(-0.0502901280605346,-0.026125,0.03175));
#9443=CARTESIAN_POINT('',(-0.0458,-0.026125,0.03175));
#9444=CARTESIAN_POINT('',(-0.0458,-0.1016,0.03175));
#9445=CARTESIAN_POINT('',(-0.0458,-0.098425,0.03175));
#9446=CARTESIAN_POINT('',(1.34441069388203E-17,-0.098425,0.03175));
#9447=CARTESIAN_POINT('',(0.0458,-0.098425,0.03175));
#9448=CARTESIAN_POINT('',(0.0458,1.61628145352295E-17,0.03175));
#9449=CARTESIAN_POINT('',(0.0458,-0.026125,0.03175));
#9450=CARTESIAN_POINT('',(0.0502901280605346,-0.026125,0.03175));
#9451=CARTESIAN_POINT('',(0.0502901280605346,-0.02295,0.03175));
#9452=CARTESIAN_POINT('',(0.0588375,-0.02295,0.03175));
#9453=CARTESIAN_POINT('',(0.04455,-0.02295,0.03175));
#9454=CARTESIAN_POINT('',(0.04455,-0.0245375,0.03175));
#9455=CARTESIAN_POINT('',(0.,0.,0.03175));
#9456=CARTESIAN_POINT('',(0.0685,0.,0.03175));
#9457=CARTESIAN_POINT('',(0.0685,-0.092075,0.03175));
#9458=CARTESIAN_POINT('',(0.0685,-0.098425,0.03175));
#9459=CARTESIAN_POINT('',(1.34441069388203E-17,-0.098425,0.03175));
#9460=CARTESIAN_POINT('',(0.0889,-0.098425,0.03175));
#9461=CARTESIAN_POINT('',(0.0889,-0.0889,0.03175));
#9462=CARTESIAN_POINT('',(0.098425,-0.0889,0.03175));
#9463=CARTESIAN_POINT('',(0.098425,-0.0762,0.03175));
#9464=CARTESIAN_POINT('',(0.098425,-0.079375,0.03175));
#9465=CARTESIAN_POINT('',(0.,-0.079375,0.03175));
#9466=CARTESIAN_POINT('',(0.092075,-0.079375,0.03175));
#9467=CARTESIAN_POINT('',(0.092075,-2.87468461733299E-17,0.03175));
#9468=CARTESIAN_POINT('',(0.092075,-0.092075,0.03175));
#9469=CARTESIAN_POINT('',(0.,-0.092075,0.03175));
#9470=CARTESIAN_POINT('',(0.,0.,0.03175));
#9471=CARTESIAN_POINT('',(-0.0889,-0.0889,0.03175));
#9472=CARTESIAN_POINT('',(-0.098425,-0.0889,0.03175));
#9473=CARTESIAN_POINT('',(-0.0889,-0.098425,0.03175));
#9474=CARTESIAN_POINT('',(1.34441069388203E-17,-0.098425,0.03175));
#9475=CARTESIAN_POINT('',(-0.0685,-0.098425,0.03175));
#9476=CARTESIAN_POINT('',(-0.0685,-0.0889,0.03175));
#9477=CARTESIAN_POINT('',(-0.0685,-0.092075,0.03175));
#9478=CARTESIAN_POINT('',(-0.0889,-0.092075,0.03175));
#9479=CARTESIAN_POINT('',(-0.092075,-0.092075,0.03175));
#9480=CARTESIAN_POINT('',(-0.092075,-0.0762,0.03175));
#9481=CARTESIAN_POINT('',(-0.092075,-0.079375,0.03175));
#9482=CARTESIAN_POINT('',(-5.42101086242752E-18,-0.079375,0.03175));
#9483=CARTESIAN_POINT('',(-0.098425,-0.079375,0.03175));
#9484=CARTESIAN_POINT('',(-0.098425,6.72205346941013E-18,0.03175));
#9485=CARTESIAN_POINT('',(0.0889,-1.38777878078145E-17,-0.31555));
#9486=CARTESIAN_POINT('',(0.0889,-1.38777878078145E-17,0.015875));
#9487=CARTESIAN_POINT('',(0.0889,-0.079375,0.015875));
#9488=CARTESIAN_POINT('',(0.0889,0.079375,0.015875));
#9489=CARTESIAN_POINT('',(0.0889,0.079375,0.03175));
#9490=CARTESIAN_POINT('',(0.0889,0.079375,0.028575));
#9491=CARTESIAN_POINT('',(0.0889,-1.38777878078145E-17,0.028575));
#9492=CARTESIAN_POINT('',(0.0889,0.0889,0.028575));
#9493=CARTESIAN_POINT('',(0.0889,0.0889,-0.31555));
#9494=CARTESIAN_POINT('',(0.0889,-0.0889,-0.31555));
#9495=CARTESIAN_POINT('',(0.0889,-0.0889,0.028575));
#9496=CARTESIAN_POINT('',(0.0889,-1.38777878078145E-17,0.028575));
#9497=CARTESIAN_POINT('',(0.0889,-0.079375,0.028575));
#9498=CARTESIAN_POINT('',(0.0889,-0.079375,-0.31555));
#9499=CARTESIAN_POINT('',(0.,0.,0.03175));
#9500=CARTESIAN_POINT('',(-0.092075,0.0889,0.03175));
#9501=CARTESIAN_POINT('',(-0.092075,0.079375,0.03175));
#9502=CARTESIAN_POINT('',(-0.092075,0.092075,0.03175));
#9503=CARTESIAN_POINT('',(0.,0.092075,0.03175));
#9504=CARTESIAN_POINT('',(-0.0635,0.092075,0.03175));
#9505=CARTESIAN_POINT('',(-0.0635,0.081875,0.03175));
#9506=CARTESIAN_POINT('',(-0.0635,0.098425,0.03175));
#9507=CARTESIAN_POINT('',(-0.0889,0.098425,0.03175));
#9508=CARTESIAN_POINT('',(-0.0889,0.098425,0.03175));
#9509=CARTESIAN_POINT('',(-0.0889,0.0889,0.03175));
#9510=CARTESIAN_POINT('',(-0.098425,0.0889,0.03175));
#9511=CARTESIAN_POINT('',(-0.098425,6.72205346941013E-18,0.03175));
#9512=CARTESIAN_POINT('',(-0.098425,0.079375,0.03175));
#9513=CARTESIAN_POINT('',(-0.0889,0.079375,0.03175));
#9514=CARTESIAN_POINT('',(0.,0.,0.0127));
#9515=CARTESIAN_POINT('',(0.,-0.0383375,0.0127));
#9516=CARTESIAN_POINT('',(-0.034925,-0.0383375,0.0127));
#9517=CARTESIAN_POINT('',(0.034925,-0.0383375,0.0127));
#9518=CARTESIAN_POINT('',(-0.034925,-3.46944695195361E-18,0.0127));
#9519=CARTESIAN_POINT('',(-0.034925,-0.0936625,0.0127));
#9520=CARTESIAN_POINT('',(6.30808536718839E-18,-0.0936625,0.0127));
#9521=CARTESIAN_POINT('',(0.034925,-0.0936625,0.0127));
#9522=CARTESIAN_POINT('',(0.034925,6.93889390390723E-18,0.0127));
#9523=CARTESIAN_POINT('',(0.000119011525684911,-0.0533375,0.0127));
#9524=CARTESIAN_POINT('',(0.000119011525684911,-0.0483375,0.0127));
#9525=CARTESIAN_POINT('',(-0.00298543732572347,-0.057256989421977,0.0127));
#9526=CARTESIAN_POINT('',(0.,-0.0483375,0.0127));
#9527=CARTESIAN_POINT('',(0.019925,-0.0483375,0.0127));
#9528=CARTESIAN_POINT('',(0.019925,-0.0533375,0.0127));
#9529=CARTESIAN_POINT('',(0.024925,-0.0533375,0.0127));
#9530=CARTESIAN_POINT('',(0.024925,0.,0.0127));
#9531=CARTESIAN_POINT('',(0.024925,-0.0690249203627986,0.0127));
#9532=CARTESIAN_POINT('',(0.019925,-0.0690249203627986,0.0127));
#9533=CARTESIAN_POINT('',(0.0168205511485917,-0.0729444097847756,0.0127));
#9534=CARTESIAN_POINT('',(-0.0290186868547836,-0.0366372395265546,0.0127));
#9535=CARTESIAN_POINT('',(-0.019925,-0.0629750796372014,0.0127));
#9536=CARTESIAN_POINT('',(-0.0168205511485917,-0.0590555902152244,0.0127));
#9537=CARTESIAN_POINT('',(-0.024925,-0.0629750796372014,0.0127));
#9538=CARTESIAN_POINT('',(-0.0352275845576003,-0.0444762183705086,0.0127));
#9539=CARTESIAN_POINT('',(0.00298543732572351,-0.0747430105780231,0.0127));
#9540=CARTESIAN_POINT('',(-0.000119011525684867,-0.0786625,0.0127));
#9541=CARTESIAN_POINT('',(-0.000119011525684866,-0.0836625,0.0127));
#9542=CARTESIAN_POINT('',(8.31102664617951E-18,-0.0836625,0.0127));
#9543=CARTESIAN_POINT('',(-0.019925,-0.0836625,0.0127));
#9544=CARTESIAN_POINT('',(-0.019925,-0.0786625,0.0127));
#9545=CARTESIAN_POINT('',(-0.024925,-0.0786625,0.0127));
#9546=CARTESIAN_POINT('',(-0.024925,0.,0.0127));
#9547=CARTESIAN_POINT('',(0.034925,6.93889390390723E-18,0.00635));
#9548=CARTESIAN_POINT('',(0.034925,-0.0293,0.00635));
#9549=CARTESIAN_POINT('',(0.034925,-0.0319875,0.031752));
#9550=CARTESIAN_POINT('',(-0.034925,-3.46944695195361E-18,0.00635));
#9551=CARTESIAN_POINT('',(-0.034925,-0.0293,0.00635));
#9552=CARTESIAN_POINT('',(-0.034925,-0.0319875,0.031752));
#9553=CARTESIAN_POINT('',(0.,0.,0.0127));
#9554=CARTESIAN_POINT('',(0.052425,0.05485,0.0127));
#9555=CARTESIAN_POINT('',(0.052425,0.05255,0.0127));
#9556=CARTESIAN_POINT('',(0.052425,0.05715,0.0127));
#9557=CARTESIAN_POINT('',(0.054025,0.05255,0.0127));
#9558=CARTESIAN_POINT('',(0.055625,0.05255,0.0127));
#9559=CARTESIAN_POINT('',(0.055625,0.05485,0.0127));
#9560=CARTESIAN_POINT('',(0.055625,0.05715,0.0127));
#9561=CARTESIAN_POINT('',(0.0549,0.05715,0.0127));
#9562=CARTESIAN_POINT('',(0.,0.,0.0127));
#9563=CARTESIAN_POINT('',(-0.055625,0.05485,0.0127));
#9564=CARTESIAN_POINT('',(-0.055625,0.05715,0.0127));
#9565=CARTESIAN_POINT('',(-0.055625,0.05255,0.0127));
#9566=CARTESIAN_POINT('',(-0.054025,0.05255,0.0127));
#9567=CARTESIAN_POINT('',(-0.052425,0.05255,0.0127));
#9568=CARTESIAN_POINT('',(-0.052425,0.05485,0.0127));
#9569=CARTESIAN_POINT('',(-0.052425,0.05715,0.0127));
#9570=CARTESIAN_POINT('',(-0.0533,0.05715,0.0127));
#9571=CARTESIAN_POINT('',(-0.0484875,0.05255,0.00675));
#9572=CARTESIAN_POINT('',(-0.052425,0.05255,0.00675));
#9573=CARTESIAN_POINT('',(-0.052425,0.05255,0.0151));
#9574=CARTESIAN_POINT('',(-0.052425,0.05255,0.03755));
#9575=CARTESIAN_POINT('',(-0.054025,0.05255,0.0151));
#9576=CARTESIAN_POINT('',(-0.04455,0.05255,0.0151));
#9577=CARTESIAN_POINT('',(-0.04455,0.05255,0.00675));
#9578=CARTESIAN_POINT('',(-0.04455,0.05255,0.03755));
#9579=CARTESIAN_POINT('',(-0.0484875,0.05255,0.03755));
#9580=CARTESIAN_POINT('',(-0.0595625,0.05255,0.00675));
#9581=CARTESIAN_POINT('',(-0.0635,0.05255,0.00675));
#9582=CARTESIAN_POINT('',(-0.0635,0.05255,0.0151));
#9583=CARTESIAN_POINT('',(-0.0635,0.05255,0.03755));
#9584=CARTESIAN_POINT('',(-0.054025,0.05255,0.0151));
#9585=CARTESIAN_POINT('',(-0.055625,0.05255,0.0151));
#9586=CARTESIAN_POINT('',(-0.055625,0.05255,0.00675));
#9587=CARTESIAN_POINT('',(-0.055625,0.05255,0.03755));
#9588=CARTESIAN_POINT('',(-0.0595625,0.05255,0.03755));
#9589=CARTESIAN_POINT('',(0.034925,6.93889390390723E-18,0.00635));
#9590=CARTESIAN_POINT('',(0.034925,-0.0936625,0.00635));
#9591=CARTESIAN_POINT('',(0.034925,-0.0936625,0.028575));
#9592=CARTESIAN_POINT('',(0.034925,-0.0383375,0.028575));
#9593=CARTESIAN_POINT('',(0.034925,-0.0383375,0.028575));
#9594=CARTESIAN_POINT('',(0.034925,-0.0383375,0.031752));
#9595=CARTESIAN_POINT('',(-0.0397375,-0.026125,0.00675));
#9596=CARTESIAN_POINT('',(-0.0381,-0.026125,0.00675));
#9597=CARTESIAN_POINT('',(-0.04455,-0.026125,0.00675));
#9598=CARTESIAN_POINT('',(-0.0533,0.05715,0.00675));
#9599=CARTESIAN_POINT('',(-0.055625,0.05715,0.00675));
#9600=CARTESIAN_POINT('',(-0.052425,0.05715,0.00675));
#9601=CARTESIAN_POINT('',(-0.0397375,0.05715,0.00675));
#9602=CARTESIAN_POINT('',(-0.0381,0.05715,0.00675));
#9603=CARTESIAN_POINT('',(-0.04455,0.05715,0.00675));
#9604=CARTESIAN_POINT('',(-0.034925,-3.46944695195361E-18,0.00635));
#9605=CARTESIAN_POINT('',(-0.034925,-0.0383375,0.031752));
#9606=CARTESIAN_POINT('',(-0.034925,-0.0383375,0.028575));
#9607=CARTESIAN_POINT('',(-0.034925,-3.46944695195361E-18,0.028575));
#9608=CARTESIAN_POINT('',(-0.034925,-0.0936625,0.028575));
#9609=CARTESIAN_POINT('',(-0.034925,-0.0936625,0.00635));
#9610=CARTESIAN_POINT('',(-0.0635,-1.38777878078145E-17,-0.31555));
#9611=CARTESIAN_POINT('',(-0.0635,-1.38777878078145E-17,0.009525));
#9612=CARTESIAN_POINT('',(-0.0635,-0.026125,0.009525));
#9613=CARTESIAN_POINT('',(-0.0635,0.011225,0.009525));
#9614=CARTESIAN_POINT('',(-0.0635,0.011225,0.0151));
#9615=CARTESIAN_POINT('',(-0.0635,0.011225,0.0151));
#9616=CARTESIAN_POINT('',(-0.0635,-1.38777878078145E-17,0.0151));
#9617=CARTESIAN_POINT('',(-0.0635,-1.38777878078145E-17,0.03755));
#9618=CARTESIAN_POINT('',(-0.0635,0.06215,0.03755));
#9619=CARTESIAN_POINT('',(-0.0635,0.06215,0.044452));
#9620=CARTESIAN_POINT('',(-0.0635,0.06215,0.04445));
#9621=CARTESIAN_POINT('',(-0.0635,0.081875,0.04445));
#9622=CARTESIAN_POINT('',(-0.0635,0.098425,0.04445));
#9623=CARTESIAN_POINT('',(-0.0635,0.098425,0.03175));
#9624=CARTESIAN_POINT('',(-0.0635,0.092075,0.028575));
#9625=CARTESIAN_POINT('',(-0.0635,0.0889,0.028575));
#9626=CARTESIAN_POINT('',(-0.0635,0.0889,-0.31555));
#9627=CARTESIAN_POINT('',(-0.0635,-0.0889,-0.31555));
#9628=CARTESIAN_POINT('',(-0.0635,-0.0889,0.0322598719394654));
#9629=CARTESIAN_POINT('',(-0.0635,-0.092075,0.0322598719394654));
#9630=CARTESIAN_POINT('',(-0.0635,-0.092075,0.03675));
#9631=CARTESIAN_POINT('',(-0.0635,-0.1016,0.03675));
#9632=CARTESIAN_POINT('',(-0.0635,-0.098425,0.03675));
#9633=CARTESIAN_POINT('',(-0.0635,-0.098425,0.0322598719394654));
#9634=CARTESIAN_POINT('',(-0.0635,-0.1016,0.0322598719394655));
#9635=CARTESIAN_POINT('',(-0.0635,-0.1016,0.04445));
#9636=CARTESIAN_POINT('',(-0.0635,-0.1016,0.04445));
#9637=CARTESIAN_POINT('',(-0.0635,-1.38777878078145E-17,0.04445));
#9638=CARTESIAN_POINT('',(-0.0635,-0.026125,0.04445));
#9639=CARTESIAN_POINT('',(-0.0635,-0.026125,0.0127));
#9640=CARTESIAN_POINT('',(-0.0635,-0.0508,0.022225));
#9641=CARTESIAN_POINT('',(-0.0635,-0.0508,0.028575));
#9642=CARTESIAN_POINT('',(0.1016,0.,0.03175));
#9643=CARTESIAN_POINT('',(0.1016,-0.0762,0.015875));
#9644=CARTESIAN_POINT('',(0.1016,0.079375,0.015875));
#9645=CARTESIAN_POINT('',(0.1016,-0.079375,0.015875));
#9646=CARTESIAN_POINT('',(0.1016,-0.079375,0.03175));
#9647=CARTESIAN_POINT('',(0.1016,-0.079375,0.028575));
#9648=CARTESIAN_POINT('',(0.1016,-0.0889,0.028575));
#9649=CARTESIAN_POINT('',(0.1016,-0.0889,0.028575));
#9650=CARTESIAN_POINT('',(0.1016,-0.0889,0.00635));
#9651=CARTESIAN_POINT('',(0.1016,0.0889,0.03175));
#9652=CARTESIAN_POINT('',(0.1016,0.0889,0.028575));
#9653=CARTESIAN_POINT('',(0.1016,0.0762,0.028575));
#9654=CARTESIAN_POINT('',(0.1016,0.079375,0.028575));
#9655=CARTESIAN_POINT('',(0.1016,0.079375,0.03175));
#9656=CARTESIAN_POINT('',(-0.1016,0.,0.03175));
#9657=CARTESIAN_POINT('',(-0.1016,-0.079375,0.03175));
#9658=CARTESIAN_POINT('',(-0.1016,-0.079375,0.028575));
#9659=CARTESIAN_POINT('',(-0.1016,-0.079375,0.015875));
#9660=CARTESIAN_POINT('',(-0.1016,0.0762,0.015875));
#9661=CARTESIAN_POINT('',(-0.1016,0.079375,0.015875));
#9662=CARTESIAN_POINT('',(-0.1016,0.079375,0.03175));
#9663=CARTESIAN_POINT('',(-0.1016,0.079375,0.028575));
#9664=CARTESIAN_POINT('',(-0.1016,0.,0.028575));
#9665=CARTESIAN_POINT('',(-0.1016,0.0889,0.028575));
#9666=CARTESIAN_POINT('',(-0.1016,0.0889,0.00635));
#9667=CARTESIAN_POINT('',(-0.1016,-0.0889,0.03175));
#9668=CARTESIAN_POINT('',(-0.1016,-0.0889,0.028575));
#9669=CARTESIAN_POINT('',(-0.1016,0.,0.028575));
#9670=CARTESIAN_POINT('',(-0.0889,-1.38777878078145E-17,-0.31555));
#9671=CARTESIAN_POINT('',(-0.0889,-1.38777878078145E-17,0.015875));
#9672=CARTESIAN_POINT('',(-0.0889,0.079375,0.015875));
#9673=CARTESIAN_POINT('',(-0.0889,-0.079375,0.015875));
#9674=CARTESIAN_POINT('',(-0.0889,-0.079375,0.03175));
#9675=CARTESIAN_POINT('',(-0.0889,-0.079375,0.028575));
#9676=CARTESIAN_POINT('',(-0.0889,-0.0889,0.028575));
#9677=CARTESIAN_POINT('',(-0.0889,-0.0889,0.028575));
#9678=CARTESIAN_POINT('',(-0.0889,-0.0889,-0.31555));
#9679=CARTESIAN_POINT('',(-0.0889,0.0889,-0.31555));
#9680=CARTESIAN_POINT('',(-0.0889,0.0889,0.028575));
#9681=CARTESIAN_POINT('',(-0.0889,0.0762,0.028575));
#9682=CARTESIAN_POINT('',(-0.0889,0.079375,0.028575));
#9683=CARTESIAN_POINT('',(-0.0889,0.079375,-0.31555));
#9684=CARTESIAN_POINT('',(0.,-0.1016,0.03175));
#9685=CARTESIAN_POINT('',(0.0889,-0.1016,0.03175));
#9686=CARTESIAN_POINT('',(0.0889,-0.1016,0.028575));
#9687=CARTESIAN_POINT('',(0.,-0.1016,0.028575));
#9688=CARTESIAN_POINT('',(0.0671848719394654,-0.1016,0.028575));
#9689=CARTESIAN_POINT('',(0.0612549359697327,-0.1016,0.0345049359697327));
#9690=CARTESIAN_POINT('',(0.0635,-0.1016,0.0322598719394654));
#9691=CARTESIAN_POINT('',(0.0635,-0.1016,0.04445));
#9692=CARTESIAN_POINT('',(0.0635,-0.1016,0.04445));
#9693=CARTESIAN_POINT('',(0.,-0.1016,0.04445));
#9694=CARTESIAN_POINT('',(0.053975,-0.1016,0.04445));
#9695=CARTESIAN_POINT('',(0.053975,-0.1016,0.03675));
#9696=CARTESIAN_POINT('',(0.053975,-0.1016,0.0354348719394654));
#9697=CARTESIAN_POINT('',(0.0480450640302673,-0.1016,0.0295049359697327));
#9698=CARTESIAN_POINT('',(0.0471151280605346,-0.1016,0.028575));
#9699=CARTESIAN_POINT('',(0.,-0.1016,0.028575));
#9700=CARTESIAN_POINT('',(-0.0471151280605346,-0.1016,0.028575));
#9701=CARTESIAN_POINT('',(-0.0530450640302673,-0.1016,0.0345049359697327));
#9702=CARTESIAN_POINT('',(-0.053975,-0.1016,0.0354348719394654));
#9703=CARTESIAN_POINT('',(-0.053975,-0.1016,0.03175));
#9704=CARTESIAN_POINT('',(-0.053975,-0.1016,0.04445));
#9705=CARTESIAN_POINT('',(0.,-0.1016,0.04445));
#9706=CARTESIAN_POINT('',(-0.0662549359697327,-0.1016,0.0295049359697327));
#9707=CARTESIAN_POINT('',(-0.0671848719394654,-0.1016,0.028575));
#9708=CARTESIAN_POINT('',(0.,-0.1016,0.028575));
#9709=CARTESIAN_POINT('',(-0.0889,-0.1016,0.028575));
#9710=CARTESIAN_POINT('',(-0.0889,-0.1016,0.03175));
#9711=CARTESIAN_POINT('',(0.034925,6.93889390390723E-18,0.00635));
#9712=CARTESIAN_POINT('',(0.034925,0.060325,0.00635));
#9713=CARTESIAN_POINT('',(0.034925,0.0936625,0.00635));
#9714=CARTESIAN_POINT('',(-0.034925,-3.46944695195361E-18,0.00635));
#9715=CARTESIAN_POINT('',(-0.034925,0.060325,0.00635));
#9716=CARTESIAN_POINT('',(-0.034925,0.0936625,0.00635));
#9717=CARTESIAN_POINT('',(-6.30808536718839E-18,0.0936625,0.00635));
#9718=CARTESIAN_POINT('',(6.30808536718839E-18,-0.0936625,0.00635));
#9719=CARTESIAN_POINT('',(6.30808536718839E-18,-0.0936625,0.028575));
#9720=CARTESIAN_POINT('',(-0.02921,0.0244475,0.00635));
#9721=CARTESIAN_POINT('',(0.02921,-0.0244475,0.00635));
#9722=CARTESIAN_POINT('',(0.02921,0.0244475,0.00635));
#9723=CARTESIAN_POINT('',(-0.02921,-0.0244475,0.00635));
#9724=CARTESIAN_POINT('',(-0.00690045898654207,-0.0113502938768941,-0.0075));
#9725=CARTESIAN_POINT('',(-0.00331953702255883,-0.00174691224621179,-0.0075));
#9726=CARTESIAN_POINT('',(-0.00963894380221985,-0.0186944122462118,-0.0075));
#9727=CARTESIAN_POINT('',(-0.00690045898654207,0.0113502938768941,-0.0075));
#9728=CARTESIAN_POINT('',(-0.00331953702255883,0.00174691224621178,-0.0075));
#9729=CARTESIAN_POINT('',(-0.00963894380221985,0.0186944122462118,-0.0075));
#9730=CARTESIAN_POINT('',(-0.0191630084745763,-0.0219475,-0.0075));
#9731=CARTESIAN_POINT('',(-0.0206245471872475,-0.0219475,-0.01));
#9732=CARTESIAN_POINT('',(-0.0143238448261514,-0.0219475,-0.0075));
#9733=CARTESIAN_POINT('',(-0.0191630084745763,0.0219475,-0.0075));
#9734=CARTESIAN_POINT('',(-0.0206245471872475,0.0219475,-0.0075));
#9735=CARTESIAN_POINT('',(-0.0143238448261514,0.0219475,-0.0075));
#9736=CARTESIAN_POINT('',(-0.02921,-0.0244475,-0.01));
#9737=CARTESIAN_POINT('',(-0.0243900966665249,-0.0202369736842105,-0.005));
#9738=CARTESIAN_POINT('',(-0.0249994736842106,-0.0196275966665249,0.00635));
#9739=CARTESIAN_POINT('',(-0.02921,0.0244475,-0.01));
#9740=CARTESIAN_POINT('',(-0.0249994736842106,0.0196275966665249,-0.005));
#9741=CARTESIAN_POINT('',(-0.0243900966665249,0.0202369736842105,0.00635));
#9742=CARTESIAN_POINT('',(-0.02671,-6.93889390390723E-18,-0.0075));
#9743=CARTESIAN_POINT('',(-0.02671,0.0158620471872475,-0.01));
#9744=CARTESIAN_POINT('',(-0.02671,-0.0158620471872475,-0.01));
#9745=CARTESIAN_POINT('',(-0.0206245471872475,0.0169475,-0.01));
#9746=CARTESIAN_POINT('',(-0.02171,0.0158620471872475,-0.01));
#9747=CARTESIAN_POINT('',(-0.02171,-0.0158620471872475,-0.01));
#9748=CARTESIAN_POINT('',(-0.0206245471872475,-0.0169475,-0.01));
#9749=CARTESIAN_POINT('',(-0.0143238448261514,-0.0169475,-0.0075));
#9750=CARTESIAN_POINT('',(-0.00800443804649042,-3.46944695195361E-18,-0.0075));
#9751=CARTESIAN_POINT('',(-0.0143238448261514,0.0169475,-0.0075));
#9752=CARTESIAN_POINT('',(0.00690045898654207,-0.0113502938768941,-0.0075));
#9753=CARTESIAN_POINT('',(0.00963894380221985,-0.0186944122462118,-0.0075));
#9754=CARTESIAN_POINT('',(0.00331953702255883,-0.00174691224621179,-0.0075));
#9755=CARTESIAN_POINT('',(0.00690045898654207,0.0113502938768941,-0.0075));
#9756=CARTESIAN_POINT('',(0.00963894380221985,0.0186944122462118,-0.0075));
#9757=CARTESIAN_POINT('',(0.00331953702255883,0.00174691224621178,-0.0075));
#9758=CARTESIAN_POINT('',(0.0191630084745762,0.0219475,-0.0075));
#9759=CARTESIAN_POINT('',(0.0143238448261514,0.0219475,-0.0075));
#9760=CARTESIAN_POINT('',(0.0206245471872475,0.0219475,-0.0075));
#9761=CARTESIAN_POINT('',(0.0191630084745762,-0.0219475,-0.0075));
#9762=CARTESIAN_POINT('',(0.0143238448261514,-0.0219475,-0.0075));
#9763=CARTESIAN_POINT('',(0.0206245471872475,-0.0219475,-0.01));
#9764=CARTESIAN_POINT('',(0.02921,-0.0244475,-0.01));
#9765=CARTESIAN_POINT('',(0.0249994736842105,-0.0196275966665249,-0.005));
#9766=CARTESIAN_POINT('',(0.0243900966665249,-0.0202369736842105,0.00635));
#9767=CARTESIAN_POINT('',(0.02921,0.0244475,-0.01));
#9768=CARTESIAN_POINT('',(0.0243900966665249,0.0202369736842105,-0.005));
#9769=CARTESIAN_POINT('',(0.0249994736842105,0.0196275966665249,0.00635));
#9770=CARTESIAN_POINT('',(0.02671,0.,-0.0075));
#9771=CARTESIAN_POINT('',(0.02671,0.0158620471872475,-0.0075));
#9772=CARTESIAN_POINT('',(0.02671,-0.0158620471872475,-0.0075));
#9773=CARTESIAN_POINT('',(0.0206245471872475,-0.0169475,-0.01));
#9774=CARTESIAN_POINT('',(0.02171,-0.0158620471872475,-0.01));
#9775=CARTESIAN_POINT('',(0.02171,0.0158620471872475,-0.01));
#9776=CARTESIAN_POINT('',(0.0206245471872475,0.0169475,-0.01));
#9777=CARTESIAN_POINT('',(0.0143238448261514,0.0169475,-0.0075));
#9778=CARTESIAN_POINT('',(0.00800443804649042,-1.7347234759768E-18,-0.0075));
#9779=CARTESIAN_POINT('',(0.0143238448261514,-0.0169475,-0.0075));
#9780=CARTESIAN_POINT('',(0.00362102826978995,-0.0125731324492424,-0.003));
#9781=CARTESIAN_POINT('',(0.00666955807233241,-0.0207487351015153,-0.003));
#9782=CARTESIAN_POINT('',(0.00187396040957263,-0.00788781409684138,-0.003));
#9783=CARTESIAN_POINT('',(-0.00362102826978995,-0.0125731324492424,-0.003));
#9784=CARTESIAN_POINT('',(-0.00187396040957264,-0.00788781409684138,-0.003));
#9785=CARTESIAN_POINT('',(-0.0066695580723324,-0.0207487351015153,-0.003));
#9786=CARTESIAN_POINT('',(1.7347234759768E-18,-0.0234475,-0.003));
#9787=CARTESIAN_POINT('',(-0.00479559766275977,-0.0234475,-0.003));
#9788=CARTESIAN_POINT('',(0.00479559766275977,-0.0234475,-0.003));
#9789=CARTESIAN_POINT('',(-0.00479559766275977,-0.0214475,-0.003));
#9790=CARTESIAN_POINT('',(0.00479559766275977,-0.0214475,-0.003));
#9791=CARTESIAN_POINT('',(-1.0842021724855E-18,-0.00858657899532609,-0.003));
#9792=CARTESIAN_POINT('',(-3.46944695195361E-18,0.0234475,-0.003));
#9793=CARTESIAN_POINT('',(-0.00479559766275977,0.0234475,-0.003));
#9794=CARTESIAN_POINT('',(0.00479559766275976,0.0234475,-0.003));
#9795=CARTESIAN_POINT('',(-0.00362102826978995,0.0125731324492424,-0.003));
#9796=CARTESIAN_POINT('',(-0.00187396040957264,0.00788781409684137,-0.003));
#9797=CARTESIAN_POINT('',(-0.00666955807233241,0.0207487351015153,-0.003));
#9798=CARTESIAN_POINT('',(0.00362102826978995,0.0125731324492424,-0.003));
#9799=CARTESIAN_POINT('',(0.0066695580723324,0.0207487351015153,-0.003));
#9800=CARTESIAN_POINT('',(0.00187396040957263,0.00788781409684137,-0.003));
#9801=CARTESIAN_POINT('',(-1.7347234759768E-18,0.00858657899532609,-0.003));
#9802=CARTESIAN_POINT('',(-0.00479559766275977,0.0214475,-0.003));
#9803=CARTESIAN_POINT('',(0.00479559766275976,0.0214475,-0.003));
#9804=CARTESIAN_POINT('',(0.0762,0.0889,-0.31555));
#9805=CARTESIAN_POINT('',(0.0635,0.0889,0.028575));
#9806=CARTESIAN_POINT('',(0.0635,0.0889,0.028575));
#9807=CARTESIAN_POINT('',(0.0635,0.0889,-0.31555));
#9808=CARTESIAN_POINT('',(0.0635,-1.38777878078145E-17,-0.31555));
#9809=CARTESIAN_POINT('',(0.0635,-0.0508,0.022225));
#9810=CARTESIAN_POINT('',(0.0635,-0.0508,0.028575));
#9811=CARTESIAN_POINT('',(0.0635,-1.38777878078145E-17,0.0151));
#9812=CARTESIAN_POINT('',(0.0635,0.011225,0.0151));
#9813=CARTESIAN_POINT('',(0.0635,0.05255,0.0151));
#9814=CARTESIAN_POINT('',(0.0635,0.011225,-0.31555));
#9815=CARTESIAN_POINT('',(0.0635,0.011225,0.009525));
#9816=CARTESIAN_POINT('',(0.0635,-0.02295,0.009525));
#9817=CARTESIAN_POINT('',(0.0635,-0.026125,0.009525));
#9818=CARTESIAN_POINT('',(0.0635,-0.026125,0.04445));
#9819=CARTESIAN_POINT('',(0.0635,-0.026125,0.04445));
#9820=CARTESIAN_POINT('',(0.0635,-0.062275,0.04445));
#9821=CARTESIAN_POINT('',(0.0635,-0.098425,0.0322598719394654));
#9822=CARTESIAN_POINT('',(0.0635,-0.098425,0.03675));
#9823=CARTESIAN_POINT('',(0.0635,-1.38777878078145E-17,0.03675));
#9824=CARTESIAN_POINT('',(0.0635,-0.092075,0.03675));
#9825=CARTESIAN_POINT('',(0.0635,-0.092075,0.0322598719394654));
#9826=CARTESIAN_POINT('',(0.0635,-0.0889,0.0322598719394654));
#9827=CARTESIAN_POINT('',(0.0635,-0.0889,-0.31555));
#9828=CARTESIAN_POINT('',(0.0635,0.092075,0.028575));
#9829=CARTESIAN_POINT('',(0.0635,0.098425,-0.31555));
#9830=CARTESIAN_POINT('',(0.0635,0.098425,0.04445));
#9831=CARTESIAN_POINT('',(0.0635,-1.38777878078145E-17,0.04445));
#9832=CARTESIAN_POINT('',(0.0635,0.06215,0.04445));
#9833=CARTESIAN_POINT('',(0.0635,0.06215,0.044452));
#9834=CARTESIAN_POINT('',(0.0635,0.06215,0.03755));
#9835=CARTESIAN_POINT('',(0.0635,-1.38777878078145E-17,0.03755));
#9836=CARTESIAN_POINT('',(0.0635,0.05255,0.03755));
#9837=CARTESIAN_POINT('',(0.0635,0.05255,0.012698));
#9838=CARTESIAN_POINT('',(0.0762,-0.0889,-0.31555));
#9839=CARTESIAN_POINT('',(0.0662549359697327,-0.0889,0.0295049359697327));
#9840=CARTESIAN_POINT('',(0.0671848719394654,-0.0889,0.028575));
#9841=CARTESIAN_POINT('',(0.0762,-0.0889,0.028575));
#9842=CARTESIAN_POINT('',(-0.0762,0.0889,-0.31555));
#9843=CARTESIAN_POINT('',(-0.0762,0.0889,0.028575));
#9844=CARTESIAN_POINT('',(-0.0762,-0.0889,-0.31555));
#9845=CARTESIAN_POINT('',(-0.0685,-0.0889,0.028575));
#9846=CARTESIAN_POINT('',(-0.0671848719394654,-0.0889,0.028575));
#9847=CARTESIAN_POINT('',(-0.243754935969732,-0.0889,-0.147995064030267));
#9848=CARTESIAN_POINT('',(-0.052425,0.05485,0.00675));
#9849=CARTESIAN_POINT('',(-0.052425,0.05255,0.00675));
#9850=CARTESIAN_POINT('',(-0.052425,0.05485,0.03755));
#9851=CARTESIAN_POINT('',(-0.052425,0.06215,0.03755));
#9852=CARTESIAN_POINT('',(-0.052425,0.06215,0.03755));
#9853=CARTESIAN_POINT('',(-0.055625,0.05485,0.00675));
#9854=CARTESIAN_POINT('',(-0.055625,0.05255,0.00675));
#9855=CARTESIAN_POINT('',(-0.055625,0.06215,0.03755));
#9856=CARTESIAN_POINT('',(-0.055625,0.06215,0.03755));
#9857=CARTESIAN_POINT('',(-0.055625,0.05485,0.03755));
#9858=CARTESIAN_POINT('',(-0.04455,0.05485,0.00675));
#9859=CARTESIAN_POINT('',(-0.04455,0.0303,0.0151));
#9860=CARTESIAN_POINT('',(-0.04455,0.011225,0.0151));
#9861=CARTESIAN_POINT('',(-0.04455,0.011225,0.00675));
#9862=CARTESIAN_POINT('',(-0.04455,0.05485,0.03755));
#9863=CARTESIAN_POINT('',(-0.0588375,-0.02295,0.00675));
#9864=CARTESIAN_POINT('',(-0.0588375,-0.02295,0.04445));
#9865=CARTESIAN_POINT('',(-0.060325,-0.02295,0.04445));
#9866=CARTESIAN_POINT('',(-0.053975,-0.02295,0.04445));
#9867=CARTESIAN_POINT('',(-0.053975,-0.02295,0.03675));
#9868=CARTESIAN_POINT('',(-0.053975,-0.02295,0.0354348719394654));
#9869=CARTESIAN_POINT('',(-0.0420638140302673,-0.02295,0.0235236859697327));
#9870=CARTESIAN_POINT('',(-0.04455,-0.02295,0.00675));
#9871=CARTESIAN_POINT('',(-0.060325,-0.02295,0.04445));
#9872=CARTESIAN_POINT('',(-0.04455,-0.0245375,0.00675));
#9873=CARTESIAN_POINT('',(0.0397375,-0.026125,0.012698));
#9874=CARTESIAN_POINT('',(0.0381,-0.026125,0.012698));
#9875=CARTESIAN_POINT('',(0.04455,-0.026125,0.012698));
#9876=CARTESIAN_POINT('',(0.0397375,0.05715,0.012698));
#9877=CARTESIAN_POINT('',(0.0381,0.05715,0.012698));
#9878=CARTESIAN_POINT('',(0.04455,0.05715,0.012698));
#9879=CARTESIAN_POINT('',(0.04455,0.05485,0.012698));
#9880=CARTESIAN_POINT('',(0.04455,0.011225,0.0151));
#9881=CARTESIAN_POINT('',(0.04455,0.011225,0.0151));
#9882=CARTESIAN_POINT('',(0.04455,0.0303,0.0151));
#9883=CARTESIAN_POINT('',(0.04455,0.05255,0.0151));
#9884=CARTESIAN_POINT('',(0.04455,0.05255,0.012698));
#9885=CARTESIAN_POINT('',(0.04455,0.05255,0.03755));
#9886=CARTESIAN_POINT('',(0.04455,0.05485,0.03755));
#9887=CARTESIAN_POINT('',(0.0484875,0.05255,0.012698));
#9888=CARTESIAN_POINT('',(0.054025,0.05255,0.0151));
#9889=CARTESIAN_POINT('',(0.052425,0.05255,0.0151));
#9890=CARTESIAN_POINT('',(0.052425,0.05255,0.012698));
#9891=CARTESIAN_POINT('',(0.052425,0.05255,0.03755));
#9892=CARTESIAN_POINT('',(0.0484875,0.05255,0.03755));
#9893=CARTESIAN_POINT('',(0.052425,0.05485,0.012698));
#9894=CARTESIAN_POINT('',(0.052425,0.05715,0.012698));
#9895=CARTESIAN_POINT('',(0.052425,0.06215,0.03755));
#9896=CARTESIAN_POINT('',(0.052425,0.06215,0.03755));
#9897=CARTESIAN_POINT('',(0.052425,0.05485,0.03755));
#9898=CARTESIAN_POINT('',(0.052425,0.05255,0.012698));
#9899=CARTESIAN_POINT('',(0.0549,0.05715,0.012698));
#9900=CARTESIAN_POINT('',(0.055625,0.05715,0.012698));
#9901=CARTESIAN_POINT('',(0.055625,0.05485,0.012698));
#9902=CARTESIAN_POINT('',(0.055625,0.05255,0.012698));
#9903=CARTESIAN_POINT('',(0.055625,0.05255,0.0151));
#9904=CARTESIAN_POINT('',(0.055625,0.05255,0.012698));
#9905=CARTESIAN_POINT('',(0.055625,0.05255,0.03755));
#9906=CARTESIAN_POINT('',(0.055625,0.05485,0.03755));
#9907=CARTESIAN_POINT('',(0.055625,0.06215,0.03755));
#9908=CARTESIAN_POINT('',(0.055625,0.06215,0.03755));
#9909=CARTESIAN_POINT('',(0.0595625,0.05255,0.012698));
#9910=CARTESIAN_POINT('',(0.054025,0.05255,0.0151));
#9911=CARTESIAN_POINT('',(0.0595625,0.05255,0.03755));
#9912=CARTESIAN_POINT('',(0.0588375,-0.02295,0.012698));
#9913=CARTESIAN_POINT('',(0.0530450640302673,-0.02295,0.0345049359697327));
#9914=CARTESIAN_POINT('',(0.053975,-0.02295,0.0354348719394654));
#9915=CARTESIAN_POINT('',(0.053975,-0.02295,0.04445));
#9916=CARTESIAN_POINT('',(0.053975,-0.02295,0.04445));
#9917=CARTESIAN_POINT('',(0.0588375,-0.02295,0.04445));
#9918=CARTESIAN_POINT('',(0.060325,-0.02295,0.04445));
#9919=CARTESIAN_POINT('',(0.060325,-0.02295,0.0127));
#9920=CARTESIAN_POINT('',(0.04455,-0.02295,0.012698));
#9921=CARTESIAN_POINT('',(0.04455,-0.0245375,0.012698));
#9922=CARTESIAN_POINT('',(0.054025,0.05255,0.0151));
#9923=CARTESIAN_POINT('',(0.054025,0.05255,0.0151));
#9924=CARTESIAN_POINT('',(0.054025,0.00805,0.0151));
#9925=CARTESIAN_POINT('',(0.054025,0.00805,0.0151));
#9926=CARTESIAN_POINT('',(0.047725,0.00805,0.0151));
#9927=CARTESIAN_POINT('',(0.060325,0.00805,0.0151));
#9928=CARTESIAN_POINT('',(0.047725,0.00805,0.0127));
#9929=CARTESIAN_POINT('',(0.060325,0.00805,0.0151));
#9930=CARTESIAN_POINT('',(0.,0.,0.0151));
#9931=CARTESIAN_POINT('',(0.047725,0.011225,0.0151));
#9932=CARTESIAN_POINT('',(0.060325,0.011225,0.0151));
#9933=CARTESIAN_POINT('',(-0.054025,0.05255,0.0151));
#9934=CARTESIAN_POINT('',(-0.054025,0.05255,0.0151));
#9935=CARTESIAN_POINT('',(-0.054025,0.00805,0.0151));
#9936=CARTESIAN_POINT('',(-0.047725,0.00805,0.0151));
#9937=CARTESIAN_POINT('',(-0.047725,0.00805,0.0151));
#9938=CARTESIAN_POINT('',(-0.054025,0.00805,0.0151));
#9939=CARTESIAN_POINT('',(-0.060325,0.00805,0.0151));
#9940=CARTESIAN_POINT('',(-0.060325,0.00805,0.0127));
#9941=CARTESIAN_POINT('',(0.,0.,0.0151));
#9942=CARTESIAN_POINT('',(-0.047725,0.011225,0.0151));
#9943=CARTESIAN_POINT('',(-0.060325,0.011225,0.0151));
#9944=CARTESIAN_POINT('',(-0.0484875,0.05485,0.03175));
#9945=CARTESIAN_POINT('',(-0.0484875,0.05485,0.03755));
#9946=CARTESIAN_POINT('',(-0.0498875,0.05485,0.03755));
#9947=CARTESIAN_POINT('',(0.0595625,0.05485,0.03175));
#9948=CARTESIAN_POINT('',(0.0595625,0.05485,0.03755));
#9949=CARTESIAN_POINT('',(0.0581625,0.05485,0.03755));
#9950=CARTESIAN_POINT('',(0.0484875,0.05485,0.03175));
#9951=CARTESIAN_POINT('',(0.0484875,0.05485,0.03755));
#9952=CARTESIAN_POINT('',(0.0470875,0.05485,0.03755));
#9953=CARTESIAN_POINT('',(-0.0595625,0.05485,0.03175));
#9954=CARTESIAN_POINT('',(-0.0595625,0.05485,0.03755));
#9955=CARTESIAN_POINT('',(-0.0609625,0.05485,0.03755));
#9956=CARTESIAN_POINT('',(0.,0.,0.03755));
#9957=CARTESIAN_POINT('',(-0.009475,0.06215,0.03755));
#9958=CARTESIAN_POINT('',(0.,0.,0.03755));
#9959=CARTESIAN_POINT('',(0.054025,0.06215,0.03755));
#9960=CARTESIAN_POINT('',(0.,0.,0.03755));
#9961=CARTESIAN_POINT('',(0.054025,0.06215,0.03755));
#9962=CARTESIAN_POINT('',(0.,0.,0.03755));
#9963=CARTESIAN_POINT('',(-0.009475,0.06215,0.03755));
#9964=CARTESIAN_POINT('',(0.066675,-0.0508,0.022225));
#9965=CARTESIAN_POINT('',(0.066675,-0.0508,0.022225));
#9966=CARTESIAN_POINT('',(0.066675,-0.0508,0.015875));
#9967=CARTESIAN_POINT('',(0.066675,-1.38777878078145E-17,0.018775));
#9968=CARTESIAN_POINT('',(0.066675,-0.0508,0.022225));
#9969=CARTESIAN_POINT('',(0.066675,-0.0508,0.01905));
#9970=CARTESIAN_POINT('',(0.073025,-0.0508,0.022225));
#9971=CARTESIAN_POINT('',(0.073025,-0.0508,0.022225));
#9972=CARTESIAN_POINT('',(0.073025,-0.0508,0.01905));
#9973=CARTESIAN_POINT('',(0.073025,-0.0508,0.022225));
#9974=CARTESIAN_POINT('',(0.073025,-0.0508,0.022225));
#9975=CARTESIAN_POINT('',(0.073025,-0.0508,0.023625));
#9976=CARTESIAN_POINT('',(0.063025,-0.0508,0.022225));
#9977=CARTESIAN_POINT('',(0.0621837951333614,-0.0508,0.022225));
#9978=CARTESIAN_POINT('',(0.063025,-0.0508,0.022225));
#9979=CARTESIAN_POINT('',(0.063025,-0.0508,0.023625));
#9980=CARTESIAN_POINT('',(0.073025,-0.0508,0.022225));
#9981=CARTESIAN_POINT('',(-0.066675,-0.0508,0.022225));
#9982=CARTESIAN_POINT('',(-0.066675,-0.0508,0.022225));
#9983=CARTESIAN_POINT('',(-0.066675,-0.0508,0.028575));
#9984=CARTESIAN_POINT('',(-0.066675,-1.38777878078145E-17,0.018775));
#9985=CARTESIAN_POINT('',(-0.066675,-0.0508,0.022225));
#9986=CARTESIAN_POINT('',(-0.066675,-0.0508,0.0254));
#9987=CARTESIAN_POINT('',(-0.073025,-0.0508,0.022225));
#9988=CARTESIAN_POINT('',(-0.073025,-0.0508,0.022225));
#9989=CARTESIAN_POINT('',(-0.073025,-0.0508,0.0254));
#9990=CARTESIAN_POINT('',(-0.073025,-0.0508,0.022225));
#9991=CARTESIAN_POINT('',(-0.073025,-0.0508,0.022225));
#9992=CARTESIAN_POINT('',(-0.073025,-0.0508,0.020825));
#9993=CARTESIAN_POINT('',(-0.063025,-0.0508,0.022225));
#9994=CARTESIAN_POINT('',(-0.0621837951333614,-0.0508,0.022225));
#9995=CARTESIAN_POINT('',(-0.063025,-0.0508,0.022225));
#9996=CARTESIAN_POINT('',(-0.063025,-0.0508,0.020825));
#9997=CARTESIAN_POINT('',(-0.073025,-0.0508,0.022225));
#9998=CARTESIAN_POINT('',(0.,-0.0383375,0.031752));
#9999=CARTESIAN_POINT('',(-0.034925,-0.0383375,0.028575));
#10000=CARTESIAN_POINT('',(0.0015875,-0.0319875,0.031752));
#10001=CARTESIAN_POINT('',(0.00310444885140839,-0.0620805105780231,-0.01));
#10002=CARTESIAN_POINT('',(0.0168205511485917,-0.0729444097847756,-0.015));
#10003=CARTESIAN_POINT('',(-0.00298543732572346,-0.057256989421977,-0.015));
#10004=CARTESIAN_POINT('',(0.024925,6.93889390390723E-18,-0.015));
#10005=CARTESIAN_POINT('',(0.024925,-0.0690249203627986,-0.015));
#10006=CARTESIAN_POINT('',(0.024925,-0.0533375,-0.015));
#10007=CARTESIAN_POINT('',(0.,-0.0483375,-0.015));
#10008=CARTESIAN_POINT('',(0.019925,-0.0483375,-0.015));
#10009=CARTESIAN_POINT('',(0.000119011525684911,-0.0483375,-0.015));
#10010=CARTESIAN_POINT('',(0.000119011525684911,-0.0533375,-0.015));
#10011=CARTESIAN_POINT('',(0.019925,-0.0690249203627986,-0.015));
#10012=CARTESIAN_POINT('',(0.019925,-0.0533375,-0.015));
#10013=CARTESIAN_POINT('',(-0.024925,-3.46944695195361E-18,-0.015));
#10014=CARTESIAN_POINT('',(-0.024925,-0.0786625,-0.015));
#10015=CARTESIAN_POINT('',(-0.024925,-0.0629750796372014,-0.015));
#10016=CARTESIAN_POINT('',(5.31468609676502E-18,-0.0836625,-0.015));
#10017=CARTESIAN_POINT('',(-0.000119011525684866,-0.0836625,-0.015));
#10018=CARTESIAN_POINT('',(-0.019925,-0.0836625,-0.015));
#10019=CARTESIAN_POINT('',(-0.00310444885140836,-0.069919489421977,-0.01));
#10020=CARTESIAN_POINT('',(0.00298543732572351,-0.0747430105780231,-0.015));
#10021=CARTESIAN_POINT('',(-0.0168205511485917,-0.0590555902152244,-0.015));
#10022=CARTESIAN_POINT('',(-0.019925,-0.0629750796372014,-0.015));
#10023=CARTESIAN_POINT('',(-0.000119011525684867,-0.0786625,-0.015));
#10024=CARTESIAN_POINT('',(-0.019925,-0.0786625,-0.015));
#10025=CARTESIAN_POINT('',(-0.0766,0.0762,0.0254));
#10026=CARTESIAN_POINT('',(-0.1016,0.0762,0.028575));
#10027=CARTESIAN_POINT('',(-0.092075,0.0762,0.028575));
#10028=CARTESIAN_POINT('',(-0.098425,0.0762,0.028575));
#10029=CARTESIAN_POINT('',(-0.098425,0.0762,0.015875));
#10030=CARTESIAN_POINT('',(-0.098425,0.0762,0.01905));
#10031=CARTESIAN_POINT('',(-0.0766,0.0762,0.01905));
#10032=CARTESIAN_POINT('',(-0.092075,0.0762,0.01905));
#10033=CARTESIAN_POINT('',(-0.092075,0.0762,0.0254));
#10034=CARTESIAN_POINT('',(-0.0766,-1.70740499604017E-18,0.01905));
#10035=CARTESIAN_POINT('',(-0.0766,-0.0762,0.01905));
#10036=CARTESIAN_POINT('',(-0.092075,-0.0762,0.01905));
#10037=CARTESIAN_POINT('',(-0.098425,-0.0762,0.01905));
#10038=CARTESIAN_POINT('',(-0.092075,-6.53887330483495E-18,0.01905));
#10039=CARTESIAN_POINT('',(-0.098425,-0.0762,0.01905));
#10040=CARTESIAN_POINT('',(-0.0766,-0.0762,0.0254));
#10041=CARTESIAN_POINT('',(-0.098425,-0.0762,0.0254));
#10042=CARTESIAN_POINT('',(-0.098425,-0.0762,0.028575));
#10043=CARTESIAN_POINT('',(-0.0766,-0.0762,0.028575));
#10044=CARTESIAN_POINT('',(-0.092075,-0.0762,0.028575));
#10045=CARTESIAN_POINT('',(-0.092075,-0.0762,0.015875));
#10046=CARTESIAN_POINT('',(0.09525,0.0762,0.01905));
#10047=CARTESIAN_POINT('',(0.0889,0.0762,0.028575));
#10048=CARTESIAN_POINT('',(0.098425,0.0762,0.028575));
#10049=CARTESIAN_POINT('',(0.092075,0.0762,0.028575));
#10050=CARTESIAN_POINT('',(0.092075,0.0762,0.015875));
#10051=CARTESIAN_POINT('',(0.092075,0.0762,0.01905));
#10052=CARTESIAN_POINT('',(0.09525,0.0762,0.01905));
#10053=CARTESIAN_POINT('',(0.098425,0.0762,0.01905));
#10054=CARTESIAN_POINT('',(0.098425,0.0762,0.01905));
#10055=CARTESIAN_POINT('',(0.09525,-0.0762,0.01905));
#10056=CARTESIAN_POINT('',(0.09525,-0.0762,0.028575));
#10057=CARTESIAN_POINT('',(0.092075,-0.0762,0.028575));
#10058=CARTESIAN_POINT('',(0.098425,-0.0762,0.028575));
#10059=CARTESIAN_POINT('',(0.098425,-0.0762,0.015875));
#10060=CARTESIAN_POINT('',(0.098425,-0.0762,0.01905));
#10061=CARTESIAN_POINT('',(0.09525,-0.0762,0.01905));
#10062=CARTESIAN_POINT('',(0.092075,-0.0762,0.01905));
#10063=CARTESIAN_POINT('',(0.092075,-0.0762,0.01905));
#10064=CARTESIAN_POINT('',(0.,0.,0.01905));
#10065=CARTESIAN_POINT('',(0.092075,-2.87468461733299E-17,0.01905));
#10066=CARTESIAN_POINT('',(0.098425,0.0762,0.01905));
#10067=CARTESIAN_POINT('',(0.0508,-0.062275,0.04445));
#10068=CARTESIAN_POINT('',(0.0508,-0.062275,0.04445));
#10069=CARTESIAN_POINT('',(0.0508,-0.026125,0.04445));
#10070=CARTESIAN_POINT('',(0.0508,-0.098425,0.04445));
#10071=CARTESIAN_POINT('',(0.0508,-0.026125,0.03675));
#10072=CARTESIAN_POINT('',(0.0508,-0.026125,0.03675));
#10073=CARTESIAN_POINT('',(0.0508,-0.062275,0.03675));
#10074=CARTESIAN_POINT('',(0.0508,-0.098425,0.03675));
#10075=CARTESIAN_POINT('',(0.0508,-0.098425,0.04445));
#10076=CARTESIAN_POINT('',(0.,-0.062275,0.04445));
#10077=CARTESIAN_POINT('',(0.05715,-0.0814838317001114,0.04445));
#10078=CARTESIAN_POINT('',(0.05855,-0.0814838317001114,0.04445));
#10079=CARTESIAN_POINT('',(0.053975,-0.026125,0.04445));
#10080=CARTESIAN_POINT('',(0.053975,-0.098425,0.04445));
#10081=CARTESIAN_POINT('',(0.060325,-0.026125,0.04445));
#10082=CARTESIAN_POINT('',(-0.0508,-0.062275,0.04445));
#10083=CARTESIAN_POINT('',(-0.0508,-0.02295,0.03675));
#10084=CARTESIAN_POINT('',(-0.0508,-0.098425,0.03675));
#10085=CARTESIAN_POINT('',(-0.0508,-0.026125,0.03675));
#10086=CARTESIAN_POINT('',(-0.0508,-0.026125,0.04445));
#10087=CARTESIAN_POINT('',(-0.0508,-0.026125,0.04445));
#10088=CARTESIAN_POINT('',(-0.0508,-0.062275,0.04445));
#10089=CARTESIAN_POINT('',(-0.0508,-0.098425,0.04445));
#10090=CARTESIAN_POINT('',(-0.0508,-0.098425,0.04445));
#10091=CARTESIAN_POINT('',(0.,-0.062275,0.04445));
#10092=CARTESIAN_POINT('',(-0.05715,-0.0814838317001114,0.04445));
#10093=CARTESIAN_POINT('',(-0.05575,-0.0814838317001114,0.04445));
#10094=CARTESIAN_POINT('',(-0.053975,-0.026125,0.04445));
#10095=CARTESIAN_POINT('',(-0.060325,-0.026125,0.04445));
#10096=CARTESIAN_POINT('',(-0.053975,-0.098425,0.04445));
#10097=CARTESIAN_POINT('',(0.0508,-0.062275,0.03675));
#10098=CARTESIAN_POINT('',(0.0458,-0.026125,0.03175));
#10099=CARTESIAN_POINT('',(0.0508,-0.098425,0.03675));
#10100=CARTESIAN_POINT('',(-0.0458,0.,0.03175));
#10101=CARTESIAN_POINT('',(-0.0458,-0.026125,0.03175));
#10102=CARTESIAN_POINT('',(-0.0458,-0.098425,0.03175));
#10103=CARTESIAN_POINT('',(-0.0635,-1.38777878078145E-17,0.03675));
#10104=CARTESIAN_POINT('',(-0.0635,-0.098425,0.03675));
#10105=CARTESIAN_POINT('',(-0.0635,-0.092075,0.03675));
#10106=CARTESIAN_POINT('',(0.0685,0.,0.03175));
#10107=CARTESIAN_POINT('',(0.0635,-0.092075,0.03675));
#10108=CARTESIAN_POINT('',(0.0685,-0.098425,0.03175));
#10109=CARTESIAN_POINT('',(-0.009475,0.06215,0.044452));
#10110=CARTESIAN_POINT('',(-0.0508,0.06215,0.044452));
#10111=CARTESIAN_POINT('',(-0.0508,0.06215,0.04445));
#10112=CARTESIAN_POINT('',(-0.009475,0.06215,0.04445));
#10113=CARTESIAN_POINT('',(-0.0508,0.081875,0.044452));
#10114=CARTESIAN_POINT('',(-0.0508,0.098425,0.04445));
#10115=CARTESIAN_POINT('',(-0.0508,0.098425,0.04445));
#10116=CARTESIAN_POINT('',(-0.0508,0.081875,0.04445));
#10117=CARTESIAN_POINT('',(0.,-0.062275,0.04445));
#10118=CARTESIAN_POINT('',(-0.05715,0.0889,0.04445));
#10119=CARTESIAN_POINT('',(-0.05575,0.0889,0.04445));
#10120=CARTESIAN_POINT('',(-0.060325,0.098425,0.04445));
#10121=CARTESIAN_POINT('',(-0.053975,0.098425,0.04445));
#10122=CARTESIAN_POINT('',(0.05715,0.06215,0.044452));
#10123=CARTESIAN_POINT('',(0.0508,0.06215,0.044452));
#10124=CARTESIAN_POINT('',(0.0508,0.06215,0.04445));
#10125=CARTESIAN_POINT('',(0.05715,0.06215,0.04445));
#10126=CARTESIAN_POINT('',(0.0508,0.081875,0.044452));
#10127=CARTESIAN_POINT('',(0.0508,0.081875,0.04445));
#10128=CARTESIAN_POINT('',(0.0508,0.098425,0.04445));
#10129=CARTESIAN_POINT('',(0.0508,0.098425,0.03175));
#10130=CARTESIAN_POINT('',(0.,-0.062275,0.04445));
#10131=CARTESIAN_POINT('',(0.05715,0.0889,0.04445));
#10132=CARTESIAN_POINT('',(0.05855,0.0889,0.04445));
#10133=CARTESIAN_POINT('',(0.060325,0.098425,0.04445));
#10134=CARTESIAN_POINT('',(0.053975,0.098425,0.04445));
#10135=CARTESIAN_POINT('',(0.05715,0.0889,0.0386918));
#10136=CARTESIAN_POINT('',(0.05715,0.0889,0.0378505951333614));
#10137=CARTESIAN_POINT('',(0.05715,0.0889,0.0386918));
#10138=CARTESIAN_POINT('',(0.05575,0.0889,0.0386918));
#10139=CARTESIAN_POINT('',(0.05715,0.0889,0.0486918));
#10140=CARTESIAN_POINT('',(-0.05715,0.0889,0.0386918));
#10141=CARTESIAN_POINT('',(-0.05715,0.0889,0.0378505951333614));
#10142=CARTESIAN_POINT('',(-0.05715,0.0889,0.0386918));
#10143=CARTESIAN_POINT('',(-0.05855,0.0889,0.0386918));
#10144=CARTESIAN_POINT('',(-0.05715,0.0889,0.0486918));
#10145=CARTESIAN_POINT('',(-0.05715,-0.0814838317001114,0.0386918));
#10146=CARTESIAN_POINT('',(-0.05715,-0.0814838317001114,0.0378505951333614));
#10147=CARTESIAN_POINT('',(-0.05715,-0.0814838317001114,0.0386918));
#10148=CARTESIAN_POINT('',(-0.05855,-0.0814838317001114,0.0386918));
#10149=CARTESIAN_POINT('',(-0.05715,-0.0814838317001114,0.0486918));
#10150=CARTESIAN_POINT('',(0.05715,-0.0814838317001114,0.0386918));
#10151=CARTESIAN_POINT('',(0.05715,-0.0814838317001114,0.0378505951333614));
#10152=CARTESIAN_POINT('',(0.05715,-0.0814838317001114,0.0386918));
#10153=CARTESIAN_POINT('',(0.05575,-0.0814838317001114,0.0386918));
#10154=CARTESIAN_POINT('',(0.05715,-0.0814838317001114,0.0486918));
#10155=CARTESIAN_POINT('',(-0.00985005952380954,0.098425,0.0214108176870749));
#10156=CARTESIAN_POINT('',(-0.00985005952380954,0.1016,0.0214108176870749));
#10157=CARTESIAN_POINT('',(-0.00985005952380954,0.098425,0.0219464639455783));
#10158=CARTESIAN_POINT('',(-0.00985005952380954,0.1016,0.0219464639455783));
#10159=CARTESIAN_POINT('',(-0.00998037131519276,0.098425,0.0224248738095238));
#10160=CARTESIAN_POINT('',(-0.00998037131519276,0.1016,0.0224248738095238));
#10161=CARTESIAN_POINT('',(-0.0102409948979592,0.098425,0.0228460472789116));
#10162=CARTESIAN_POINT('',(-0.0102409948979592,0.1016,0.0228460472789116));
#10163=CARTESIAN_POINT('',(-0.00985005952380954,0.1016,0.0214108176870749));
#10164=CARTESIAN_POINT('',(-0.00985005952380954,0.098425,0.0214108176870749));
#10165=CARTESIAN_POINT('',(-0.00985005952380954,0.098425,0.0214108176870749));
#10166=CARTESIAN_POINT('',(-0.00985005952380954,0.098425,0.02221428707483));
#10167=CARTESIAN_POINT('',(-0.0102409948979592,0.098425,0.0228460472789116));
#10168=CARTESIAN_POINT('',(-0.0102409948979592,0.098425,0.0228460472789116));
#10169=CARTESIAN_POINT('',(-0.0102409948979592,0.1016,0.0228460472789116));
#10170=CARTESIAN_POINT('',(-0.0109623894557823,0.098425,0.0193935047619048));
#10171=CARTESIAN_POINT('',(-0.0109623894557823,0.1016,0.0193935047619048));
#10172=CARTESIAN_POINT('',(-0.0102208361678005,0.098425,0.0199881873015873));
#10173=CARTESIAN_POINT('',(-0.0102208361678005,0.1016,0.0199881873015873));
#10174=CARTESIAN_POINT('',(-0.00985005952380954,0.098425,0.0206606249433107));
#10175=CARTESIAN_POINT('',(-0.00985005952380954,0.1016,0.0206606249433107));
#10176=CARTESIAN_POINT('',(-0.00985005952380954,0.098425,0.0214108176870749));
#10177=CARTESIAN_POINT('',(-0.00985005952380954,0.1016,0.0214108176870749));
#10178=CARTESIAN_POINT('',(-0.0109623894557823,0.1016,0.0193935047619048));
#10179=CARTESIAN_POINT('',(-0.0109623894557823,0.098425,0.0193935047619048));
#10180=CARTESIAN_POINT('',(-0.0109623894557823,0.098425,0.0193935047619048));
#10181=CARTESIAN_POINT('',(-0.00985005952380954,0.098425,0.0202855285714286));
#10182=CARTESIAN_POINT('',(-0.00985005952380954,0.098425,0.0214108176870749));
#10183=CARTESIAN_POINT('',(-0.00861461734693879,0.098425,0.0165187258503402));
#10184=CARTESIAN_POINT('',(-0.00861461734693879,0.1016,0.0165187258503402));
#10185=CARTESIAN_POINT('',(-0.00861461734693879,0.098425,0.0178592814058957));
#10186=CARTESIAN_POINT('',(-0.00861461734693879,0.1016,0.0178592814058957));
#10187=CARTESIAN_POINT('',(-0.00939720804988664,0.098425,0.0188175410430839));
#10188=CARTESIAN_POINT('',(-0.00939720804988664,0.1016,0.0188175410430839));
#10189=CARTESIAN_POINT('',(-0.0109623894557823,0.098425,0.0193935047619048));
#10190=CARTESIAN_POINT('',(-0.0109623894557823,0.1016,0.0193935047619048));
#10191=CARTESIAN_POINT('',(-0.00861461734693879,0.1016,0.0165187258503402));
#10192=CARTESIAN_POINT('',(-0.00861461734693879,0.098425,0.0165187258503402));
#10193=CARTESIAN_POINT('',(-0.00861461734693879,0.098425,0.0165187258503402));
#10194=CARTESIAN_POINT('',(-0.00861461734693879,0.098425,0.0185295591836734));
#10195=CARTESIAN_POINT('',(-0.0109623894557823,0.098425,0.0193935047619048));
#10196=CARTESIAN_POINT('',(-0.00944184523809525,0.098425,0.0146958006802721));
#10197=CARTESIAN_POINT('',(-0.00944184523809525,0.1016,0.0146958006802721));
#10198=CARTESIAN_POINT('',(-0.00889035997732428,0.098425,0.0151464922902494));
#10199=CARTESIAN_POINT('',(-0.00889035997732428,0.1016,0.0151464922902494));
#10200=CARTESIAN_POINT('',(-0.00861461734693879,0.098425,0.0157541340136054));
#10201=CARTESIAN_POINT('',(-0.00861461734693879,0.1016,0.0157541340136054));
#10202=CARTESIAN_POINT('',(-0.00861461734693879,0.098425,0.0165187258503402));
#10203=CARTESIAN_POINT('',(-0.00861461734693879,0.1016,0.0165187258503402));
#10204=CARTESIAN_POINT('',(-0.00944184523809525,0.1016,0.0146958006802721));
#10205=CARTESIAN_POINT('',(-0.00944184523809525,0.098425,0.0146958006802721));
#10206=CARTESIAN_POINT('',(-0.00944184523809525,0.098425,0.0146958006802721));
#10207=CARTESIAN_POINT('',(-0.00861461734693879,0.098425,0.0153718380952381));
#10208=CARTESIAN_POINT('',(-0.00861461734693879,0.098425,0.0165187258503402));
#10209=CARTESIAN_POINT('',(-0.011711862244898,0.098425,0.0140197632653061));
#10210=CARTESIAN_POINT('',(-0.011711862244898,0.1016,0.0140197632653061));
#10211=CARTESIAN_POINT('',(-0.0107500028344671,0.098425,0.0140197632653061));
#10212=CARTESIAN_POINT('',(-0.0107500028344671,0.1016,0.0140197632653061));
#10213=CARTESIAN_POINT('',(-0.00999333049886622,0.098425,0.0142451090702948));
#10214=CARTESIAN_POINT('',(-0.00999333049886622,0.1016,0.0142451090702948));
#10215=CARTESIAN_POINT('',(-0.00944184523809525,0.098425,0.0146958006802721));
#10216=CARTESIAN_POINT('',(-0.00944184523809525,0.1016,0.0146958006802721));
#10217=CARTESIAN_POINT('',(-0.011711862244898,0.1016,0.0140197632653061));
#10218=CARTESIAN_POINT('',(-0.011711862244898,0.098425,0.0140197632653061));
#10219=CARTESIAN_POINT('',(-0.011711862244898,0.098425,0.0140197632653061));
#10220=CARTESIAN_POINT('',(-0.0102690731292517,0.098425,0.0140197632653061));
#10221=CARTESIAN_POINT('',(-0.00944184523809525,0.098425,0.0146958006802721));
#10222=CARTESIAN_POINT('',(-0.0135585459183674,0.098425,0.0143783006802721));
#10223=CARTESIAN_POINT('',(-0.0135585459183674,0.1016,0.0143783006802721));
#10224=CARTESIAN_POINT('',(-0.0130300992063492,0.098425,0.0141392757369614));
#10225=CARTESIAN_POINT('',(-0.0130300992063492,0.1016,0.0141392757369614));
#10226=CARTESIAN_POINT('',(-0.0124145379818594,0.098425,0.0140197632653061));
#10227=CARTESIAN_POINT('',(-0.0124145379818594,0.1016,0.0140197632653061));
#10228=CARTESIAN_POINT('',(-0.011711862244898,0.098425,0.0140197632653061));
#10229=CARTESIAN_POINT('',(-0.011711862244898,0.1016,0.0140197632653061));
#10230=CARTESIAN_POINT('',(-0.0135585459183674,0.1016,0.0143783006802721));
#10231=CARTESIAN_POINT('',(-0.0135585459183674,0.098425,0.0143783006802721));
#10232=CARTESIAN_POINT('',(-0.0135585459183674,0.098425,0.0143783006802721));
#10233=CARTESIAN_POINT('',(-0.0127658758503401,0.098425,0.0140197632653061));
#10234=CARTESIAN_POINT('',(-0.011711862244898,0.098425,0.0140197632653061));
#10235=CARTESIAN_POINT('',(-0.0147799489795918,0.098425,0.01538803707483));
#10236=CARTESIAN_POINT('',(-0.0147799489795918,0.1016,0.01538803707483));
#10237=CARTESIAN_POINT('',(-0.014494126984127,0.098425,0.0149539044217687));
#10238=CARTESIAN_POINT('',(-0.014494126984127,0.1016,0.0149539044217687));
#10239=CARTESIAN_POINT('',(-0.0140869926303855,0.098425,0.0146173256235828));
#10240=CARTESIAN_POINT('',(-0.0140869926303855,0.1016,0.0146173256235828));
#10241=CARTESIAN_POINT('',(-0.0135585459183674,0.098425,0.0143783006802721));
#10242=CARTESIAN_POINT('',(-0.0135585459183674,0.1016,0.0143783006802721));
#10243=CARTESIAN_POINT('',(-0.0147799489795918,0.1016,0.01538803707483));
#10244=CARTESIAN_POINT('',(-0.0147799489795918,0.098425,0.01538803707483));
#10245=CARTESIAN_POINT('',(-0.0147799489795918,0.098425,0.01538803707483));
#10246=CARTESIAN_POINT('',(-0.0143512159863946,0.098425,0.0147368380952381));
#10247=CARTESIAN_POINT('',(-0.0135585459183674,0.098425,0.0143783006802721));
#10248=CARTESIAN_POINT('',(-0.0152086819727892,0.098425,0.016862144217687));
#10249=CARTESIAN_POINT('',(-0.0152086819727892,0.1016,0.016862144217687));
#10250=CARTESIAN_POINT('',(-0.0152086819727892,0.098425,0.0163135387755102));
#10251=CARTESIAN_POINT('',(-0.0152086819727892,0.1016,0.0163135387755102));
#10252=CARTESIAN_POINT('',(-0.0150657709750567,0.098425,0.0158221697278912));
#10253=CARTESIAN_POINT('',(-0.0150657709750567,0.1016,0.0158221697278912));
#10254=CARTESIAN_POINT('',(-0.0147799489795918,0.098425,0.01538803707483));
#10255=CARTESIAN_POINT('',(-0.0147799489795918,0.1016,0.01538803707483));
#10256=CARTESIAN_POINT('',(-0.0152086819727892,0.1016,0.016862144217687));
#10257=CARTESIAN_POINT('',(-0.0152086819727892,0.098425,0.016862144217687));
#10258=CARTESIAN_POINT('',(-0.0152086819727892,0.098425,0.016862144217687));
#10259=CARTESIAN_POINT('',(-0.0152086819727892,0.098425,0.0160392360544218));
#10260=CARTESIAN_POINT('',(-0.0147799489795918,0.098425,0.01538803707483));
#10261=CARTESIAN_POINT('',(-0.0137442942176871,0.098425,0.0193265489795919));
#10262=CARTESIAN_POINT('',(-0.0137442942176871,0.1016,0.0193265489795919));
#10263=CARTESIAN_POINT('',(-0.0147205527210885,0.098425,0.0186915489795919));
#10264=CARTESIAN_POINT('',(-0.0147205527210885,0.1016,0.0186915489795919));
#10265=CARTESIAN_POINT('',(-0.0152086819727892,0.098425,0.0178700807256236));
#10266=CARTESIAN_POINT('',(-0.0152086819727892,0.1016,0.0178700807256236));
#10267=CARTESIAN_POINT('',(-0.0152086819727892,0.098425,0.016862144217687));
#10268=CARTESIAN_POINT('',(-0.0152086819727892,0.1016,0.016862144217687));
#10269=CARTESIAN_POINT('',(-0.0137442942176871,0.1016,0.0193265489795919));
#10270=CARTESIAN_POINT('',(-0.0137442942176871,0.098425,0.0193265489795919));
#10271=CARTESIAN_POINT('',(-0.0137442942176871,0.098425,0.0193265489795919));
#10272=CARTESIAN_POINT('',(-0.0152086819727892,0.098425,0.0183740489795919));
#10273=CARTESIAN_POINT('',(-0.0152086819727892,0.098425,0.016862144217687));
#10274=CARTESIAN_POINT('',(-0.0153004761904762,0.098425,0.0203481646258504));
#10275=CARTESIAN_POINT('',(-0.0153004761904762,0.1016,0.0203481646258504));
#10276=CARTESIAN_POINT('',(-0.0149383390022676,0.098425,0.0199003528344671));
#10277=CARTESIAN_POINT('',(-0.0149383390022676,0.1016,0.0199003528344671));
#10278=CARTESIAN_POINT('',(-0.0144196116780046,0.098425,0.0195598142857143));
#10279=CARTESIAN_POINT('',(-0.0144196116780046,0.1016,0.0195598142857143));
#10280=CARTESIAN_POINT('',(-0.0137442942176871,0.098425,0.0193265489795919));
#10281=CARTESIAN_POINT('',(-0.0137442942176871,0.1016,0.0193265489795919));
#10282=CARTESIAN_POINT('',(-0.0153004761904762,0.1016,0.0203481646258504));
#10283=CARTESIAN_POINT('',(-0.0153004761904762,0.098425,0.0203481646258504));
#10284=CARTESIAN_POINT('',(-0.0153004761904762,0.098425,0.0203481646258504));
#10285=CARTESIAN_POINT('',(-0.0147572704081633,0.098425,0.0196764469387755));
#10286=CARTESIAN_POINT('',(-0.0137442942176871,0.098425,0.0193265489795919));
#10287=CARTESIAN_POINT('',(-0.0158436819727891,0.098425,0.0219248653061224));
#10288=CARTESIAN_POINT('',(-0.0158436819727891,0.1016,0.0219248653061224));
#10289=CARTESIAN_POINT('',(-0.0158436819727891,0.098425,0.0213215433106576));
#10290=CARTESIAN_POINT('',(-0.0158436819727891,0.1016,0.0213215433106576));
#10291=CARTESIAN_POINT('',(-0.0156626133786848,0.098425,0.0207959764172336));
#10292=CARTESIAN_POINT('',(-0.0156626133786848,0.1016,0.0207959764172336));
#10293=CARTESIAN_POINT('',(-0.0153004761904762,0.098425,0.0203481646258504));
#10294=CARTESIAN_POINT('',(-0.0153004761904762,0.1016,0.0203481646258504));
#10295=CARTESIAN_POINT('',(-0.0158436819727891,0.1016,0.0219248653061224));
#10296=CARTESIAN_POINT('',(-0.0158436819727891,0.098425,0.0219248653061224));
#10297=CARTESIAN_POINT('',(-0.0158436819727891,0.098425,0.0219248653061224));
#10298=CARTESIAN_POINT('',(-0.0158436819727891,0.098425,0.0210198823129252));
#10299=CARTESIAN_POINT('',(-0.0153004761904762,0.098425,0.0203481646258504));
#10300=CARTESIAN_POINT('',(-0.015516462585034,0.098425,0.0230987513605442));
#10301=CARTESIAN_POINT('',(-0.015516462585034,0.1016,0.0230987513605442));
#10302=CARTESIAN_POINT('',(-0.0157346088435374,0.098425,0.0227567729024943));
#10303=CARTESIAN_POINT('',(-0.0157346088435374,0.1016,0.0227567729024943));
#10304=CARTESIAN_POINT('',(-0.0158436819727891,0.098425,0.0223654775510204));
#10305=CARTESIAN_POINT('',(-0.0158436819727891,0.1016,0.0223654775510204));
#10306=CARTESIAN_POINT('',(-0.0158436819727891,0.098425,0.0219248653061224));
#10307=CARTESIAN_POINT('',(-0.0158436819727891,0.1016,0.0219248653061224));
#10308=CARTESIAN_POINT('',(-0.015516462585034,0.1016,0.0230987513605442));
#10309=CARTESIAN_POINT('',(-0.015516462585034,0.098425,0.0230987513605442));
#10310=CARTESIAN_POINT('',(-0.015516462585034,0.098425,0.0230987513605442));
#10311=CARTESIAN_POINT('',(-0.0158436819727891,0.098425,0.0225857836734694));
#10312=CARTESIAN_POINT('',(-0.0158436819727891,0.098425,0.0219248653061224));
#10313=CARTESIAN_POINT('',(-0.0145650425170068,0.098425,0.0238957411564626));
#10314=CARTESIAN_POINT('',(-0.0145650425170068,0.1016,0.0238957411564626));
#10315=CARTESIAN_POINT('',(-0.0149811763038549,0.098425,0.0237063930839002));
#10316=CARTESIAN_POINT('',(-0.0149811763038549,0.1016,0.0237063930839002));
#10317=CARTESIAN_POINT('',(-0.0152983163265306,0.098425,0.0234407298185941));
#10318=CARTESIAN_POINT('',(-0.0152983163265306,0.1016,0.0234407298185941));
#10319=CARTESIAN_POINT('',(-0.015516462585034,0.098425,0.0230987513605442));
#10320=CARTESIAN_POINT('',(-0.015516462585034,0.1016,0.0230987513605442));
#10321=CARTESIAN_POINT('',(-0.0145650425170068,0.1016,0.0238957411564626));
#10322=CARTESIAN_POINT('',(-0.0145650425170068,0.098425,0.0238957411564626));
#10323=CARTESIAN_POINT('',(-0.0145650425170068,0.098425,0.0238957411564626));
#10324=CARTESIAN_POINT('',(-0.0151892431972789,0.098425,0.0236117190476191));
#10325=CARTESIAN_POINT('',(-0.015516462585034,0.098425,0.0230987513605442));
#10326=CARTESIAN_POINT('',(-0.0131092942176871,0.098425,0.0241797632653061));
#10327=CARTESIAN_POINT('',(-0.0131092942176871,0.1016,0.0241797632653061));
#10328=CARTESIAN_POINT('',(-0.0136636592970522,0.098425,0.0241797632653061));
#10329=CARTESIAN_POINT('',(-0.0136636592970522,0.1016,0.0241797632653061));
#10330=CARTESIAN_POINT('',(-0.0141489087301587,0.098425,0.0240850892290249));
#10331=CARTESIAN_POINT('',(-0.0141489087301587,0.1016,0.0240850892290249));
#10332=CARTESIAN_POINT('',(-0.0145650425170068,0.098425,0.0238957411564626));
#10333=CARTESIAN_POINT('',(-0.0145650425170068,0.1016,0.0238957411564626));
#10334=CARTESIAN_POINT('',(-0.0131092942176871,0.1016,0.0241797632653061));
#10335=CARTESIAN_POINT('',(-0.0131092942176871,0.098425,0.0241797632653061));
#10336=CARTESIAN_POINT('',(-0.0131092942176871,0.098425,0.0241797632653061));
#10337=CARTESIAN_POINT('',(-0.0139408418367347,0.098425,0.0241797632653061));
#10338=CARTESIAN_POINT('',(-0.0145650425170068,0.098425,0.0238957411564626));
#10339=CARTESIAN_POINT('',(-0.0113749234693878,0.098425,0.0238287853741497));
#10340=CARTESIAN_POINT('',(-0.0113749234693878,0.1016,0.0238287853741497));
#10341=CARTESIAN_POINT('',(-0.0118702522675737,0.098425,0.0240627706349206));
#10342=CARTESIAN_POINT('',(-0.0118702522675737,0.1016,0.0240627706349206));
#10343=CARTESIAN_POINT('',(-0.0124483758503402,0.098425,0.0241797632653061));
#10344=CARTESIAN_POINT('',(-0.0124483758503402,0.1016,0.0241797632653061));
#10345=CARTESIAN_POINT('',(-0.0131092942176871,0.098425,0.0241797632653061));
#10346=CARTESIAN_POINT('',(-0.0131092942176871,0.1016,0.0241797632653061));
#10347=CARTESIAN_POINT('',(-0.0113749234693878,0.1016,0.0238287853741497));
#10348=CARTESIAN_POINT('',(-0.0113749234693878,0.098425,0.0238287853741497));
#10349=CARTESIAN_POINT('',(-0.0113749234693878,0.098425,0.0238287853741497));
#10350=CARTESIAN_POINT('',(-0.0121179166666667,0.098425,0.0241797632653061));
#10351=CARTESIAN_POINT('',(-0.0131092942176871,0.098425,0.0241797632653061));
#10352=CARTESIAN_POINT('',(-0.0128630697278912,0.098425,0.0159139639455783));
#10353=CARTESIAN_POINT('',(-0.0128630697278912,0.1016,0.0159139639455783));
#10354=CARTESIAN_POINT('',(-0.01310785430839,0.098425,0.0161544287981859));
#10355=CARTESIAN_POINT('',(-0.01310785430839,0.1016,0.0161544287981859));
#10356=CARTESIAN_POINT('',(-0.0132302465986395,0.098425,0.0164661691609977));
#10357=CARTESIAN_POINT('',(-0.0132302465986395,0.1016,0.0164661691609977));
#10358=CARTESIAN_POINT('',(-0.0132302465986395,0.098425,0.0168491850340136));
#10359=CARTESIAN_POINT('',(-0.0132302465986395,0.1016,0.0168491850340136));
#10360=CARTESIAN_POINT('',(-0.0128630697278912,0.1016,0.0159139639455783));
#10361=CARTESIAN_POINT('',(-0.0132302465986395,0.1016,0.0162746612244898));
#10362=CARTESIAN_POINT('',(-0.0132302465986395,0.1016,0.0168491850340136));
#10363=CARTESIAN_POINT('',(-0.0132302465986395,0.1016,0.0168491850340136));
#10364=CARTESIAN_POINT('',(-0.0128630697278912,0.1016,0.0159139639455783));
#10365=CARTESIAN_POINT('',(-0.0128630697278912,0.1016,0.0159139639455783));
#10366=CARTESIAN_POINT('',(-0.0128630697278912,0.098425,0.0159139639455783));
#10367=CARTESIAN_POINT('',(-0.0128630697278912,0.098425,0.0159139639455783));
#10368=CARTESIAN_POINT('',(-0.0132302465986395,0.098425,0.0162746612244898));
#10369=CARTESIAN_POINT('',(-0.0132302465986395,0.098425,0.0168491850340136));
#10370=CARTESIAN_POINT('',(-0.0132302465986395,0.098425,0.0168491850340136));
#10371=CARTESIAN_POINT('',(-0.0132302465986395,0.1016,0.0168491850340136));
#10372=CARTESIAN_POINT('',(-0.0118673724489796,0.098425,0.0155532666666667));
#10373=CARTESIAN_POINT('',(-0.0118673724489796,0.1016,0.0155532666666667));
#10374=CARTESIAN_POINT('',(-0.0122863860544218,0.098425,0.0155532666666667));
#10375=CARTESIAN_POINT('',(-0.0122863860544218,0.1016,0.0155532666666667));
#10376=CARTESIAN_POINT('',(-0.0126182851473923,0.098425,0.0156734990929705));
#10377=CARTESIAN_POINT('',(-0.0126182851473923,0.1016,0.0156734990929705));
#10378=CARTESIAN_POINT('',(-0.0128630697278912,0.098425,0.0159139639455783));
#10379=CARTESIAN_POINT('',(-0.0128630697278912,0.1016,0.0159139639455783));
#10380=CARTESIAN_POINT('',(-0.0118673724489796,0.1016,0.0155532666666667));
#10381=CARTESIAN_POINT('',(-0.0124958928571429,0.1016,0.0155532666666667));
#10382=CARTESIAN_POINT('',(-0.0128630697278912,0.1016,0.0159139639455783));
#10383=CARTESIAN_POINT('',(-0.0118673724489796,0.1016,0.0155532666666667));
#10384=CARTESIAN_POINT('',(-0.0118673724489796,0.1016,0.0155532666666667));
#10385=CARTESIAN_POINT('',(-0.0118673724489796,0.098425,0.0155532666666667));
#10386=CARTESIAN_POINT('',(-0.0118673724489796,0.098425,0.0155532666666667));
#10387=CARTESIAN_POINT('',(-0.0124958928571429,0.098425,0.0155532666666667));
#10388=CARTESIAN_POINT('',(-0.0128630697278912,0.098425,0.0159139639455783));
#10389=CARTESIAN_POINT('',(-0.0109569897959184,0.098425,0.015874006462585));
#10390=CARTESIAN_POINT('',(-0.0109569897959184,0.1016,0.015874006462585));
#10391=CARTESIAN_POINT('',(-0.011182335600907,0.098425,0.0156601799319728));
#10392=CARTESIAN_POINT('',(-0.011182335600907,0.1016,0.0156601799319728));
#10393=CARTESIAN_POINT('',(-0.0114857964852608,0.098425,0.0155532666666667));
#10394=CARTESIAN_POINT('',(-0.0114857964852608,0.1016,0.0155532666666667));
#10395=CARTESIAN_POINT('',(-0.0118673724489796,0.098425,0.0155532666666667));
#10396=CARTESIAN_POINT('',(-0.0118673724489796,0.1016,0.0155532666666667));
#10397=CARTESIAN_POINT('',(-0.0109569897959184,0.1016,0.015874006462585));
#10398=CARTESIAN_POINT('',(-0.0112950085034014,0.1016,0.0155532666666667));
#10399=CARTESIAN_POINT('',(-0.0118673724489796,0.1016,0.0155532666666667));
#10400=CARTESIAN_POINT('',(-0.0109569897959184,0.1016,0.015874006462585));
#10401=CARTESIAN_POINT('',(-0.0109569897959184,0.1016,0.015874006462585));
#10402=CARTESIAN_POINT('',(-0.0109569897959184,0.098425,0.015874006462585));
#10403=CARTESIAN_POINT('',(-0.0109569897959184,0.098425,0.015874006462585));
#10404=CARTESIAN_POINT('',(-0.0112950085034014,0.098425,0.0155532666666667));
#10405=CARTESIAN_POINT('',(-0.0118673724489796,0.098425,0.0155532666666667));
#10406=CARTESIAN_POINT('',(-0.0106189710884354,0.098425,0.0167411918367347));
#10407=CARTESIAN_POINT('',(-0.0106189710884354,0.1016,0.0167411918367347));
#10408=CARTESIAN_POINT('',(-0.0106189710884354,0.098425,0.0163768947845805));
#10409=CARTESIAN_POINT('',(-0.0106189710884354,0.1016,0.0163768947845805));
#10410=CARTESIAN_POINT('',(-0.0107316439909297,0.098425,0.0160878329931973));
#10411=CARTESIAN_POINT('',(-0.0107316439909297,0.1016,0.0160878329931973));
#10412=CARTESIAN_POINT('',(-0.0109569897959184,0.098425,0.015874006462585));
#10413=CARTESIAN_POINT('',(-0.0109569897959184,0.1016,0.015874006462585));
#10414=CARTESIAN_POINT('',(-0.0106189710884354,0.1016,0.0167411918367347));
#10415=CARTESIAN_POINT('',(-0.0106189710884354,0.1016,0.0161947462585034));
#10416=CARTESIAN_POINT('',(-0.0109569897959184,0.1016,0.015874006462585));
#10417=CARTESIAN_POINT('',(-0.0106189710884354,0.1016,0.0167411918367347));
#10418=CARTESIAN_POINT('',(-0.0106189710884354,0.1016,0.0167411918367347));
#10419=CARTESIAN_POINT('',(-0.0106189710884354,0.098425,0.0167411918367347));
#10420=CARTESIAN_POINT('',(-0.0106189710884354,0.098425,0.0167411918367347));
#10421=CARTESIAN_POINT('',(-0.0106189710884354,0.098425,0.0161947462585034));
#10422=CARTESIAN_POINT('',(-0.0109569897959184,0.098425,0.015874006462585));
#10423=CARTESIAN_POINT('',(-0.0110034268707483,0.098425,0.0177736068027211));
#10424=CARTESIAN_POINT('',(-0.0110034268707483,0.1016,0.0177736068027211));
#10425=CARTESIAN_POINT('',(-0.010747123015873,0.098425,0.017494264399093));
#10426=CARTESIAN_POINT('',(-0.010747123015873,0.1016,0.017494264399093));
#10427=CARTESIAN_POINT('',(-0.0106189710884354,0.098425,0.0171501260770975));
#10428=CARTESIAN_POINT('',(-0.0106189710884354,0.1016,0.0171501260770975));
#10429=CARTESIAN_POINT('',(-0.0106189710884354,0.098425,0.0167411918367347));
#10430=CARTESIAN_POINT('',(-0.0106189710884354,0.1016,0.0167411918367347));
#10431=CARTESIAN_POINT('',(-0.0110034268707483,0.1016,0.0177736068027211));
#10432=CARTESIAN_POINT('',(-0.0106189710884354,0.1016,0.0173545931972789));
#10433=CARTESIAN_POINT('',(-0.0106189710884354,0.1016,0.0167411918367347));
#10434=CARTESIAN_POINT('',(-0.0110034268707483,0.1016,0.0177736068027211));
#10435=CARTESIAN_POINT('',(-0.0110034268707483,0.1016,0.0177736068027211));
#10436=CARTESIAN_POINT('',(-0.0110034268707483,0.098425,0.0177736068027211));
#10437=CARTESIAN_POINT('',(-0.0110034268707483,0.098425,0.0177736068027211));
#10438=CARTESIAN_POINT('',(-0.0106189710884354,0.098425,0.0173545931972789));
#10439=CARTESIAN_POINT('',(-0.0106189710884354,0.098425,0.0167411918367347));
#10440=CARTESIAN_POINT('',(-0.0121719132653061,0.098425,0.0184950013605442));
#10441=CARTESIAN_POINT('',(-0.0121719132653061,0.1016,0.0184950013605442));
#10442=CARTESIAN_POINT('',(-0.0116492261904762,0.098425,0.0182934140589569));
#10443=CARTESIAN_POINT('',(-0.0116492261904762,0.1016,0.0182934140589569));
#10444=CARTESIAN_POINT('',(-0.0112597307256236,0.098425,0.0180529492063492));
#10445=CARTESIAN_POINT('',(-0.0112597307256236,0.1016,0.0180529492063492));
#10446=CARTESIAN_POINT('',(-0.0110034268707483,0.098425,0.0177736068027211));
#10447=CARTESIAN_POINT('',(-0.0110034268707483,0.1016,0.0177736068027211));
#10448=CARTESIAN_POINT('',(-0.0121719132653061,0.1016,0.0184950013605442));
#10449=CARTESIAN_POINT('',(-0.0113878826530612,0.1016,0.0181926204081633));
#10450=CARTESIAN_POINT('',(-0.0110034268707483,0.1016,0.0177736068027211));
#10451=CARTESIAN_POINT('',(-0.0121719132653061,0.1016,0.0184950013605442));
#10452=CARTESIAN_POINT('',(-0.0121719132653061,0.1016,0.0184950013605442));
#10453=CARTESIAN_POINT('',(-0.0121719132653061,0.098425,0.0184950013605442));
#10454=CARTESIAN_POINT('',(-0.0121719132653061,0.098425,0.0184950013605442));
#10455=CARTESIAN_POINT('',(-0.0113878826530612,0.098425,0.0181926204081633));
#10456=CARTESIAN_POINT('',(-0.0110034268707483,0.098425,0.0177736068027211));
#10457=CARTESIAN_POINT('',(-0.0129840221088435,0.098425,0.0177368891156463));
#10458=CARTESIAN_POINT('',(-0.0129840221088435,0.1016,0.0177368891156463));
#10459=CARTESIAN_POINT('',(-0.0128198724489796,0.098425,0.0180003925170068));
#10460=CARTESIAN_POINT('',(-0.0128198724489796,0.1016,0.0180003925170068));
#10461=CARTESIAN_POINT('',(-0.0125491695011338,0.098425,0.0182530965986394));
#10462=CARTESIAN_POINT('',(-0.0125491695011338,0.1016,0.0182530965986394));
#10463=CARTESIAN_POINT('',(-0.0121719132653061,0.098425,0.0184950013605442));
#10464=CARTESIAN_POINT('',(-0.0121719132653061,0.1016,0.0184950013605442));
#10465=CARTESIAN_POINT('',(-0.0129840221088435,0.1016,0.0177368891156463));
#10466=CARTESIAN_POINT('',(-0.0127377976190476,0.1016,0.018132144217687));
#10467=CARTESIAN_POINT('',(-0.0121719132653061,0.1016,0.0184950013605442));
#10468=CARTESIAN_POINT('',(-0.0129840221088435,0.1016,0.0177368891156463));
#10469=CARTESIAN_POINT('',(-0.0129840221088435,0.1016,0.0177368891156463));
#10470=CARTESIAN_POINT('',(-0.0129840221088435,0.098425,0.0177368891156463));
#10471=CARTESIAN_POINT('',(-0.0129840221088435,0.098425,0.0177368891156463));
#10472=CARTESIAN_POINT('',(-0.0127377976190476,0.098425,0.018132144217687));
#10473=CARTESIAN_POINT('',(-0.0121719132653061,0.098425,0.0184950013605442));
#10474=CARTESIAN_POINT('',(-0.0126362840136055,0.098425,0.0201840149659864));
#10475=CARTESIAN_POINT('',(-0.0126362840136055,0.1016,0.0201840149659864));
#10476=CARTESIAN_POINT('',(-0.0134699914965986,0.098425,0.0205079945578231));
#10477=CARTESIAN_POINT('',(-0.0134699914965986,0.1016,0.0205079945578231));
#10478=CARTESIAN_POINT('',(-0.0138868452380952,0.098425,0.0210047632653061));
#10479=CARTESIAN_POINT('',(-0.0138868452380952,0.1016,0.0210047632653061));
#10480=CARTESIAN_POINT('',(-0.0138868452380952,0.098425,0.0216743210884353));
#10481=CARTESIAN_POINT('',(-0.0138868452380952,0.1016,0.0216743210884353));
#10482=CARTESIAN_POINT('',(-0.0126362840136055,0.1016,0.0201840149659864));
#10483=CARTESIAN_POINT('',(-0.0138868452380952,0.1016,0.0206699843537415));
#10484=CARTESIAN_POINT('',(-0.0138868452380952,0.1016,0.0216743210884353));
#10485=CARTESIAN_POINT('',(-0.0138868452380952,0.1016,0.0216743210884353));
#10486=CARTESIAN_POINT('',(-0.0126362840136055,0.1016,0.0201840149659864));
#10487=CARTESIAN_POINT('',(-0.0126362840136055,0.1016,0.0201840149659864));
#10488=CARTESIAN_POINT('',(-0.0126362840136055,0.098425,0.0201840149659864));
#10489=CARTESIAN_POINT('',(-0.0126362840136055,0.098425,0.0201840149659864));
#10490=CARTESIAN_POINT('',(-0.0138868452380952,0.098425,0.0206699843537415));
#10491=CARTESIAN_POINT('',(-0.0138868452380952,0.098425,0.0216743210884353));
#10492=CARTESIAN_POINT('',(-0.0138868452380952,0.098425,0.0216743210884353));
#10493=CARTESIAN_POINT('',(-0.0138868452380952,0.1016,0.0216743210884353));
#10494=CARTESIAN_POINT('',(-0.0118068962585034,0.098425,0.0215404095238095));
#10495=CARTESIAN_POINT('',(-0.0118068962585034,0.1016,0.0215404095238095));
#10496=CARTESIAN_POINT('',(-0.0118068962585034,0.098425,0.020945726984127));
#10497=CARTESIAN_POINT('',(-0.0118068962585034,0.1016,0.020945726984127));
#10498=CARTESIAN_POINT('',(-0.0120833588435374,0.098425,0.0204935954648526));
#10499=CARTESIAN_POINT('',(-0.0120833588435374,0.1016,0.0204935954648526));
#10500=CARTESIAN_POINT('',(-0.0126362840136055,0.098425,0.0201840149659864));
#10501=CARTESIAN_POINT('',(-0.0126362840136055,0.1016,0.0201840149659864));
#10502=CARTESIAN_POINT('',(-0.0118068962585034,0.1016,0.0215404095238095));
#10503=CARTESIAN_POINT('',(-0.0118068962585034,0.1016,0.0206483857142857));
#10504=CARTESIAN_POINT('',(-0.0126362840136055,0.1016,0.0201840149659864));
#10505=CARTESIAN_POINT('',(-0.0118068962585034,0.1016,0.0215404095238095));
#10506=CARTESIAN_POINT('',(-0.0118068962585034,0.1016,0.0215404095238095));
#10507=CARTESIAN_POINT('',(-0.0118068962585034,0.098425,0.0215404095238095));
#10508=CARTESIAN_POINT('',(-0.0118068962585034,0.098425,0.0215404095238095));
#10509=CARTESIAN_POINT('',(-0.0118068962585034,0.098425,0.0206483857142857));
#10510=CARTESIAN_POINT('',(-0.0126362840136055,0.098425,0.0201840149659864));
#10511=CARTESIAN_POINT('',(-0.0121103571428571,0.098425,0.022347118707483));
#10512=CARTESIAN_POINT('',(-0.0121103571428571,0.1016,0.022347118707483));
#10513=CARTESIAN_POINT('',(-0.0119080498866213,0.098425,0.0221376119047619));
#10514=CARTESIAN_POINT('',(-0.0119080498866213,0.1016,0.0221376119047619));
#10515=CARTESIAN_POINT('',(-0.0118068962585034,0.098425,0.0218687088435374));
#10516=CARTESIAN_POINT('',(-0.0118068962585034,0.1016,0.0218687088435374));
#10517=CARTESIAN_POINT('',(-0.0118068962585034,0.098425,0.0215404095238095));
#10518=CARTESIAN_POINT('',(-0.0118068962585034,0.1016,0.0215404095238095));
#10519=CARTESIAN_POINT('',(-0.0121103571428571,0.1016,0.022347118707483));
#10520=CARTESIAN_POINT('',(-0.0118068962585034,0.1016,0.0220328585034013));
#10521=CARTESIAN_POINT('',(-0.0118068962585034,0.1016,0.0215404095238095));
#10522=CARTESIAN_POINT('',(-0.0121103571428571,0.1016,0.022347118707483));
#10523=CARTESIAN_POINT('',(-0.0121103571428571,0.1016,0.022347118707483));
#10524=CARTESIAN_POINT('',(-0.0121103571428571,0.098425,0.022347118707483));
#10525=CARTESIAN_POINT('',(-0.0121103571428571,0.098425,0.022347118707483));
#10526=CARTESIAN_POINT('',(-0.0118068962585034,0.098425,0.0220328585034013));
#10527=CARTESIAN_POINT('',(-0.0118068962585034,0.098425,0.0215404095238095));
#10528=CARTESIAN_POINT('',(-0.0129278656462585,0.098425,0.0226613789115646));
#10529=CARTESIAN_POINT('',(-0.0129278656462585,0.1016,0.0226613789115646));
#10530=CARTESIAN_POINT('',(-0.0125851672335601,0.098425,0.0226613789115646));
#10531=CARTESIAN_POINT('',(-0.0125851672335601,0.1016,0.0226613789115646));
#10532=CARTESIAN_POINT('',(-0.012312664399093,0.098425,0.0225566255102041));
#10533=CARTESIAN_POINT('',(-0.012312664399093,0.1016,0.0225566255102041));
#10534=CARTESIAN_POINT('',(-0.0121103571428571,0.098425,0.022347118707483));
#10535=CARTESIAN_POINT('',(-0.0121103571428571,0.1016,0.022347118707483));
#10536=CARTESIAN_POINT('',(-0.0129278656462585,0.1016,0.0226613789115646));
#10537=CARTESIAN_POINT('',(-0.0124138180272109,0.1016,0.0226613789115646));
#10538=CARTESIAN_POINT('',(-0.0121103571428571,0.1016,0.022347118707483));
#10539=CARTESIAN_POINT('',(-0.0129278656462585,0.1016,0.0226613789115646));
#10540=CARTESIAN_POINT('',(-0.0129278656462585,0.1016,0.0226613789115646));
#10541=CARTESIAN_POINT('',(-0.0129278656462585,0.098425,0.0226613789115646));
#10542=CARTESIAN_POINT('',(-0.0129278656462585,0.098425,0.0226613789115646));
#10543=CARTESIAN_POINT('',(-0.0124138180272109,0.098425,0.0226613789115646));
#10544=CARTESIAN_POINT('',(-0.0121103571428571,0.098425,0.022347118707483));
#10545=CARTESIAN_POINT('',(-0.0136201020408163,0.098425,0.0223978755102041));
#10546=CARTESIAN_POINT('',(-0.0136201020408163,0.1016,0.0223978755102041));
#10547=CARTESIAN_POINT('',(-0.0134422732426304,0.098425,0.0225735444444445));
#10548=CARTESIAN_POINT('',(-0.0134422732426304,0.1016,0.0225735444444445));
#10549=CARTESIAN_POINT('',(-0.0132115277777778,0.098425,0.0226613789115646));
#10550=CARTESIAN_POINT('',(-0.0132115277777778,0.1016,0.0226613789115646));
#10551=CARTESIAN_POINT('',(-0.0129278656462585,0.098425,0.0226613789115646));
#10552=CARTESIAN_POINT('',(-0.0129278656462585,0.1016,0.0226613789115646));
#10553=CARTESIAN_POINT('',(-0.0136201020408163,0.1016,0.0223978755102041));
#10554=CARTESIAN_POINT('',(-0.0133533588435374,0.1016,0.0226613789115646));
#10555=CARTESIAN_POINT('',(-0.0129278656462585,0.1016,0.0226613789115646));
#10556=CARTESIAN_POINT('',(-0.0136201020408163,0.1016,0.0223978755102041));
#10557=CARTESIAN_POINT('',(-0.0136201020408163,0.1016,0.0223978755102041));
#10558=CARTESIAN_POINT('',(-0.0136201020408163,0.098425,0.0223978755102041));
#10559=CARTESIAN_POINT('',(-0.0136201020408163,0.098425,0.0223978755102041));
#10560=CARTESIAN_POINT('',(-0.0133533588435374,0.098425,0.0226613789115646));
#10561=CARTESIAN_POINT('',(-0.0129278656462585,0.098425,0.0226613789115646));
#10562=CARTESIAN_POINT('',(-0.0138868452380952,0.098425,0.0216743210884353));
#10563=CARTESIAN_POINT('',(-0.0138868452380952,0.1016,0.0216743210884353));
#10564=CARTESIAN_POINT('',(-0.0138868452380952,0.098425,0.0219810217687075));
#10565=CARTESIAN_POINT('',(-0.0138868452380952,0.1016,0.0219810217687075));
#10566=CARTESIAN_POINT('',(-0.0137979308390023,0.098425,0.0222222065759637));
#10567=CARTESIAN_POINT('',(-0.0137979308390023,0.1016,0.0222222065759637));
#10568=CARTESIAN_POINT('',(-0.0136201020408163,0.098425,0.0223978755102041));
#10569=CARTESIAN_POINT('',(-0.0136201020408163,0.1016,0.0223978755102041));
#10570=CARTESIAN_POINT('',(-0.0138868452380952,0.1016,0.0216743210884353));
#10571=CARTESIAN_POINT('',(-0.0138868452380952,0.1016,0.0221343721088436));
#10572=CARTESIAN_POINT('',(-0.0136201020408163,0.1016,0.0223978755102041));
#10573=CARTESIAN_POINT('',(-0.0138868452380952,0.098425,0.0216743210884353));
#10574=CARTESIAN_POINT('',(-0.0138868452380952,0.098425,0.0221343721088436));
#10575=CARTESIAN_POINT('',(-0.0136201020408163,0.098425,0.0223978755102041));
#10576=CARTESIAN_POINT('',(-0.0115865898636821,0.1016,0.016873730394541));
#10577=CARTESIAN_POINT('',(-0.0115865898636821,0.1016,0.016873730394541));
#10578=CARTESIAN_POINT('',(-0.0115865898636821,0.098425,0.016873730394541));
#10579=CARTESIAN_POINT('',(-0.0102409948979592,0.098425,0.0228460472789116));
#10580=CARTESIAN_POINT('',(-0.0102409948979592,0.1016,0.0228460472789116));
#10581=CARTESIAN_POINT('',(-0.0105016184807256,0.098425,0.0232672207482993));
#10582=CARTESIAN_POINT('',(-0.0105016184807256,0.1016,0.0232672207482993));
#10583=CARTESIAN_POINT('',(-0.0108795946712018,0.098425,0.0235948001133787));
#10584=CARTESIAN_POINT('',(-0.0108795946712018,0.1016,0.0235948001133787));
#10585=CARTESIAN_POINT('',(-0.0113749234693878,0.098425,0.0238287853741497));
#10586=CARTESIAN_POINT('',(-0.0113749234693878,0.1016,0.0238287853741497));
#10587=CARTESIAN_POINT('',(-0.0102409948979592,0.098425,0.0228460472789116));
#10588=CARTESIAN_POINT('',(-0.0106319302721089,0.098425,0.0234778074829932));
#10589=CARTESIAN_POINT('',(-0.0113749234693878,0.098425,0.0238287853741497));
#10590=CARTESIAN_POINT('',(-0.0124915731292517,0.098425,0.0190997632653061));
#10591=CARTESIAN_POINT('',(0.,0.1016,0.03175));
#10592=CARTESIAN_POINT('',(0.,0.1016,0.03175));
#10593=CARTESIAN_POINT('',(-0.000856386054421782,0.098425,0.0208654520408163));
#10594=CARTESIAN_POINT('',(-0.000856386054421782,0.1016,0.0208654520408163));
#10595=CARTESIAN_POINT('',(-0.00122788265306124,0.098425,0.0219273851473923));
#10596=CARTESIAN_POINT('',(-0.00122788265306124,0.1016,0.0219273851473923));
#10597=CARTESIAN_POINT('',(-0.00174085034013607,0.098425,0.0227452536281179));
#10598=CARTESIAN_POINT('',(-0.00174085034013607,0.1016,0.0227452536281179));
#10599=CARTESIAN_POINT('',(-0.00239528911564627,0.098425,0.0233190574829932));
#10600=CARTESIAN_POINT('',(-0.00239528911564628,0.1016,0.0233190574829932));
#10601=CARTESIAN_POINT('',(-0.000856386054421782,0.1016,0.0208654520408163));
#10602=CARTESIAN_POINT('',(-0.000856386054421784,0.098425,0.0208654520408163));
#10603=CARTESIAN_POINT('',(-0.000856386054421782,0.098425,0.0208654520408163));
#10604=CARTESIAN_POINT('',(-0.00141363095238097,0.098425,0.0224583517006803));
#10605=CARTESIAN_POINT('',(-0.00239528911564627,0.098425,0.0233190574829932));
#10606=CARTESIAN_POINT('',(-0.00239528911564628,0.098425,0.0233190574829932));
#10607=CARTESIAN_POINT('',(-0.00239528911564628,0.1016,0.0233190574829932));
#10608=CARTESIAN_POINT('',(-0.000299141156462598,0.098425,0.0173070761904762));
#10609=CARTESIAN_POINT('',(-0.000299141156462598,0.1016,0.0173070761904762));
#10610=CARTESIAN_POINT('',(-0.000299141156462598,0.098425,0.0186173936507937));
#10611=CARTESIAN_POINT('',(-0.000299141156462598,0.1016,0.0186173936507937));
#10612=CARTESIAN_POINT('',(-0.000484889455782326,0.098425,0.0198035189342404));
#10613=CARTESIAN_POINT('',(-0.000484889455782326,0.1016,0.0198035189342404));
#10614=CARTESIAN_POINT('',(-0.000856386054421782,0.098425,0.0208654520408163));
#10615=CARTESIAN_POINT('',(-0.000856386054421782,0.1016,0.0208654520408163));
#10616=CARTESIAN_POINT('',(-0.000299141156462598,0.1016,0.0173070761904762));
#10617=CARTESIAN_POINT('',(-0.0002991411564626,0.098425,0.0173070761904762));
#10618=CARTESIAN_POINT('',(-0.000299141156462598,0.098425,0.0173070761904762));
#10619=CARTESIAN_POINT('',(-0.000299141156462598,0.098425,0.0192725523809524));
#10620=CARTESIAN_POINT('',(-0.000856386054421782,0.098425,0.0208654520408163));
#10621=CARTESIAN_POINT('',(-0.000991377551020422,0.098425,0.0148437513605442));
#10622=CARTESIAN_POINT('',(-0.000991377551020422,0.1016,0.0148437513605442));
#10623=CARTESIAN_POINT('',(-0.000529886621315206,0.098425,0.0153930767573696));
#10624=CARTESIAN_POINT('',(-0.000529886621315206,0.1016,0.0153930767573696));
#10625=CARTESIAN_POINT('',(-0.000299141156462598,0.098425,0.0162141850340136));
#10626=CARTESIAN_POINT('',(-0.000299141156462598,0.1016,0.0162141850340136));
#10627=CARTESIAN_POINT('',(-0.000299141156462598,0.098425,0.0173070761904762));
#10628=CARTESIAN_POINT('',(-0.000299141156462598,0.1016,0.0173070761904762));
#10629=CARTESIAN_POINT('',(-0.000991377551020422,0.1016,0.0148437513605442));
#10630=CARTESIAN_POINT('',(-0.000991377551020424,0.098425,0.0148437513605442));
#10631=CARTESIAN_POINT('',(-0.000991377551020421,0.098425,0.0148437513605442));
#10632=CARTESIAN_POINT('',(-0.000299141156462598,0.098425,0.0156677394557823));
#10633=CARTESIAN_POINT('',(-0.000299141156462598,0.098425,0.0173070761904762));
#10634=CARTESIAN_POINT('',(-0.00302056972789117,0.098425,0.0140197632653061));
#10635=CARTESIAN_POINT('',(-0.00302056972789117,0.1016,0.0140197632653061));
#10636=CARTESIAN_POINT('',(-0.00212926587301589,0.098425,0.0140197632653061));
#10637=CARTESIAN_POINT('',(-0.00212926587301589,0.1016,0.0140197632653061));
#10638=CARTESIAN_POINT('',(-0.00145286848072564,0.098425,0.0142944259637188));
#10639=CARTESIAN_POINT('',(-0.00145286848072564,0.1016,0.0142944259637188));
#10640=CARTESIAN_POINT('',(-0.000991377551020422,0.098425,0.0148437513605442));
#10641=CARTESIAN_POINT('',(-0.000991377551020422,0.1016,0.0148437513605442));
#10642=CARTESIAN_POINT('',(-0.00302056972789117,0.1016,0.0140197632653061));
#10643=CARTESIAN_POINT('',(-0.00302056972789117,0.098425,0.0140197632653061));
#10644=CARTESIAN_POINT('',(-0.00302056972789117,0.098425,0.0140197632653061));
#10645=CARTESIAN_POINT('',(-0.00168361394557824,0.098425,0.0140197632653061));
#10646=CARTESIAN_POINT('',(-0.000991377551020421,0.098425,0.0148437513605442));
#10647=CARTESIAN_POINT('',(-0.00527330782312927,0.098425,0.0148405115646258));
#10648=CARTESIAN_POINT('',(-0.00527330782312927,0.1016,0.0148405115646258));
#10649=CARTESIAN_POINT('',(-0.0046253486394558,0.098425,0.014293346031746));
#10650=CARTESIAN_POINT('',(-0.0046253486394558,0.1016,0.014293346031746));
#10651=CARTESIAN_POINT('',(-0.0038744359410431,0.098425,0.0140197632653061));
#10652=CARTESIAN_POINT('',(-0.0038744359410431,0.1016,0.0140197632653061));
#10653=CARTESIAN_POINT('',(-0.00302056972789117,0.098425,0.0140197632653061));
#10654=CARTESIAN_POINT('',(-0.00302056972789117,0.1016,0.0140197632653061));
#10655=CARTESIAN_POINT('',(-0.00527330782312927,0.1016,0.0148405115646258));
#10656=CARTESIAN_POINT('',(-0.00527330782312927,0.098425,0.0148405115646258));
#10657=CARTESIAN_POINT('',(-0.00527330782312927,0.098425,0.0148405115646258));
#10658=CARTESIAN_POINT('',(-0.00430136904761906,0.098425,0.0140197632653061));
#10659=CARTESIAN_POINT('',(-0.00302056972789117,0.098425,0.0140197632653061));
#10660=CARTESIAN_POINT('',(-0.00679601190476192,0.098425,0.0172843976190476));
#10661=CARTESIAN_POINT('',(-0.00679601190476192,0.1016,0.0172843976190476));
#10662=CARTESIAN_POINT('',(-0.00642883503401362,0.098425,0.0162023057823129));
#10663=CARTESIAN_POINT('',(-0.00642883503401362,0.1016,0.0162023057823129));
#10664=CARTESIAN_POINT('',(-0.00592126700680274,0.098425,0.0153876770975057));
#10665=CARTESIAN_POINT('',(-0.00592126700680274,0.1016,0.0153876770975057));
#10666=CARTESIAN_POINT('',(-0.00527330782312927,0.098425,0.0148405115646258));
#10667=CARTESIAN_POINT('',(-0.00527330782312927,0.1016,0.0148405115646258));
#10668=CARTESIAN_POINT('',(-0.00679601190476192,0.1016,0.0172843976190476));
#10669=CARTESIAN_POINT('',(-0.00679601190476192,0.098425,0.0172843976190476));
#10670=CARTESIAN_POINT('',(-0.00679601190476192,0.098425,0.0172843976190476));
#10671=CARTESIAN_POINT('',(-0.00624524659863947,0.098425,0.0156612598639456));
#10672=CARTESIAN_POINT('',(-0.00527330782312927,0.098425,0.0148405115646258));
#10673=CARTESIAN_POINT('',(-0.00734677721088437,0.098425,0.0209874843537415));
#10674=CARTESIAN_POINT('',(-0.00734677721088437,0.1016,0.0209874843537415));
#10675=CARTESIAN_POINT('',(-0.00734677721088437,0.098425,0.0196008517006803));
#10676=CARTESIAN_POINT('',(-0.00734677721088437,0.1016,0.0196008517006803));
#10677=CARTESIAN_POINT('',(-0.00716318877551022,0.098425,0.0183664894557823));
#10678=CARTESIAN_POINT('',(-0.00716318877551022,0.1016,0.0183664894557823));
#10679=CARTESIAN_POINT('',(-0.00679601190476192,0.098425,0.0172843976190476));
#10680=CARTESIAN_POINT('',(-0.00679601190476192,0.1016,0.0172843976190476));
#10681=CARTESIAN_POINT('',(-0.00734677721088437,0.1016,0.0209874843537415));
#10682=CARTESIAN_POINT('',(-0.00734677721088437,0.098425,0.0209874843537415));
#10683=CARTESIAN_POINT('',(-0.00734677721088437,0.098425,0.0209874843537415));
#10684=CARTESIAN_POINT('',(-0.00734677721088437,0.098425,0.0189075353741496));
#10685=CARTESIAN_POINT('',(-0.00679601190476192,0.098425,0.0172843976190476));
#10686=CARTESIAN_POINT('',(-0.00465342687074831,0.098425,0.0241797632653061));
#10687=CARTESIAN_POINT('',(-0.00465342687074831,0.1016,0.0241797632653061));
#10688=CARTESIAN_POINT('',(-0.00644899376417235,0.098425,0.0241797632653061));
#10689=CARTESIAN_POINT('',(-0.00644899376417235,0.1016,0.0241797632653061));
#10690=CARTESIAN_POINT('',(-0.00734677721088437,0.098425,0.0231156702947846));
#10691=CARTESIAN_POINT('',(-0.00734677721088437,0.1016,0.0231156702947846));
#10692=CARTESIAN_POINT('',(-0.00734677721088437,0.098425,0.0209874843537415));
#10693=CARTESIAN_POINT('',(-0.00734677721088437,0.1016,0.0209874843537415));
#10694=CARTESIAN_POINT('',(-0.00465342687074831,0.1016,0.0241797632653061));
#10695=CARTESIAN_POINT('',(-0.00465342687074831,0.098425,0.0241797632653061));
#10696=CARTESIAN_POINT('',(-0.00465342687074831,0.098425,0.0241797632653061));
#10697=CARTESIAN_POINT('',(-0.00734677721088437,0.098425,0.0241797632653061));
#10698=CARTESIAN_POINT('',(-0.00734677721088437,0.098425,0.0209874843537415));
#10699=CARTESIAN_POINT('',(0.00597642318422683,0.1016,0.0210915291036603));
#10700=CARTESIAN_POINT('',(0.00597642318422683,0.1016,0.0210915291036603));
#10701=CARTESIAN_POINT('',(-0.00530138605442178,0.1016,0.0210544401360544));
#10702=CARTESIAN_POINT('',(-0.00499036564625852,0.1016,0.018455043877551));
#10703=CARTESIAN_POINT('',(-0.00499036564625852,0.1016,0.018455043877551));
#10704=CARTESIAN_POINT('',(-0.00499036564625852,0.098425,0.018455043877551));
#10705=CARTESIAN_POINT('',(0.00597642318422684,0.098425,0.0210915291036603));
#10706=CARTESIAN_POINT('',(-0.00530138605442178,0.098425,0.0210544401360544));
#10707=CARTESIAN_POINT('',(-0.00530138605442178,0.1016,0.0210544401360544));
#10708=CARTESIAN_POINT('',(-0.00421065476190477,0.098425,0.0164204520408163));
#10709=CARTESIAN_POINT('',(-0.00421065476190477,0.1016,0.0164204520408163));
#10710=CARTESIAN_POINT('',(-0.00452311507936509,0.098425,0.0168992218820862));
#10711=CARTESIAN_POINT('',(-0.00452311507936509,0.1016,0.0168992218820862));
#10712=CARTESIAN_POINT('',(-0.00478301870748301,0.098425,0.0175774191609977));
#10713=CARTESIAN_POINT('',(-0.00478301870748301,0.1016,0.0175774191609977));
#10714=CARTESIAN_POINT('',(-0.00499036564625852,0.098425,0.018455043877551));
#10715=CARTESIAN_POINT('',(-0.00499036564625852,0.1016,0.018455043877551));
#10716=CARTESIAN_POINT('',(-0.00421065476190477,0.1016,0.0164204520408163));
#10717=CARTESIAN_POINT('',(-0.00467934523809525,0.1016,0.0171386068027211));
#10718=CARTESIAN_POINT('',(-0.00499036564625852,0.1016,0.018455043877551));
#10719=CARTESIAN_POINT('',(-0.00421065476190477,0.1016,0.0164204520408163));
#10720=CARTESIAN_POINT('',(-0.00421065476190477,0.1016,0.0164204520408163));
#10721=CARTESIAN_POINT('',(-0.00421065476190477,0.098425,0.0164204520408163));
#10722=CARTESIAN_POINT('',(-0.00421065476190477,0.098425,0.0164204520408163));
#10723=CARTESIAN_POINT('',(-0.00467934523809525,0.098425,0.0171386068027211));
#10724=CARTESIAN_POINT('',(-0.00499036564625852,0.098425,0.018455043877551));
#10725=CARTESIAN_POINT('',(-0.00318903911564627,0.098425,0.0157022972789115));
#10726=CARTESIAN_POINT('',(-0.00318903911564627,0.1016,0.0157022972789115));
#10727=CARTESIAN_POINT('',(-0.00355765589569162,0.098425,0.0157022972789115));
#10728=CARTESIAN_POINT('',(-0.00355765589569163,0.1016,0.0157022972789115));
#10729=CARTESIAN_POINT('',(-0.00389819444444446,0.098425,0.0159416821995465));
#10730=CARTESIAN_POINT('',(-0.00389819444444446,0.1016,0.0159416821995465));
#10731=CARTESIAN_POINT('',(-0.00421065476190477,0.098425,0.0164204520408163));
#10732=CARTESIAN_POINT('',(-0.00421065476190477,0.1016,0.0164204520408163));
#10733=CARTESIAN_POINT('',(-0.00318903911564627,0.1016,0.0157022972789115));
#10734=CARTESIAN_POINT('',(-0.0037419642857143,0.1016,0.0157022972789115));
#10735=CARTESIAN_POINT('',(-0.00421065476190477,0.1016,0.0164204520408163));
#10736=CARTESIAN_POINT('',(-0.00318903911564627,0.1016,0.0157022972789115));
#10737=CARTESIAN_POINT('',(-0.00318903911564627,0.1016,0.0157022972789115));
#10738=CARTESIAN_POINT('',(-0.00318903911564627,0.098425,0.0157022972789115));
#10739=CARTESIAN_POINT('',(-0.00318903911564627,0.098425,0.0157022972789115));
#10740=CARTESIAN_POINT('',(-0.0037419642857143,0.098425,0.0157022972789115));
#10741=CARTESIAN_POINT('',(-0.00421065476190477,0.098425,0.0164204520408163));
#10742=CARTESIAN_POINT('',(-0.00253028061224491,0.098425,0.0160964724489796));
#10743=CARTESIAN_POINT('',(-0.00253028061224491,0.1016,0.0160964724489796));
#10744=CARTESIAN_POINT('',(-0.0026541128117914,0.098425,0.0158336890022676));
#10745=CARTESIAN_POINT('',(-0.0026541128117914,0.1016,0.0158336890022676));
#10746=CARTESIAN_POINT('',(-0.00287369897959185,0.098425,0.0157022972789115));
#10747=CARTESIAN_POINT('',(-0.00287369897959185,0.1016,0.0157022972789115));
#10748=CARTESIAN_POINT('',(-0.00318903911564627,0.098425,0.0157022972789115));
#10749=CARTESIAN_POINT('',(-0.00318903911564627,0.1016,0.0157022972789115));
#10750=CARTESIAN_POINT('',(-0.00253028061224491,0.1016,0.0160964724489796));
#10751=CARTESIAN_POINT('',(-0.00271602891156464,0.1016,0.0157022972789115));
#10752=CARTESIAN_POINT('',(-0.00318903911564627,0.1016,0.0157022972789115));
#10753=CARTESIAN_POINT('',(-0.00253028061224491,0.1016,0.0160964724489796));
#10754=CARTESIAN_POINT('',(-0.00253028061224491,0.1016,0.0160964724489796));
#10755=CARTESIAN_POINT('',(-0.00253028061224492,0.098425,0.0160964724489796));
#10756=CARTESIAN_POINT('',(-0.00253028061224491,0.098425,0.0160964724489796));
#10757=CARTESIAN_POINT('',(-0.00271602891156464,0.098425,0.0157022972789115));
#10758=CARTESIAN_POINT('',(-0.00318903911564627,0.098425,0.0157022972789115));
#10759=CARTESIAN_POINT('',(-0.00234453231292518,0.098425,0.0172681986394558));
#10760=CARTESIAN_POINT('',(-0.00234453231292518,0.1016,0.0172681986394558));
#10761=CARTESIAN_POINT('',(-0.00234453231292518,0.098425,0.016749831292517));
#10762=CARTESIAN_POINT('',(-0.00234453231292518,0.1016,0.016749831292517));
#10763=CARTESIAN_POINT('',(-0.00240644841269843,0.098425,0.0163592558956916));
#10764=CARTESIAN_POINT('',(-0.00240644841269843,0.1016,0.0163592558956916));
#10765=CARTESIAN_POINT('',(-0.00253028061224491,0.098425,0.0160964724489796));
#10766=CARTESIAN_POINT('',(-0.00253028061224491,0.1016,0.0160964724489796));
#10767=CARTESIAN_POINT('',(-0.00234453231292518,0.1016,0.0172681986394558));
#10768=CARTESIAN_POINT('',(-0.00234453231292518,0.1016,0.0164906476190476));
#10769=CARTESIAN_POINT('',(-0.00253028061224491,0.1016,0.0160964724489796));
#10770=CARTESIAN_POINT('',(-0.00234453231292518,0.1016,0.0172681986394558));
#10771=CARTESIAN_POINT('',(-0.00234453231292518,0.1016,0.0172681986394558));
#10772=CARTESIAN_POINT('',(-0.00234453231292518,0.098425,0.0172681986394558));
#10773=CARTESIAN_POINT('',(-0.00234453231292518,0.098425,0.0172681986394558));
#10774=CARTESIAN_POINT('',(-0.00234453231292518,0.098425,0.0164906476190476));
#10775=CARTESIAN_POINT('',(-0.00253028061224491,0.098425,0.0160964724489796));
#10776=CARTESIAN_POINT('',(-0.00266851190476192,0.098425,0.0197509622448979));
#10777=CARTESIAN_POINT('',(-0.00266851190476192,0.1016,0.0197509622448979));
#10778=CARTESIAN_POINT('',(-0.0024525255102041,0.098425,0.0188603783446712));
#10779=CARTESIAN_POINT('',(-0.0024525255102041,0.1016,0.0188603783446712));
#10780=CARTESIAN_POINT('',(-0.00234453231292518,0.098425,0.0180327904761905));
#10781=CARTESIAN_POINT('',(-0.00234453231292518,0.1016,0.0180327904761905));
#10782=CARTESIAN_POINT('',(-0.00234453231292518,0.098425,0.0172681986394558));
#10783=CARTESIAN_POINT('',(-0.00234453231292518,0.1016,0.0172681986394558));
#10784=CARTESIAN_POINT('',(-0.00266851190476192,0.1016,0.0197509622448979));
#10785=CARTESIAN_POINT('',(-0.00234453231292518,0.1016,0.0184150863945578));
#10786=CARTESIAN_POINT('',(-0.00234453231292518,0.1016,0.0172681986394558));
#10787=CARTESIAN_POINT('',(-0.00266851190476192,0.1016,0.0197509622448979));
#10788=CARTESIAN_POINT('',(-0.00266851190476192,0.1016,0.0197509622448979));
#10789=CARTESIAN_POINT('',(-0.00266851190476192,0.098425,0.0197509622448979));
#10790=CARTESIAN_POINT('',(-0.00266851190476192,0.098425,0.0197509622448979));
#10791=CARTESIAN_POINT('',(-0.00234453231292518,0.098425,0.0184150863945578));
#10792=CARTESIAN_POINT('',(-0.00234453231292518,0.098425,0.0172681986394558));
#10793=CARTESIAN_POINT('',(-0.00346226190476192,0.098425,0.021788793877551));
#10794=CARTESIAN_POINT('',(-0.00346226190476192,0.1016,0.021788793877551));
#10795=CARTESIAN_POINT('',(-0.00314908163265308,0.098425,0.0213208233560091));
#10796=CARTESIAN_POINT('',(-0.00314908163265308,0.1016,0.0213208233560091));
#10797=CARTESIAN_POINT('',(-0.00288449829931974,0.098425,0.0206415461451247));
#10798=CARTESIAN_POINT('',(-0.00288449829931974,0.1016,0.0206415461451247));
#10799=CARTESIAN_POINT('',(-0.00266851190476192,0.098425,0.0197509622448979));
#10800=CARTESIAN_POINT('',(-0.00266851190476192,0.1016,0.0197509622448979));
#10801=CARTESIAN_POINT('',(-0.00346226190476192,0.1016,0.021788793877551));
#10802=CARTESIAN_POINT('',(-0.00299249149659866,0.1016,0.0210868380952381));
#10803=CARTESIAN_POINT('',(-0.00266851190476192,0.1016,0.0197509622448979));
#10804=CARTESIAN_POINT('',(-0.00346226190476192,0.1016,0.021788793877551));
#10805=CARTESIAN_POINT('',(-0.00346226190476192,0.1016,0.021788793877551));
#10806=CARTESIAN_POINT('',(-0.00346226190476192,0.098425,0.021788793877551));
#10807=CARTESIAN_POINT('',(-0.00346226190476192,0.098425,0.021788793877551));
#10808=CARTESIAN_POINT('',(-0.00299249149659866,0.098425,0.0210868380952381));
#10809=CARTESIAN_POINT('',(-0.00266851190476192,0.098425,0.0197509622448979));
#10810=CARTESIAN_POINT('',(-0.00447199829931974,0.098425,0.0224907496598639));
#10811=CARTESIAN_POINT('',(-0.00447199829931974,0.1016,0.0224907496598639));
#10812=CARTESIAN_POINT('',(-0.0041120209750567,0.098425,0.0224907496598639));
#10813=CARTESIAN_POINT('',(-0.0041120209750567,0.1016,0.0224907496598639));
#10814=CARTESIAN_POINT('',(-0.00377544217687076,0.098425,0.022256764399093));
#10815=CARTESIAN_POINT('',(-0.00377544217687076,0.1016,0.022256764399093));
#10816=CARTESIAN_POINT('',(-0.00346226190476192,0.098425,0.021788793877551));
#10817=CARTESIAN_POINT('',(-0.00346226190476192,0.1016,0.021788793877551));
#10818=CARTESIAN_POINT('',(-0.00447199829931974,0.1016,0.0224907496598639));
#10819=CARTESIAN_POINT('',(-0.00393203231292519,0.1016,0.0224907496598639));
#10820=CARTESIAN_POINT('',(-0.00346226190476192,0.1016,0.021788793877551));
#10821=CARTESIAN_POINT('',(-0.00447199829931974,0.1016,0.0224907496598639));
#10822=CARTESIAN_POINT('',(-0.00447199829931974,0.1016,0.0224907496598639));
#10823=CARTESIAN_POINT('',(-0.00447199829931974,0.098425,0.0224907496598639));
#10824=CARTESIAN_POINT('',(-0.00447199829931974,0.098425,0.0224907496598639));
#10825=CARTESIAN_POINT('',(-0.00393203231292519,0.098425,0.0224907496598639));
#10826=CARTESIAN_POINT('',(-0.00346226190476192,0.098425,0.021788793877551));
#10827=CARTESIAN_POINT('',(-0.00509511904761906,0.098425,0.022147331292517));
#10828=CARTESIAN_POINT('',(-0.00509511904761906,0.1016,0.022147331292517));
#10829=CARTESIAN_POINT('',(-0.00495760770975058,0.098425,0.0223762768707483));
#10830=CARTESIAN_POINT('',(-0.00495760770975058,0.1016,0.0223762768707483));
#10831=CARTESIAN_POINT('',(-0.00474990079365081,0.098425,0.0224907496598639));
#10832=CARTESIAN_POINT('',(-0.00474990079365081,0.1016,0.0224907496598639));
#10833=CARTESIAN_POINT('',(-0.00447199829931974,0.098425,0.0224907496598639));
#10834=CARTESIAN_POINT('',(-0.00447199829931974,0.1016,0.0224907496598639));
#10835=CARTESIAN_POINT('',(-0.00509511904761906,0.1016,0.022147331292517));
#10836=CARTESIAN_POINT('',(-0.00488885204081634,0.1016,0.0224907496598639));
#10837=CARTESIAN_POINT('',(-0.00447199829931974,0.1016,0.0224907496598639));
#10838=CARTESIAN_POINT('',(-0.00509511904761906,0.1016,0.022147331292517));
#10839=CARTESIAN_POINT('',(-0.00509511904761906,0.1016,0.022147331292517));
#10840=CARTESIAN_POINT('',(-0.00509511904761906,0.098425,0.022147331292517));
#10841=CARTESIAN_POINT('',(-0.00509511904761906,0.098425,0.022147331292517));
#10842=CARTESIAN_POINT('',(-0.00488885204081634,0.098425,0.0224907496598639));
#10843=CARTESIAN_POINT('',(-0.00447199829931974,0.098425,0.0224907496598639));
#10844=CARTESIAN_POINT('',(-0.00530138605442178,0.098425,0.0210544401360544));
#10845=CARTESIAN_POINT('',(-0.00530138605442178,0.1016,0.0210544401360544));
#10846=CARTESIAN_POINT('',(-0.00530138605442178,0.098425,0.0215540886621315));
#10847=CARTESIAN_POINT('',(-0.00530138605442178,0.1016,0.0215540886621315));
#10848=CARTESIAN_POINT('',(-0.00523263038548754,0.098425,0.0219183857142857));
#10849=CARTESIAN_POINT('',(-0.00523263038548754,0.1016,0.0219183857142857));
#10850=CARTESIAN_POINT('',(-0.00509511904761906,0.098425,0.022147331292517));
#10851=CARTESIAN_POINT('',(-0.00509511904761906,0.1016,0.022147331292517));
#10852=CARTESIAN_POINT('',(-0.00530138605442178,0.1016,0.0210544401360544));
#10853=CARTESIAN_POINT('',(-0.00530138605442178,0.1016,0.02180391292517));
#10854=CARTESIAN_POINT('',(-0.00509511904761906,0.1016,0.022147331292517));
#10855=CARTESIAN_POINT('',(-0.00530138605442178,0.098425,0.0210544401360544));
#10856=CARTESIAN_POINT('',(-0.00530138605442178,0.098425,0.02180391292517));
#10857=CARTESIAN_POINT('',(-0.00509511904761906,0.098425,0.022147331292517));
#10858=CARTESIAN_POINT('',(-0.00239528911564627,0.098425,0.0233190574829932));
#10859=CARTESIAN_POINT('',(-0.00239528911564628,0.1016,0.0233190574829932));
#10860=CARTESIAN_POINT('',(-0.00304972789115648,0.098425,0.0238928613378685));
#10861=CARTESIAN_POINT('',(-0.00304972789115648,0.1016,0.0238928613378685));
#10862=CARTESIAN_POINT('',(-0.00380244047619049,0.098425,0.0241797632653061));
#10863=CARTESIAN_POINT('',(-0.00380244047619049,0.1016,0.0241797632653061));
#10864=CARTESIAN_POINT('',(-0.00465342687074831,0.098425,0.0241797632653061));
#10865=CARTESIAN_POINT('',(-0.00465342687074831,0.1016,0.0241797632653061));
#10866=CARTESIAN_POINT('',(-0.00239528911564627,0.098425,0.0233190574829932));
#10867=CARTESIAN_POINT('',(-0.00337694727891158,0.098425,0.0241797632653061));
#10868=CARTESIAN_POINT('',(-0.00465342687074831,0.098425,0.0241797632653061));
#10869=CARTESIAN_POINT('',(-0.00404866496598641,0.098425,0.0190997632653061));
#10870=CARTESIAN_POINT('',(0.,0.1016,0.03175));
#10871=CARTESIAN_POINT('',(0.00608973639455783,0.1016,0.0159452819727891));
#10872=CARTESIAN_POINT('',(0.00608973639455783,0.1016,0.0159787598639455));
#10873=CARTESIAN_POINT('',(0.00608973639455783,0.098425,0.0159787598639456));
#10874=CARTESIAN_POINT('',(0.00608973639455783,0.098425,0.0191602394557823));
#10875=CARTESIAN_POINT('',(0.00608973639455783,0.098425,0.0159118040816327));
#10876=CARTESIAN_POINT('',(0.00608973639455783,0.1016,0.0159118040816327));
#10877=CARTESIAN_POINT('',(0.00518151360544219,0.1016,0.0167282326530612));
#10878=CARTESIAN_POINT('',(0.00427329081632654,0.1016,0.0174777054421769));
#10879=CARTESIAN_POINT('',(0.00427329081632654,0.098425,0.0174777054421769));
#10880=CARTESIAN_POINT('',(0.00518151360544219,0.098425,0.0167282326530612));
#10881=CARTESIAN_POINT('',(0.00704871598639457,0.1016,0.0220836153061225));
#10882=CARTESIAN_POINT('',(0.00655626700680273,0.1016,0.0213978585034013));
#10883=CARTESIAN_POINT('',(0.00655626700680273,0.098425,0.0213978585034013));
#10884=CARTESIAN_POINT('',(0.00704871598639457,0.098425,0.0220836153061225));
#10885=CARTESIAN_POINT('',(0.0075411649659864,0.098425,0.0227693721088436));
#10886=CARTESIAN_POINT('',(0.00754116496598641,0.1016,0.0227693721088436));
#10887=CARTESIAN_POINT('',(0.0072139455782313,0.1016,0.0170252139455782));
#10888=CARTESIAN_POINT('',(0.00882412414965987,0.1016,0.0155943040816327));
#10889=CARTESIAN_POINT('',(0.00882412414965987,0.098425,0.0155943040816327));
#10890=CARTESIAN_POINT('',(0.0072139455782313,0.098425,0.0170252139455782));
#10891=CARTESIAN_POINT('',(0.00560376700680273,0.098425,0.0184561238095238));
#10892=CARTESIAN_POINT('',(0.00560376700680273,0.1016,0.0184561238095238));
#10893=CARTESIAN_POINT('',(0.00896883503401362,0.1016,0.0148750693877551));
#10894=CARTESIAN_POINT('',(0.00911354591836736,0.1016,0.0141558346938775));
#10895=CARTESIAN_POINT('',(0.00911354591836736,0.098425,0.0141558346938775));
#10896=CARTESIAN_POINT('',(0.00896883503401362,0.098425,0.0148750693877551));
#10897=CARTESIAN_POINT('',(0.00586727040816328,0.1016,0.0141558346938775));
#10898=CARTESIAN_POINT('',(0.0026209948979592,0.1016,0.0141558346938775));
#10899=CARTESIAN_POINT('',(0.0026209948979592,0.098425,0.0141558346938775));
#10900=CARTESIAN_POINT('',(0.00462966836734695,0.098425,0.0141558346938775));
#10901=CARTESIAN_POINT('',(0.00243848639455783,0.1016,0.0150338193877551));
#10902=CARTESIAN_POINT('',(0.00225597789115647,0.1016,0.0159118040816327));
#10903=CARTESIAN_POINT('',(0.00225597789115647,0.098425,0.0159118040816327));
#10904=CARTESIAN_POINT('',(0.00243848639455783,0.098425,0.0150338193877551));
#10905=CARTESIAN_POINT('',(0.00417285714285715,0.1016,0.0159118040816327));
#10906=CARTESIAN_POINT('',(0.00462966836734695,0.098425,0.0159118040816327));
#10907=CARTESIAN_POINT('',(0.00247520408163266,0.098425,0.0191300013605442));
#10908=CARTESIAN_POINT('',(0.00247520408163266,0.1016,0.0191300013605442));
#10909=CARTESIAN_POINT('',(0.00284166099773243,0.098425,0.0187066680272109));
#10910=CARTESIAN_POINT('',(0.00284166099773243,0.1016,0.0187066680272109));
#10911=CARTESIAN_POINT('',(0.00344102324263039,0.098425,0.0181559027210884));
#10912=CARTESIAN_POINT('',(0.00344102324263039,0.1016,0.0181559027210884));
#10913=CARTESIAN_POINT('',(0.00427329081632654,0.098425,0.0174777054421769));
#10914=CARTESIAN_POINT('',(0.00427329081632654,0.1016,0.0174777054421769));
#10915=CARTESIAN_POINT('',(0.00247520408163266,0.1016,0.0191300013605442));
#10916=CARTESIAN_POINT('',(0.00247520408163266,0.098425,0.0191300013605442));
#10917=CARTESIAN_POINT('',(0.00247520408163266,0.098425,0.0191300013605442));
#10918=CARTESIAN_POINT('',(0.00302488945578233,0.098425,0.0184950013605442));
#10919=CARTESIAN_POINT('',(0.00427329081632654,0.098425,0.0174777054421769));
#10920=CARTESIAN_POINT('',(0.00164905612244899,0.098425,0.0203989214285714));
#10921=CARTESIAN_POINT('',(0.00164905612244899,0.1016,0.0203989214285714));
#10922=CARTESIAN_POINT('',(0.00183336451247166,0.098425,0.0199763080498866));
#10923=CARTESIAN_POINT('',(0.00183336451247166,0.1016,0.0199763080498866));
#10924=CARTESIAN_POINT('',(0.00210874716553289,0.098425,0.0195533346938775));
#10925=CARTESIAN_POINT('',(0.00210874716553289,0.1016,0.0195533346938775));
#10926=CARTESIAN_POINT('',(0.00247520408163266,0.098425,0.0191300013605442));
#10927=CARTESIAN_POINT('',(0.00247520408163266,0.1016,0.0191300013605442));
#10928=CARTESIAN_POINT('',(0.00164905612244899,0.1016,0.0203989214285714));
#10929=CARTESIAN_POINT('',(0.00164905612244899,0.098425,0.0203989214285714));
#10930=CARTESIAN_POINT('',(0.00164905612244899,0.098425,0.0203989214285714));
#10931=CARTESIAN_POINT('',(0.001925518707483,0.098425,0.0197650013605442));
#10932=CARTESIAN_POINT('',(0.00247520408163266,0.098425,0.0191300013605442));
#10933=CARTESIAN_POINT('',(0.00473015758798905,0.1016,0.0217304808658718));
#10934=CARTESIAN_POINT('',(0.00137259353741497,0.1016,0.0217563959183673));
#10935=CARTESIAN_POINT('',(0.00137259353741498,0.098425,0.0217563959183673));
#10936=CARTESIAN_POINT('',(0.00473015758798905,0.098425,0.0217304808658718));
#10937=CARTESIAN_POINT('',(0.00212098639455783,0.098425,0.0235037258503401));
#10938=CARTESIAN_POINT('',(0.00212098639455783,0.1016,0.0235037258503401));
#10939=CARTESIAN_POINT('',(0.00162205782312926,0.098425,0.0230631136054422));
#10940=CARTESIAN_POINT('',(0.00162205782312926,0.1016,0.0230631136054422));
#10941=CARTESIAN_POINT('',(0.00137259353741497,0.098425,0.0224806702947846));
#10942=CARTESIAN_POINT('',(0.00137259353741497,0.1016,0.0224806702947846));
#10943=CARTESIAN_POINT('',(0.00137259353741497,0.098425,0.0217563959183673));
#10944=CARTESIAN_POINT('',(0.00137259353741497,0.1016,0.0217563959183673));
#10945=CARTESIAN_POINT('',(0.00212098639455783,0.1016,0.0235037258503401));
#10946=CARTESIAN_POINT('',(0.00212098639455783,0.098425,0.0235037258503401));
#10947=CARTESIAN_POINT('',(0.00212098639455783,0.098425,0.0235037258503401));
#10948=CARTESIAN_POINT('',(0.00137259353741497,0.098425,0.0228428074829932));
#10949=CARTESIAN_POINT('',(0.00137259353741497,0.098425,0.0217563959183673));
#10950=CARTESIAN_POINT('',(0.00415233843537416,0.098425,0.0241646442176871));
#10951=CARTESIAN_POINT('',(0.00415233843537416,0.1016,0.0241646442176871));
#10952=CARTESIAN_POINT('',(0.00329703231292518,0.098425,0.0241646442176871));
#10953=CARTESIAN_POINT('',(0.00329703231292518,0.1016,0.0241646442176871));
#10954=CARTESIAN_POINT('',(0.0026199149659864,0.098425,0.0239443380952381));
#10955=CARTESIAN_POINT('',(0.0026199149659864,0.1016,0.0239443380952381));
#10956=CARTESIAN_POINT('',(0.00212098639455783,0.098425,0.0235037258503401));
#10957=CARTESIAN_POINT('',(0.00212098639455783,0.1016,0.0235037258503401));
#10958=CARTESIAN_POINT('',(0.00415233843537416,0.1016,0.0241646442176871));
#10959=CARTESIAN_POINT('',(0.00415233843537416,0.098425,0.0241646442176871));
#10960=CARTESIAN_POINT('',(0.00415233843537416,0.098425,0.0241646442176871));
#10961=CARTESIAN_POINT('',(0.00286937925170069,0.098425,0.0241646442176871));
#10962=CARTESIAN_POINT('',(0.00212098639455783,0.098425,0.0235037258503401));
#10963=CARTESIAN_POINT('',(0.00416398141697842,0.1016,0.019612614301615));
#10964=CARTESIAN_POINT('',(0.00583919217687076,0.1016,0.0238449843537415));
#10965=CARTESIAN_POINT('',(0.00583919217687076,0.098425,0.0238449843537415));
#10966=CARTESIAN_POINT('',(0.00416398141697842,0.098425,0.019612614301615));
#10967=CARTESIAN_POINT('',(0.00754116496598641,0.098425,0.0227693721088436));
#10968=CARTESIAN_POINT('',(0.00754116496598641,0.1016,0.0227693721088436));
#10969=CARTESIAN_POINT('',(0.00694648242630387,0.098425,0.0232733403628118));
#10970=CARTESIAN_POINT('',(0.00694648242630387,0.1016,0.0232733403628118));
#10971=CARTESIAN_POINT('',(0.00637915816326532,0.098425,0.0236318777777778));
#10972=CARTESIAN_POINT('',(0.00637915816326532,0.1016,0.0236318777777778));
#10973=CARTESIAN_POINT('',(0.00583919217687076,0.098425,0.0238449843537415));
#10974=CARTESIAN_POINT('',(0.00583919217687076,0.1016,0.0238449843537415));
#10975=CARTESIAN_POINT('',(0.00754116496598641,0.098425,0.0227693721088436));
#10976=CARTESIAN_POINT('',(0.0066491411564626,0.098425,0.0235253244897959));
#10977=CARTESIAN_POINT('',(0.00583919217687076,0.098425,0.0238449843537415));
#10978=CARTESIAN_POINT('',(0.0053985799319728,0.098425,0.0221980880952381));
#10979=CARTESIAN_POINT('',(0.0053985799319728,0.1016,0.0221980880952381));
#10980=CARTESIAN_POINT('',(0.00571104024943312,0.098425,0.0220476175736961));
#10981=CARTESIAN_POINT('',(0.00571104024943312,0.1016,0.0220476175736961));
#10982=CARTESIAN_POINT('',(0.0060969359410431,0.098425,0.0217808743764172));
#10983=CARTESIAN_POINT('',(0.0060969359410431,0.1016,0.0217808743764172));
#10984=CARTESIAN_POINT('',(0.00655626700680273,0.098425,0.0213978585034013));
#10985=CARTESIAN_POINT('',(0.00655626700680273,0.1016,0.0213978585034013));
#10986=CARTESIAN_POINT('',(0.0053985799319728,0.1016,0.0221980880952381));
#10987=CARTESIAN_POINT('',(0.0053985799319728,0.098425,0.0221980880952381));
#10988=CARTESIAN_POINT('',(0.0053985799319728,0.098425,0.0221980880952381));
#10989=CARTESIAN_POINT('',(0.00586727040816328,0.098425,0.0219723823129251));
#10990=CARTESIAN_POINT('',(0.00655626700680273,0.098425,0.0213978585034013));
#10991=CARTESIAN_POINT('',(0.00448279761904763,0.098425,0.022423793877551));
#10992=CARTESIAN_POINT('',(0.00448279761904763,0.1016,0.022423793877551));
#10993=CARTESIAN_POINT('',(0.00478085884353742,0.098425,0.022423793877551));
#10994=CARTESIAN_POINT('',(0.00478085884353742,0.1016,0.022423793877551));
#10995=CARTESIAN_POINT('',(0.00508611961451248,0.098425,0.02234855861678));
#10996=CARTESIAN_POINT('',(0.00508611961451248,0.1016,0.02234855861678));
#10997=CARTESIAN_POINT('',(0.0053985799319728,0.098425,0.0221980880952381));
#10998=CARTESIAN_POINT('',(0.0053985799319728,0.1016,0.0221980880952381));
#10999=CARTESIAN_POINT('',(0.00448279761904763,0.1016,0.022423793877551));
#11000=CARTESIAN_POINT('',(0.00448279761904763,0.098425,0.022423793877551));
#11001=CARTESIAN_POINT('',(0.00448279761904763,0.098425,0.022423793877551));
#11002=CARTESIAN_POINT('',(0.00492988945578232,0.098425,0.022423793877551));
#11003=CARTESIAN_POINT('',(0.0053985799319728,0.098425,0.0221980880952381));
#11004=CARTESIAN_POINT('',(0.00374088435374151,0.098425,0.0221570506802721));
#11005=CARTESIAN_POINT('',(0.00374088435374151,0.1016,0.0221570506802721));
#11006=CARTESIAN_POINT('',(0.00392591269841271,0.098425,0.022334879478458));
#11007=CARTESIAN_POINT('',(0.00392591269841271,0.1016,0.022334879478458));
#11008=CARTESIAN_POINT('',(0.00417321712018142,0.098425,0.022423793877551));
#11009=CARTESIAN_POINT('',(0.00417321712018142,0.1016,0.022423793877551));
#11010=CARTESIAN_POINT('',(0.00448279761904763,0.098425,0.022423793877551));
#11011=CARTESIAN_POINT('',(0.00448279761904763,0.1016,0.022423793877551));
#11012=CARTESIAN_POINT('',(0.00374088435374151,0.1016,0.0221570506802721));
#11013=CARTESIAN_POINT('',(0.00374088435374151,0.098425,0.0221570506802721));
#11014=CARTESIAN_POINT('',(0.00374088435374151,0.098425,0.0221570506802721));
#11015=CARTESIAN_POINT('',(0.00401842687074831,0.098425,0.022423793877551));
#11016=CARTESIAN_POINT('',(0.00448279761904763,0.098425,0.022423793877551));
#11017=CARTESIAN_POINT('',(0.00346334183673471,0.098425,0.0213848993197279));
#11018=CARTESIAN_POINT('',(0.0034633418367347,0.1016,0.0213848993197279));
#11019=CARTESIAN_POINT('',(0.00346334183673471,0.098425,0.0217218380952381));
#11020=CARTESIAN_POINT('',(0.0034633418367347,0.1016,0.0217218380952381));
#11021=CARTESIAN_POINT('',(0.00355585600907031,0.098425,0.0219792218820862));
#11022=CARTESIAN_POINT('',(0.0035558560090703,0.1016,0.0219792218820862));
#11023=CARTESIAN_POINT('',(0.00374088435374151,0.098425,0.0221570506802721));
#11024=CARTESIAN_POINT('',(0.00374088435374151,0.1016,0.0221570506802721));
#11025=CARTESIAN_POINT('',(0.0034633418367347,0.1016,0.0213848993197279));
#11026=CARTESIAN_POINT('',(0.0034633418367347,0.098425,0.0213848993197279));
#11027=CARTESIAN_POINT('',(0.0034633418367347,0.098425,0.0213848993197279));
#11028=CARTESIAN_POINT('',(0.0034633418367347,0.098425,0.0218903074829932));
#11029=CARTESIAN_POINT('',(0.00374088435374151,0.098425,0.0221570506802721));
#11030=CARTESIAN_POINT('',(0.00392663265306124,0.098425,0.0201732156462585));
#11031=CARTESIAN_POINT('',(0.00392663265306124,0.1016,0.0201732156462585));
#11032=CARTESIAN_POINT('',(0.00361777210884355,0.098425,0.02060230861678));
#11033=CARTESIAN_POINT('',(0.00361777210884355,0.1016,0.02060230861678));
#11034=CARTESIAN_POINT('',(0.00346334183673471,0.098425,0.0210062031746032));
#11035=CARTESIAN_POINT('',(0.0034633418367347,0.1016,0.0210062031746032));
#11036=CARTESIAN_POINT('',(0.00346334183673471,0.098425,0.0213848993197279));
#11037=CARTESIAN_POINT('',(0.0034633418367347,0.1016,0.0213848993197279));
#11038=CARTESIAN_POINT('',(0.00392663265306124,0.1016,0.0201732156462585));
#11039=CARTESIAN_POINT('',(0.00392663265306124,0.098425,0.0201732156462585));
#11040=CARTESIAN_POINT('',(0.00392663265306124,0.098425,0.0201732156462585));
#11041=CARTESIAN_POINT('',(0.0034633418367347,0.098425,0.0208168551020408));
#11042=CARTESIAN_POINT('',(0.0034633418367347,0.098425,0.0213848993197279));
#11043=CARTESIAN_POINT('',(0.00560376700680273,0.098425,0.0184561238095238));
#11044=CARTESIAN_POINT('',(0.00560376700680273,0.1016,0.0184561238095238));
#11045=CARTESIAN_POINT('',(0.00479453798185942,0.098425,0.0191717587301587));
#11046=CARTESIAN_POINT('',(0.00479453798185942,0.1016,0.0191717587301587));
#11047=CARTESIAN_POINT('',(0.00423549319727892,0.098425,0.019744122675737));
#11048=CARTESIAN_POINT('',(0.00423549319727892,0.1016,0.019744122675737));
#11049=CARTESIAN_POINT('',(0.00392663265306124,0.098425,0.0201732156462585));
#11050=CARTESIAN_POINT('',(0.00392663265306124,0.1016,0.0201732156462585));
#11051=CARTESIAN_POINT('',(0.00560376700680273,0.098425,0.0184561238095238));
#11052=CARTESIAN_POINT('',(0.00438992346938777,0.098425,0.0195295761904762));
#11053=CARTESIAN_POINT('',(0.00392663265306124,0.098425,0.0201732156462585));
#11054=CARTESIAN_POINT('',(0.00462966836734695,0.098425,0.0191602394557823));
#11055=CARTESIAN_POINT('',(0.0136006632653061,0.1016,0.02284928707483));
#11056=CARTESIAN_POINT('',(0.0155110629251701,0.1016,0.0216743210884353));
#11057=CARTESIAN_POINT('',(0.0155110629251701,0.098425,0.0216743210884353));
#11058=CARTESIAN_POINT('',(0.0136006632653061,0.098425,0.02284928707483));
#11059=CARTESIAN_POINT('',(0.0116902636054422,0.098425,0.0240242530612245));
#11060=CARTESIAN_POINT('',(0.0116902636054422,0.1016,0.0240242530612245));
#11061=CARTESIAN_POINT('',(0.0150628911564626,0.1016,0.0209486068027211));
#11062=CARTESIAN_POINT('',(0.0146147193877551,0.1016,0.0202228925170068));
#11063=CARTESIAN_POINT('',(0.0146147193877551,0.098425,0.0202228925170068));
#11064=CARTESIAN_POINT('',(0.0150628911564626,0.098425,0.0209486068027211));
#11065=CARTESIAN_POINT('',(0.0135477465986394,0.1016,0.0169539384353741));
#11066=CARTESIAN_POINT('',(0.0141546683673469,0.1016,0.0141558346938775));
#11067=CARTESIAN_POINT('',(0.0141546683673469,0.098425,0.0141558346938775));
#11068=CARTESIAN_POINT('',(0.0135477465986394,0.098425,0.0169539384353741));
#11069=CARTESIAN_POINT('',(0.0129406884260009,0.09842500025,0.0197520108577791));
#11070=CARTESIAN_POINT('',(0.012940824829932,0.1016,0.0197520421768708));
#11071=CARTESIAN_POINT('',(0.0131254931972789,0.1016,0.0141558346938775));
#11072=CARTESIAN_POINT('',(0.0120963180272109,0.1016,0.0141558346938775));
#11073=CARTESIAN_POINT('',(0.0120963180272109,0.098425,0.0141558346938775));
#11074=CARTESIAN_POINT('',(0.0129267857142857,0.098425,0.0141558346938775));
#11075=CARTESIAN_POINT('',(0.0110531037414966,0.1016,0.019090043877551));
#11076=CARTESIAN_POINT('',(0.0100098894557823,0.1016,0.0240242530612245));
#11077=CARTESIAN_POINT('',(0.0100098894557823,0.098425,0.0240242530612245));
#11078=CARTESIAN_POINT('',(0.0110531037414966,0.098425,0.019090043877551));
#11079=CARTESIAN_POINT('',(0.0108500765306122,0.1016,0.0240242530612245));
#11080=CARTESIAN_POINT('',(0.0129267857142857,0.098425,0.0240242530612245));
#11081=CARTESIAN_POINT('',(0.0128414710884354,0.098425,0.0213719401360544));
#11082=CARTESIAN_POINT('',(0.0128414710884354,0.1016,0.0213719401360544));
#11083=CARTESIAN_POINT('',(0.0130776162131519,0.098425,0.0211962712018141));
#11084=CARTESIAN_POINT('',(0.0130776162131519,0.1016,0.0211962712018141));
#11085=CARTESIAN_POINT('',(0.0136686989795918,0.098425,0.0208132553287982));
#11086=CARTESIAN_POINT('',(0.0136686989795918,0.1016,0.0208132553287982));
#11087=CARTESIAN_POINT('',(0.0146147193877551,0.098425,0.0202228925170068));
#11088=CARTESIAN_POINT('',(0.0146147193877551,0.1016,0.0202228925170068));
#11089=CARTESIAN_POINT('',(0.0128414710884354,0.1016,0.0213719401360544));
#11090=CARTESIAN_POINT('',(0.0128414710884354,0.098425,0.0213719401360544));
#11091=CARTESIAN_POINT('',(0.0128414710884354,0.098425,0.0213719401360544));
#11092=CARTESIAN_POINT('',(0.0131956887755102,0.098425,0.0211084367346939));
#11093=CARTESIAN_POINT('',(0.0146147193877551,0.098425,0.0202228925170068));
#11094=CARTESIAN_POINT('',(0.0200680379650008,0.101600000000007,0.0312936110869673));
#11095=CARTESIAN_POINT('',(0.0124267772108843,0.1016,0.0216894401360544));
#11096=CARTESIAN_POINT('',(0.0124272687782933,0.098425,0.021688593478545));
#11097=CARTESIAN_POINT('',(0.0200680379650008,0.098425,0.0312936110869673));
#11098=CARTESIAN_POINT('',(-0.0163320571083511,0.101600000000002,0.0130308277225086));
#11099=CARTESIAN_POINT('',(-0.0163320571083511,0.098425,0.0130308277225086));
#11100=CARTESIAN_POINT('',(0.0129267857142857,0.098425,0.0191321612244898));
#11101=CARTESIAN_POINT('',(-0.0889,-0.0889,0.03175));
#11102=CARTESIAN_POINT('',(-0.0889,-0.0889,0.028575));
#11103=CARTESIAN_POINT('',(-0.0889,0.0889,0.03175));
#11104=CARTESIAN_POINT('',(-0.0889,0.0889,0.028575));
#11105=CARTESIAN_POINT('',(0.0889,0.0889,0.03175));
#11106=CARTESIAN_POINT('',(0.0889,0.0889,0.028575));
#11107=CARTESIAN_POINT('',(0.0889,-0.0889,0.03175));
#11108=CARTESIAN_POINT('',(0.0889,-0.0889,0.028575));
#11109=CARTESIAN_POINT('',(0.092075,-2.87468461733299E-17,0.015875));
#11110=CARTESIAN_POINT('',(0.092075,0.079375,0.015875));
#11111=CARTESIAN_POINT('',(0.092075,-0.079375,0.015875));
#11112=CARTESIAN_POINT('',(0.098425,-6.72205346941013E-18,0.015875));
#11113=CARTESIAN_POINT('',(0.098425,-0.079375,0.015875));
#11114=CARTESIAN_POINT('',(0.098425,0.079375,0.015875));
#11115=CARTESIAN_POINT('',(-0.092075,-1.48690583655155E-17,0.015875));
#11116=CARTESIAN_POINT('',(-0.092075,0.079375,0.015875));
#11117=CARTESIAN_POINT('',(-0.092075,-0.079375,0.015875));
#11118=CARTESIAN_POINT('',(-0.098425,-2.16840434497101E-19,0.015875));
#11119=CARTESIAN_POINT('',(-0.098425,0.079375,0.015875));
#11120=CARTESIAN_POINT('',(-0.098425,-0.079375,0.015875));
#11121=CARTESIAN_POINT('',(0.000203405767679216,0.0413878537416458,0.04845));
#11122=CARTESIAN_POINT('',(0.0182034057676792,0.0413878537416458,0.04845));
#11123=CARTESIAN_POINT('',(-0.0177965942323208,0.0413878537416458,0.04845));
#11124=CARTESIAN_POINT('',(-0.0135965942323208,0.0490378537416458,0.04845));
#11125=CARTESIAN_POINT('',(-0.0189965942323208,0.0449878537416458,0.04845));
#11126=CARTESIAN_POINT('',(-0.000996594232320782,0.0584878537416458,0.04845));
#11127=CARTESIAN_POINT('',(0.0140034057676792,0.0490378537416458,0.04845));
#11128=CARTESIAN_POINT('',(0.00140340576767921,0.0584878537416458,0.04845));
#11129=CARTESIAN_POINT('',(0.0194034057676792,0.0449878537416458,0.04845));
#11130=CARTESIAN_POINT('',(0.000203405767679216,0.0568878537416458,0.04845));
#11131=CARTESIAN_POINT('',(-0.0177965942323208,0.0433878537416458,0.04845));
#11132=CARTESIAN_POINT('',(0.0182034057676792,0.0433878537416458,0.04845));
#11133=CARTESIAN_POINT('',(-0.0159965942323208,0.0522378537416458,0.04845));
#11134=CARTESIAN_POINT('',(-0.00526326089898744,0.0602878537416458,0.04845));
#11135=CARTESIAN_POINT('',(-0.0245965942323208,0.0457878537416458,0.04845));
#11136=CARTESIAN_POINT('',(-0.0277965942323208,0.0618878537416458,0.04845));
#11137=CARTESIAN_POINT('',(-0.0277965942323208,0.0473878537416458,0.04845));
#11138=CARTESIAN_POINT('',(-0.0277965942323208,0.0763878537416458,0.04845));
#11139=CARTESIAN_POINT('',(-0.0159965942323208,0.0715378537416458,0.04845));
#11140=CARTESIAN_POINT('',(-0.0245965942323208,0.0779878537416458,0.04845));
#11141=CARTESIAN_POINT('',(-0.00526326089898744,0.0634878537416458,0.04845));
#11142=CARTESIAN_POINT('',(-0.0257965942323208,0.0763878537416458,0.04845));
#11143=CARTESIAN_POINT('',(-0.00646326089898744,0.0618878537416458,0.04845));
#11144=CARTESIAN_POINT('',(-0.0257965942323208,0.0473878537416458,0.04845));
#11145=CARTESIAN_POINT('',(0.0164034057676792,0.0522378537416458,0.04845));
#11146=CARTESIAN_POINT('',(0.0250034057676792,0.0457878537416458,0.04845));
#11147=CARTESIAN_POINT('',(0.00567007243434588,0.0602878537416458,0.04845));
#11148=CARTESIAN_POINT('',(0.0164034057676792,0.0715378537416458,0.04845));
#11149=CARTESIAN_POINT('',(0.00567007243434586,0.0634878537416458,0.04845));
#11150=CARTESIAN_POINT('',(0.0250034057676792,0.0779878537416458,0.04845));
#11151=CARTESIAN_POINT('',(0.0282034057676792,0.0618878537416458,0.04845));
#11152=CARTESIAN_POINT('',(0.0282034057676792,0.0763878537416458,0.04845));
#11153=CARTESIAN_POINT('',(0.0282034057676792,0.0473878537416458,0.04845));
#11154=CARTESIAN_POINT('',(0.0262034057676792,0.0763878537416458,0.04845));
#11155=CARTESIAN_POINT('',(0.00687007243434587,0.0618878537416458,0.04845));
#11156=CARTESIAN_POINT('',(0.0262034057676792,0.0473878537416458,0.04845));
#11157=CARTESIAN_POINT('',(0.0140034057676792,0.0747378537416458,0.04845));
#11158=CARTESIAN_POINT('',(0.0194034057676792,0.0787878537416458,0.04845));
#11159=CARTESIAN_POINT('',(0.00140340576767922,0.0652878537416458,0.04845));
#11160=CARTESIAN_POINT('',(-0.0135965942323208,0.0747378537416458,0.04845));
#11161=CARTESIAN_POINT('',(-0.000996594232320784,0.0652878537416458,0.04845));
#11162=CARTESIAN_POINT('',(-0.0189965942323208,0.0787878537416458,0.04845));
#11163=CARTESIAN_POINT('',(0.000203405767679216,0.0823878537416458,0.04845));
#11164=CARTESIAN_POINT('',(-0.0177965942323208,0.0823878537416458,0.04845));
#11165=CARTESIAN_POINT('',(0.0182034057676792,0.0823878537416458,0.04845));
#11166=CARTESIAN_POINT('',(-0.0177965942323208,0.0803878537416458,0.04845));
#11167=CARTESIAN_POINT('',(0.000203405767679216,0.0668878537416458,0.04845));
#11168=CARTESIAN_POINT('',(0.0182034057676792,0.0803878537416458,0.04845));
#11169=CARTESIAN_POINT('',(0.0450378140302673,-0.026125,0.0264976859697327));
#11170=CARTESIAN_POINT('',(0.053975,-0.026125,0.0354348719394654));
#11171=CARTESIAN_POINT('',(0.053975,-0.026125,0.04445));
#11172=CARTESIAN_POINT('',(-0.0420638140302673,-0.026125,0.0235236859697327));
#11173=CARTESIAN_POINT('',(-0.053975,-0.026125,0.0354348719394654));
#11174=CARTESIAN_POINT('',(-0.053975,-0.026125,0.00675));
#11175=CARTESIAN_POINT('',(0.0381,-0.0293,0.012698));
#11176=CARTESIAN_POINT('',(-0.047725,0.011225,0.00675));
#11177=CARTESIAN_POINT('',(0.047725,0.011225,0.0151));
#11178=CARTESIAN_POINT('',(0.060325,-0.026125,-0.31555));
#11179=CARTESIAN_POINT('',(0.060325,-0.026125,0.009525));
#11180=CARTESIAN_POINT('',(0.060325,0.,0.009525));
#11181=CARTESIAN_POINT('',(0.060325,0.011225,0.009525));
#11182=CARTESIAN_POINT('',(0.060325,0.011225,-0.31555));
#11183=CARTESIAN_POINT('',(-0.060325,-0.026125,0.00675));
#11184=CARTESIAN_POINT('',(-0.060325,-0.026125,0.009525));
#11185=CARTESIAN_POINT('',(-0.060325,0.,0.009525));
#11186=CARTESIAN_POINT('',(-0.060325,0.011225,0.009525));
#11187=CARTESIAN_POINT('',(-0.060325,0.011225,0.0151));
#11188=CARTESIAN_POINT('',(-0.0381,-0.0293,0.00635));
#11189=CARTESIAN_POINT('',(-0.0381,0.060325,0.00675));
#11190=CARTESIAN_POINT('',(0.0381,0.060325,0.00635));
#11191=CARTESIAN_POINT('',(-0.243754935969732,-0.092075,-0.147995064030267));
#11192=CARTESIAN_POINT('',(-0.0671848719394654,-0.092075,0.028575));
#11193=CARTESIAN_POINT('',(-0.0762,-0.092075,0.028575));
#11194=CARTESIAN_POINT('',(-0.092075,-0.092075,0.028575));
#11195=CARTESIAN_POINT('',(-0.0320049359697327,-0.098425,0.0637549359697327));
#11196=CARTESIAN_POINT('',(-0.0671848719394654,-0.098425,0.028575));
#11197=CARTESIAN_POINT('',(-0.092075,-0.079375,0.0254));
#11198=CARTESIAN_POINT('',(-0.092075,-0.079375,0.028575));
#11199=CARTESIAN_POINT('',(-0.092075,-1.48690583655155E-17,0.028575));
#11200=CARTESIAN_POINT('',(-0.092075,-0.079375,0.028575));
#11201=CARTESIAN_POINT('',(-4.33680868994201E-19,-0.098425,0.028575));
#11202=CARTESIAN_POINT('',(-0.0889,-0.098425,0.028575));
#11203=CARTESIAN_POINT('',(-0.092075,-0.079375,0.028575));
#11204=CARTESIAN_POINT('',(-0.092075,-0.079375,0.028575));
#11205=CARTESIAN_POINT('',(-0.0889,-0.0889,0.028575));
#11206=CARTESIAN_POINT('',(-0.098425,-0.0889,0.028575));
#11207=CARTESIAN_POINT('',(-5.42101086242752E-18,-0.079375,0.028575));
#11208=CARTESIAN_POINT('',(-0.098425,-0.079375,0.028575));
#11209=CARTESIAN_POINT('',(-0.098425,-2.16840434497101E-19,0.028575));
#11210=CARTESIAN_POINT('',(-0.098425,-0.079375,0.028575));
#11211=CARTESIAN_POINT('',(-0.098425,-0.079375,0.028575));
#11212=CARTESIAN_POINT('',(-0.098425,-0.079375,0.028575));
#11213=CARTESIAN_POINT('',(-0.098425,-0.079375,0.03175));
#11214=CARTESIAN_POINT('',(-0.060325,0.098425,-0.31555));
#11215=CARTESIAN_POINT('',(-0.060325,0.098425,0.028575));
#11216=CARTESIAN_POINT('',(0.,0.092075,0.028575));
#11217=CARTESIAN_POINT('',(-0.092075,0.092075,0.028575));
#11218=CARTESIAN_POINT('',(-1.34441069388203E-17,0.098425,0.028575));
#11219=CARTESIAN_POINT('',(-0.0889,0.098425,0.028575));
#11220=CARTESIAN_POINT('',(-0.092075,-1.48690583655155E-17,0.028575));
#11221=CARTESIAN_POINT('',(-0.092075,0.079375,0.028575));
#11222=CARTESIAN_POINT('',(-0.092075,0.079375,-0.31555));
#11223=CARTESIAN_POINT('',(-0.092075,0.079375,0.028575));
#11224=CARTESIAN_POINT('',(-0.0889,0.0889,0.028575));
#11225=CARTESIAN_POINT('',(-0.098425,0.0889,0.028575));
#11226=CARTESIAN_POINT('',(-0.092075,0.079375,0.028575));
#11227=CARTESIAN_POINT('',(-0.092075,0.079375,0.028575));
#11228=CARTESIAN_POINT('',(-0.098425,-2.16840434497101E-19,0.028575));
#11229=CARTESIAN_POINT('',(-0.098425,0.079375,0.028575));
#11230=CARTESIAN_POINT('',(-0.0766,0.079375,0.028575));
#11231=CARTESIAN_POINT('',(-0.098425,0.079375,0.028575));
#11232=CARTESIAN_POINT('',(-0.098425,0.079375,0.028575));
#11233=CARTESIAN_POINT('',(-0.098425,0.079375,0.028575));
#11234=CARTESIAN_POINT('',(-0.098425,0.079375,0.0254));
#11235=CARTESIAN_POINT('',(0.243754935969732,-0.092075,-0.147995064030267));
#11236=CARTESIAN_POINT('',(0.0671848719394653,-0.092075,0.028575));
#11237=CARTESIAN_POINT('',(0.0320049359697327,-0.098425,0.0637549359697327));
#11238=CARTESIAN_POINT('',(0.0671848719394654,-0.098425,0.028575));
#11239=CARTESIAN_POINT('',(0.,-0.092075,0.028575));
#11240=CARTESIAN_POINT('',(0.092075,-0.092075,0.028575));
#11241=CARTESIAN_POINT('',(-4.33680868994201E-19,-0.098425,0.028575));
#11242=CARTESIAN_POINT('',(0.0889,-0.098425,0.028575));
#11243=CARTESIAN_POINT('',(0.092075,-2.87468461733299E-17,0.028575));
#11244=CARTESIAN_POINT('',(0.092075,-0.079375,0.028575));
#11245=CARTESIAN_POINT('',(0.092075,-0.079375,0.01905));
#11246=CARTESIAN_POINT('',(0.092075,-0.079375,0.028575));
#11247=CARTESIAN_POINT('',(0.0889,-0.0889,0.028575));
#11248=CARTESIAN_POINT('',(0.098425,-0.0889,0.028575));
#11249=CARTESIAN_POINT('',(0.092075,-0.079375,0.028575));
#11250=CARTESIAN_POINT('',(0.092075,-0.079375,0.028575));
#11251=CARTESIAN_POINT('',(0.098425,-6.72205346941013E-18,0.028575));
#11252=CARTESIAN_POINT('',(0.098425,-0.079375,0.028575));
#11253=CARTESIAN_POINT('',(0.,-0.079375,0.028575));
#11254=CARTESIAN_POINT('',(0.098425,-0.079375,0.028575));
#11255=CARTESIAN_POINT('',(0.098425,-0.079375,0.028575));
#11256=CARTESIAN_POINT('',(0.098425,-0.079375,0.028575));
#11257=CARTESIAN_POINT('',(0.098425,-0.079375,0.03175));
#11258=CARTESIAN_POINT('',(0.060325,0.098425,0.03175));
#11259=CARTESIAN_POINT('',(0.060325,0.098425,0.028575));
#11260=CARTESIAN_POINT('',(-1.34441069388203E-17,0.098425,0.028575));
#11261=CARTESIAN_POINT('',(0.0889,0.098425,0.028575));
#11262=CARTESIAN_POINT('',(0.0889,0.0889,0.028575));
#11263=CARTESIAN_POINT('',(0.098425,0.0889,0.028575));
#11264=CARTESIAN_POINT('',(0.098425,-6.72205346941013E-18,0.028575));
#11265=CARTESIAN_POINT('',(0.098425,0.079375,0.028575));
#11266=CARTESIAN_POINT('',(0.098425,0.079375,0.01905));
#11267=CARTESIAN_POINT('',(0.098425,0.079375,0.028575));
#11268=CARTESIAN_POINT('',(0.0762,0.092075,0.028575));
#11269=CARTESIAN_POINT('',(0.092075,0.092075,0.028575));
#11270=CARTESIAN_POINT('',(0.098425,0.079375,0.028575));
#11271=CARTESIAN_POINT('',(0.098425,0.079375,0.028575));
#11272=CARTESIAN_POINT('',(0.092075,-2.87468461733299E-17,0.028575));
#11273=CARTESIAN_POINT('',(0.092075,0.079375,0.028575));
#11274=CARTESIAN_POINT('',(0.09525,0.079375,0.028575));
#11275=CARTESIAN_POINT('',(0.092075,0.079375,0.028575));
#11276=CARTESIAN_POINT('',(0.092075,0.079375,0.028575));
#11277=CARTESIAN_POINT('',(0.092075,0.079375,0.028575));
#11278=CARTESIAN_POINT('',(0.092075,0.079375,-0.31555));
#11279=CARTESIAN_POINT('',(0.,-0.0351625,0.028575));
#11280=CARTESIAN_POINT('',(-0.0381,-0.0351625,0.028575));
#11281=CARTESIAN_POINT('',(0.0381,-0.0351625,0.028575));
#11282=CARTESIAN_POINT('',(0.0381,6.93889390390723E-18,0.028575));
#11283=CARTESIAN_POINT('',(0.0381,-0.0968375,0.028575));
#11284=CARTESIAN_POINT('',(-0.0381,0.,0.028575));
#11285=CARTESIAN_POINT('',(-0.0381,-0.0968375,0.028575));
#11286=CARTESIAN_POINT('',(9.61983018496229E-18,-0.0968375,0.028575));
#11287=CARTESIAN_POINT('',(-0.053975,0.098425,0.03175));
#11288=CARTESIAN_POINT('',(-0.053975,0.098425,0.028575));
#11289=CARTESIAN_POINT('',(-1.34441069388203E-17,0.098425,0.028575));
#11290=CARTESIAN_POINT('',(0.053975,0.098425,0.028575));
#11291=CARTESIAN_POINT('',(0.053975,0.098425,0.044452));
#11292=CARTESIAN_POINT('',(0.053975,-0.098425,0.03175));
#11293=CARTESIAN_POINT('',(0.053975,-0.098425,0.0354348719394654));
#11294=CARTESIAN_POINT('',(0.0251450640302673,-0.098425,0.00660493596973271));
#11295=CARTESIAN_POINT('',(0.0471151280605346,-0.098425,0.028575));
#11296=CARTESIAN_POINT('',(-4.33680868994201E-19,-0.098425,0.028575));
#11297=CARTESIAN_POINT('',(-0.0471151280605346,-0.098425,0.028575));
#11298=CARTESIAN_POINT('',(-0.0251450640302673,-0.098425,0.00660493596973271));
#11299=CARTESIAN_POINT('',(-0.053975,-0.098425,0.0354348719394654));
#11300=CARTESIAN_POINT('',(-0.053975,-0.098425,0.04445));
#11301=MECHANICAL_DESIGN_GEOMETRIC_PRESENTATION_REPRESENTATION('',(#6530),
#11302);
#11302=(
GEOMETRIC_REPRESENTATION_CONTEXT(3)
GLOBAL_UNCERTAINTY_ASSIGNED_CONTEXT((#11303))
GLOBAL_UNIT_ASSIGNED_CONTEXT((#11306,#11305,#11304))
REPRESENTATION_CONTEXT('Main base','TOP_LEVEL_ASSEMBLY_PART')
);
#11303=UNCERTAINTY_MEASURE_WITH_UNIT(LENGTH_MEASURE(2.E-5),#11306,
'DISTANCE_ACCURACY_VALUE','Maximum Tolerance applied to model');
#11304=(
NAMED_UNIT(*)
SI_UNIT($,.STERADIAN.)
SOLID_ANGLE_UNIT()
);
#11305=(
NAMED_UNIT(*)
PLANE_ANGLE_UNIT()
SI_UNIT($,.RADIAN.)
);
#11306=(
LENGTH_UNIT()
NAMED_UNIT(*)
SI_UNIT($,.METRE.)
);
#11307=PRODUCT_DEFINITION_SHAPE('','',#11308);
#11308=PRODUCT_DEFINITION('','',#11310,#11309);
#11309=PRODUCT_DEFINITION_CONTEXT('',#11316,'design');
#11310=PRODUCT_DEFINITION_FORMATION_WITH_SPECIFIED_SOURCE('','',#11312,
 .NOT_KNOWN.);
#11311=PRODUCT_RELATED_PRODUCT_CATEGORY('','',(#11312));
#11312=PRODUCT('Main base','Main base','Main base',(#11314));
#11313=PRODUCT_CATEGORY('','');
#11314=PRODUCT_CONTEXT('',#11316,'mechanical');
#11315=APPLICATION_PROTOCOL_DEFINITION('international standard',
'ap242_managed_model_based_3d_engineering',2020,#11316);
#11316=APPLICATION_CONTEXT('managed model based 3d engineering');
ENDSEC;
END-ISO-10303-21;
