ISO-10303-21;
HEADER;
/* Generated by software containing ST-Developer
 * from STEP Tools, Inc. (www.steptools.com) 
 */
/* OPTION: using custom renumber hook */

FILE_DESCRIPTION(
/* description */ ('STEP AP242 Edition 2',
'CAx-IF Rec.Pracs.---Representation and Presentation of Product Manufa
cturing Information (PMI)---4.0---2014-10-13',
'CAx-IF Rec.Pracs.---3D Tessellated Geometry---0.4---2014-09-14','2;1',
'CAx-IF Rec.Pracs.---User Defined Attributes---1.5---2016-08-15'),
/* implementation_level */ '2;1');

FILE_NAME(
/* name */ 'Full Assembly - Part 1 (1)',
/* time_stamp */ '2026-08-15T05:10:10Z',
/* author */ (''),
/* organization */ (''),
/* preprocessor_version */ 'ST-DEVELOPER v20',
/* originating_system */ 'ONSHAPE BY PTC INC, 1.219',
/* authorisation */ '  ');

FILE_SCHEMA (('AP242_MANAGED_MODEL_BASED_3D_ENGINEERING_MIM_LF { 1 0 10303 442 3 1 4 }'));
ENDSEC;

DATA;
#10=SHAPE_REPRESENTATION_RELATIONSHIP('','',#1492,#11);
#11=ADVANCED_BREP_SHAPE_REPRESENTATION('',(#1490),#2638);
#12=TOROIDAL_SURFACE('',#1638,0.000692577416361711,0.000613210244842766);
#13=TOROIDAL_SURFACE('',#1643,0.00104154308956185,0.000613210244842766);
#14=SPHERICAL_SURFACE('',#1612,0.00127);
#15=(
BOUNDED_SURFACE()
B_SPLINE_SURFACE(3,2,((#2461,#2462,#2463),(#2464,#2465,#2466),(#2467,#2468,
#2469),(#2470,#2471,#2472),(#2473,#2474,#2475)),.UNSPECIFIED.,.F.,.F.,.F.)
B_SPLINE_SURFACE_WITH_KNOTS((4,1,4),(3,3),(4.71238898038469,5.25723844021114,
5.80208790003759),(0.,1.),.UNSPECIFIED.)
GEOMETRIC_REPRESENTATION_ITEM()
RATIONAL_B_SPLINE_SURFACE(((1.,0.707106781186548,1.),(1.,0.757776625786997,
1.),(1.,0.847873308411282,1.),(1.,0.903843533358958,1.),(1.,0.921829449920802,
1.)))
REPRESENTATION_ITEM('')
SURFACE()
);
#16=(
BOUNDED_SURFACE()
B_SPLINE_SURFACE(3,2,((#2480,#2481,#2482),(#2483,#2484,#2485),(#2486,#2487,
#2488),(#2489,#2490,#2491),(#2492,#2493,#2494),(#2495,#2496,#2497),(#2498,
#2499,#2500)),.UNSPECIFIED.,.F.,.F.,.F.)
B_SPLINE_SURFACE_WITH_KNOTS((4,1,1,1,4),(3,3),(3.14159265358979,3.53429173528852,
3.92699081698724,4.31968989868597,4.71238898038469),(0.,1.),
 .UNSPECIFIED.)
GEOMETRIC_REPRESENTATION_ITEM()
RATIONAL_B_SPLINE_SURFACE(((1.,0.439176600312142,1.),(1.,0.439176600314753,
1.),(1.,0.457927925688811,1.),(1.,0.528677689592425,1.),(1.,0.618270516392082,
1.),(1.,0.678679372274119,1.),(1.,0.707106781186548,1.)))
REPRESENTATION_ITEM('')
SURFACE()
);
#17=(
BOUNDED_SURFACE()
B_SPLINE_SURFACE(3,2,((#2533,#2534,#2535),(#2536,#2537,#2538),(#2539,#2540,
#2541),(#2542,#2543,#2544),(#2545,#2546,#2547)),.UNSPECIFIED.,.F.,.F.,.F.)
B_SPLINE_SURFACE_WITH_KNOTS((4,1,4),(3,3),(3.6538999183203,4.1831444493525,
4.71238898038469),(0.,1.),.UNSPECIFIED.)
GEOMETRIC_REPRESENTATION_ITEM()
RATIONAL_B_SPLINE_SURFACE(((1.,0.918641262432765,1.),(1.,0.900070378677419,
1.),(1.,0.844170816405897,1.),(1.,0.756325400493763,1.),(1.,0.707106781186548,
1.)))
REPRESENTATION_ITEM('')
SURFACE()
);
#18=ELLIPSE('',#1498,0.0186081244226079,0.01143);
#19=ELLIPSE('',#1499,0.00321880317471432,0.00254);
#20=ELLIPSE('',#1501,0.0186081244226079,0.01143);
#21=ELLIPSE('',#1502,0.00160940158735716,0.00127);
#22=ELLIPSE('',#1504,0.00160940158735716,0.00127);
#23=ELLIPSE('',#1505,0.0206756938028976,0.0127);
#24=ELLIPSE('',#1522,0.00160940158735716,0.00127);
#25=ELLIPSE('',#1550,0.00160940158735716,0.00127);
#26=ELLIPSE('',#1578,0.0186081244226079,0.01143);
#27=ELLIPSE('',#1580,0.0206756938028976,0.0127);
#28=ELLIPSE('',#1589,0.0194141029802373,0.0127);
#29=ELLIPSE('',#1591,0.0194141029802373,0.0127);
#30=ELLIPSE('',#1596,0.00160940158735716,0.00127);
#31=ELLIPSE('',#1598,0.00179605122421383,0.00127);
#32=ELLIPSE('',#1600,0.00179605122421383,0.00127);
#33=ELLIPSE('',#1604,0.00234989231190517,0.00127);
#34=ELLIPSE('',#1615,0.00160940158735716,0.00127);
#35=ELLIPSE('',#1619,0.00160940158735716,0.00127);
#36=ELLIPSE('',#1622,0.00160940158735716,0.00127);
#37=ELLIPSE('',#1642,0.000866456429789292,0.000613210244842766);
#38=ELLIPSE('',#1646,0.00086087186155229,0.000613210244842766);
#39=ELLIPSE('',#1648,0.000613226990130503,0.000613210244842766);
#40=CIRCLE('',#1496,0.0127);
#41=CIRCLE('',#1507,0.0014);
#42=CIRCLE('',#1508,0.00127);
#43=CIRCLE('',#1509,0.00127);
#44=CIRCLE('',#1511,0.000613210244842766);
#45=CIRCLE('',#1513,0.00127);
#46=CIRCLE('',#1515,0.00127);
#47=CIRCLE('',#1516,0.00127);
#48=CIRCLE('',#1518,0.0127);
#49=CIRCLE('',#1519,0.0127);
#50=CIRCLE('',#1520,0.0127);
#51=CIRCLE('',#1521,0.0127);
#52=CIRCLE('',#1523,0.0127);
#53=CIRCLE('',#1524,0.00127);
#54=CIRCLE('',#1525,0.0127);
#55=CIRCLE('',#1526,0.0015);
#56=CIRCLE('',#1527,0.003302);
#57=CIRCLE('',#1528,0.0015);
#58=CIRCLE('',#1530,0.0014);
#59=CIRCLE('',#1532,0.00127);
#60=CIRCLE('',#1533,0.00127);
#61=CIRCLE('',#1536,0.00127);
#62=CIRCLE('',#1539,0.003302);
#63=CIRCLE('',#1541,0.0015);
#64=CIRCLE('',#1542,0.0015);
#65=CIRCLE('',#1543,0.0127);
#66=CIRCLE('',#1544,0.0127);
#67=CIRCLE('',#1545,0.0127);
#68=CIRCLE('',#1546,0.0127);
#69=CIRCLE('',#1548,0.00127);
#70=CIRCLE('',#1551,0.00165475333440462);
#71=CIRCLE('',#1553,0.0014);
#72=CIRCLE('',#1554,0.0014);
#73=CIRCLE('',#1555,0.00127);
#74=CIRCLE('',#1556,0.00127);
#75=CIRCLE('',#1557,0.00127);
#76=CIRCLE('',#1558,0.00127);
#77=CIRCLE('',#1559,0.0014);
#78=CIRCLE('',#1560,0.0014);
#79=CIRCLE('',#1562,0.00127);
#80=CIRCLE('',#1563,0.00127);
#81=CIRCLE('',#1564,0.00127);
#82=CIRCLE('',#1566,0.0127);
#83=CIRCLE('',#1569,0.0014);
#84=CIRCLE('',#1571,0.0014);
#85=CIRCLE('',#1602,0.00127);
#86=CIRCLE('',#1606,0.00127);
#87=CIRCLE('',#1607,0.00127);
#88=CIRCLE('',#1609,0.00127);
#89=CIRCLE('',#1611,0.00127);
#90=CIRCLE('',#1613,0.00127);
#91=CIRCLE('',#1617,0.00127);
#92=CIRCLE('',#1620,0.00127);
#93=CIRCLE('',#1627,0.00165475333440462);
#94=CIRCLE('',#1630,0.00130578766120448);
#95=CIRCLE('',#1631,0.00130578766120448);
#96=CIRCLE('',#1635,0.00104154308956185);
#97=CIRCLE('',#1636,0.000692577416361711);
#98=CIRCLE('',#1639,0.000613210244842766);
#99=CIRCLE('',#1644,0.000613210244842766);
#100=PLANE('',#1495);
#101=PLANE('',#1497);
#102=PLANE('',#1500);
#103=PLANE('',#1503);
#104=PLANE('',#1506);
#105=PLANE('',#1510);
#106=PLANE('',#1512);
#107=PLANE('',#1517);
#108=PLANE('',#1529);
#109=PLANE('',#1531);
#110=PLANE('',#1534);
#111=PLANE('',#1535);
#112=PLANE('',#1537);
#113=PLANE('',#1540);
#114=PLANE('',#1547);
#115=PLANE('',#1549);
#116=PLANE('',#1552);
#117=PLANE('',#1561);
#118=PLANE('',#1565);
#119=PLANE('',#1575);
#120=PLANE('',#1576);
#121=PLANE('',#1577);
#122=PLANE('',#1579);
#123=PLANE('',#1592);
#124=PLANE('',#1593);
#125=PLANE('',#1594);
#126=PLANE('',#1595);
#127=PLANE('',#1625);
#128=PLANE('',#1628);
#129=PLANE('',#1632);
#130=PLANE('',#1633);
#131=PLANE('',#1634);
#132=PLANE('',#1637);
#133=LINE('',#2097,#247);
#134=LINE('',#2099,#248);
#135=LINE('',#2104,#249);
#136=LINE('',#2106,#250);
#137=LINE('',#2109,#251);
#138=LINE('',#2111,#252);
#139=LINE('',#2113,#253);
#140=LINE('',#2119,#254);
#141=LINE('',#2124,#255);
#142=LINE('',#2128,#256);
#143=LINE('',#2133,#257);
#144=LINE('',#2135,#258);
#145=LINE('',#2139,#259);
#146=LINE('',#2141,#260);
#147=LINE('',#2143,#261);
#148=LINE('',#2147,#262);
#149=LINE('',#2152,#263);
#150=LINE('',#2156,#264);
#151=LINE('',#2158,#265);
#152=LINE('',#2160,#266);
#153=LINE('',#2162,#267);
#154=LINE('',#2164,#268);
#155=LINE('',#2169,#269);
#156=LINE('',#2171,#270);
#157=LINE('',#2173,#271);
#158=LINE('',#2180,#272);
#159=LINE('',#2182,#273);
#160=LINE('',#2185,#274);
#161=LINE('',#2190,#275);
#162=LINE('',#2195,#276);
#163=LINE('',#2197,#277);
#164=LINE('',#2199,#278);
#165=LINE('',#2201,#279);
#166=LINE('',#2205,#280);
#167=LINE('',#2208,#281);
#168=LINE('',#2214,#282);
#169=LINE('',#2216,#283);
#170=LINE('',#2220,#284);
#171=LINE('',#2222,#285);
#172=LINE('',#2224,#286);
#173=LINE('',#2228,#287);
#174=LINE('',#2240,#288);
#175=LINE('',#2243,#289);
#176=LINE('',#2245,#290);
#177=LINE('',#2247,#291);
#178=LINE('',#2249,#292);
#179=LINE('',#2252,#293);
#180=LINE('',#2254,#294);
#181=LINE('',#2256,#295);
#182=LINE('',#2260,#296);
#183=LINE('',#2262,#297);
#184=LINE('',#2264,#298);
#185=LINE('',#2266,#299);
#186=LINE('',#2269,#300);
#187=LINE('',#2270,#301);
#188=LINE('',#2272,#302);
#189=LINE('',#2275,#303);
#190=LINE('',#2277,#304);
#191=LINE('',#2278,#305);
#192=LINE('',#2280,#306);
#193=LINE('',#2282,#307);
#194=LINE('',#2284,#308);
#195=LINE('',#2286,#309);
#196=LINE('',#2288,#310);
#197=LINE('',#2291,#311);
#198=LINE('',#2292,#312);
#199=LINE('',#2306,#313);
#200=LINE('',#2308,#314);
#201=LINE('',#2318,#315);
#202=LINE('',#2320,#316);
#203=LINE('',#2322,#317);
#204=LINE('',#2324,#318);
#205=LINE('',#2325,#319);
#206=LINE('',#2327,#320);
#207=LINE('',#2330,#321);
#208=LINE('',#2334,#322);
#209=LINE('',#2338,#323);
#210=LINE('',#2341,#324);
#211=LINE('',#2347,#325);
#212=LINE('',#2350,#326);
#213=LINE('',#2354,#327);
#214=LINE('',#2357,#328);
#215=LINE('',#2359,#329);
#216=LINE('',#2374,#330);
#217=LINE('',#2377,#331);
#218=LINE('',#2379,#332);
#219=LINE('',#2385,#333);
#220=LINE('',#2386,#334);
#221=LINE('',#2416,#335);
#222=LINE('',#2417,#336);
#223=LINE('',#2419,#337);
#224=LINE('',#2420,#338);
#225=LINE('',#2422,#339);
#226=LINE('',#2424,#340);
#227=LINE('',#2426,#341);
#228=LINE('',#2428,#342);
#229=LINE('',#2430,#343);
#230=LINE('',#2434,#344);
#231=LINE('',#2436,#345);
#232=LINE('',#2564,#346);
#233=LINE('',#2565,#347);
#234=LINE('',#2567,#348);
#235=LINE('',#2578,#349);
#236=LINE('',#2581,#350);
#237=LINE('',#2582,#351);
#238=LINE('',#2584,#352);
#239=LINE('',#2595,#353);
#240=LINE('',#2597,#354);
#241=LINE('',#2602,#355);
#242=LINE('',#2606,#356);
#243=LINE('',#2608,#357);
#244=LINE('',#2610,#358);
#245=LINE('',#2612,#359);
#246=LINE('',#2614,#360);
#247=VECTOR('',#1656,1.);
#248=VECTOR('',#1659,1.);
#249=VECTOR('',#1662,1.);
#250=VECTOR('',#1665,1.);
#251=VECTOR('',#1666,1.);
#252=VECTOR('',#1667,1.);
#253=VECTOR('',#1668,1.);
#254=VECTOR('',#1675,1.);
#255=VECTOR('',#1678,1.);
#256=VECTOR('',#1683,1.);
#257=VECTOR('',#1686,1.);
#258=VECTOR('',#1687,1.);
#259=VECTOR('',#1690,1.);
#260=VECTOR('',#1691,1.);
#261=VECTOR('',#1692,1.);
#262=VECTOR('',#1697,1.);
#263=VECTOR('',#1700,1.);
#264=VECTOR('',#1703,1.);
#265=VECTOR('',#1704,1.);
#266=VECTOR('',#1705,1.);
#267=VECTOR('',#1706,1.);
#268=VECTOR('',#1709,1.);
#269=VECTOR('',#1712,1.);
#270=VECTOR('',#1713,1.);
#271=VECTOR('',#1714,1.);
#272=VECTOR('',#1717,1.);
#273=VECTOR('',#1718,1.);
#274=VECTOR('',#1721,1.);
#275=VECTOR('',#1730,1.);
#276=VECTOR('',#1733,1.);
#277=VECTOR('',#1734,1.);
#278=VECTOR('',#1735,1.);
#279=VECTOR('',#1736,1.);
#280=VECTOR('',#1739,1.);
#281=VECTOR('',#1742,1.);
#282=VECTOR('',#1747,1.);
#283=VECTOR('',#1748,1.);
#284=VECTOR('',#1751,1.);
#285=VECTOR('',#1752,1.);
#286=VECTOR('',#1753,1.);
#287=VECTOR('',#1756,1.);
#288=VECTOR('',#1769,1.);
#289=VECTOR('',#1770,1.);
#290=VECTOR('',#1771,1.);
#291=VECTOR('',#1772,1.);
#292=VECTOR('',#1775,1.);
#293=VECTOR('',#1776,1.);
#294=VECTOR('',#1777,1.);
#295=VECTOR('',#1778,1.);
#296=VECTOR('',#1783,1.);
#297=VECTOR('',#1784,1.);
#298=VECTOR('',#1785,1.);
#299=VECTOR('',#1788,1.);
#300=VECTOR('',#1789,1.);
#301=VECTOR('',#1790,1.);
#302=VECTOR('',#1793,1.);
#303=VECTOR('',#1794,1.);
#304=VECTOR('',#1795,1.);
#305=VECTOR('',#1796,1.);
#306=VECTOR('',#1797,1.);
#307=VECTOR('',#1798,1.);
#308=VECTOR('',#1801,1.);
#309=VECTOR('',#1802,1.);
#310=VECTOR('',#1805,1.);
#311=VECTOR('',#1806,1.);
#312=VECTOR('',#1807,1.);
#313=VECTOR('',#1828,1.);
#314=VECTOR('',#1829,1.);
#315=VECTOR('',#1844,1.);
#316=VECTOR('',#1845,1.);
#317=VECTOR('',#1846,1.);
#318=VECTOR('',#1847,1.);
#319=VECTOR('',#1848,1.);
#320=VECTOR('',#1849,1.);
#321=VECTOR('',#1852,1.);
#322=VECTOR('',#1855,1.);
#323=VECTOR('',#1858,1.);
#324=VECTOR('',#1861,1.);
#325=VECTOR('',#1868,1.);
#326=VECTOR('',#1869,1.);
#327=VECTOR('',#1874,1.);
#328=VECTOR('',#1877,1.);
#329=VECTOR('',#1880,1.);
#330=VECTOR('',#1905,1.);
#331=VECTOR('',#1906,1.);
#332=VECTOR('',#1907,1.);
#333=VECTOR('',#1914,1.);
#334=VECTOR('',#1915,1.);
#335=VECTOR('',#1940,1.);
#336=VECTOR('',#1941,1.);
#337=VECTOR('',#1944,1.);
#338=VECTOR('',#1945,1.);
#339=VECTOR('',#1946,1.);
#340=VECTOR('',#1947,1.);
#341=VECTOR('',#1950,1.);
#342=VECTOR('',#1951,1.);
#343=VECTOR('',#1952,1.);
#344=VECTOR('',#1957,1.);
#345=VECTOR('',#1958,1.);
#346=VECTOR('',#2017,1.);
#347=VECTOR('',#2018,1.);
#348=VECTOR('',#2021,1.);
#349=VECTOR('',#2026,1.);
#350=VECTOR('',#2027,1.);
#351=VECTOR('',#2028,1.);
#352=VECTOR('',#2031,1.);
#353=VECTOR('',#2038,1.);
#354=VECTOR('',#2041,1.);
#355=VECTOR('',#2046,1.);
#356=VECTOR('',#2049,1.);
#357=VECTOR('',#2050,1.);
#358=VECTOR('',#2051,1.);
#359=VECTOR('',#2052,1.);
#360=VECTOR('',#2055,1.);
#361=ORIENTED_EDGE('',*,*,#791,.F.);
#362=ORIENTED_EDGE('',*,*,#792,.F.);
#363=ORIENTED_EDGE('',*,*,#793,.F.);
#364=ORIENTED_EDGE('',*,*,#794,.F.);
#365=ORIENTED_EDGE('',*,*,#795,.T.);
#366=ORIENTED_EDGE('',*,*,#796,.F.);
#367=ORIENTED_EDGE('',*,*,#797,.T.);
#368=ORIENTED_EDGE('',*,*,#798,.T.);
#369=ORIENTED_EDGE('',*,*,#799,.T.);
#370=ORIENTED_EDGE('',*,*,#800,.T.);
#371=ORIENTED_EDGE('',*,*,#801,.T.);
#372=ORIENTED_EDGE('',*,*,#802,.T.);
#373=ORIENTED_EDGE('',*,*,#803,.T.);
#374=ORIENTED_EDGE('',*,*,#804,.T.);
#375=ORIENTED_EDGE('',*,*,#805,.T.);
#376=ORIENTED_EDGE('',*,*,#806,.T.);
#377=ORIENTED_EDGE('',*,*,#807,.F.);
#378=ORIENTED_EDGE('',*,*,#808,.T.);
#379=ORIENTED_EDGE('',*,*,#809,.T.);
#380=ORIENTED_EDGE('',*,*,#810,.T.);
#381=ORIENTED_EDGE('',*,*,#811,.T.);
#382=ORIENTED_EDGE('',*,*,#812,.T.);
#383=ORIENTED_EDGE('',*,*,#813,.T.);
#384=ORIENTED_EDGE('',*,*,#814,.T.);
#385=ORIENTED_EDGE('',*,*,#815,.T.);
#386=ORIENTED_EDGE('',*,*,#816,.F.);
#387=ORIENTED_EDGE('',*,*,#817,.T.);
#388=ORIENTED_EDGE('',*,*,#818,.T.);
#389=ORIENTED_EDGE('',*,*,#819,.T.);
#390=ORIENTED_EDGE('',*,*,#820,.F.);
#391=ORIENTED_EDGE('',*,*,#821,.T.);
#392=ORIENTED_EDGE('',*,*,#822,.T.);
#393=ORIENTED_EDGE('',*,*,#823,.T.);
#394=ORIENTED_EDGE('',*,*,#824,.F.);
#395=ORIENTED_EDGE('',*,*,#825,.T.);
#396=ORIENTED_EDGE('',*,*,#826,.T.);
#397=ORIENTED_EDGE('',*,*,#827,.T.);
#398=ORIENTED_EDGE('',*,*,#828,.T.);
#399=ORIENTED_EDGE('',*,*,#805,.F.);
#400=ORIENTED_EDGE('',*,*,#829,.T.);
#401=ORIENTED_EDGE('',*,*,#830,.T.);
#402=ORIENTED_EDGE('',*,*,#831,.T.);
#403=ORIENTED_EDGE('',*,*,#832,.T.);
#404=ORIENTED_EDGE('',*,*,#809,.F.);
#405=ORIENTED_EDGE('',*,*,#833,.T.);
#406=ORIENTED_EDGE('',*,*,#834,.F.);
#407=ORIENTED_EDGE('',*,*,#813,.F.);
#408=ORIENTED_EDGE('',*,*,#835,.F.);
#409=ORIENTED_EDGE('',*,*,#821,.F.);
#410=ORIENTED_EDGE('',*,*,#836,.T.);
#411=ORIENTED_EDGE('',*,*,#837,.T.);
#412=ORIENTED_EDGE('',*,*,#838,.T.);
#413=ORIENTED_EDGE('',*,*,#839,.T.);
#414=ORIENTED_EDGE('',*,*,#840,.T.);
#415=ORIENTED_EDGE('',*,*,#841,.F.);
#416=ORIENTED_EDGE('',*,*,#842,.T.);
#417=ORIENTED_EDGE('',*,*,#843,.T.);
#418=ORIENTED_EDGE('',*,*,#831,.F.);
#419=ORIENTED_EDGE('',*,*,#844,.T.);
#420=ORIENTED_EDGE('',*,*,#845,.F.);
#421=ORIENTED_EDGE('',*,*,#846,.T.);
#422=ORIENTED_EDGE('',*,*,#847,.T.);
#423=ORIENTED_EDGE('',*,*,#848,.T.);
#424=ORIENTED_EDGE('',*,*,#849,.T.);
#425=ORIENTED_EDGE('',*,*,#850,.T.);
#426=ORIENTED_EDGE('',*,*,#851,.T.);
#427=ORIENTED_EDGE('',*,*,#852,.T.);
#428=ORIENTED_EDGE('',*,*,#853,.F.);
#429=ORIENTED_EDGE('',*,*,#854,.T.);
#430=ORIENTED_EDGE('',*,*,#855,.T.);
#431=ORIENTED_EDGE('',*,*,#856,.T.);
#432=ORIENTED_EDGE('',*,*,#857,.F.);
#433=ORIENTED_EDGE('',*,*,#858,.F.);
#434=ORIENTED_EDGE('',*,*,#859,.F.);
#435=ORIENTED_EDGE('',*,*,#860,.T.);
#436=ORIENTED_EDGE('',*,*,#861,.T.);
#437=ORIENTED_EDGE('',*,*,#862,.T.);
#438=ORIENTED_EDGE('',*,*,#863,.F.);
#439=ORIENTED_EDGE('',*,*,#864,.T.);
#440=ORIENTED_EDGE('',*,*,#865,.F.);
#441=ORIENTED_EDGE('',*,*,#866,.T.);
#442=ORIENTED_EDGE('',*,*,#867,.T.);
#443=ORIENTED_EDGE('',*,*,#868,.T.);
#444=ORIENTED_EDGE('',*,*,#869,.T.);
#445=ORIENTED_EDGE('',*,*,#863,.T.);
#446=ORIENTED_EDGE('',*,*,#870,.T.);
#447=ORIENTED_EDGE('',*,*,#851,.F.);
#448=ORIENTED_EDGE('',*,*,#871,.T.);
#449=ORIENTED_EDGE('',*,*,#872,.T.);
#450=ORIENTED_EDGE('',*,*,#873,.T.);
#451=ORIENTED_EDGE('',*,*,#874,.T.);
#452=ORIENTED_EDGE('',*,*,#875,.T.);
#453=ORIENTED_EDGE('',*,*,#836,.F.);
#454=ORIENTED_EDGE('',*,*,#876,.T.);
#455=ORIENTED_EDGE('',*,*,#877,.F.);
#456=ORIENTED_EDGE('',*,*,#878,.T.);
#457=ORIENTED_EDGE('',*,*,#879,.T.);
#458=ORIENTED_EDGE('',*,*,#796,.T.);
#459=ORIENTED_EDGE('',*,*,#880,.T.);
#460=ORIENTED_EDGE('',*,*,#881,.F.);
#461=ORIENTED_EDGE('',*,*,#882,.T.);
#462=ORIENTED_EDGE('',*,*,#841,.T.);
#463=ORIENTED_EDGE('',*,*,#883,.T.);
#464=ORIENTED_EDGE('',*,*,#822,.F.);
#465=ORIENTED_EDGE('',*,*,#835,.T.);
#466=ORIENTED_EDGE('',*,*,#812,.F.);
#467=ORIENTED_EDGE('',*,*,#884,.T.);
#468=ORIENTED_EDGE('',*,*,#885,.T.);
#469=ORIENTED_EDGE('',*,*,#886,.F.);
#470=ORIENTED_EDGE('',*,*,#887,.T.);
#471=ORIENTED_EDGE('',*,*,#845,.T.);
#472=ORIENTED_EDGE('',*,*,#888,.T.);
#473=ORIENTED_EDGE('',*,*,#858,.T.);
#474=ORIENTED_EDGE('',*,*,#889,.F.);
#475=ORIENTED_EDGE('',*,*,#890,.T.);
#476=ORIENTED_EDGE('',*,*,#891,.T.);
#477=ORIENTED_EDGE('',*,*,#881,.T.);
#478=ORIENTED_EDGE('',*,*,#892,.T.);
#479=ORIENTED_EDGE('',*,*,#874,.F.);
#480=ORIENTED_EDGE('',*,*,#893,.T.);
#481=ORIENTED_EDGE('',*,*,#872,.F.);
#482=ORIENTED_EDGE('',*,*,#894,.T.);
#483=ORIENTED_EDGE('',*,*,#886,.T.);
#484=ORIENTED_EDGE('',*,*,#895,.T.);
#485=ORIENTED_EDGE('',*,*,#889,.T.);
#486=ORIENTED_EDGE('',*,*,#896,.F.);
#487=ORIENTED_EDGE('',*,*,#897,.T.);
#488=ORIENTED_EDGE('',*,*,#816,.T.);
#489=ORIENTED_EDGE('',*,*,#898,.T.);
#490=ORIENTED_EDGE('',*,*,#839,.F.);
#491=ORIENTED_EDGE('',*,*,#899,.T.);
#492=ORIENTED_EDGE('',*,*,#793,.T.);
#493=ORIENTED_EDGE('',*,*,#900,.F.);
#494=ORIENTED_EDGE('',*,*,#901,.F.);
#495=ORIENTED_EDGE('',*,*,#902,.F.);
#496=ORIENTED_EDGE('',*,*,#903,.F.);
#497=ORIENTED_EDGE('',*,*,#904,.T.);
#498=ORIENTED_EDGE('',*,*,#905,.T.);
#499=ORIENTED_EDGE('',*,*,#906,.T.);
#500=ORIENTED_EDGE('',*,*,#855,.F.);
#501=ORIENTED_EDGE('',*,*,#907,.T.);
#502=ORIENTED_EDGE('',*,*,#908,.T.);
#503=ORIENTED_EDGE('',*,*,#824,.T.);
#504=ORIENTED_EDGE('',*,*,#909,.T.);
#505=ORIENTED_EDGE('',*,*,#910,.T.);
#506=ORIENTED_EDGE('',*,*,#911,.T.);
#507=ORIENTED_EDGE('',*,*,#912,.T.);
#508=ORIENTED_EDGE('',*,*,#913,.T.);
#509=ORIENTED_EDGE('',*,*,#914,.F.);
#510=ORIENTED_EDGE('',*,*,#915,.T.);
#511=ORIENTED_EDGE('',*,*,#896,.T.);
#512=ORIENTED_EDGE('',*,*,#838,.F.);
#513=ORIENTED_EDGE('',*,*,#916,.T.);
#514=ORIENTED_EDGE('',*,*,#917,.F.);
#515=ORIENTED_EDGE('',*,*,#918,.F.);
#516=ORIENTED_EDGE('',*,*,#919,.F.);
#517=ORIENTED_EDGE('',*,*,#920,.T.);
#518=ORIENTED_EDGE('',*,*,#853,.T.);
#519=ORIENTED_EDGE('',*,*,#921,.T.);
#520=ORIENTED_EDGE('',*,*,#861,.F.);
#521=ORIENTED_EDGE('',*,*,#922,.T.);
#522=ORIENTED_EDGE('',*,*,#923,.T.);
#523=ORIENTED_EDGE('',*,*,#924,.T.);
#524=ORIENTED_EDGE('',*,*,#848,.F.);
#525=ORIENTED_EDGE('',*,*,#925,.T.);
#526=ORIENTED_EDGE('',*,*,#926,.F.);
#527=ORIENTED_EDGE('',*,*,#865,.T.);
#528=ORIENTED_EDGE('',*,*,#927,.T.);
#529=ORIENTED_EDGE('',*,*,#902,.T.);
#530=ORIENTED_EDGE('',*,*,#860,.F.);
#531=ORIENTED_EDGE('',*,*,#901,.T.);
#532=ORIENTED_EDGE('',*,*,#928,.F.);
#533=ORIENTED_EDGE('',*,*,#918,.T.);
#534=ORIENTED_EDGE('',*,*,#929,.F.);
#535=ORIENTED_EDGE('',*,*,#917,.T.);
#536=ORIENTED_EDGE('',*,*,#815,.F.);
#537=ORIENTED_EDGE('',*,*,#857,.T.);
#538=ORIENTED_EDGE('',*,*,#891,.F.);
#539=ORIENTED_EDGE('',*,*,#859,.T.);
#540=ORIENTED_EDGE('',*,*,#890,.F.);
#541=ORIENTED_EDGE('',*,*,#929,.T.);
#542=ORIENTED_EDGE('',*,*,#928,.T.);
#543=ORIENTED_EDGE('',*,*,#930,.T.);
#544=ORIENTED_EDGE('',*,*,#931,.T.);
#545=ORIENTED_EDGE('',*,*,#932,.T.);
#546=ORIENTED_EDGE('',*,*,#933,.T.);
#547=ORIENTED_EDGE('',*,*,#868,.F.);
#548=ORIENTED_EDGE('',*,*,#934,.T.);
#549=ORIENTED_EDGE('',*,*,#935,.T.);
#550=ORIENTED_EDGE('',*,*,#923,.F.);
#551=ORIENTED_EDGE('',*,*,#936,.T.);
#552=ORIENTED_EDGE('',*,*,#883,.F.);
#553=ORIENTED_EDGE('',*,*,#840,.F.);
#554=ORIENTED_EDGE('',*,*,#898,.F.);
#555=ORIENTED_EDGE('',*,*,#823,.F.);
#556=ORIENTED_EDGE('',*,*,#843,.F.);
#557=ORIENTED_EDGE('',*,*,#937,.T.);
#558=ORIENTED_EDGE('',*,*,#810,.F.);
#559=ORIENTED_EDGE('',*,*,#832,.F.);
#560=ORIENTED_EDGE('',*,*,#921,.F.);
#561=ORIENTED_EDGE('',*,*,#852,.F.);
#562=ORIENTED_EDGE('',*,*,#870,.F.);
#563=ORIENTED_EDGE('',*,*,#862,.F.);
#564=ORIENTED_EDGE('',*,*,#922,.F.);
#565=ORIENTED_EDGE('',*,*,#864,.F.);
#566=ORIENTED_EDGE('',*,*,#869,.F.);
#567=ORIENTED_EDGE('',*,*,#936,.F.);
#568=ORIENTED_EDGE('',*,*,#935,.F.);
#569=ORIENTED_EDGE('',*,*,#938,.T.);
#570=ORIENTED_EDGE('',*,*,#849,.F.);
#571=ORIENTED_EDGE('',*,*,#924,.F.);
#572=ORIENTED_EDGE('',*,*,#837,.F.);
#573=ORIENTED_EDGE('',*,*,#875,.F.);
#574=ORIENTED_EDGE('',*,*,#892,.F.);
#575=ORIENTED_EDGE('',*,*,#880,.F.);
#576=ORIENTED_EDGE('',*,*,#795,.F.);
#577=ORIENTED_EDGE('',*,*,#916,.F.);
#578=ORIENTED_EDGE('',*,*,#927,.F.);
#579=ORIENTED_EDGE('',*,*,#873,.F.);
#580=ORIENTED_EDGE('',*,*,#893,.F.);
#581=ORIENTED_EDGE('',*,*,#876,.F.);
#582=ORIENTED_EDGE('',*,*,#856,.F.);
#583=ORIENTED_EDGE('',*,*,#906,.F.);
#584=ORIENTED_EDGE('',*,*,#939,.T.);
#585=ORIENTED_EDGE('',*,*,#846,.F.);
#586=ORIENTED_EDGE('',*,*,#887,.F.);
#587=ORIENTED_EDGE('',*,*,#894,.F.);
#588=ORIENTED_EDGE('',*,*,#871,.F.);
#589=ORIENTED_EDGE('',*,*,#850,.F.);
#590=ORIENTED_EDGE('',*,*,#938,.F.);
#591=ORIENTED_EDGE('',*,*,#934,.F.);
#592=ORIENTED_EDGE('',*,*,#867,.F.);
#593=ORIENTED_EDGE('',*,*,#940,.T.);
#594=ORIENTED_EDGE('',*,*,#830,.F.);
#595=ORIENTED_EDGE('',*,*,#941,.T.);
#596=ORIENTED_EDGE('',*,*,#884,.F.);
#597=ORIENTED_EDGE('',*,*,#811,.F.);
#598=ORIENTED_EDGE('',*,*,#937,.F.);
#599=ORIENTED_EDGE('',*,*,#842,.F.);
#600=ORIENTED_EDGE('',*,*,#882,.F.);
#601=ORIENTED_EDGE('',*,*,#895,.F.);
#602=ORIENTED_EDGE('',*,*,#888,.F.);
#603=ORIENTED_EDGE('',*,*,#844,.F.);
#604=ORIENTED_EDGE('',*,*,#818,.F.);
#605=ORIENTED_EDGE('',*,*,#942,.T.);
#606=ORIENTED_EDGE('',*,*,#914,.T.);
#607=ORIENTED_EDGE('',*,*,#943,.T.);
#608=ORIENTED_EDGE('',*,*,#820,.T.);
#609=ORIENTED_EDGE('',*,*,#944,.T.);
#610=ORIENTED_EDGE('',*,*,#912,.F.);
#611=ORIENTED_EDGE('',*,*,#945,.T.);
#612=ORIENTED_EDGE('',*,*,#946,.T.);
#613=ORIENTED_EDGE('',*,*,#947,.T.);
#614=ORIENTED_EDGE('',*,*,#814,.F.);
#615=ORIENTED_EDGE('',*,*,#834,.T.);
#616=ORIENTED_EDGE('',*,*,#910,.F.);
#617=ORIENTED_EDGE('',*,*,#948,.T.);
#618=ORIENTED_EDGE('',*,*,#949,.T.);
#619=ORIENTED_EDGE('',*,*,#950,.T.);
#620=ORIENTED_EDGE('',*,*,#947,.F.);
#621=ORIENTED_EDGE('',*,*,#951,.T.);
#622=ORIENTED_EDGE('',*,*,#952,.T.);
#623=ORIENTED_EDGE('',*,*,#953,.T.);
#624=ORIENTED_EDGE('',*,*,#807,.T.);
#625=ORIENTED_EDGE('',*,*,#808,.F.);
#626=ORIENTED_EDGE('',*,*,#953,.F.);
#627=ORIENTED_EDGE('',*,*,#954,.F.);
#628=ORIENTED_EDGE('',*,*,#806,.F.);
#629=ORIENTED_EDGE('',*,*,#833,.F.);
#630=ORIENTED_EDGE('',*,*,#952,.F.);
#631=ORIENTED_EDGE('',*,*,#955,.F.);
#632=ORIENTED_EDGE('',*,*,#956,.F.);
#633=ORIENTED_EDGE('',*,*,#803,.F.);
#634=ORIENTED_EDGE('',*,*,#954,.T.);
#635=ORIENTED_EDGE('',*,*,#899,.F.);
#636=ORIENTED_EDGE('',*,*,#885,.F.);
#637=ORIENTED_EDGE('',*,*,#957,.F.);
#638=ORIENTED_EDGE('',*,*,#800,.F.);
#639=ORIENTED_EDGE('',*,*,#958,.T.);
#640=ORIENTED_EDGE('',*,*,#791,.T.);
#641=ORIENTED_EDGE('',*,*,#911,.F.);
#642=ORIENTED_EDGE('',*,*,#950,.F.);
#643=ORIENTED_EDGE('',*,*,#959,.F.);
#644=ORIENTED_EDGE('',*,*,#945,.F.);
#645=ORIENTED_EDGE('',*,*,#960,.F.);
#646=ORIENTED_EDGE('',*,*,#955,.T.);
#647=ORIENTED_EDGE('',*,*,#951,.F.);
#648=ORIENTED_EDGE('',*,*,#946,.F.);
#649=ORIENTED_EDGE('',*,*,#961,.F.);
#650=ORIENTED_EDGE('',*,*,#956,.T.);
#651=ORIENTED_EDGE('',*,*,#960,.T.);
#652=ORIENTED_EDGE('',*,*,#962,.F.);
#653=ORIENTED_EDGE('',*,*,#801,.F.);
#654=ORIENTED_EDGE('',*,*,#957,.T.);
#655=ORIENTED_EDGE('',*,*,#941,.F.);
#656=ORIENTED_EDGE('',*,*,#829,.F.);
#657=ORIENTED_EDGE('',*,*,#804,.F.);
#658=ORIENTED_EDGE('',*,*,#961,.T.);
#659=ORIENTED_EDGE('',*,*,#959,.T.);
#660=ORIENTED_EDGE('',*,*,#963,.F.);
#661=ORIENTED_EDGE('',*,*,#802,.F.);
#662=ORIENTED_EDGE('',*,*,#962,.T.);
#663=ORIENTED_EDGE('',*,*,#909,.F.);
#664=ORIENTED_EDGE('',*,*,#828,.F.);
#665=ORIENTED_EDGE('',*,*,#964,.F.);
#666=ORIENTED_EDGE('',*,*,#948,.F.);
#667=ORIENTED_EDGE('',*,*,#963,.T.);
#668=ORIENTED_EDGE('',*,*,#949,.F.);
#669=ORIENTED_EDGE('',*,*,#965,.F.);
#670=ORIENTED_EDGE('',*,*,#797,.F.);
#671=ORIENTED_EDGE('',*,*,#965,.T.);
#672=ORIENTED_EDGE('',*,*,#964,.T.);
#673=ORIENTED_EDGE('',*,*,#966,.F.);
#674=ORIENTED_EDGE('',*,*,#966,.T.);
#675=ORIENTED_EDGE('',*,*,#827,.F.);
#676=ORIENTED_EDGE('',*,*,#967,.F.);
#677=ORIENTED_EDGE('',*,*,#968,.T.);
#678=ORIENTED_EDGE('',*,*,#798,.F.);
#679=ORIENTED_EDGE('',*,*,#969,.F.);
#680=ORIENTED_EDGE('',*,*,#970,.T.);
#681=ORIENTED_EDGE('',*,*,#907,.F.);
#682=ORIENTED_EDGE('',*,*,#854,.F.);
#683=ORIENTED_EDGE('',*,*,#920,.F.);
#684=ORIENTED_EDGE('',*,*,#971,.F.);
#685=ORIENTED_EDGE('',*,*,#972,.T.);
#686=ORIENTED_EDGE('',*,*,#930,.F.);
#687=ORIENTED_EDGE('',*,*,#973,.F.);
#688=ORIENTED_EDGE('',*,*,#866,.F.);
#689=ORIENTED_EDGE('',*,*,#973,.T.);
#690=ORIENTED_EDGE('',*,*,#933,.F.);
#691=ORIENTED_EDGE('',*,*,#974,.F.);
#692=ORIENTED_EDGE('',*,*,#940,.F.);
#693=ORIENTED_EDGE('',*,*,#974,.T.);
#694=ORIENTED_EDGE('',*,*,#932,.F.);
#695=ORIENTED_EDGE('',*,*,#975,.T.);
#696=ORIENTED_EDGE('',*,*,#976,.F.);
#697=ORIENTED_EDGE('',*,*,#925,.F.);
#698=ORIENTED_EDGE('',*,*,#847,.F.);
#699=ORIENTED_EDGE('',*,*,#939,.F.);
#700=ORIENTED_EDGE('',*,*,#817,.F.);
#701=ORIENTED_EDGE('',*,*,#897,.F.);
#702=ORIENTED_EDGE('',*,*,#915,.F.);
#703=ORIENTED_EDGE('',*,*,#942,.F.);
#704=ORIENTED_EDGE('',*,*,#819,.F.);
#705=ORIENTED_EDGE('',*,*,#943,.F.);
#706=ORIENTED_EDGE('',*,*,#913,.F.);
#707=ORIENTED_EDGE('',*,*,#944,.F.);
#708=ORIENTED_EDGE('',*,*,#826,.F.);
#709=ORIENTED_EDGE('',*,*,#977,.T.);
#710=ORIENTED_EDGE('',*,*,#969,.T.);
#711=ORIENTED_EDGE('',*,*,#919,.T.);
#712=ORIENTED_EDGE('',*,*,#976,.T.);
#713=ORIENTED_EDGE('',*,*,#978,.T.);
#714=ORIENTED_EDGE('',*,*,#967,.T.);
#715=ORIENTED_EDGE('',*,*,#979,.F.);
#716=ORIENTED_EDGE('',*,*,#980,.T.);
#717=ORIENTED_EDGE('',*,*,#877,.T.);
#718=ORIENTED_EDGE('',*,*,#900,.T.);
#719=ORIENTED_EDGE('',*,*,#792,.T.);
#720=ORIENTED_EDGE('',*,*,#981,.T.);
#721=ORIENTED_EDGE('',*,*,#982,.F.);
#722=ORIENTED_EDGE('',*,*,#983,.T.);
#723=ORIENTED_EDGE('',*,*,#979,.T.);
#724=ORIENTED_EDGE('',*,*,#984,.T.);
#725=ORIENTED_EDGE('',*,*,#985,.F.);
#726=ORIENTED_EDGE('',*,*,#986,.T.);
#727=ORIENTED_EDGE('',*,*,#982,.T.);
#728=ORIENTED_EDGE('',*,*,#987,.T.);
#729=ORIENTED_EDGE('',*,*,#988,.T.);
#730=ORIENTED_EDGE('',*,*,#905,.F.);
#731=ORIENTED_EDGE('',*,*,#989,.T.);
#732=ORIENTED_EDGE('',*,*,#985,.T.);
#733=ORIENTED_EDGE('',*,*,#926,.T.);
#734=ORIENTED_EDGE('',*,*,#879,.F.);
#735=ORIENTED_EDGE('',*,*,#990,.T.);
#736=ORIENTED_EDGE('',*,*,#903,.T.);
#737=ORIENTED_EDGE('',*,*,#794,.T.);
#738=ORIENTED_EDGE('',*,*,#991,.T.);
#739=ORIENTED_EDGE('',*,*,#992,.T.);
#740=ORIENTED_EDGE('',*,*,#993,.T.);
#741=ORIENTED_EDGE('',*,*,#994,.T.);
#742=ORIENTED_EDGE('',*,*,#995,.T.);
#743=ORIENTED_EDGE('',*,*,#996,.T.);
#744=ORIENTED_EDGE('',*,*,#997,.T.);
#745=ORIENTED_EDGE('',*,*,#988,.F.);
#746=ORIENTED_EDGE('',*,*,#998,.T.);
#747=ORIENTED_EDGE('',*,*,#971,.T.);
#748=ORIENTED_EDGE('',*,*,#999,.F.);
#749=ORIENTED_EDGE('',*,*,#993,.F.);
#750=ORIENTED_EDGE('',*,*,#1000,.F.);
#751=ORIENTED_EDGE('',*,*,#986,.F.);
#752=ORIENTED_EDGE('',*,*,#1000,.T.);
#753=ORIENTED_EDGE('',*,*,#992,.F.);
#754=ORIENTED_EDGE('',*,*,#1001,.F.);
#755=ORIENTED_EDGE('',*,*,#983,.F.);
#756=ORIENTED_EDGE('',*,*,#999,.T.);
#757=ORIENTED_EDGE('',*,*,#989,.F.);
#758=ORIENTED_EDGE('',*,*,#1002,.F.);
#759=ORIENTED_EDGE('',*,*,#994,.F.);
#760=ORIENTED_EDGE('',*,*,#1001,.T.);
#761=ORIENTED_EDGE('',*,*,#991,.F.);
#762=ORIENTED_EDGE('',*,*,#1003,.F.);
#763=ORIENTED_EDGE('',*,*,#980,.F.);
#764=ORIENTED_EDGE('',*,*,#1002,.T.);
#765=ORIENTED_EDGE('',*,*,#904,.F.);
#766=ORIENTED_EDGE('',*,*,#1004,.F.);
#767=ORIENTED_EDGE('',*,*,#995,.F.);
#768=ORIENTED_EDGE('',*,*,#1003,.T.);
#769=ORIENTED_EDGE('',*,*,#997,.F.);
#770=ORIENTED_EDGE('',*,*,#1005,.F.);
#771=ORIENTED_EDGE('',*,*,#878,.F.);
#772=ORIENTED_EDGE('',*,*,#1004,.T.);
#773=ORIENTED_EDGE('',*,*,#990,.F.);
#774=ORIENTED_EDGE('',*,*,#1005,.T.);
#775=ORIENTED_EDGE('',*,*,#996,.F.);
#776=ORIENTED_EDGE('',*,*,#825,.F.);
#777=ORIENTED_EDGE('',*,*,#908,.F.);
#778=ORIENTED_EDGE('',*,*,#970,.F.);
#779=ORIENTED_EDGE('',*,*,#977,.F.);
#780=ORIENTED_EDGE('',*,*,#968,.F.);
#781=ORIENTED_EDGE('',*,*,#978,.F.);
#782=ORIENTED_EDGE('',*,*,#975,.F.);
#783=ORIENTED_EDGE('',*,*,#931,.F.);
#784=ORIENTED_EDGE('',*,*,#972,.F.);
#785=ORIENTED_EDGE('',*,*,#998,.F.);
#786=ORIENTED_EDGE('',*,*,#987,.F.);
#787=ORIENTED_EDGE('',*,*,#984,.F.);
#788=ORIENTED_EDGE('',*,*,#981,.F.);
#789=ORIENTED_EDGE('',*,*,#958,.F.);
#790=ORIENTED_EDGE('',*,*,#799,.F.);
#791=EDGE_CURVE('',#1006,#1007,#1147,.T.);
#792=EDGE_CURVE('',#1008,#1006,#1148,.T.);
#793=EDGE_CURVE('',#1007,#1008,#133,.T.);
#794=EDGE_CURVE('',#1009,#1010,#134,.T.);
#795=EDGE_CURVE('',#1009,#1011,#40,.T.);
#796=EDGE_CURVE('',#1010,#1011,#135,.T.);
#797=EDGE_CURVE('',#1012,#1013,#136,.T.);
#798=EDGE_CURVE('',#1013,#1014,#137,.T.);
#799=EDGE_CURVE('',#1014,#1015,#138,.F.);
#800=EDGE_CURVE('',#1015,#1016,#139,.T.);
#801=EDGE_CURVE('',#1016,#1017,#18,.T.);
#802=EDGE_CURVE('',#1017,#1012,#19,.F.);
#803=EDGE_CURVE('',#1018,#1019,#140,.F.);
#804=EDGE_CURVE('',#1019,#1020,#20,.T.);
#805=EDGE_CURVE('',#1020,#1021,#141,.T.);
#806=EDGE_CURVE('',#1021,#1018,#21,.T.);
#807=EDGE_CURVE('',#1022,#1023,#142,.T.);
#808=EDGE_CURVE('',#1022,#1024,#22,.T.);
#809=EDGE_CURVE('',#1024,#1025,#143,.T.);
#810=EDGE_CURVE('',#1025,#1026,#144,.F.);
#811=EDGE_CURVE('',#1026,#1027,#23,.T.);
#812=EDGE_CURVE('',#1027,#1028,#145,.T.);
#813=EDGE_CURVE('',#1028,#1029,#146,.T.);
#814=EDGE_CURVE('',#1029,#1023,#147,.T.);
#815=EDGE_CURVE('',#1030,#1030,#41,.T.);
#816=EDGE_CURVE('',#1031,#1032,#148,.T.);
#817=EDGE_CURVE('',#1031,#1033,#42,.F.);
#818=EDGE_CURVE('',#1033,#1034,#149,.T.);
#819=EDGE_CURVE('',#1034,#1035,#43,.T.);
#820=EDGE_CURVE('',#1036,#1035,#150,.T.);
#821=EDGE_CURVE('',#1036,#1037,#151,.F.);
#822=EDGE_CURVE('',#1037,#1038,#152,.T.);
#823=EDGE_CURVE('',#1038,#1032,#153,.T.);
#824=EDGE_CURVE('',#1039,#1040,#154,.T.);
#825=EDGE_CURVE('',#1039,#1041,#44,.F.);
#826=EDGE_CURVE('',#1041,#1042,#155,.T.);
#827=EDGE_CURVE('',#1042,#1043,#156,.F.);
#828=EDGE_CURVE('',#1043,#1040,#157,.T.);
#829=EDGE_CURVE('',#1020,#1044,#1149,.T.);
#830=EDGE_CURVE('',#1044,#1045,#158,.T.);
#831=EDGE_CURVE('',#1045,#1046,#159,.T.);
#832=EDGE_CURVE('',#1046,#1025,#45,.F.);
#833=EDGE_CURVE('',#1024,#1021,#160,.F.);
#834=EDGE_CURVE('',#1029,#1036,#46,.F.);
#835=EDGE_CURVE('',#1037,#1028,#47,.F.);
#836=EDGE_CURVE('',#1047,#1048,#161,.T.);
#837=EDGE_CURVE('',#1048,#1049,#48,.T.);
#838=EDGE_CURVE('',#1049,#1050,#162,.T.);
#839=EDGE_CURVE('',#1050,#1051,#163,.T.);
#840=EDGE_CURVE('',#1051,#1052,#164,.F.);
#841=EDGE_CURVE('',#1053,#1052,#165,.T.);
#842=EDGE_CURVE('',#1053,#1054,#49,.T.);
#843=EDGE_CURVE('',#1054,#1046,#166,.T.);
#844=EDGE_CURVE('',#1045,#1055,#50,.T.);
#845=EDGE_CURVE('',#1056,#1055,#167,.T.);
#846=EDGE_CURVE('',#1056,#1057,#51,.T.);
#847=EDGE_CURVE('',#1057,#1058,#24,.F.);
#848=EDGE_CURVE('',#1058,#1059,#168,.T.);
#849=EDGE_CURVE('',#1059,#1060,#169,.T.);
#850=EDGE_CURVE('',#1060,#1061,#52,.T.);
#851=EDGE_CURVE('',#1061,#1062,#170,.T.);
#852=EDGE_CURVE('',#1062,#1063,#171,.F.);
#853=EDGE_CURVE('',#1064,#1063,#172,.T.);
#854=EDGE_CURVE('',#1064,#1065,#53,.F.);
#855=EDGE_CURVE('',#1065,#1066,#173,.T.);
#856=EDGE_CURVE('',#1066,#1047,#54,.T.);
#857=EDGE_CURVE('',#1067,#1067,#55,.T.);
#858=EDGE_CURVE('',#1068,#1068,#56,.T.);
#859=EDGE_CURVE('',#1069,#1069,#57,.T.);
#860=EDGE_CURVE('',#1070,#1070,#58,.T.);
#861=EDGE_CURVE('',#1071,#1072,#174,.T.);
#862=EDGE_CURVE('',#1072,#1073,#175,.T.);
#863=EDGE_CURVE('',#1074,#1073,#176,.T.);
#864=EDGE_CURVE('',#1074,#1071,#177,.F.);
#865=EDGE_CURVE('',#1075,#1076,#178,.T.);
#866=EDGE_CURVE('',#1075,#1077,#179,.T.);
#867=EDGE_CURVE('',#1077,#1078,#180,.T.);
#868=EDGE_CURVE('',#1078,#1079,#181,.T.);
#869=EDGE_CURVE('',#1079,#1074,#59,.T.);
#870=EDGE_CURVE('',#1073,#1062,#60,.T.);
#871=EDGE_CURVE('',#1061,#1080,#182,.T.);
#872=EDGE_CURVE('',#1080,#1081,#183,.T.);
#873=EDGE_CURVE('',#1081,#1076,#184,.F.);
#874=EDGE_CURVE('',#1082,#1083,#185,.T.);
#875=EDGE_CURVE('',#1083,#1048,#186,.F.);
#876=EDGE_CURVE('',#1047,#1082,#187,.T.);
#877=EDGE_CURVE('',#1084,#1085,#188,.T.);
#878=EDGE_CURVE('',#1084,#1086,#189,.T.);
#879=EDGE_CURVE('',#1086,#1010,#190,.T.);
#880=EDGE_CURVE('',#1011,#1087,#191,.T.);
#881=EDGE_CURVE('',#1088,#1087,#192,.T.);
#882=EDGE_CURVE('',#1088,#1053,#193,.F.);
#883=EDGE_CURVE('',#1052,#1038,#61,.F.);
#884=EDGE_CURVE('',#1027,#1089,#194,.F.);
#885=EDGE_CURVE('',#1089,#1085,#195,.F.);
#886=EDGE_CURVE('',#1090,#1091,#196,.T.);
#887=EDGE_CURVE('',#1090,#1056,#197,.F.);
#888=EDGE_CURVE('',#1055,#1091,#198,.T.);
#889=EDGE_CURVE('',#1092,#1092,#62,.T.);
#890=EDGE_CURVE('',#1093,#1093,#63,.T.);
#891=EDGE_CURVE('',#1094,#1094,#64,.T.);
#892=EDGE_CURVE('',#1087,#1083,#65,.F.);
#893=EDGE_CURVE('',#1082,#1081,#66,.F.);
#894=EDGE_CURVE('',#1080,#1090,#67,.F.);
#895=EDGE_CURVE('',#1091,#1088,#68,.F.);
#896=EDGE_CURVE('',#1095,#1050,#199,.T.);
#897=EDGE_CURVE('',#1095,#1031,#200,.F.);
#898=EDGE_CURVE('',#1032,#1051,#69,.F.);
#899=EDGE_CURVE('',#1085,#1007,#25,.T.);
#900=EDGE_CURVE('',#1085,#1008,#70,.T.);
#901=EDGE_CURVE('',#1096,#1096,#71,.T.);
#902=EDGE_CURVE('',#1097,#1097,#72,.T.);
#903=EDGE_CURVE('',#1098,#1009,#201,.T.);
#904=EDGE_CURVE('',#1098,#1099,#202,.T.);
#905=EDGE_CURVE('',#1099,#1100,#203,.T.);
#906=EDGE_CURVE('',#1100,#1066,#204,.T.);
#907=EDGE_CURVE('',#1065,#1101,#205,.F.);
#908=EDGE_CURVE('',#1101,#1039,#206,.F.);
#909=EDGE_CURVE('',#1040,#1102,#73,.T.);
#910=EDGE_CURVE('',#1102,#1103,#207,.T.);
#911=EDGE_CURVE('',#1103,#1104,#74,.F.);
#912=EDGE_CURVE('',#1104,#1105,#208,.T.);
#913=EDGE_CURVE('',#1105,#1106,#75,.F.);
#914=EDGE_CURVE('',#1107,#1106,#209,.T.);
#915=EDGE_CURVE('',#1107,#1095,#76,.T.);
#916=EDGE_CURVE('',#1049,#1009,#210,.T.);
#917=EDGE_CURVE('',#1108,#1108,#77,.T.);
#918=EDGE_CURVE('',#1109,#1109,#78,.T.);
#919=EDGE_CURVE('',#1110,#1111,#211,.T.);
#920=EDGE_CURVE('',#1110,#1064,#212,.T.);
#921=EDGE_CURVE('',#1063,#1072,#79,.T.);
#922=EDGE_CURVE('',#1071,#1112,#80,.T.);
#923=EDGE_CURVE('',#1112,#1113,#213,.T.);
#924=EDGE_CURVE('',#1113,#1059,#81,.T.);
#925=EDGE_CURVE('',#1058,#1111,#214,.T.);
#926=EDGE_CURVE('',#1075,#1100,#215,.T.);
#927=EDGE_CURVE('',#1076,#1100,#82,.T.);
#928=EDGE_CURVE('',#1114,#1114,#83,.T.);
#929=EDGE_CURVE('',#1115,#1115,#84,.T.);
#930=EDGE_CURVE('',#1116,#1117,#216,.F.);
#931=EDGE_CURVE('',#1117,#1118,#217,.F.);
#932=EDGE_CURVE('',#1118,#1119,#218,.F.);
#933=EDGE_CURVE('',#1119,#1116,#26,.T.);
#934=EDGE_CURVE('',#1078,#1120,#27,.T.);
#935=EDGE_CURVE('',#1120,#1113,#219,.F.);
#936=EDGE_CURVE('',#1112,#1079,#220,.T.);
#937=EDGE_CURVE('',#1054,#1026,#1150,.T.);
#938=EDGE_CURVE('',#1120,#1060,#1151,.T.);
#939=EDGE_CURVE('',#1121,#1057,#1152,.T.);
#940=EDGE_CURVE('',#1077,#1121,#28,.T.);
#941=EDGE_CURVE('',#1044,#1089,#29,.T.);
#942=EDGE_CURVE('',#1033,#1107,#221,.T.);
#943=EDGE_CURVE('',#1106,#1034,#222,.F.);
#944=EDGE_CURVE('',#1035,#1105,#223,.T.);
#945=EDGE_CURVE('',#1104,#1122,#224,.F.);
#946=EDGE_CURVE('',#1122,#1123,#225,.F.);
#947=EDGE_CURVE('',#1123,#1023,#226,.T.);
#948=EDGE_CURVE('',#1102,#1124,#227,.F.);
#949=EDGE_CURVE('',#1124,#1125,#228,.F.);
#950=EDGE_CURVE('',#1125,#1103,#229,.T.);
#951=EDGE_CURVE('',#1123,#1126,#30,.T.);
#952=EDGE_CURVE('',#1126,#1127,#230,.T.);
#953=EDGE_CURVE('',#1127,#1022,#231,.T.);
#954=EDGE_CURVE('',#1018,#1127,#31,.T.);
#955=EDGE_CURVE('',#1128,#1126,#32,.T.);
#956=EDGE_CURVE('',#1019,#1128,#1153,.T.);
#957=EDGE_CURVE('',#1016,#1089,#85,.T.);
#958=EDGE_CURVE('',#1015,#1006,#1154,.T.);
#959=EDGE_CURVE('',#1122,#1125,#33,.T.);
#960=EDGE_CURVE('',#1128,#1129,#1155,.T.);
#961=EDGE_CURVE('',#1129,#1122,#86,.T.);
#962=EDGE_CURVE('',#1017,#1129,#1156,.F.);
#963=EDGE_CURVE('',#1012,#1125,#87,.F.);
#964=EDGE_CURVE('',#1124,#1043,#88,.T.);
#965=EDGE_CURVE('',#1013,#1124,#89,.T.);
#966=EDGE_CURVE('',#1013,#1043,#90,.F.);
#967=EDGE_CURVE('',#1130,#1042,#34,.T.);
#968=EDGE_CURVE('',#1130,#1014,#1157,.T.);
#969=EDGE_CURVE('',#1131,#1110,#91,.T.);
#970=EDGE_CURVE('',#1131,#1101,#1158,.T.);
#971=EDGE_CURVE('',#1132,#1075,#35,.T.);
#972=EDGE_CURVE('',#1132,#1117,#1159,.T.);
#973=EDGE_CURVE('',#1077,#1116,#92,.T.);
#974=EDGE_CURVE('',#1121,#1119,#1160,.T.);
#975=EDGE_CURVE('',#1118,#1133,#1161,.T.);
#976=EDGE_CURVE('',#1111,#1133,#36,.T.);
#977=EDGE_CURVE('',#1041,#1131,#232,.T.);
#978=EDGE_CURVE('',#1133,#1130,#233,.F.);
#979=EDGE_CURVE('',#1134,#1135,#234,.T.);
#980=EDGE_CURVE('',#1134,#1084,#93,.F.);
#981=EDGE_CURVE('',#1006,#1135,#1162,.T.);
#982=EDGE_CURVE('',#1136,#1137,#235,.T.);
#983=EDGE_CURVE('',#1136,#1134,#236,.F.);
#984=EDGE_CURVE('',#1135,#1137,#237,.T.);
#985=EDGE_CURVE('',#1138,#1075,#238,.T.);
#986=EDGE_CURVE('',#1138,#1136,#94,.F.);
#987=EDGE_CURVE('',#1137,#1139,#1163,.F.);
#988=EDGE_CURVE('',#1139,#1075,#95,.T.);
#989=EDGE_CURVE('',#1099,#1138,#239,.F.);
#990=EDGE_CURVE('',#1086,#1098,#240,.F.);
#991=EDGE_CURVE('',#1140,#1141,#96,.T.);
#992=EDGE_CURVE('',#1141,#1142,#241,.T.);
#993=EDGE_CURVE('',#1142,#1143,#97,.T.);
#994=EDGE_CURVE('',#1143,#1144,#242,.T.);
#995=EDGE_CURVE('',#1144,#1145,#243,.F.);
#996=EDGE_CURVE('',#1145,#1146,#244,.T.);
#997=EDGE_CURVE('',#1146,#1140,#245,.F.);
#998=EDGE_CURVE('',#1139,#1132,#246,.F.);
#999=EDGE_CURVE('',#1143,#1138,#1164,.F.);
#1000=EDGE_CURVE('',#1136,#1142,#98,.T.);
#1001=EDGE_CURVE('',#1134,#1141,#1165,.T.);
#1002=EDGE_CURVE('',#1144,#1099,#37,.F.);
#1003=EDGE_CURVE('',#1084,#1140,#99,.T.);
#1004=EDGE_CURVE('',#1145,#1098,#38,.F.);
#1005=EDGE_CURVE('',#1086,#1146,#39,.T.);
#1006=VERTEX_POINT('',#2090);
#1007=VERTEX_POINT('',#2091);
#1008=VERTEX_POINT('',#2096);
#1009=VERTEX_POINT('',#2100);
#1010=VERTEX_POINT('',#2101);
#1011=VERTEX_POINT('',#2103);
#1012=VERTEX_POINT('',#2107);
#1013=VERTEX_POINT('',#2108);
#1014=VERTEX_POINT('',#2110);
#1015=VERTEX_POINT('',#2112);
#1016=VERTEX_POINT('',#2114);
#1017=VERTEX_POINT('',#2116);
#1018=VERTEX_POINT('',#2120);
#1019=VERTEX_POINT('',#2121);
#1020=VERTEX_POINT('',#2123);
#1021=VERTEX_POINT('',#2125);
#1022=VERTEX_POINT('',#2129);
#1023=VERTEX_POINT('',#2130);
#1024=VERTEX_POINT('',#2132);
#1025=VERTEX_POINT('',#2134);
#1026=VERTEX_POINT('',#2136);
#1027=VERTEX_POINT('',#2138);
#1028=VERTEX_POINT('',#2140);
#1029=VERTEX_POINT('',#2142);
#1030=VERTEX_POINT('',#2146);
#1031=VERTEX_POINT('',#2148);
#1032=VERTEX_POINT('',#2149);
#1033=VERTEX_POINT('',#2151);
#1034=VERTEX_POINT('',#2153);
#1035=VERTEX_POINT('',#2155);
#1036=VERTEX_POINT('',#2157);
#1037=VERTEX_POINT('',#2159);
#1038=VERTEX_POINT('',#2161);
#1039=VERTEX_POINT('',#2165);
#1040=VERTEX_POINT('',#2166);
#1041=VERTEX_POINT('',#2168);
#1042=VERTEX_POINT('',#2170);
#1043=VERTEX_POINT('',#2172);
#1044=VERTEX_POINT('',#2179);
#1045=VERTEX_POINT('',#2181);
#1046=VERTEX_POINT('',#2183);
#1047=VERTEX_POINT('',#2191);
#1048=VERTEX_POINT('',#2192);
#1049=VERTEX_POINT('',#2194);
#1050=VERTEX_POINT('',#2196);
#1051=VERTEX_POINT('',#2198);
#1052=VERTEX_POINT('',#2200);
#1053=VERTEX_POINT('',#2202);
#1054=VERTEX_POINT('',#2204);
#1055=VERTEX_POINT('',#2207);
#1056=VERTEX_POINT('',#2209);
#1057=VERTEX_POINT('',#2211);
#1058=VERTEX_POINT('',#2213);
#1059=VERTEX_POINT('',#2215);
#1060=VERTEX_POINT('',#2217);
#1061=VERTEX_POINT('',#2219);
#1062=VERTEX_POINT('',#2221);
#1063=VERTEX_POINT('',#2223);
#1064=VERTEX_POINT('',#2225);
#1065=VERTEX_POINT('',#2227);
#1066=VERTEX_POINT('',#2229);
#1067=VERTEX_POINT('',#2232);
#1068=VERTEX_POINT('',#2234);
#1069=VERTEX_POINT('',#2236);
#1070=VERTEX_POINT('',#2239);
#1071=VERTEX_POINT('',#2241);
#1072=VERTEX_POINT('',#2242);
#1073=VERTEX_POINT('',#2244);
#1074=VERTEX_POINT('',#2246);
#1075=VERTEX_POINT('',#2250);
#1076=VERTEX_POINT('',#2251);
#1077=VERTEX_POINT('',#2253);
#1078=VERTEX_POINT('',#2255);
#1079=VERTEX_POINT('',#2257);
#1080=VERTEX_POINT('',#2261);
#1081=VERTEX_POINT('',#2263);
#1082=VERTEX_POINT('',#2267);
#1083=VERTEX_POINT('',#2268);
#1084=VERTEX_POINT('',#2273);
#1085=VERTEX_POINT('',#2274);
#1086=VERTEX_POINT('',#2276);
#1087=VERTEX_POINT('',#2279);
#1088=VERTEX_POINT('',#2281);
#1089=VERTEX_POINT('',#2285);
#1090=VERTEX_POINT('',#2289);
#1091=VERTEX_POINT('',#2290);
#1092=VERTEX_POINT('',#2295);
#1093=VERTEX_POINT('',#2298);
#1094=VERTEX_POINT('',#2300);
#1095=VERTEX_POINT('',#2307);
#1096=VERTEX_POINT('',#2315);
#1097=VERTEX_POINT('',#2317);
#1098=VERTEX_POINT('',#2319);
#1099=VERTEX_POINT('',#2321);
#1100=VERTEX_POINT('',#2323);
#1101=VERTEX_POINT('',#2326);
#1102=VERTEX_POINT('',#2329);
#1103=VERTEX_POINT('',#2331);
#1104=VERTEX_POINT('',#2333);
#1105=VERTEX_POINT('',#2335);
#1106=VERTEX_POINT('',#2337);
#1107=VERTEX_POINT('',#2339);
#1108=VERTEX_POINT('',#2343);
#1109=VERTEX_POINT('',#2345);
#1110=VERTEX_POINT('',#2348);
#1111=VERTEX_POINT('',#2349);
#1112=VERTEX_POINT('',#2353);
#1113=VERTEX_POINT('',#2355);
#1114=VERTEX_POINT('',#2364);
#1115=VERTEX_POINT('',#2367);
#1116=VERTEX_POINT('',#2375);
#1117=VERTEX_POINT('',#2376);
#1118=VERTEX_POINT('',#2378);
#1119=VERTEX_POINT('',#2380);
#1120=VERTEX_POINT('',#2384);
#1121=VERTEX_POINT('',#2411);
#1122=VERTEX_POINT('',#2421);
#1123=VERTEX_POINT('',#2423);
#1124=VERTEX_POINT('',#2427);
#1125=VERTEX_POINT('',#2429);
#1126=VERTEX_POINT('',#2433);
#1127=VERTEX_POINT('',#2435);
#1128=VERTEX_POINT('',#2441);
#1129=VERTEX_POINT('',#2459);
#1130=VERTEX_POINT('',#2510);
#1131=VERTEX_POINT('',#2518);
#1132=VERTEX_POINT('',#2526);
#1133=VERTEX_POINT('',#2559);
#1134=VERTEX_POINT('',#2568);
#1135=VERTEX_POINT('',#2569);
#1136=VERTEX_POINT('',#2579);
#1137=VERTEX_POINT('',#2580);
#1138=VERTEX_POINT('',#2585);
#1139=VERTEX_POINT('',#2592);
#1140=VERTEX_POINT('',#2600);
#1141=VERTEX_POINT('',#2601);
#1142=VERTEX_POINT('',#2603);
#1143=VERTEX_POINT('',#2605);
#1144=VERTEX_POINT('',#2607);
#1145=VERTEX_POINT('',#2609);
#1146=VERTEX_POINT('',#2611);
#1147=B_SPLINE_CURVE_WITH_KNOTS('',3,(#2086,#2087,#2088,#2089),
 .UNSPECIFIED.,.F.,.F.,(4,4),(0.00059245403353934,0.00116119301366439),
 .UNSPECIFIED.);
#1148=B_SPLINE_CURVE_WITH_KNOTS('',3,(#2092,#2093,#2094,#2095),
 .UNSPECIFIED.,.F.,.F.,(4,4),(0.,0.000521802844773996),.UNSPECIFIED.);
#1149=B_SPLINE_CURVE_WITH_KNOTS('',3,(#2175,#2176,#2177,#2178),
 .UNSPECIFIED.,.F.,.F.,(4,4),(0.,0.00131278532479789),.UNSPECIFIED.);
#1150=B_SPLINE_CURVE_WITH_KNOTS('',3,(#2389,#2390,#2391,#2392,#2393,#2394),
 .UNSPECIFIED.,.F.,.F.,(4,1,1,4),(0.,0.00144570296819216,0.00216855445228824,
0.00289140593638431),.UNSPECIFIED.);
#1151=B_SPLINE_CURVE_WITH_KNOTS('',3,(#2398,#2399,#2400,#2401,#2402,#2403),
 .UNSPECIFIED.,.F.,.F.,(4,1,1,4),(0.,0.000723563457771168,0.00144712691554234,
0.00289425383108467),.UNSPECIFIED.);
#1152=B_SPLINE_CURVE_WITH_KNOTS('',3,(#2407,#2408,#2409,#2410),
 .UNSPECIFIED.,.F.,.F.,(4,4),(0.,0.00154583418072685),.UNSPECIFIED.);
#1153=B_SPLINE_CURVE_WITH_KNOTS('',3,(#2442,#2443,#2444,#2445),
 .UNSPECIFIED.,.F.,.F.,(4,4),(-7.33583629654503E-6,0.00110660264272473),
 .UNSPECIFIED.);
#1154=B_SPLINE_CURVE_WITH_KNOTS('',3,(#2448,#2449,#2450,#2451),
 .UNSPECIFIED.,.F.,.F.,(4,4),(0.,0.00059245403353934),.UNSPECIFIED.);
#1155=B_SPLINE_CURVE_WITH_KNOTS('',3,(#2455,#2456,#2457,#2458),
 .UNSPECIFIED.,.F.,.F.,(4,4),(0.000479526915950958,0.00710994125205126),
 .UNSPECIFIED.);
#1156=B_SPLINE_CURVE_WITH_KNOTS('',3,(#2476,#2477,#2478,#2479),
 .UNSPECIFIED.,.F.,.F.,(4,4),(7.8417172328527E-6,0.000732969935739334),
 .UNSPECIFIED.);
#1157=B_SPLINE_CURVE_WITH_KNOTS('',3,(#2511,#2512,#2513,#2514,#2515),
 .UNSPECIFIED.,.F.,.F.,(4,1,4),(0.,0.000582169459021965,0.00116433891804393),
 .UNSPECIFIED.);
#1158=B_SPLINE_CURVE_WITH_KNOTS('',3,(#2519,#2520,#2521,#2522,#2523),
 .UNSPECIFIED.,.F.,.F.,(4,1,4),(0.,0.00072745589502187,0.00145491179004374),
 .UNSPECIFIED.);
#1159=B_SPLINE_CURVE_WITH_KNOTS('',3,(#2527,#2528,#2529,#2530,#2531),
 .UNSPECIFIED.,.F.,.F.,(4,1,4),(4.61009087360184E-18,0.00058216945902197,
0.00116433891804393),.UNSPECIFIED.);
#1160=B_SPLINE_CURVE_WITH_KNOTS('',3,(#2548,#2549,#2550,#2551,#2552),
 .UNSPECIFIED.,.F.,.F.,(4,1,4),(0.,0.00130948502543502,0.00261897005087003),
 .UNSPECIFIED.);
#1161=B_SPLINE_CURVE_WITH_KNOTS('',3,(#2554,#2555,#2556,#2557,#2558),
 .UNSPECIFIED.,.F.,.F.,(4,1,4),(0.,0.000580596506832189,0.00116119301366438),
 .UNSPECIFIED.);
#1162=B_SPLINE_CURVE_WITH_KNOTS('',3,(#2571,#2572,#2573,#2574,#2575,#2576),
 .UNSPECIFIED.,.F.,.F.,(4,1,1,4),(0.000521802844773996,0.000938109589230287,
0.00114626296145843,0.00135441633368658),.UNSPECIFIED.);
#1163=B_SPLINE_CURVE_WITH_KNOTS('',3,(#2587,#2588,#2589,#2590,#2591),
 .UNSPECIFIED.,.F.,.F.,(4,1,4),(0.,0.000735232302898946,0.00147046460579789),
 .UNSPECIFIED.);
#1164=B_SPLINE_CURVE_WITH_KNOTS('',3,(#2616,#2617,#2618,#2619),
 .UNSPECIFIED.,.F.,.F.,(4,4),(0.,0.000962585793676693),.UNSPECIFIED.);
#1165=B_SPLINE_CURVE_WITH_KNOTS('',3,(#2622,#2623,#2624,#2625),
 .UNSPECIFIED.,.F.,.F.,(4,4),(0.,0.000962249830319613),.UNSPECIFIED.);
#1166=EDGE_LOOP('',(#361,#362,#363));
#1167=EDGE_LOOP('',(#364,#365,#366));
#1168=EDGE_LOOP('',(#367,#368,#369,#370,#371,#372));
#1169=EDGE_LOOP('',(#373,#374,#375,#376));
#1170=EDGE_LOOP('',(#377,#378,#379,#380,#381,#382,#383,#384));
#1171=EDGE_LOOP('',(#385));
#1172=EDGE_LOOP('',(#386,#387,#388,#389,#390,#391,#392,#393));
#1173=EDGE_LOOP('',(#394,#395,#396,#397,#398));
#1174=EDGE_LOOP('',(#399,#400,#401,#402,#403,#404,#405));
#1175=EDGE_LOOP('',(#406,#407,#408,#409));
#1176=EDGE_LOOP('',(#410,#411,#412,#413,#414,#415,#416,#417,#418,#419,#420,
#421,#422,#423,#424,#425,#426,#427,#428,#429,#430,#431));
#1177=EDGE_LOOP('',(#432));
#1178=EDGE_LOOP('',(#433));
#1179=EDGE_LOOP('',(#434));
#1180=EDGE_LOOP('',(#435));
#1181=EDGE_LOOP('',(#436,#437,#438,#439));
#1182=EDGE_LOOP('',(#440,#441,#442,#443,#444,#445,#446,#447,#448,#449,#450));
#1183=EDGE_LOOP('',(#451,#452,#453,#454));
#1184=EDGE_LOOP('',(#455,#456,#457,#458,#459,#460,#461,#462,#463,#464,#465,
#466,#467,#468));
#1185=EDGE_LOOP('',(#469,#470,#471,#472));
#1186=EDGE_LOOP('',(#473));
#1187=EDGE_LOOP('',(#474));
#1188=EDGE_LOOP('',(#475));
#1189=EDGE_LOOP('',(#476));
#1190=EDGE_LOOP('',(#477,#478,#479,#480,#481,#482,#483,#484));
#1191=EDGE_LOOP('',(#485));
#1192=EDGE_LOOP('',(#486,#487,#488,#489,#490));
#1193=EDGE_LOOP('',(#491,#492,#493));
#1194=EDGE_LOOP('',(#494));
#1195=EDGE_LOOP('',(#495));
#1196=EDGE_LOOP('',(#496,#497,#498,#499,#500,#501,#502,#503,#504,#505,#506,
#507,#508,#509,#510,#511,#512,#513));
#1197=EDGE_LOOP('',(#514));
#1198=EDGE_LOOP('',(#515));
#1199=EDGE_LOOP('',(#516,#517,#518,#519,#520,#521,#522,#523,#524,#525));
#1200=EDGE_LOOP('',(#526,#527,#528));
#1201=EDGE_LOOP('',(#529));
#1202=EDGE_LOOP('',(#530));
#1203=EDGE_LOOP('',(#531));
#1204=EDGE_LOOP('',(#532));
#1205=EDGE_LOOP('',(#533));
#1206=EDGE_LOOP('',(#534));
#1207=EDGE_LOOP('',(#535));
#1208=EDGE_LOOP('',(#536));
#1209=EDGE_LOOP('',(#537));
#1210=EDGE_LOOP('',(#538));
#1211=EDGE_LOOP('',(#539));
#1212=EDGE_LOOP('',(#540));
#1213=EDGE_LOOP('',(#541));
#1214=EDGE_LOOP('',(#542));
#1215=EDGE_LOOP('',(#543,#544,#545,#546));
#1216=EDGE_LOOP('',(#547,#548,#549,#550,#551));
#1217=EDGE_LOOP('',(#552,#553,#554,#555));
#1218=EDGE_LOOP('',(#556,#557,#558,#559));
#1219=EDGE_LOOP('',(#560,#561,#562,#563));
#1220=EDGE_LOOP('',(#564,#565,#566,#567));
#1221=EDGE_LOOP('',(#568,#569,#570,#571));
#1222=EDGE_LOOP('',(#572,#573,#574,#575,#576,#577));
#1223=EDGE_LOOP('',(#578,#579,#580,#581,#582,#583));
#1224=EDGE_LOOP('',(#584,#585,#586,#587,#588,#589,#590,#591,#592,#593));
#1225=EDGE_LOOP('',(#594,#595,#596,#597,#598,#599,#600,#601,#602,#603));
#1226=EDGE_LOOP('',(#604,#605,#606,#607));
#1227=EDGE_LOOP('',(#608,#609,#610,#611,#612,#613,#614,#615));
#1228=EDGE_LOOP('',(#616,#617,#618,#619));
#1229=EDGE_LOOP('',(#620,#621,#622,#623,#624));
#1230=EDGE_LOOP('',(#625,#626,#627,#628,#629));
#1231=EDGE_LOOP('',(#630,#631,#632,#633,#634));
#1232=EDGE_LOOP('',(#635,#636,#637,#638,#639,#640));
#1233=EDGE_LOOP('',(#641,#642,#643,#644));
#1234=EDGE_LOOP('',(#645,#646,#647,#648,#649));
#1235=EDGE_LOOP('',(#650,#651,#652,#653,#654,#655,#656,#657));
#1236=EDGE_LOOP('',(#658,#659,#660,#661,#662));
#1237=EDGE_LOOP('',(#663,#664,#665,#666));
#1238=EDGE_LOOP('',(#667,#668,#669,#670));
#1239=EDGE_LOOP('',(#671,#672,#673));
#1240=EDGE_LOOP('',(#674,#675,#676,#677,#678));
#1241=EDGE_LOOP('',(#679,#680,#681,#682,#683));
#1242=EDGE_LOOP('',(#684,#685,#686,#687,#688));
#1243=EDGE_LOOP('',(#689,#690,#691,#692));
#1244=EDGE_LOOP('',(#693,#694,#695,#696,#697,#698,#699));
#1245=EDGE_LOOP('',(#700,#701,#702,#703));
#1246=EDGE_LOOP('',(#704,#705,#706,#707));
#1247=EDGE_LOOP('',(#708,#709,#710,#711,#712,#713,#714));
#1248=EDGE_LOOP('',(#715,#716,#717,#718,#719,#720));
#1249=EDGE_LOOP('',(#721,#722,#723,#724));
#1250=EDGE_LOOP('',(#725,#726,#727,#728,#729));
#1251=EDGE_LOOP('',(#730,#731,#732,#733));
#1252=EDGE_LOOP('',(#734,#735,#736,#737));
#1253=EDGE_LOOP('',(#738,#739,#740,#741,#742,#743,#744));
#1254=EDGE_LOOP('',(#745,#746,#747));
#1255=EDGE_LOOP('',(#748,#749,#750,#751));
#1256=EDGE_LOOP('',(#752,#753,#754,#755));
#1257=EDGE_LOOP('',(#756,#757,#758,#759));
#1258=EDGE_LOOP('',(#760,#761,#762,#763));
#1259=EDGE_LOOP('',(#764,#765,#766,#767));
#1260=EDGE_LOOP('',(#768,#769,#770,#771));
#1261=EDGE_LOOP('',(#772,#773,#774,#775));
#1262=EDGE_LOOP('',(#776,#777,#778,#779));
#1263=EDGE_LOOP('',(#780,#781,#782,#783,#784,#785,#786,#787,#788,#789,#790));
#1264=FACE_BOUND('',#1166,.T.);
#1265=FACE_BOUND('',#1167,.T.);
#1266=FACE_BOUND('',#1168,.T.);
#1267=FACE_BOUND('',#1169,.T.);
#1268=FACE_BOUND('',#1170,.T.);
#1269=FACE_BOUND('',#1171,.T.);
#1270=FACE_BOUND('',#1172,.T.);
#1271=FACE_BOUND('',#1173,.T.);
#1272=FACE_BOUND('',#1174,.T.);
#1273=FACE_BOUND('',#1175,.T.);
#1274=FACE_BOUND('',#1176,.T.);
#1275=FACE_BOUND('',#1177,.T.);
#1276=FACE_BOUND('',#1178,.T.);
#1277=FACE_BOUND('',#1179,.T.);
#1278=FACE_BOUND('',#1180,.T.);
#1279=FACE_BOUND('',#1181,.T.);
#1280=FACE_BOUND('',#1182,.T.);
#1281=FACE_BOUND('',#1183,.T.);
#1282=FACE_BOUND('',#1184,.T.);
#1283=FACE_BOUND('',#1185,.T.);
#1284=FACE_BOUND('',#1186,.T.);
#1285=FACE_BOUND('',#1187,.T.);
#1286=FACE_BOUND('',#1188,.T.);
#1287=FACE_BOUND('',#1189,.T.);
#1288=FACE_BOUND('',#1190,.T.);
#1289=FACE_BOUND('',#1191,.T.);
#1290=FACE_BOUND('',#1192,.T.);
#1291=FACE_BOUND('',#1193,.T.);
#1292=FACE_BOUND('',#1194,.T.);
#1293=FACE_BOUND('',#1195,.T.);
#1294=FACE_BOUND('',#1196,.T.);
#1295=FACE_BOUND('',#1197,.T.);
#1296=FACE_BOUND('',#1198,.T.);
#1297=FACE_BOUND('',#1199,.T.);
#1298=FACE_BOUND('',#1200,.T.);
#1299=FACE_BOUND('',#1201,.T.);
#1300=FACE_BOUND('',#1202,.T.);
#1301=FACE_BOUND('',#1203,.T.);
#1302=FACE_BOUND('',#1204,.T.);
#1303=FACE_BOUND('',#1205,.T.);
#1304=FACE_BOUND('',#1206,.T.);
#1305=FACE_BOUND('',#1207,.T.);
#1306=FACE_BOUND('',#1208,.T.);
#1307=FACE_BOUND('',#1209,.T.);
#1308=FACE_BOUND('',#1210,.T.);
#1309=FACE_BOUND('',#1211,.T.);
#1310=FACE_BOUND('',#1212,.T.);
#1311=FACE_BOUND('',#1213,.T.);
#1312=FACE_BOUND('',#1214,.T.);
#1313=FACE_BOUND('',#1215,.T.);
#1314=FACE_BOUND('',#1216,.T.);
#1315=FACE_BOUND('',#1217,.T.);
#1316=FACE_BOUND('',#1218,.T.);
#1317=FACE_BOUND('',#1219,.T.);
#1318=FACE_BOUND('',#1220,.T.);
#1319=FACE_BOUND('',#1221,.T.);
#1320=FACE_BOUND('',#1222,.T.);
#1321=FACE_BOUND('',#1223,.T.);
#1322=FACE_BOUND('',#1224,.T.);
#1323=FACE_BOUND('',#1225,.T.);
#1324=FACE_BOUND('',#1226,.T.);
#1325=FACE_BOUND('',#1227,.T.);
#1326=FACE_BOUND('',#1228,.T.);
#1327=FACE_BOUND('',#1229,.T.);
#1328=FACE_BOUND('',#1230,.T.);
#1329=FACE_BOUND('',#1231,.T.);
#1330=FACE_BOUND('',#1232,.T.);
#1331=FACE_BOUND('',#1233,.T.);
#1332=FACE_BOUND('',#1234,.T.);
#1333=FACE_BOUND('',#1235,.T.);
#1334=FACE_BOUND('',#1236,.T.);
#1335=FACE_BOUND('',#1237,.T.);
#1336=FACE_BOUND('',#1238,.T.);
#1337=FACE_BOUND('',#1239,.T.);
#1338=FACE_BOUND('',#1240,.T.);
#1339=FACE_BOUND('',#1241,.T.);
#1340=FACE_BOUND('',#1242,.T.);
#1341=FACE_BOUND('',#1243,.T.);
#1342=FACE_BOUND('',#1244,.T.);
#1343=FACE_BOUND('',#1245,.T.);
#1344=FACE_BOUND('',#1246,.T.);
#1345=FACE_BOUND('',#1247,.T.);
#1346=FACE_BOUND('',#1248,.T.);
#1347=FACE_BOUND('',#1249,.T.);
#1348=FACE_BOUND('',#1250,.T.);
#1349=FACE_BOUND('',#1251,.T.);
#1350=FACE_BOUND('',#1252,.T.);
#1351=FACE_BOUND('',#1253,.T.);
#1352=FACE_BOUND('',#1254,.T.);
#1353=FACE_BOUND('',#1255,.T.);
#1354=FACE_BOUND('',#1256,.T.);
#1355=FACE_BOUND('',#1257,.T.);
#1356=FACE_BOUND('',#1258,.T.);
#1357=FACE_BOUND('',#1259,.T.);
#1358=FACE_BOUND('',#1260,.T.);
#1359=FACE_BOUND('',#1261,.T.);
#1360=FACE_BOUND('',#1262,.T.);
#1361=FACE_BOUND('',#1263,.T.);
#1362=CYLINDRICAL_SURFACE('',#1494,0.000613210244842766);
#1363=CYLINDRICAL_SURFACE('',#1514,0.00127);
#1364=CYLINDRICAL_SURFACE('',#1538,0.003302);
#1365=CYLINDRICAL_SURFACE('',#1567,0.0014);
#1366=CYLINDRICAL_SURFACE('',#1568,0.0014);
#1367=CYLINDRICAL_SURFACE('',#1570,0.0014);
#1368=CYLINDRICAL_SURFACE('',#1572,0.0014);
#1369=CYLINDRICAL_SURFACE('',#1573,0.0015);
#1370=CYLINDRICAL_SURFACE('',#1574,0.0015);
#1371=CYLINDRICAL_SURFACE('',#1581,0.00127);
#1372=CYLINDRICAL_SURFACE('',#1582,0.00127);
#1373=CYLINDRICAL_SURFACE('',#1583,0.00127);
#1374=CYLINDRICAL_SURFACE('',#1584,0.00127);
#1375=CYLINDRICAL_SURFACE('',#1585,0.00127);
#1376=CYLINDRICAL_SURFACE('',#1586,0.0127);
#1377=CYLINDRICAL_SURFACE('',#1587,0.0127);
#1378=CYLINDRICAL_SURFACE('',#1588,0.0127);
#1379=CYLINDRICAL_SURFACE('',#1590,0.0127);
#1380=CYLINDRICAL_SURFACE('',#1597,0.00127);
#1381=CYLINDRICAL_SURFACE('',#1599,0.00127);
#1382=CYLINDRICAL_SURFACE('',#1601,0.00127);
#1383=CYLINDRICAL_SURFACE('',#1603,0.00127);
#1384=CYLINDRICAL_SURFACE('',#1605,0.00127);
#1385=CYLINDRICAL_SURFACE('',#1608,0.00127);
#1386=CYLINDRICAL_SURFACE('',#1610,0.00127);
#1387=CYLINDRICAL_SURFACE('',#1614,0.00127);
#1388=CYLINDRICAL_SURFACE('',#1616,0.00127);
#1389=CYLINDRICAL_SURFACE('',#1618,0.00127);
#1390=CYLINDRICAL_SURFACE('',#1621,0.00127);
#1391=CYLINDRICAL_SURFACE('',#1623,0.00127);
#1392=CYLINDRICAL_SURFACE('',#1624,0.00127);
#1393=CYLINDRICAL_SURFACE('',#1626,0.00165475333440462);
#1394=CYLINDRICAL_SURFACE('',#1629,0.00130578766120448);
#1395=CYLINDRICAL_SURFACE('',#1640,0.000613210244842766);
#1396=CYLINDRICAL_SURFACE('',#1641,0.000613210244842766);
#1397=CYLINDRICAL_SURFACE('',#1645,0.000613210244842766);
#1398=CYLINDRICAL_SURFACE('',#1647,0.000613210244842766);
#1399=CYLINDRICAL_SURFACE('',#1649,0.000613210244842766);
#1400=CYLINDRICAL_SURFACE('',#1650,0.000613210244842766);
#1401=CYLINDRICAL_SURFACE('',#1651,0.000613210244842766);
#1402=ADVANCED_FACE('',(#1264),#1362,.F.);
#1403=ADVANCED_FACE('',(#1265),#100,.T.);
#1404=ADVANCED_FACE('',(#1266),#101,.T.);
#1405=ADVANCED_FACE('',(#1267),#102,.T.);
#1406=ADVANCED_FACE('',(#1268),#103,.T.);
#1407=ADVANCED_FACE('',(#1269,#1270),#104,.F.);
#1408=ADVANCED_FACE('',(#1271),#105,.T.);
#1409=ADVANCED_FACE('',(#1272),#106,.T.);
#1410=ADVANCED_FACE('',(#1273),#1363,.F.);
#1411=ADVANCED_FACE('',(#1274,#1275,#1276,#1277),#107,.T.);
#1412=ADVANCED_FACE('',(#1278,#1279),#108,.F.);
#1413=ADVANCED_FACE('',(#1280),#109,.F.);
#1414=ADVANCED_FACE('',(#1281),#110,.F.);
#1415=ADVANCED_FACE('',(#1282),#111,.T.);
#1416=ADVANCED_FACE('',(#1283),#112,.T.);
#1417=ADVANCED_FACE('',(#1284,#1285),#1364,.F.);
#1418=ADVANCED_FACE('',(#1286,#1287,#1288,#1289),#113,.F.);
#1419=ADVANCED_FACE('',(#1290),#114,.T.);
#1420=ADVANCED_FACE('',(#1291),#115,.T.);
#1421=ADVANCED_FACE('',(#1292,#1293,#1294,#1295,#1296),#116,.T.);
#1422=ADVANCED_FACE('',(#1297),#117,.F.);
#1423=ADVANCED_FACE('',(#1298),#118,.T.);
#1424=ADVANCED_FACE('',(#1299,#1300),#1365,.F.);
#1425=ADVANCED_FACE('',(#1301,#1302),#1366,.F.);
#1426=ADVANCED_FACE('',(#1303,#1304),#1367,.F.);
#1427=ADVANCED_FACE('',(#1305,#1306),#1368,.F.);
#1428=ADVANCED_FACE('',(#1307,#1308),#1369,.F.);
#1429=ADVANCED_FACE('',(#1309,#1310),#1370,.F.);
#1430=ADVANCED_FACE('',(#1311),#119,.F.);
#1431=ADVANCED_FACE('',(#1312),#120,.F.);
#1432=ADVANCED_FACE('',(#1313),#121,.T.);
#1433=ADVANCED_FACE('',(#1314),#122,.T.);
#1434=ADVANCED_FACE('',(#1315),#1371,.F.);
#1435=ADVANCED_FACE('',(#1316),#1372,.F.);
#1436=ADVANCED_FACE('',(#1317),#1373,.F.);
#1437=ADVANCED_FACE('',(#1318),#1374,.F.);
#1438=ADVANCED_FACE('',(#1319),#1375,.F.);
#1439=ADVANCED_FACE('',(#1320),#1376,.T.);
#1440=ADVANCED_FACE('',(#1321),#1377,.T.);
#1441=ADVANCED_FACE('',(#1322),#1378,.T.);
#1442=ADVANCED_FACE('',(#1323),#1379,.T.);
#1443=ADVANCED_FACE('',(#1324),#123,.F.);
#1444=ADVANCED_FACE('',(#1325),#124,.T.);
#1445=ADVANCED_FACE('',(#1326),#125,.T.);
#1446=ADVANCED_FACE('',(#1327),#126,.F.);
#1447=ADVANCED_FACE('',(#1328),#1380,.T.);
#1448=ADVANCED_FACE('',(#1329),#1381,.T.);
#1449=ADVANCED_FACE('',(#1330),#1382,.T.);
#1450=ADVANCED_FACE('',(#1331),#1383,.F.);
#1451=ADVANCED_FACE('',(#1332),#1384,.T.);
#1452=ADVANCED_FACE('',(#1333),#15,.T.);
#1453=ADVANCED_FACE('',(#1334),#16,.T.);
#1454=ADVANCED_FACE('',(#1335),#1385,.T.);
#1455=ADVANCED_FACE('',(#1336),#1386,.T.);
#1456=ADVANCED_FACE('',(#1337),#14,.T.);
#1457=ADVANCED_FACE('',(#1338),#1387,.T.);
#1458=ADVANCED_FACE('',(#1339),#1388,.T.);
#1459=ADVANCED_FACE('',(#1340),#1389,.T.);
#1460=ADVANCED_FACE('',(#1341),#17,.T.);
#1461=ADVANCED_FACE('',(#1342),#1390,.T.);
#1462=ADVANCED_FACE('',(#1343),#1391,.T.);
#1463=ADVANCED_FACE('',(#1344),#1392,.F.);
#1464=ADVANCED_FACE('',(#1345),#127,.F.);
#1465=ADVANCED_FACE('',(#1346),#1393,.T.);
#1466=ADVANCED_FACE('',(#1347),#128,.F.);
#1467=ADVANCED_FACE('',(#1348),#1394,.T.);
#1468=ADVANCED_FACE('',(#1349),#129,.F.);
#1469=ADVANCED_FACE('',(#1350),#130,.F.);
#1470=ADVANCED_FACE('',(#1351),#131,.T.);
#1471=ADVANCED_FACE('',(#1352),#132,.F.);
#1472=ADVANCED_FACE('',(#1353),#12,.T.);
#1473=ADVANCED_FACE('',(#1354),#1395,.T.);
#1474=ADVANCED_FACE('',(#1355),#1396,.T.);
#1475=ADVANCED_FACE('',(#1356),#13,.T.);
#1476=ADVANCED_FACE('',(#1357),#1397,.T.);
#1477=ADVANCED_FACE('',(#1358),#1398,.T.);
#1478=ADVANCED_FACE('',(#1359),#1399,.T.);
#1479=ADVANCED_FACE('',(#1360),#1400,.T.);
#1480=ADVANCED_FACE('',(#1361),#1401,.T.);
#1481=CLOSED_SHELL('',(#1402,#1403,#1404,#1405,#1406,#1407,#1408,#1409,
#1410,#1411,#1412,#1413,#1414,#1415,#1416,#1417,#1418,#1419,#1420,#1421,
#1422,#1423,#1424,#1425,#1426,#1427,#1428,#1429,#1430,#1431,#1432,#1433,
#1434,#1435,#1436,#1437,#1438,#1439,#1440,#1441,#1442,#1443,#1444,#1445,
#1446,#1447,#1448,#1449,#1450,#1451,#1452,#1453,#1454,#1455,#1456,#1457,
#1458,#1459,#1460,#1461,#1462,#1463,#1464,#1465,#1466,#1467,#1468,#1469,
#1470,#1471,#1472,#1473,#1474,#1475,#1476,#1477,#1478,#1479,#1480));
#1482=STYLED_ITEM('',(#1483),#1490);
#1483=PRESENTATION_STYLE_ASSIGNMENT((#1484));
#1484=SURFACE_STYLE_USAGE(.BOTH.,#1485);
#1485=SURFACE_SIDE_STYLE('',(#1486));
#1486=SURFACE_STYLE_FILL_AREA(#1487);
#1487=FILL_AREA_STYLE('',(#1488));
#1488=FILL_AREA_STYLE_COLOUR('',#1489);
#1489=COLOUR_RGB('',0.615686274509804,0.811764705882353,0.929411764705882);
#1490=MANIFOLD_SOLID_BREP('Part 1',#1481);
#1491=SHAPE_DEFINITION_REPRESENTATION(#2643,#1492);
#1492=SHAPE_REPRESENTATION('Part 1',(#1493),#2638);
#1493=AXIS2_PLACEMENT_3D('',#2084,#1652,#1653);
#1494=AXIS2_PLACEMENT_3D('',#2085,#1654,#1655);
#1495=AXIS2_PLACEMENT_3D('',#2098,#1657,#1658);
#1496=AXIS2_PLACEMENT_3D('',#2102,#1660,#1661);
#1497=AXIS2_PLACEMENT_3D('',#2105,#1663,#1664);
#1498=AXIS2_PLACEMENT_3D('',#2115,#1669,#1670);
#1499=AXIS2_PLACEMENT_3D('',#2117,#1671,#1672);
#1500=AXIS2_PLACEMENT_3D('',#2118,#1673,#1674);
#1501=AXIS2_PLACEMENT_3D('',#2122,#1676,#1677);
#1502=AXIS2_PLACEMENT_3D('',#2126,#1679,#1680);
#1503=AXIS2_PLACEMENT_3D('',#2127,#1681,#1682);
#1504=AXIS2_PLACEMENT_3D('',#2131,#1684,#1685);
#1505=AXIS2_PLACEMENT_3D('',#2137,#1688,#1689);
#1506=AXIS2_PLACEMENT_3D('',#2144,#1693,#1694);
#1507=AXIS2_PLACEMENT_3D('',#2145,#1695,#1696);
#1508=AXIS2_PLACEMENT_3D('',#2150,#1698,#1699);
#1509=AXIS2_PLACEMENT_3D('',#2154,#1701,#1702);
#1510=AXIS2_PLACEMENT_3D('',#2163,#1707,#1708);
#1511=AXIS2_PLACEMENT_3D('',#2167,#1710,#1711);
#1512=AXIS2_PLACEMENT_3D('',#2174,#1715,#1716);
#1513=AXIS2_PLACEMENT_3D('',#2184,#1719,#1720);
#1514=AXIS2_PLACEMENT_3D('',#2186,#1722,#1723);
#1515=AXIS2_PLACEMENT_3D('',#2187,#1724,#1725);
#1516=AXIS2_PLACEMENT_3D('',#2188,#1726,#1727);
#1517=AXIS2_PLACEMENT_3D('',#2189,#1728,#1729);
#1518=AXIS2_PLACEMENT_3D('',#2193,#1731,#1732);
#1519=AXIS2_PLACEMENT_3D('',#2203,#1737,#1738);
#1520=AXIS2_PLACEMENT_3D('',#2206,#1740,#1741);
#1521=AXIS2_PLACEMENT_3D('',#2210,#1743,#1744);
#1522=AXIS2_PLACEMENT_3D('',#2212,#1745,#1746);
#1523=AXIS2_PLACEMENT_3D('',#2218,#1749,#1750);
#1524=AXIS2_PLACEMENT_3D('',#2226,#1754,#1755);
#1525=AXIS2_PLACEMENT_3D('',#2230,#1757,#1758);
#1526=AXIS2_PLACEMENT_3D('',#2231,#1759,#1760);
#1527=AXIS2_PLACEMENT_3D('',#2233,#1761,#1762);
#1528=AXIS2_PLACEMENT_3D('',#2235,#1763,#1764);
#1529=AXIS2_PLACEMENT_3D('',#2237,#1765,#1766);
#1530=AXIS2_PLACEMENT_3D('',#2238,#1767,#1768);
#1531=AXIS2_PLACEMENT_3D('',#2248,#1773,#1774);
#1532=AXIS2_PLACEMENT_3D('',#2258,#1779,#1780);
#1533=AXIS2_PLACEMENT_3D('',#2259,#1781,#1782);
#1534=AXIS2_PLACEMENT_3D('',#2265,#1786,#1787);
#1535=AXIS2_PLACEMENT_3D('',#2271,#1791,#1792);
#1536=AXIS2_PLACEMENT_3D('',#2283,#1799,#1800);
#1537=AXIS2_PLACEMENT_3D('',#2287,#1803,#1804);
#1538=AXIS2_PLACEMENT_3D('',#2293,#1808,#1809);
#1539=AXIS2_PLACEMENT_3D('',#2294,#1810,#1811);
#1540=AXIS2_PLACEMENT_3D('',#2296,#1812,#1813);
#1541=AXIS2_PLACEMENT_3D('',#2297,#1814,#1815);
#1542=AXIS2_PLACEMENT_3D('',#2299,#1816,#1817);
#1543=AXIS2_PLACEMENT_3D('',#2301,#1818,#1819);
#1544=AXIS2_PLACEMENT_3D('',#2302,#1820,#1821);
#1545=AXIS2_PLACEMENT_3D('',#2303,#1822,#1823);
#1546=AXIS2_PLACEMENT_3D('',#2304,#1824,#1825);
#1547=AXIS2_PLACEMENT_3D('',#2305,#1826,#1827);
#1548=AXIS2_PLACEMENT_3D('',#2309,#1830,#1831);
#1549=AXIS2_PLACEMENT_3D('',#2310,#1832,#1833);
#1550=AXIS2_PLACEMENT_3D('',#2311,#1834,#1835);
#1551=AXIS2_PLACEMENT_3D('',#2312,#1836,#1837);
#1552=AXIS2_PLACEMENT_3D('',#2313,#1838,#1839);
#1553=AXIS2_PLACEMENT_3D('',#2314,#1840,#1841);
#1554=AXIS2_PLACEMENT_3D('',#2316,#1842,#1843);
#1555=AXIS2_PLACEMENT_3D('',#2328,#1850,#1851);
#1556=AXIS2_PLACEMENT_3D('',#2332,#1853,#1854);
#1557=AXIS2_PLACEMENT_3D('',#2336,#1856,#1857);
#1558=AXIS2_PLACEMENT_3D('',#2340,#1859,#1860);
#1559=AXIS2_PLACEMENT_3D('',#2342,#1862,#1863);
#1560=AXIS2_PLACEMENT_3D('',#2344,#1864,#1865);
#1561=AXIS2_PLACEMENT_3D('',#2346,#1866,#1867);
#1562=AXIS2_PLACEMENT_3D('',#2351,#1870,#1871);
#1563=AXIS2_PLACEMENT_3D('',#2352,#1872,#1873);
#1564=AXIS2_PLACEMENT_3D('',#2356,#1875,#1876);
#1565=AXIS2_PLACEMENT_3D('',#2358,#1878,#1879);
#1566=AXIS2_PLACEMENT_3D('',#2360,#1881,#1882);
#1567=AXIS2_PLACEMENT_3D('',#2361,#1883,#1884);
#1568=AXIS2_PLACEMENT_3D('',#2362,#1885,#1886);
#1569=AXIS2_PLACEMENT_3D('',#2363,#1887,#1888);
#1570=AXIS2_PLACEMENT_3D('',#2365,#1889,#1890);
#1571=AXIS2_PLACEMENT_3D('',#2366,#1891,#1892);
#1572=AXIS2_PLACEMENT_3D('',#2368,#1893,#1894);
#1573=AXIS2_PLACEMENT_3D('',#2369,#1895,#1896);
#1574=AXIS2_PLACEMENT_3D('',#2370,#1897,#1898);
#1575=AXIS2_PLACEMENT_3D('',#2371,#1899,#1900);
#1576=AXIS2_PLACEMENT_3D('',#2372,#1901,#1902);
#1577=AXIS2_PLACEMENT_3D('',#2373,#1903,#1904);
#1578=AXIS2_PLACEMENT_3D('',#2381,#1908,#1909);
#1579=AXIS2_PLACEMENT_3D('',#2382,#1910,#1911);
#1580=AXIS2_PLACEMENT_3D('',#2383,#1912,#1913);
#1581=AXIS2_PLACEMENT_3D('',#2387,#1916,#1917);
#1582=AXIS2_PLACEMENT_3D('',#2388,#1918,#1919);
#1583=AXIS2_PLACEMENT_3D('',#2395,#1920,#1921);
#1584=AXIS2_PLACEMENT_3D('',#2396,#1922,#1923);
#1585=AXIS2_PLACEMENT_3D('',#2397,#1924,#1925);
#1586=AXIS2_PLACEMENT_3D('',#2404,#1926,#1927);
#1587=AXIS2_PLACEMENT_3D('',#2405,#1928,#1929);
#1588=AXIS2_PLACEMENT_3D('',#2406,#1930,#1931);
#1589=AXIS2_PLACEMENT_3D('',#2412,#1932,#1933);
#1590=AXIS2_PLACEMENT_3D('',#2413,#1934,#1935);
#1591=AXIS2_PLACEMENT_3D('',#2414,#1936,#1937);
#1592=AXIS2_PLACEMENT_3D('',#2415,#1938,#1939);
#1593=AXIS2_PLACEMENT_3D('',#2418,#1942,#1943);
#1594=AXIS2_PLACEMENT_3D('',#2425,#1948,#1949);
#1595=AXIS2_PLACEMENT_3D('',#2431,#1953,#1954);
#1596=AXIS2_PLACEMENT_3D('',#2432,#1955,#1956);
#1597=AXIS2_PLACEMENT_3D('',#2437,#1959,#1960);
#1598=AXIS2_PLACEMENT_3D('',#2438,#1961,#1962);
#1599=AXIS2_PLACEMENT_3D('',#2439,#1963,#1964);
#1600=AXIS2_PLACEMENT_3D('',#2440,#1965,#1966);
#1601=AXIS2_PLACEMENT_3D('',#2446,#1967,#1968);
#1602=AXIS2_PLACEMENT_3D('',#2447,#1969,#1970);
#1603=AXIS2_PLACEMENT_3D('',#2452,#1971,#1972);
#1604=AXIS2_PLACEMENT_3D('',#2453,#1973,#1974);
#1605=AXIS2_PLACEMENT_3D('',#2454,#1975,#1976);
#1606=AXIS2_PLACEMENT_3D('',#2460,#1977,#1978);
#1607=AXIS2_PLACEMENT_3D('',#2501,#1979,#1980);
#1608=AXIS2_PLACEMENT_3D('',#2502,#1981,#1982);
#1609=AXIS2_PLACEMENT_3D('',#2503,#1983,#1984);
#1610=AXIS2_PLACEMENT_3D('',#2504,#1985,#1986);
#1611=AXIS2_PLACEMENT_3D('',#2505,#1987,#1988);
#1612=AXIS2_PLACEMENT_3D('',#2506,#1989,#1990);
#1613=AXIS2_PLACEMENT_3D('',#2507,#1991,#1992);
#1614=AXIS2_PLACEMENT_3D('',#2508,#1993,#1994);
#1615=AXIS2_PLACEMENT_3D('',#2509,#1995,#1996);
#1616=AXIS2_PLACEMENT_3D('',#2516,#1997,#1998);
#1617=AXIS2_PLACEMENT_3D('',#2517,#1999,#2000);
#1618=AXIS2_PLACEMENT_3D('',#2524,#2001,#2002);
#1619=AXIS2_PLACEMENT_3D('',#2525,#2003,#2004);
#1620=AXIS2_PLACEMENT_3D('',#2532,#2005,#2006);
#1621=AXIS2_PLACEMENT_3D('',#2553,#2007,#2008);
#1622=AXIS2_PLACEMENT_3D('',#2560,#2009,#2010);
#1623=AXIS2_PLACEMENT_3D('',#2561,#2011,#2012);
#1624=AXIS2_PLACEMENT_3D('',#2562,#2013,#2014);
#1625=AXIS2_PLACEMENT_3D('',#2563,#2015,#2016);
#1626=AXIS2_PLACEMENT_3D('',#2566,#2019,#2020);
#1627=AXIS2_PLACEMENT_3D('',#2570,#2022,#2023);
#1628=AXIS2_PLACEMENT_3D('',#2577,#2024,#2025);
#1629=AXIS2_PLACEMENT_3D('',#2583,#2029,#2030);
#1630=AXIS2_PLACEMENT_3D('',#2586,#2032,#2033);
#1631=AXIS2_PLACEMENT_3D('',#2593,#2034,#2035);
#1632=AXIS2_PLACEMENT_3D('',#2594,#2036,#2037);
#1633=AXIS2_PLACEMENT_3D('',#2596,#2039,#2040);
#1634=AXIS2_PLACEMENT_3D('',#2598,#2042,#2043);
#1635=AXIS2_PLACEMENT_3D('',#2599,#2044,#2045);
#1636=AXIS2_PLACEMENT_3D('',#2604,#2047,#2048);
#1637=AXIS2_PLACEMENT_3D('',#2613,#2053,#2054);
#1638=AXIS2_PLACEMENT_3D('',#2615,#2056,#2057);
#1639=AXIS2_PLACEMENT_3D('',#2620,#2058,#2059);
#1640=AXIS2_PLACEMENT_3D('',#2621,#2060,#2061);
#1641=AXIS2_PLACEMENT_3D('',#2626,#2062,#2063);
#1642=AXIS2_PLACEMENT_3D('',#2627,#2064,#2065);
#1643=AXIS2_PLACEMENT_3D('',#2628,#2066,#2067);
#1644=AXIS2_PLACEMENT_3D('',#2629,#2068,#2069);
#1645=AXIS2_PLACEMENT_3D('',#2630,#2070,#2071);
#1646=AXIS2_PLACEMENT_3D('',#2631,#2072,#2073);
#1647=AXIS2_PLACEMENT_3D('',#2632,#2074,#2075);
#1648=AXIS2_PLACEMENT_3D('',#2633,#2076,#2077);
#1649=AXIS2_PLACEMENT_3D('',#2634,#2078,#2079);
#1650=AXIS2_PLACEMENT_3D('',#2635,#2080,#2081);
#1651=AXIS2_PLACEMENT_3D('',#2636,#2082,#2083);
#1652=DIRECTION('',(0.,0.,1.));
#1653=DIRECTION('',(1.,0.,0.));
#1654=DIRECTION('',(1.,0.,0.));
#1655=DIRECTION('',(0.,0.,-1.));
#1656=DIRECTION('',(1.,0.,0.));
#1657=DIRECTION('',(0.,0.,1.));
#1658=DIRECTION('',(1.,0.,0.));
#1659=DIRECTION('',(-0.0147797077281154,-0.999890774154593,0.));
#1660=DIRECTION('',(0.,0.,1.));
#1661=DIRECTION('',(1.,0.,0.));
#1662=DIRECTION('',(0.,1.,0.));
#1663=DIRECTION('',(0.,-0.78911317720613,0.614247827476538));
#1664=DIRECTION('',(0.,-0.614247827476538,-0.78911317720613));
#1665=DIRECTION('',(1.,0.,0.));
#1666=DIRECTION('',(0.,0.614247827476538,0.78911317720613));
#1667=DIRECTION('',(1.,0.,0.));
#1668=DIRECTION('',(0.,-0.614247827476538,-0.78911317720613));
#1669=DIRECTION('',(0.,-0.78911317720613,0.614247827476538));
#1670=DIRECTION('',(0.,-0.614247827476538,-0.78911317720613));
#1671=DIRECTION('',(0.,-0.78911317720613,0.614247827476538));
#1672=DIRECTION('',(4.18391500985649E-16,-0.614247827476538,-0.78911317720613));
#1673=DIRECTION('',(0.,-0.78911317720613,0.614247827476538));
#1674=DIRECTION('',(0.,-0.614247827476538,-0.78911317720613));
#1675=DIRECTION('',(1.,0.,0.));
#1676=DIRECTION('',(0.,-0.78911317720613,0.614247827476538));
#1677=DIRECTION('',(0.,-0.614247827476538,-0.78911317720613));
#1678=DIRECTION('',(0.,0.614247827476538,0.78911317720613));
#1679=DIRECTION('',(0.,-0.78911317720613,0.614247827476538));
#1680=DIRECTION('',(0.,-0.614247827476538,-0.78911317720613));
#1681=DIRECTION('',(0.,0.78911317720613,-0.614247827476538));
#1682=DIRECTION('',(0.,0.614247827476538,0.78911317720613));
#1683=DIRECTION('',(-1.,0.,0.));
#1684=DIRECTION('',(0.,0.78911317720613,-0.614247827476538));
#1685=DIRECTION('',(0.,-0.614247827476538,-0.78911317720613));
#1686=DIRECTION('',(0.,-0.614247827476538,-0.78911317720613));
#1687=DIRECTION('',(1.,0.,0.));
#1688=DIRECTION('',(0.,0.78911317720613,-0.614247827476538));
#1689=DIRECTION('',(0.,-0.614247827476538,-0.78911317720613));
#1690=DIRECTION('',(0.,0.614247827476538,0.78911317720613));
#1691=DIRECTION('',(1.,0.,0.));
#1692=DIRECTION('',(1.57859277983896E-16,-0.614247827476538,-0.78911317720613));
#1693=DIRECTION('',(0.,1.,0.));
#1694=DIRECTION('',(0.,0.,1.));
#1695=DIRECTION('',(0.,1.,0.));
#1696=DIRECTION('',(0.,0.,1.));
#1697=DIRECTION('',(0.,0.,-1.));
#1698=DIRECTION('',(0.,1.,0.));
#1699=DIRECTION('',(0.,0.,1.));
#1700=DIRECTION('',(-1.,0.,0.));
#1701=DIRECTION('',(0.,1.,0.));
#1702=DIRECTION('',(0.,0.,1.));
#1703=DIRECTION('',(0.,0.,-1.));
#1704=DIRECTION('',(1.,0.,0.));
#1705=DIRECTION('',(0.,0.,-1.));
#1706=DIRECTION('',(1.,0.,0.));
#1707=DIRECTION('',(1.,0.,0.));
#1708=DIRECTION('',(0.,0.,-1.));
#1709=DIRECTION('',(0.,0.,-1.));
#1710=DIRECTION('',(1.,0.,0.));
#1711=DIRECTION('',(0.,0.,-1.));
#1712=DIRECTION('',(0.,-1.,0.));
#1713=DIRECTION('',(0.,0.614247827476538,0.78911317720613));
#1714=DIRECTION('',(0.,1.,0.));
#1715=DIRECTION('',(1.,0.,0.));
#1716=DIRECTION('',(0.,0.,-1.));
#1717=DIRECTION('',(0.,0.,-1.));
#1718=DIRECTION('',(0.,1.,0.));
#1719=DIRECTION('',(1.,0.,0.));
#1720=DIRECTION('',(0.,0.,-1.));
#1721=DIRECTION('',(0.,1.,0.));
#1722=DIRECTION('',(1.,0.,0.));
#1723=DIRECTION('',(0.,0.,-1.));
#1724=DIRECTION('',(1.,2.56996070515082E-16,0.));
#1725=DIRECTION('',(-2.56996070515082E-16,1.,0.));
#1726=DIRECTION('',(-1.,0.,0.));
#1727=DIRECTION('',(0.,0.,1.));
#1728=DIRECTION('',(0.,0.,1.));
#1729=DIRECTION('',(1.,0.,0.));
#1730=DIRECTION('',(-1.,-1.71330713676721E-16,0.));
#1731=DIRECTION('',(0.,0.,1.));
#1732=DIRECTION('',(1.,0.,0.));
#1733=DIRECTION('',(1.,2.56996070515082E-16,0.));
#1734=DIRECTION('',(0.,-1.,0.));
#1735=DIRECTION('',(1.,0.,0.));
#1736=DIRECTION('',(0.,1.,0.));
#1737=DIRECTION('',(0.,0.,1.));
#1738=DIRECTION('',(1.,0.,0.));
#1739=DIRECTION('',(1.,0.,0.));
#1740=DIRECTION('',(0.,0.,1.));
#1741=DIRECTION('',(1.,0.,0.));
#1742=DIRECTION('',(-1.,-6.42490176287706E-17,0.));
#1743=DIRECTION('',(0.,0.,1.));
#1744=DIRECTION('',(1.,0.,0.));
#1745=DIRECTION('',(0.,0.,1.));
#1746=DIRECTION('',(0.,-1.,0.));
#1747=DIRECTION('',(0.,1.,0.));
#1748=DIRECTION('',(1.,0.,0.));
#1749=DIRECTION('',(0.,0.,1.));
#1750=DIRECTION('',(1.,0.,0.));
#1751=DIRECTION('',(0.,1.,0.));
#1752=DIRECTION('',(1.,2.56996070515084E-16,0.));
#1753=DIRECTION('',(0.,-1.,0.));
#1754=DIRECTION('',(0.,0.,1.));
#1755=DIRECTION('',(1.,0.,0.));
#1756=DIRECTION('',(1.,2.56996070515083E-16,0.));
#1757=DIRECTION('',(0.,0.,1.));
#1758=DIRECTION('',(1.,0.,0.));
#1759=DIRECTION('',(0.,0.,1.));
#1760=DIRECTION('',(1.,0.,0.));
#1761=DIRECTION('',(0.,0.,1.));
#1762=DIRECTION('',(1.,0.,0.));
#1763=DIRECTION('',(0.,0.,1.));
#1764=DIRECTION('',(1.,0.,0.));
#1765=DIRECTION('',(-2.56996070515084E-16,1.,0.));
#1766=DIRECTION('',(-1.,-2.56996070515084E-16,0.));
#1767=DIRECTION('',(0.,1.,0.));
#1768=DIRECTION('',(0.,0.,1.));
#1769=DIRECTION('',(0.,0.,-1.));
#1770=DIRECTION('',(1.,2.56996070515084E-16,0.));
#1771=DIRECTION('',(0.,0.,-1.));
#1772=DIRECTION('',(1.,2.56996070515084E-16,3.30158246658828E-16));
#1773=DIRECTION('',(-1.,0.,0.));
#1774=DIRECTION('',(0.,0.,1.));
#1775=DIRECTION('',(0.,1.,0.));
#1776=DIRECTION('',(0.,-0.614247827476538,-0.78911317720613));
#1777=DIRECTION('',(0.,0.,-1.));
#1778=DIRECTION('',(0.,0.614247827476538,0.78911317720613));
#1779=DIRECTION('',(-1.,0.,0.));
#1780=DIRECTION('',(0.,0.,1.));
#1781=DIRECTION('',(-1.,0.,0.));
#1782=DIRECTION('',(0.,0.,1.));
#1783=DIRECTION('',(0.,0.,-1.));
#1784=DIRECTION('',(0.,1.,0.));
#1785=DIRECTION('',(0.,0.,-1.));
#1786=DIRECTION('',(1.71330713676721E-16,-1.,0.));
#1787=DIRECTION('',(1.,1.71330713676721E-16,0.));
#1788=DIRECTION('',(-1.,-1.71330713676721E-16,0.));
#1789=DIRECTION('',(0.,0.,-1.));
#1790=DIRECTION('',(0.,0.,-1.));
#1791=DIRECTION('',(-1.,0.,0.));
#1792=DIRECTION('',(0.,0.,1.));
#1793=DIRECTION('',(0.,0.,-1.));
#1794=DIRECTION('',(0.,1.,0.));
#1795=DIRECTION('',(0.,0.,-1.));
#1796=DIRECTION('',(0.,0.,-1.));
#1797=DIRECTION('',(0.,1.,0.));
#1798=DIRECTION('',(0.,0.,-1.));
#1799=DIRECTION('',(-1.,0.,0.));
#1800=DIRECTION('',(0.,0.,1.));
#1801=DIRECTION('',(0.,0.,-1.));
#1802=DIRECTION('',(0.,-0.614247827476538,-0.78911317720613));
#1803=DIRECTION('',(6.42490176287706E-17,-1.,0.));
#1804=DIRECTION('',(1.,6.42490176287707E-17,0.));
#1805=DIRECTION('',(-1.,-6.42490176287706E-17,0.));
#1806=DIRECTION('',(0.,0.,-1.));
#1807=DIRECTION('',(0.,0.,-1.));
#1808=DIRECTION('',(0.,0.,-1.));
#1809=DIRECTION('',(-1.,0.,0.));
#1810=DIRECTION('',(0.,0.,1.));
#1811=DIRECTION('',(1.,0.,0.));
#1812=DIRECTION('',(0.,0.,1.));
#1813=DIRECTION('',(1.,0.,0.));
#1814=DIRECTION('',(0.,0.,1.));
#1815=DIRECTION('',(1.,0.,0.));
#1816=DIRECTION('',(0.,0.,1.));
#1817=DIRECTION('',(1.,0.,0.));
#1818=DIRECTION('',(0.,0.,1.));
#1819=DIRECTION('',(1.,0.,0.));
#1820=DIRECTION('',(0.,0.,1.));
#1821=DIRECTION('',(1.,0.,0.));
#1822=DIRECTION('',(0.,0.,1.));
#1823=DIRECTION('',(1.,0.,0.));
#1824=DIRECTION('',(0.,0.,1.));
#1825=DIRECTION('',(1.,0.,0.));
#1826=DIRECTION('',(1.,0.,0.));
#1827=DIRECTION('',(0.,0.,-1.));
#1828=DIRECTION('',(0.,0.,-1.));
#1829=DIRECTION('',(0.,1.,0.));
#1830=DIRECTION('',(1.,0.,0.));
#1831=DIRECTION('',(0.,0.,-1.));
#1832=DIRECTION('',(0.,0.,1.));
#1833=DIRECTION('',(1.,0.,0.));
#1834=DIRECTION('',(0.,0.,1.));
#1835=DIRECTION('',(0.,-1.,0.));
#1836=DIRECTION('',(0.,0.,1.));
#1837=DIRECTION('',(1.,0.,0.));
#1838=DIRECTION('',(-2.56996070515083E-16,1.,0.));
#1839=DIRECTION('',(-1.,-2.56996070515083E-16,0.));
#1840=DIRECTION('',(0.,1.,0.));
#1841=DIRECTION('',(0.,0.,1.));
#1842=DIRECTION('',(0.,1.,0.));
#1843=DIRECTION('',(0.,0.,1.));
#1844=DIRECTION('',(0.,0.,-1.));
#1845=DIRECTION('',(1.,2.56996070515083E-16,0.));
#1846=DIRECTION('',(0.,0.,-1.));
#1847=DIRECTION('',(0.,0.,-1.));
#1848=DIRECTION('',(0.,0.,-1.));
#1849=DIRECTION('',(1.,2.56996070515083E-16,0.));
#1850=DIRECTION('',(-2.56996070515082E-16,1.,0.));
#1851=DIRECTION('',(-1.,-2.56996070515082E-16,0.));
#1852=DIRECTION('',(-1.,-2.56996070515082E-16,0.));
#1853=DIRECTION('',(-2.56996070515082E-16,1.,0.));
#1854=DIRECTION('',(-1.,-2.56996070515082E-16,0.));
#1855=DIRECTION('',(0.,0.,-1.));
#1856=DIRECTION('',(-2.56996070515082E-16,1.,0.));
#1857=DIRECTION('',(-1.,-2.56996070515082E-16,0.));
#1858=DIRECTION('',(-1.,-2.56996070515082E-16,0.));
#1859=DIRECTION('',(-2.56996070515082E-16,1.,0.));
#1860=DIRECTION('',(-1.,-2.56996070515082E-16,0.));
#1861=DIRECTION('',(0.,0.,1.));
#1862=DIRECTION('',(0.,1.,0.));
#1863=DIRECTION('',(0.,0.,1.));
#1864=DIRECTION('',(0.,1.,0.));
#1865=DIRECTION('',(0.,0.,1.));
#1866=DIRECTION('',(1.,0.,0.));
#1867=DIRECTION('',(0.,0.,-1.));
#1868=DIRECTION('',(0.,-1.,0.));
#1869=DIRECTION('',(0.,0.,-1.));
#1870=DIRECTION('',(1.,0.,0.));
#1871=DIRECTION('',(0.,0.,-1.));
#1872=DIRECTION('',(1.,0.,0.));
#1873=DIRECTION('',(0.,0.,-1.));
#1874=DIRECTION('',(0.,-0.614247827476538,-0.78911317720613));
#1875=DIRECTION('',(1.,0.,0.));
#1876=DIRECTION('',(0.,0.,-1.));
#1877=DIRECTION('',(0.,0.614247827476538,0.78911317720613));
#1878=DIRECTION('',(0.,0.,1.));
#1879=DIRECTION('',(1.,0.,0.));
#1880=DIRECTION('',(-0.00174075218604679,0.999998484889766,0.));
#1881=DIRECTION('',(0.,0.,1.));
#1882=DIRECTION('',(1.,0.,0.));
#1883=DIRECTION('',(0.,1.,0.));
#1884=DIRECTION('',(0.,0.,1.));
#1885=DIRECTION('',(0.,1.,0.));
#1886=DIRECTION('',(0.,0.,1.));
#1887=DIRECTION('',(0.,1.,0.));
#1888=DIRECTION('',(0.,0.,1.));
#1889=DIRECTION('',(0.,1.,0.));
#1890=DIRECTION('',(0.,0.,1.));
#1891=DIRECTION('',(0.,1.,0.));
#1892=DIRECTION('',(0.,0.,1.));
#1893=DIRECTION('',(0.,1.,0.));
#1894=DIRECTION('',(0.,0.,1.));
#1895=DIRECTION('',(0.,0.,1.));
#1896=DIRECTION('',(1.,0.,0.));
#1897=DIRECTION('',(0.,0.,1.));
#1898=DIRECTION('',(1.,0.,0.));
#1899=DIRECTION('',(0.,-1.,0.));
#1900=DIRECTION('',(0.,0.,-1.));
#1901=DIRECTION('',(0.,-1.,0.));
#1902=DIRECTION('',(0.,0.,-1.));
#1903=DIRECTION('',(0.,-0.78911317720613,0.614247827476538));
#1904=DIRECTION('',(0.,-0.614247827476538,-0.78911317720613));
#1905=DIRECTION('',(0.,-0.614247827476538,-0.78911317720613));
#1906=DIRECTION('',(1.,0.,0.));
#1907=DIRECTION('',(0.,0.614247827476538,0.78911317720613));
#1908=DIRECTION('',(0.,-0.78911317720613,0.614247827476538));
#1909=DIRECTION('',(0.,0.614247827476538,0.78911317720613));
#1910=DIRECTION('',(0.,0.78911317720613,-0.614247827476538));
#1911=DIRECTION('',(0.,0.614247827476538,0.78911317720613));
#1912=DIRECTION('',(0.,0.78911317720613,-0.614247827476538));
#1913=DIRECTION('',(0.,0.614247827476538,0.78911317720613));
#1914=DIRECTION('',(1.,0.,0.));
#1915=DIRECTION('',(1.,2.56996070515084E-16,3.30158246658828E-16));
#1916=DIRECTION('',(1.,0.,0.));
#1917=DIRECTION('',(0.,0.,-1.));
#1918=DIRECTION('',(-1.,0.,0.));
#1919=DIRECTION('',(0.,0.,1.));
#1920=DIRECTION('',(1.,2.56996070515084E-16,0.));
#1921=DIRECTION('',(-2.56996070515084E-16,1.,0.));
#1922=DIRECTION('',(1.,2.56996070515084E-16,3.30158246658828E-16));
#1923=DIRECTION('',(3.30158246658828E-16,0.,-1.));
#1924=DIRECTION('',(-1.,0.,0.));
#1925=DIRECTION('',(0.,0.,1.));
#1926=DIRECTION('',(0.,0.,1.));
#1927=DIRECTION('',(1.,0.,0.));
#1928=DIRECTION('',(0.,0.,-1.));
#1929=DIRECTION('',(-1.,0.,0.));
#1930=DIRECTION('',(0.,0.,1.));
#1931=DIRECTION('',(1.,0.,0.));
#1932=DIRECTION('',(0.,0.756353059418647,-0.654163625943886));
#1933=DIRECTION('',(0.,0.654163625943886,0.756353059418647));
#1934=DIRECTION('',(0.,0.,-1.));
#1935=DIRECTION('',(-1.,0.,0.));
#1936=DIRECTION('',(0.,0.756353059418647,-0.654163625943886));
#1937=DIRECTION('',(0.,-0.654163625943886,-0.756353059418647));
#1938=DIRECTION('',(0.,0.,-1.));
#1939=DIRECTION('',(-1.,0.,0.));
#1940=DIRECTION('',(0.,1.,0.));
#1941=DIRECTION('',(-2.56996070515082E-16,1.,0.));
#1942=DIRECTION('',(1.,2.56996070515082E-16,0.));
#1943=DIRECTION('',(-2.56996070515082E-16,1.,0.));
#1944=DIRECTION('',(-2.56996070515082E-16,1.,0.));
#1945=DIRECTION('',(-2.56996070515082E-16,1.,0.));
#1946=DIRECTION('',(-1.57859277983896E-16,0.614247827476538,0.78911317720613));
#1947=DIRECTION('',(-2.56996070515082E-16,1.,0.));
#1948=DIRECTION('',(0.,0.,-1.));
#1949=DIRECTION('',(-1.,0.,0.));
#1950=DIRECTION('',(0.,1.,0.));
#1951=DIRECTION('',(1.,0.,0.));
#1952=DIRECTION('',(-2.56996070515082E-16,1.,0.));
#1953=DIRECTION('',(0.,0.,-1.));
#1954=DIRECTION('',(-1.,0.,0.));
#1955=DIRECTION('',(0.,0.,-1.));
#1956=DIRECTION('',(-2.56996070515082E-16,1.,0.));
#1957=DIRECTION('',(1.,0.,0.));
#1958=DIRECTION('',(0.,1.,0.));
#1959=DIRECTION('',(0.,-1.,0.));
#1960=DIRECTION('',(0.,0.,-1.));
#1961=DIRECTION('',(-0.707106781186548,-0.707106781186548,0.));
#1962=DIRECTION('',(0.707106781186548,-0.707106781186548,0.));
#1963=DIRECTION('',(-1.,0.,0.));
#1964=DIRECTION('',(0.,0.,1.));
#1965=DIRECTION('',(-0.707106781186548,0.434338804137765,0.557987278726117));
#1966=DIRECTION('',(-0.707106781186547,-0.434338804137765,-0.557987278726117));
#1967=DIRECTION('',(0.,-0.614247827476538,-0.78911317720613));
#1968=DIRECTION('',(0.,0.78911317720613,-0.614247827476538));
#1969=DIRECTION('',(-2.1557372499246E-15,-0.614247827476539,-0.789113177206129));
#1970=DIRECTION('',(0.,0.78911317720613,-0.614247827476539));
#1971=DIRECTION('',(2.56996070515082E-16,-1.,0.));
#1972=DIRECTION('',(1.,2.56996070515082E-16,0.));
#1973=DIRECTION('',(1.38893602868779E-16,0.54045029789912,-0.8413759418362));
#1974=DIRECTION('',(7.38214030995482E-16,-0.8413759418362,-0.54045029789912));
#1975=DIRECTION('',(-1.57859277983896E-16,0.614247827476538,0.78911317720613));
#1976=DIRECTION('',(0.,-0.78911317720613,0.614247827476538));
#1977=DIRECTION('',(0.,0.614247827476539,0.78911317720613));
#1978=DIRECTION('',(0.,-0.78911317720613,0.614247827476539));
#1979=DIRECTION('',(-1.,0.,0.));
#1980=DIRECTION('',(0.,0.,1.));
#1981=DIRECTION('',(0.,1.,0.));
#1982=DIRECTION('',(0.,0.,1.));
#1983=DIRECTION('',(-6.82961998416066E-16,-1.,0.));
#1984=DIRECTION('',(1.,-6.82961998416066E-16,0.));
#1985=DIRECTION('',(1.,0.,0.));
#1986=DIRECTION('',(0.,0.,-1.));
#1987=DIRECTION('',(1.,0.,0.));
#1988=DIRECTION('',(0.,0.,-1.));
#1989=DIRECTION('',(1.,-6.82961998416066E-16,0.));
#1990=DIRECTION('',(6.82961998416066E-16,1.,0.));
#1991=DIRECTION('',(0.,-0.614247827476539,-0.789113177206129));
#1992=DIRECTION('',(0.,0.789113177206129,-0.614247827476539));
#1993=DIRECTION('',(0.,0.614247827476538,0.78911317720613));
#1994=DIRECTION('',(0.,-0.78911317720613,0.614247827476538));
#1995=DIRECTION('',(0.,0.,1.));
#1996=DIRECTION('',(0.,1.,0.));
#1997=DIRECTION('',(0.,0.,1.));
#1998=DIRECTION('',(1.,0.,0.));
#1999=DIRECTION('',(0.,0.,1.));
#2000=DIRECTION('',(1.,0.,0.));
#2001=DIRECTION('',(0.,0.614247827476538,0.78911317720613));
#2002=DIRECTION('',(0.,-0.78911317720613,0.614247827476538));
#2003=DIRECTION('',(0.,0.,1.));
#2004=DIRECTION('',(0.,1.,0.));
#2005=DIRECTION('',(0.,-0.614247827476538,-0.78911317720613));
#2006=DIRECTION('',(0.,0.78911317720613,-0.614247827476538));
#2007=DIRECTION('',(0.,-0.614247827476538,-0.78911317720613));
#2008=DIRECTION('',(0.,0.78911317720613,-0.614247827476538));
#2009=DIRECTION('',(0.,0.,1.));
#2010=DIRECTION('',(0.,-1.,0.));
#2011=DIRECTION('',(0.,-1.,0.));
#2012=DIRECTION('',(0.,0.,-1.));
#2013=DIRECTION('',(-2.56996070515082E-16,1.,0.));
#2014=DIRECTION('',(-1.,-2.56996070515082E-16,0.));
#2015=DIRECTION('',(0.,0.,1.));
#2016=DIRECTION('',(1.,0.,0.));
#2017=DIRECTION('',(1.,2.56996070515083E-16,0.));
#2018=DIRECTION('',(1.,0.,0.));
#2019=DIRECTION('',(0.,0.,-1.));
#2020=DIRECTION('',(-1.,0.,0.));
#2021=DIRECTION('',(0.,0.,-1.));
#2022=DIRECTION('',(0.,0.,1.));
#2023=DIRECTION('',(1.,0.,0.));
#2024=DIRECTION('',(0.,1.,0.));
#2025=DIRECTION('',(0.,0.,1.));
#2026=DIRECTION('',(0.,0.,-1.));
#2027=DIRECTION('',(1.,0.,0.));
#2028=DIRECTION('',(1.,0.,0.));
#2029=DIRECTION('',(0.,0.,-1.));
#2030=DIRECTION('',(-1.,0.,0.));
#2031=DIRECTION('',(0.,0.,-1.));
#2032=DIRECTION('',(0.,0.,1.));
#2033=DIRECTION('',(1.,0.,0.));
#2034=DIRECTION('',(0.,0.,1.));
#2035=DIRECTION('',(1.,0.,0.));
#2036=DIRECTION('',(-0.999998484889766,-0.00174075218604679,0.));
#2037=DIRECTION('',(0.00174075218604679,-0.999998484889766,0.));
#2038=DIRECTION('',(-0.00174075218604679,0.999998484889766,0.));
#2039=DIRECTION('',(0.999890774154593,-0.0147797077281154,0.));
#2040=DIRECTION('',(0.0147797077281154,0.999890774154593,0.));
#2041=DIRECTION('',(-0.0147797077281154,-0.999890774154593,0.));
#2042=DIRECTION('',(0.,0.,1.));
#2043=DIRECTION('',(1.,0.,0.));
#2044=DIRECTION('',(0.,0.,1.));
#2045=DIRECTION('',(1.,0.,0.));
#2046=DIRECTION('',(1.,0.,0.));
#2047=DIRECTION('',(0.,0.,1.));
#2048=DIRECTION('',(1.,0.,0.));
#2049=DIRECTION('',(-0.00174075218604679,0.999998484889766,0.));
#2050=DIRECTION('',(1.,2.56996070515083E-16,0.));
#2051=DIRECTION('',(-0.0147797077281154,-0.999890774154593,0.));
#2052=DIRECTION('',(0.,1.,0.));
#2053=DIRECTION('',(0.,0.,1.));
#2054=DIRECTION('',(1.,0.,0.));
#2055=DIRECTION('',(1.,0.,0.));
#2056=DIRECTION('',(0.,0.,1.));
#2057=DIRECTION('',(1.,0.,0.));
#2058=DIRECTION('',(-1.,0.,0.));
#2059=DIRECTION('',(0.,0.,1.));
#2060=DIRECTION('',(-1.,0.,0.));
#2061=DIRECTION('',(0.,0.,1.));
#2062=DIRECTION('',(0.00174075218604679,-0.999998484889766,0.));
#2063=DIRECTION('',(0.999998484889766,0.00174075218604679,0.));
#2064=DIRECTION('',(0.707721962420994,-0.706491064279639,0.));
#2065=DIRECTION('',(0.706491064279639,0.707721962420994,0.));
#2066=DIRECTION('',(0.,0.,1.));
#2067=DIRECTION('',(1.,0.,0.));
#2068=DIRECTION('',(0.,1.,0.));
#2069=DIRECTION('',(0.,0.,1.));
#2070=DIRECTION('',(1.,2.56996070515083E-16,0.));
#2071=DIRECTION('',(-2.56996070515083E-16,1.,0.));
#2072=DIRECTION('',(0.712313030811635,0.701861913866212,0.));
#2073=DIRECTION('',(0.701861913866212,-0.712313030811635,0.));
#2074=DIRECTION('',(0.,1.,0.));
#2075=DIRECTION('',(0.,0.,1.));
#2076=DIRECTION('',(0.00739005566308227,0.999972693165817,0.));
#2077=DIRECTION('',(-0.999972693165817,0.00739005566307804,0.));
#2078=DIRECTION('',(0.0147797077281154,0.999890774154593,0.));
#2079=DIRECTION('',(-0.999890774154593,0.0147797077281154,0.));
#2080=DIRECTION('',(-1.,-2.56996070515083E-16,0.));
#2081=DIRECTION('',(2.56996070515083E-16,-1.,0.));
#2082=DIRECTION('',(1.,0.,0.));
#2083=DIRECTION('',(0.,0.,-1.));
#2084=CARTESIAN_POINT('',(0.,0.,0.));
#2085=CARTESIAN_POINT('',(-0.023625,-0.00308678975515722,0.0291882102448427));
#2086=CARTESIAN_POINT('',(-0.026303599068319,-0.00343958665199747,0.0286866515205043));
#2087=CARTESIAN_POINT('',(-0.0264724113815315,-0.00336960704599282,0.0286374277972541));
#2088=CARTESIAN_POINT('',(-0.0266251636168535,-0.00325128512281503,0.028574999999999));
#2089=CARTESIAN_POINT('',(-0.0267274641145402,-0.00308678975515797,0.0285749999999988));
#2090=CARTESIAN_POINT('',(-0.026303599068319,-0.00343958665199746,0.0286866515205043));
#2091=CARTESIAN_POINT('',(-0.0267274641145393,-0.00308678975515722,0.028575));
#2092=CARTESIAN_POINT('',(-0.0266665382332755,-0.00308678975515722,0.028575));
#2093=CARTESIAN_POINT('',(-0.0265603123875155,-0.00322768167850814,0.028575));
#2094=CARTESIAN_POINT('',(-0.0264345087272341,-0.003346585406693,0.0286212343536731));
#2095=CARTESIAN_POINT('',(-0.026303599068319,-0.00343958665199747,0.0286866515205043));
#2096=CARTESIAN_POINT('',(-0.0266665382332755,-0.00308678975515722,0.028575));
#2097=CARTESIAN_POINT('',(-0.0266970011739074,-0.00308678975515722,0.028575));
#2098=CARTESIAN_POINT('',(0.,0.,0.028575));
#2099=CARTESIAN_POINT('',(-0.0269903469936589,0.0083469456797906,0.028575));
#2100=CARTESIAN_POINT('',(-0.0269806939873179,0.009,0.028575));
#2101=CARTESIAN_POINT('',(-0.027,0.00769389135957939,0.028575));
#2102=CARTESIAN_POINT('',(-0.0143,0.0083,0.028575));
#2103=CARTESIAN_POINT('',(-0.027,0.0083,0.028575));
#2104=CARTESIAN_POINT('',(-0.027,0.00265,0.028575));
#2105=CARTESIAN_POINT('',(-0.027,-0.01235,0.0174625));
#2106=CARTESIAN_POINT('',(-0.027,-0.00852991500483748,0.0223700947408952));
#2107=CARTESIAN_POINT('',(-0.02323,-0.00852991500483748,0.0223700947408952));
#2108=CARTESIAN_POINT('',(-0.02152,-0.00852991500483748,0.0223700947408952));
#2109=CARTESIAN_POINT('',(-0.02152,-0.01235,0.0174625));
#2110=CARTESIAN_POINT('',(-0.02152,-0.0035422653194468,0.0287776389176471));
#2111=CARTESIAN_POINT('',(-0.02152,-0.0035422653194468,0.0287776389176471));
#2112=CARTESIAN_POINT('',(-0.02573,-0.0035422653194468,0.0287776389176471));
#2113=CARTESIAN_POINT('',(-0.02573,-0.01235,0.0174625));
#2114=CARTESIAN_POINT('',(-0.02573,-0.00930217373505179,0.0213779877883511));
#2115=CARTESIAN_POINT('',(-0.0143,-0.00930217373505179,0.0213779877883511));
#2116=CARTESIAN_POINT('',(-0.0257047341459414,-0.0100617387818979,0.020402188183371));
#2117=CARTESIAN_POINT('',(-0.02323,-0.0105070578619803,0.0198300947408952));
#2118=CARTESIAN_POINT('',(-0.027,-0.01235,0.0174625));
#2119=CARTESIAN_POINT('',(-0.0245,-0.0149556292905518,0.0141150947408952));
#2120=CARTESIAN_POINT('',(-0.0205178262649482,-0.0149556292905518,0.0141150947408952));
#2121=CARTESIAN_POINT('',(-0.0242339488765539,-0.0149556292905518,0.0141150947408952));
#2122=CARTESIAN_POINT('',(-0.0143,-0.00930217373505179,0.0213779877883511));
#2123=CARTESIAN_POINT('',(-0.02025,-0.0190613950154614,0.00884049108562833));
#2124=CARTESIAN_POINT('',(-0.02025,-0.01235,0.0174625));
#2125=CARTESIAN_POINT('',(-0.02025,-0.0155628571428572,0.013335));
#2126=CARTESIAN_POINT('',(-0.02152,-0.0155628571428572,0.013335));
#2127=CARTESIAN_POINT('',(-0.027,-0.009175,0.0133836343930636));
#2128=CARTESIAN_POINT('',(-0.027,-0.00822428571428572,0.014605));
#2129=CARTESIAN_POINT('',(-0.02152,-0.00822428571428572,0.014605));
#2130=CARTESIAN_POINT('',(-0.0245,-0.00822428571428572,0.014605));
#2131=CARTESIAN_POINT('',(-0.02152,-0.00921285714285714,0.013335));
#2132=CARTESIAN_POINT('',(-0.02025,-0.00921285714285714,0.013335));
#2133=CARTESIAN_POINT('',(-0.02025,-0.009175,0.0133836343930636));
#2134=CARTESIAN_POINT('',(-0.02025,-0.0130542007191232,0.0084000947408952));
#2135=CARTESIAN_POINT('',(-0.027,-0.0130542007191232,0.00840009474089521));
#2136=CARTESIAN_POINT('',(-0.0260765689197783,-0.0130542007191232,0.00840009474089521));
#2137=CARTESIAN_POINT('',(-0.0143,-0.0083,0.0145077312138728));
#2138=CARTESIAN_POINT('',(-0.027,-0.0083,0.0145077312138728));
#2139=CARTESIAN_POINT('',(-0.027,-0.009175,0.0133836343930636));
#2140=CARTESIAN_POINT('',(-0.027,-0.00597217373505178,0.017498247903958));
#2141=CARTESIAN_POINT('',(-0.027,-0.00597217373505178,0.017498247903958));
#2142=CARTESIAN_POINT('',(-0.0245,-0.00597217373505178,0.017498247903958));
#2143=CARTESIAN_POINT('',(-0.0245,-0.009175,0.0133836343930636));
#2144=CARTESIAN_POINT('',(-0.023625,-0.0037,0.028575));
#2145=CARTESIAN_POINT('',(-0.0245,-0.0037,0.0124625));
#2146=CARTESIAN_POINT('',(-0.0245,-0.0037,0.0138625));
#2147=CARTESIAN_POINT('',(-0.02025,-0.0037,0.028575));
#2148=CARTESIAN_POINT('',(-0.02025,-0.0037,0.013335));
#2149=CARTESIAN_POINT('',(-0.02025,-0.0037,0.00762));
#2150=CARTESIAN_POINT('',(-0.02152,-0.0037,0.013335));
#2151=CARTESIAN_POINT('',(-0.02152,-0.0037,0.014605));
#2152=CARTESIAN_POINT('',(-0.023625,-0.0037,0.014605));
#2153=CARTESIAN_POINT('',(-0.02323,-0.0037,0.014605));
#2154=CARTESIAN_POINT('',(-0.02323,-0.0037,0.015875));
#2155=CARTESIAN_POINT('',(-0.0245,-0.0037,0.015875));
#2156=CARTESIAN_POINT('',(-0.0245,-0.0037,0.028575));
#2157=CARTESIAN_POINT('',(-0.0245,-0.0037,0.0167181531630628));
#2158=CARTESIAN_POINT('',(-0.023625,-0.0037,0.0167181531630628));
#2159=CARTESIAN_POINT('',(-0.027,-0.0037,0.0167181531630628));
#2160=CARTESIAN_POINT('',(-0.027,-0.0037,0.028575));
#2161=CARTESIAN_POINT('',(-0.027,-0.0037,0.00762));
#2162=CARTESIAN_POINT('',(-0.023625,-0.0037,0.00762));
#2163=CARTESIAN_POINT('',(-0.02025,-0.00335,0.028575));
#2164=CARTESIAN_POINT('',(-0.02025,0.009,0.028575));
#2165=CARTESIAN_POINT('',(-0.02025,0.009,0.0291882102448427));
#2166=CARTESIAN_POINT('',(-0.02025,0.009,0.02159));
#2167=CARTESIAN_POINT('',(-0.02025,0.00838678975515723,0.0291882102448427));
#2168=CARTESIAN_POINT('',(-0.02025,0.00838678975515723,0.028575));
#2169=CARTESIAN_POINT('',(-0.02025,-0.00335,0.028575));
#2170=CARTESIAN_POINT('',(-0.02025,-0.00209059841264284,0.028575));
#2171=CARTESIAN_POINT('',(-0.02025,-0.00256577112720234,0.027964554128261));
#2172=CARTESIAN_POINT('',(-0.02025,-0.0075277412697857,0.02159));
#2173=CARTESIAN_POINT('',(-0.02025,-0.00335,0.02159));
#2174=CARTESIAN_POINT('',(-0.02025,-0.00335,0.028575));
#2175=CARTESIAN_POINT('',(-0.02025,-0.0190613950154614,0.00884049108562833));
#2176=CARTESIAN_POINT('',(-0.02025,-0.0193341055287097,0.00849014477597837));
#2177=CARTESIAN_POINT('',(-0.02025,-0.0195199598929765,0.00807138018034537));
#2178=CARTESIAN_POINT('',(-0.02025,-0.0195199598929765,0.00762521976657373));
#2179=CARTESIAN_POINT('',(-0.02025,-0.0195199598929764,0.00762521976657373));
#2180=CARTESIAN_POINT('',(-0.02025,-0.0195199598929764,0.00825138100454326));
#2181=CARTESIAN_POINT('',(-0.02025,-0.0195199598929764,0.00635));
#2182=CARTESIAN_POINT('',(-0.02025,-0.0291,0.00635));
#2183=CARTESIAN_POINT('',(-0.02025,-0.0120520269840714,0.00635));
#2184=CARTESIAN_POINT('',(-0.02025,-0.0120520269840714,0.00762));
#2185=CARTESIAN_POINT('',(-0.02025,-0.0145742857142857,0.013335));
#2186=CARTESIAN_POINT('',(-0.027,-0.00497,0.0167181531630628));
#2187=CARTESIAN_POINT('',(-0.0245,-0.00497,0.0167181531630628));
#2188=CARTESIAN_POINT('',(-0.027,-0.00497,0.0167181531630628));
#2189=CARTESIAN_POINT('',(0.,0.,0.00635));
#2190=CARTESIAN_POINT('',(1.04083408558608E-17,0.021,0.00635));
#2191=CARTESIAN_POINT('',(0.0143,0.021,0.00635));
#2192=CARTESIAN_POINT('',(-0.0143,0.021,0.00635));
#2193=CARTESIAN_POINT('',(-0.0143,0.0083,0.00635));
#2194=CARTESIAN_POINT('',(-0.0269806939873179,0.009,0.00635));
#2195=CARTESIAN_POINT('',(-0.023625,0.009,0.00635));
#2196=CARTESIAN_POINT('',(-0.02025,0.009,0.00635));
#2197=CARTESIAN_POINT('',(-0.02025,-0.00335,0.00635));
#2198=CARTESIAN_POINT('',(-0.02025,-0.00497,0.00635));
#2199=CARTESIAN_POINT('',(0.,-0.00497,0.00635));
#2200=CARTESIAN_POINT('',(-0.027,-0.00497,0.00635));
#2201=CARTESIAN_POINT('',(-0.027,-0.01235,0.00635));
#2202=CARTESIAN_POINT('',(-0.027,-0.0083,0.00635));
#2203=CARTESIAN_POINT('',(-0.0143,-0.0083,0.00635));
#2204=CARTESIAN_POINT('',(-0.0264331073312157,-0.0120520269840714,0.00635));
#2205=CARTESIAN_POINT('',(-0.02025,-0.0120520269840714,0.00635));
#2206=CARTESIAN_POINT('',(-0.0143,-0.0083,0.00635));
#2207=CARTESIAN_POINT('',(-0.0143,-0.021,0.00635));
#2208=CARTESIAN_POINT('',(-3.46944695195361E-18,-0.021,0.00635));
#2209=CARTESIAN_POINT('',(0.0143,-0.021,0.00635));
#2210=CARTESIAN_POINT('',(0.0143,-0.0083,0.00635));
#2211=CARTESIAN_POINT('',(0.0202539760769552,-0.0195178504569746,0.00635));
#2212=CARTESIAN_POINT('',(0.02152,-0.0193905984126429,0.00635));
#2213=CARTESIAN_POINT('',(0.02025,-0.0193905984126429,0.00635));
#2214=CARTESIAN_POINT('',(0.02025,-0.0291,0.00635));
#2215=CARTESIAN_POINT('',(0.02025,-0.0120520269840714,0.00635));
#2216=CARTESIAN_POINT('',(0.027,-0.0120520269840714,0.00635));
#2217=CARTESIAN_POINT('',(0.0264331073312157,-0.0120520269840714,0.00635));
#2218=CARTESIAN_POINT('',(0.0143,-0.0083,0.00635));
#2219=CARTESIAN_POINT('',(0.027,-0.0083,0.00635));
#2220=CARTESIAN_POINT('',(0.027,-0.01235,0.00635));
#2221=CARTESIAN_POINT('',(0.027,-0.00497,0.00635));
#2222=CARTESIAN_POINT('',(1.27727047045997E-18,-0.00497,0.00635));
#2223=CARTESIAN_POINT('',(0.02025,-0.00497,0.00635));
#2224=CARTESIAN_POINT('',(0.02025,-0.00335,0.00635));
#2225=CARTESIAN_POINT('',(0.02025,0.00773,0.00635));
#2226=CARTESIAN_POINT('',(0.02152,0.00773,0.00635));
#2227=CARTESIAN_POINT('',(0.02152,0.009,0.00635));
#2228=CARTESIAN_POINT('',(0.023625,0.009,0.00635));
#2229=CARTESIAN_POINT('',(0.0269806939873179,0.009,0.00635));
#2230=CARTESIAN_POINT('',(0.0143,0.0083,0.00635));
#2231=CARTESIAN_POINT('',(1.04083408558608E-17,0.01,0.00635));
#2232=CARTESIAN_POINT('',(0.00150000000000001,0.01,0.00635));
#2233=CARTESIAN_POINT('',(-2.18474587484419E-19,0.,0.00635));
#2234=CARTESIAN_POINT('',(0.003302,0.,0.00635));
#2235=CARTESIAN_POINT('',(1.04083408558608E-17,-0.01,0.00635));
#2236=CARTESIAN_POINT('',(0.00150000000000001,-0.01,0.00635));
#2237=CARTESIAN_POINT('',(0.023625,-0.0037,0.028575));
#2238=CARTESIAN_POINT('',(0.0245,-0.0037,0.0124625));
#2239=CARTESIAN_POINT('',(0.0245,-0.0037,0.0138625));
#2240=CARTESIAN_POINT('',(0.02025,-0.0037,0.028575));
#2241=CARTESIAN_POINT('',(0.02025,-0.0037,0.0167181531630628));
#2242=CARTESIAN_POINT('',(0.02025,-0.0037,0.00762));
#2243=CARTESIAN_POINT('',(0.023625,-0.0037,0.00762));
#2244=CARTESIAN_POINT('',(0.027,-0.0037,0.00762));
#2245=CARTESIAN_POINT('',(0.027,-0.0037,0.028575));
#2246=CARTESIAN_POINT('',(0.027,-0.0037,0.0167181531630628));
#2247=CARTESIAN_POINT('',(0.023625,-0.0037,0.0167181531630628));
#2248=CARTESIAN_POINT('',(0.027,0.015,0.00635));
#2249=CARTESIAN_POINT('',(0.027,0.00265,0.028575));
#2250=CARTESIAN_POINT('',(0.027,-0.00209059841264284,0.028575));
#2251=CARTESIAN_POINT('',(0.027,0.0083,0.028575));
#2252=CARTESIAN_POINT('',(0.027,-0.00729782626494821,0.0218853676868505));
#2253=CARTESIAN_POINT('',(0.027,-0.0083,0.0205978930474559));
#2254=CARTESIAN_POINT('',(0.027,-0.0083,0.));
#2255=CARTESIAN_POINT('',(0.027,-0.0083,0.0145077312138728));
#2256=CARTESIAN_POINT('',(0.027,-0.009175,0.0133836343930636));
#2257=CARTESIAN_POINT('',(0.027,-0.00597217373505179,0.017498247903958));
#2258=CARTESIAN_POINT('',(0.027,-0.00497,0.0167181531630628));
#2259=CARTESIAN_POINT('',(0.027,-0.00497,0.00762));
#2260=CARTESIAN_POINT('',(0.027,-0.0083,0.));
#2261=CARTESIAN_POINT('',(0.027,-0.0083,0.));
#2262=CARTESIAN_POINT('',(0.027,0.015,0.));
#2263=CARTESIAN_POINT('',(0.027,0.0083,0.));
#2264=CARTESIAN_POINT('',(0.027,0.0083,0.00635));
#2265=CARTESIAN_POINT('',(1.04083408558608E-17,0.021,0.00635));
#2266=CARTESIAN_POINT('',(1.04083408558608E-17,0.021,0.));
#2267=CARTESIAN_POINT('',(0.0143,0.021,0.));
#2268=CARTESIAN_POINT('',(-0.0143,0.021,0.));
#2269=CARTESIAN_POINT('',(-0.0143,0.021,0.00635));
#2270=CARTESIAN_POINT('',(0.0143,0.021,0.00635));
#2271=CARTESIAN_POINT('',(-0.027,0.015,0.00635));
#2272=CARTESIAN_POINT('',(-0.027,-0.00209059841264284,0.03175));
#2273=CARTESIAN_POINT('',(-0.027,-0.00209059841264284,0.0311367897551573));
#2274=CARTESIAN_POINT('',(-0.027,-0.00209059841264284,0.028575));
#2275=CARTESIAN_POINT('',(-0.027,0.015,0.0311367897551573));
#2276=CARTESIAN_POINT('',(-0.027,0.00769389135957939,0.0311367897551573));
#2277=CARTESIAN_POINT('',(-0.027,0.00769389135957939,0.03175));
#2278=CARTESIAN_POINT('',(-0.027,0.0083,0.));
#2279=CARTESIAN_POINT('',(-0.027,0.0083,0.));
#2280=CARTESIAN_POINT('',(-0.027,0.015,0.));
#2281=CARTESIAN_POINT('',(-0.027,-0.0083,0.));
#2282=CARTESIAN_POINT('',(-0.027,-0.0083,0.00635));
#2283=CARTESIAN_POINT('',(-0.027,-0.00497,0.00762));
#2284=CARTESIAN_POINT('',(-0.027,-0.0083,0.00635));
#2285=CARTESIAN_POINT('',(-0.027,-0.0083,0.0205978930474559));
#2286=CARTESIAN_POINT('',(-0.027,-0.00641501209680095,0.0230195032294559));
#2287=CARTESIAN_POINT('',(-3.46944695195361E-18,-0.021,0.00635));
#2288=CARTESIAN_POINT('',(-3.46944695195361E-18,-0.021,0.));
#2289=CARTESIAN_POINT('',(0.0143,-0.021,0.));
#2290=CARTESIAN_POINT('',(-0.0143,-0.021,0.));
#2291=CARTESIAN_POINT('',(0.0143,-0.021,0.00635));
#2292=CARTESIAN_POINT('',(-0.0143,-0.021,0.00635));
#2293=CARTESIAN_POINT('',(-2.18474587484419E-19,0.,0.00635));
#2294=CARTESIAN_POINT('',(-2.18474587484419E-19,0.,0.));
#2295=CARTESIAN_POINT('',(0.003302,0.,0.));
#2296=CARTESIAN_POINT('',(0.,0.,0.));
#2297=CARTESIAN_POINT('',(1.04083408558608E-17,-0.01,0.));
#2298=CARTESIAN_POINT('',(0.00150000000000001,-0.01,0.));
#2299=CARTESIAN_POINT('',(1.04083408558608E-17,0.01,0.));
#2300=CARTESIAN_POINT('',(0.00150000000000001,0.01,0.));
#2301=CARTESIAN_POINT('',(-0.0143,0.0083,0.));
#2302=CARTESIAN_POINT('',(0.0143,0.0083,0.));
#2303=CARTESIAN_POINT('',(0.0143,-0.0083,0.));
#2304=CARTESIAN_POINT('',(-0.0143,-0.0083,0.));
#2305=CARTESIAN_POINT('',(-0.02025,-0.00335,0.028575));
#2306=CARTESIAN_POINT('',(-0.02025,0.009,0.028575));
#2307=CARTESIAN_POINT('',(-0.02025,0.009,0.013335));
#2308=CARTESIAN_POINT('',(-0.02025,-0.0037,0.013335));
#2309=CARTESIAN_POINT('',(-0.02025,-0.00497,0.00762));
#2310=CARTESIAN_POINT('',(0.,0.,0.028575));
#2311=CARTESIAN_POINT('',(-0.02573,-0.00209059841264284,0.028575));
#2312=CARTESIAN_POINT('',(-0.0253452466655954,-0.00209059841264284,0.028575));
#2313=CARTESIAN_POINT('',(0.023625,0.009,0.028575));
#2314=CARTESIAN_POINT('',(0.0245,0.009,0.0224625));
#2315=CARTESIAN_POINT('',(0.0245,0.009,0.0238625));
#2316=CARTESIAN_POINT('',(0.0245,0.009,0.0124625));
#2317=CARTESIAN_POINT('',(0.0245,0.009,0.0138625));
#2318=CARTESIAN_POINT('',(-0.0269806939873179,0.009,0.03175));
#2319=CARTESIAN_POINT('',(-0.0269806939873179,0.009,0.0311367897551573));
#2320=CARTESIAN_POINT('',(0.023625,0.009,0.0311367897551573));
#2321=CARTESIAN_POINT('',(0.0269806939873179,0.009,0.0311367897551573));
#2322=CARTESIAN_POINT('',(0.0269806939873179,0.009,0.03175));
#2323=CARTESIAN_POINT('',(0.0269806939873179,0.009,0.028575));
#2324=CARTESIAN_POINT('',(0.0269806939873179,0.009,0.028575));
#2325=CARTESIAN_POINT('',(0.02152,0.009,0.028575));
#2326=CARTESIAN_POINT('',(0.02152,0.009,0.0291882102448427));
#2327=CARTESIAN_POINT('',(-0.02025,0.009,0.0291882102448427));
#2328=CARTESIAN_POINT('',(-0.02152,0.009,0.02159));
#2329=CARTESIAN_POINT('',(-0.02152,0.009,0.02032));
#2330=CARTESIAN_POINT('',(-0.022375,0.009,0.02032));
#2331=CARTESIAN_POINT('',(-0.02323,0.009,0.02032));
#2332=CARTESIAN_POINT('',(-0.02323,0.009,0.01905));
#2333=CARTESIAN_POINT('',(-0.0245,0.009,0.01905));
#2334=CARTESIAN_POINT('',(-0.0245,0.009,0.0174625));
#2335=CARTESIAN_POINT('',(-0.0245,0.009,0.015875));
#2336=CARTESIAN_POINT('',(-0.02323,0.009,0.015875));
#2337=CARTESIAN_POINT('',(-0.02323,0.009,0.014605));
#2338=CARTESIAN_POINT('',(-0.022375,0.009,0.014605));
#2339=CARTESIAN_POINT('',(-0.02152,0.009,0.014605));
#2340=CARTESIAN_POINT('',(-0.02152,0.009,0.013335));
#2341=CARTESIAN_POINT('',(-0.0269806939873179,0.009,0.00635));
#2342=CARTESIAN_POINT('',(-0.0245,0.009,0.0124625));
#2343=CARTESIAN_POINT('',(-0.0245,0.009,0.0138625));
#2344=CARTESIAN_POINT('',(-0.0245,0.009,0.0224625));
#2345=CARTESIAN_POINT('',(-0.0245,0.009,0.0238625));
#2346=CARTESIAN_POINT('',(0.02025,0.003,0.028575));
#2347=CARTESIAN_POINT('',(0.02025,0.003,0.028575));
#2348=CARTESIAN_POINT('',(0.02025,0.00773,0.028575));
#2349=CARTESIAN_POINT('',(0.02025,-0.00209059841264284,0.028575));
#2350=CARTESIAN_POINT('',(0.02025,0.00773,0.00635));
#2351=CARTESIAN_POINT('',(0.02025,-0.00497,0.00762));
#2352=CARTESIAN_POINT('',(0.02025,-0.00497,0.0167181531630628));
#2353=CARTESIAN_POINT('',(0.02025,-0.00597217373505179,0.017498247903958));
#2354=CARTESIAN_POINT('',(0.02025,-0.009175,0.0133836343930636));
#2355=CARTESIAN_POINT('',(0.02025,-0.0130542007191232,0.0084000947408952));
#2356=CARTESIAN_POINT('',(0.02025,-0.0120520269840714,0.00762));
#2357=CARTESIAN_POINT('',(0.02025,-0.00269782626494821,0.0277949052591048));
#2358=CARTESIAN_POINT('',(0.,0.,0.028575));
#2359=CARTESIAN_POINT('',(0.0269903469936589,0.00345470079367859,0.028575));
#2360=CARTESIAN_POINT('',(0.0143,0.0083,0.028575));
#2361=CARTESIAN_POINT('',(0.0245,-0.0037,0.0124625));
#2362=CARTESIAN_POINT('',(0.0245,-0.0037,0.0224625));
#2363=CARTESIAN_POINT('',(0.0245,-0.0037,0.0224625));
#2364=CARTESIAN_POINT('',(0.0245,-0.0037,0.0238625));
#2365=CARTESIAN_POINT('',(-0.0245,-0.0037,0.0224625));
#2366=CARTESIAN_POINT('',(-0.0245,-0.0037,0.0224625));
#2367=CARTESIAN_POINT('',(-0.0245,-0.0037,0.0238625));
#2368=CARTESIAN_POINT('',(-0.0245,-0.0037,0.0124625));
#2369=CARTESIAN_POINT('',(1.04083408558608E-17,0.01,0.));
#2370=CARTESIAN_POINT('',(1.04083408558608E-17,-0.01,0.));
#2371=CARTESIAN_POINT('',(-0.027,-0.0037,0.028575));
#2372=CARTESIAN_POINT('',(-0.027,-0.0037,0.028575));
#2373=CARTESIAN_POINT('',(-0.027,-0.01235,0.0174625));
#2374=CARTESIAN_POINT('',(0.02573,-0.0037,0.028575));
#2375=CARTESIAN_POINT('',(0.02573,-0.00930217373505178,0.0213779877883511));
#2376=CARTESIAN_POINT('',(0.02573,-0.0035422653194468,0.0287776389176471));
#2377=CARTESIAN_POINT('',(0.02573,-0.0035422653194468,0.0287776389176471));
#2378=CARTESIAN_POINT('',(0.02152,-0.00354226531944681,0.0287776389176471));
#2379=CARTESIAN_POINT('',(0.02152,-0.0195199598929764,0.00825138100454328));
#2380=CARTESIAN_POINT('',(0.02152,-0.018163127408331,0.00999447938438407));
#2381=CARTESIAN_POINT('',(0.0143,-0.00930217373505178,0.0213779877883511));
#2382=CARTESIAN_POINT('',(-0.027,-0.009175,0.0133836343930636));
#2383=CARTESIAN_POINT('',(0.0143,-0.0083,0.0145077312138728));
#2384=CARTESIAN_POINT('',(0.0260765689197783,-0.0130542007191232,0.00840009474089521));
#2385=CARTESIAN_POINT('',(0.02025,-0.0130542007191232,0.00840009474089521));
#2386=CARTESIAN_POINT('',(-0.027,-0.0059721737350518,0.017498247903958));
#2387=CARTESIAN_POINT('',(-0.023625,-0.00497,0.00762));
#2388=CARTESIAN_POINT('',(0.,-0.0120520269840714,0.00762));
#2389=CARTESIAN_POINT('',(-0.0264331073312157,-0.0120520269840714,0.00635));
#2390=CARTESIAN_POINT('',(-0.0262886719153005,-0.0125190946280856,0.00635));
#2391=CARTESIAN_POINT('',(-0.0260243356030912,-0.0131909468036326,0.00675369815560959));
#2392=CARTESIAN_POINT('',(-0.0259357580622432,-0.0133879552945433,0.00774784826804108));
#2393=CARTESIAN_POINT('',(-0.0260176690324254,-0.0132001008659109,0.00821265943671272));
#2394=CARTESIAN_POINT('',(-0.0260765689197783,-0.0130542007191232,0.00840009474089521));
#2395=CARTESIAN_POINT('',(0.023625,-0.00497,0.00762));
#2396=CARTESIAN_POINT('',(-0.027,-0.00497,0.0167181531630628));
#2397=CARTESIAN_POINT('',(0.,-0.0120520269840714,0.00762));
#2398=CARTESIAN_POINT('',(0.0260765689197783,-0.0130542007191232,0.00840009474089521));
#2399=CARTESIAN_POINT('',(0.0260177366906847,-0.0131999332705146,0.00821287474351518));
#2400=CARTESIAN_POINT('',(0.0259361209437742,-0.013387102492287,0.00775309396400065));
#2401=CARTESIAN_POINT('',(0.0260234782210029,-0.0131930052878785,0.00675348871599889));
#2402=CARTESIAN_POINT('',(0.0262887368548573,-0.0125188846299657,0.00635));
#2403=CARTESIAN_POINT('',(0.0264331073312157,-0.0120520269840714,0.00635));
#2404=CARTESIAN_POINT('',(-0.0143,0.0083,0.00635));
#2405=CARTESIAN_POINT('',(0.0143,0.0083,0.00635));
#2406=CARTESIAN_POINT('',(0.0143,-0.0083,0.00635));
#2407=CARTESIAN_POINT('',(0.0205951658858157,-0.0193299993866755,0.00784485473924915));
#2408=CARTESIAN_POINT('',(0.0204035210530359,-0.0194393770911716,0.00737282465186969));
#2409=CARTESIAN_POINT('',(0.0202785480743591,-0.0195048086460442,0.00687110766414641));
#2410=CARTESIAN_POINT('',(0.0202539760769552,-0.0195178504569746,0.00635));
#2411=CARTESIAN_POINT('',(0.0205951658858157,-0.0193299993866755,0.00784485473924915));
#2412=CARTESIAN_POINT('',(0.0143,-0.0083,0.0205978930474559));
#2413=CARTESIAN_POINT('',(-0.0143,-0.0083,0.00635));
#2414=CARTESIAN_POINT('',(-0.0143,-0.0083,0.0205978930474559));
#2415=CARTESIAN_POINT('',(-0.022375,-0.0167556,0.014605));
#2416=CARTESIAN_POINT('',(-0.02152,0.009,0.014605));
#2417=CARTESIAN_POINT('',(-0.02323,-0.0167556,0.014605));
#2418=CARTESIAN_POINT('',(-0.0245,-0.0167556,0.0174625));
#2419=CARTESIAN_POINT('',(-0.0245,-0.0167556,0.015875));
#2420=CARTESIAN_POINT('',(-0.0245,-0.0101257142857143,0.01905));
#2421=CARTESIAN_POINT('',(-0.0245,-0.00950488412692855,0.01905));
#2422=CARTESIAN_POINT('',(-0.0245,-0.0130100608788146,0.0145469622363776));
#2423=CARTESIAN_POINT('',(-0.0245,-0.0129648841269286,0.014605));
#2424=CARTESIAN_POINT('',(-0.0245,-0.0167556,0.014605));
#2425=CARTESIAN_POINT('',(-0.022375,-0.0167556,0.02032));
#2426=CARTESIAN_POINT('',(-0.02152,-0.0167556,0.02032));
#2427=CARTESIAN_POINT('',(-0.02152,-0.0075277412697857,0.02032));
#2428=CARTESIAN_POINT('',(-0.022375,-0.0075277412697857,0.02032));
#2429=CARTESIAN_POINT('',(-0.02323,-0.0075277412697857,0.02032));
#2430=CARTESIAN_POINT('',(-0.02323,0.009,0.02032));
#2431=CARTESIAN_POINT('',(-0.022375,-0.0167556,0.014605));
#2432=CARTESIAN_POINT('',(-0.02577,-0.0129648841269286,0.014605));
#2433=CARTESIAN_POINT('',(-0.0247678262649482,-0.0139534555555,0.014605));
#2434=CARTESIAN_POINT('',(-0.02025,-0.0139534555555,0.014605));
#2435=CARTESIAN_POINT('',(-0.02152,-0.0139534555555,0.014605));
#2436=CARTESIAN_POINT('',(-0.02152,-0.00822428571428572,0.014605));
#2437=CARTESIAN_POINT('',(-0.02152,-0.0167556,0.013335));
#2438=CARTESIAN_POINT('',(-0.02152,-0.0139534555555,0.013335));
#2439=CARTESIAN_POINT('',(-0.022375,-0.0139534555555,0.013335));
#2440=CARTESIAN_POINT('',(-0.02577,-0.0139534555555,0.013335));
#2441=CARTESIAN_POINT('',(-0.0251250759287924,-0.0144206515492987,0.0145159436495356));
#2442=CARTESIAN_POINT('',(-0.0242339488765539,-0.0149556292905518,0.0141150947408952));
#2443=CARTESIAN_POINT('',(-0.0245367307138383,-0.0148236067212249,0.014284701769987));
#2444=CARTESIAN_POINT('',(-0.0248393215659171,-0.0146481175410626,0.0144259552744603));
#2445=CARTESIAN_POINT('',(-0.0251250759287923,-0.0144206515492987,0.0145159436495359));
#2446=CARTESIAN_POINT('',(-0.02573,-0.0113478262649482,0.0166824052591048));
#2447=CARTESIAN_POINT('',(-0.02573,-0.0083,0.0205978930474559));
#2448=CARTESIAN_POINT('',(-0.02573,-0.0035422653194468,0.0287776389176471));
#2449=CARTESIAN_POINT('',(-0.0259303279005525,-0.0035422653194468,0.0287776389176471));
#2450=CARTESIAN_POINT('',(-0.0261277476859294,-0.00351248423998033,0.0287379277551295));
#2451=CARTESIAN_POINT('',(-0.026303599068319,-0.00343958665199747,0.0286866515205043));
#2452=CARTESIAN_POINT('',(-0.02323,-0.0167556,0.01905));
#2453=CARTESIAN_POINT('',(-0.02323,-0.00950488412692855,0.01905));
#2454=CARTESIAN_POINT('',(-0.02577,-0.0113478262649482,0.0166824052591048));
#2455=CARTESIAN_POINT('',(-0.0251250759288014,-0.0144206515492952,0.0145159436495317));
#2456=CARTESIAN_POINT('',(-0.0254540927875506,-0.0132362558963489,0.0163532637647664));
#2457=CARTESIAN_POINT('',(-0.0256464639027065,-0.0118613891545406,0.018083722868295));
#2458=CARTESIAN_POINT('',(-0.0257182130639203,-0.0105062243215701,0.0198294459107896));
#2459=CARTESIAN_POINT('',(-0.0257182130639204,-0.0105062243215701,0.0198294459107896));
#2460=CARTESIAN_POINT('',(-0.02577,-0.00950488412692855,0.01905));
#2461=CARTESIAN_POINT('',(-0.027,-0.0083,0.0205978930474559));
#2462=CARTESIAN_POINT('',(-0.027,-0.00930217373505178,0.0213779877883511));
#2463=CARTESIAN_POINT('',(-0.02573,-0.00930217373505178,0.0213779877883511));
#2464=CARTESIAN_POINT('',(-0.027,-0.0106065293821462,0.0179310517777157));
#2465=CARTESIAN_POINT('',(-0.0268301591797963,-0.0113204500195976,0.0187851444111877));
#2466=CARTESIAN_POINT('',(-0.0257300000000059,-0.0113780501789879,0.0187111465186124));
#2467=CARTESIAN_POINT('',(-0.0257113832897304,-0.0152157643260567,0.01260179039244));
#2468=CARTESIAN_POINT('',(-0.0255034752706238,-0.0154739673393009,0.0134491951378342));
#2469=CARTESIAN_POINT('',(-0.0245702449607567,-0.0155263616284986,0.0133818851333306));
#2470=CARTESIAN_POINT('',(-0.0222216638716089,-0.0184910411296343,0.00881486991475465));
#2471=CARTESIAN_POINT('',(-0.0219483800524857,-0.0186907135282503,0.00931669894996882));
#2472=CARTESIAN_POINT('',(-0.0214294974844436,-0.0184741107517266,0.00959496465565762));
#2473=CARTESIAN_POINT('',(-0.0201769541064748,-0.0195583928884361,0.00758078300404877));
#2474=CARTESIAN_POINT('',(-0.0199350556364216,-0.0196846654586881,0.00803978671564494));
#2475=CARTESIAN_POINT('',(-0.0195892586958273,-0.0194347273346443,0.00836087774494397));
#2476=CARTESIAN_POINT('',(-0.0257182130639204,-0.0105062243215701,0.0198294459107896));
#2477=CARTESIAN_POINT('',(-0.0257260658436138,-0.0103579046659597,0.020020511258823));
#2478=CARTESIAN_POINT('',(-0.0257213257381288,-0.0102098580659062,0.0202119019933662));
#2479=CARTESIAN_POINT('',(-0.0257047341459414,-0.0100617387818979,0.020402188183371));
#2480=CARTESIAN_POINT('',(-0.02323,-0.00852991500483748,0.0223700947408952));
#2481=CARTESIAN_POINT('',(-0.02323,-0.0101257142857143,0.02032));
#2482=CARTESIAN_POINT('',(-0.02323,-0.00752774126978569,0.02032));
#2483=CARTESIAN_POINT('',(-0.0235624852396836,-0.00852991500484113,0.0223700947408905));
#2484=CARTESIAN_POINT('',(-0.0231315280914657,-0.0101257142856508,0.0203200000000807));
#2485=CARTESIAN_POINT('',(-0.0233962426198418,-0.00752774126978944,0.02032));
#2486=CARTESIAN_POINT('',(-0.0242273006622221,-0.00863286237713735,0.0222378400964233));
#2487=CARTESIAN_POINT('',(-0.0229619442360684,-0.0100000688096574,0.0204814144916397));
#2488=CARTESIAN_POINT('',(-0.023728650331111,-0.00763068864208551,0.020253872677763));
#2489=CARTESIAN_POINT('',(-0.0250728153319413,-0.00907260543324855,0.0216729100720261));
#2490=CARTESIAN_POINT('',(-0.0233648339283151,-0.00981864876936043,0.0207144815665305));
#2491=CARTESIAN_POINT('',(-0.0241514076659708,-0.00807043169819682,0.0199714076655654));
#2492=CARTESIAN_POINT('',(-0.0256377453552958,-0.00973075633178891,0.0208273954061267));
#2493=CARTESIAN_POINT('',(-0.0240433438249904,-0.00999326742802932,0.0204901521047401));
#2494=CARTESIAN_POINT('',(-0.0244338726776472,-0.00872858259673697,0.0195486503326168));
#2495=CARTESIAN_POINT('',(-0.0257699999999971,-0.010248250458858,0.0201625799740972));
#2496=CARTESIAN_POINT('',(-0.0243936086306295,-0.0103213647755492,0.02006865132159));
#2497=CARTESIAN_POINT('',(-0.0245,-0.00924607672380653,0.0192162426165986));
#2498=CARTESIAN_POINT('',(-0.02577,-0.0105070578619803,0.0198300947408952));
#2499=CARTESIAN_POINT('',(-0.0245,-0.0105070578619803,0.0198300947408952));
#2500=CARTESIAN_POINT('',(-0.0245,-0.00950488412692855,0.01905));
#2501=CARTESIAN_POINT('',(-0.02323,-0.0075277412697857,0.02159));
#2502=CARTESIAN_POINT('',(-0.02152,-0.00335,0.02159));
#2503=CARTESIAN_POINT('',(-0.02152,-0.0075277412697857,0.02159));
#2504=CARTESIAN_POINT('',(-0.027,-0.0075277412697857,0.02159));
#2505=CARTESIAN_POINT('',(-0.02152,-0.0075277412697857,0.02159));
#2506=CARTESIAN_POINT('',(-0.02152,-0.0075277412697857,0.02159));
#2507=CARTESIAN_POINT('',(-0.02152,-0.0075277412697857,0.02159));
#2508=CARTESIAN_POINT('',(-0.02152,-0.0113478262649482,0.0166824052591048));
#2509=CARTESIAN_POINT('',(-0.02152,-0.00209059841264284,0.028575));
#2510=CARTESIAN_POINT('',(-0.0205225358854607,-0.00308678975515722,0.028575));
#2511=CARTESIAN_POINT('',(-0.0205225358854607,-0.00308678975515722,0.028575));
#2512=CARTESIAN_POINT('',(-0.0206267702130618,-0.00325439464886686,0.028575));
#2513=CARTESIAN_POINT('',(-0.0209375068835683,-0.00348904443531673,0.0287028026576661));
#2514=CARTESIAN_POINT('',(-0.021323948173886,-0.00354226531944681,0.0287776389176471));
#2515=CARTESIAN_POINT('',(-0.02152,-0.0035422653194468,0.0287776389176471));
#2516=CARTESIAN_POINT('',(0.02152,0.00773,0.028575));
#2517=CARTESIAN_POINT('',(0.02152,0.00773,0.028575));
#2518=CARTESIAN_POINT('',(0.0204330192193417,0.00838678975515724,0.028575));
#2519=CARTESIAN_POINT('',(0.0204330192193417,0.00838678975515724,0.028575));
#2520=CARTESIAN_POINT('',(0.0205610174643529,0.00859862562986861,0.028575));
#2521=CARTESIAN_POINT('',(0.0209193896158933,0.0089101282971139,0.0287713651393099));
#2522=CARTESIAN_POINT('',(0.0213208689202316,0.009,0.0290498406544512));
#2523=CARTESIAN_POINT('',(0.02152,0.009,0.0291882102448427));
#2524=CARTESIAN_POINT('',(0.02573,-0.00641501209680094,0.0230195032294559));
#2525=CARTESIAN_POINT('',(0.02573,-0.00209059841264284,0.028575));
#2526=CARTESIAN_POINT('',(0.0267274641145393,-0.00308678975515723,0.028575));
#2527=CARTESIAN_POINT('',(0.0267274641145393,-0.00308678975515722,0.028575));
#2528=CARTESIAN_POINT('',(0.0266232297869382,-0.00325439464886686,0.028575));
#2529=CARTESIAN_POINT('',(0.0263124931164316,-0.00348904443531673,0.0287028026576661));
#2530=CARTESIAN_POINT('',(0.025926051826114,-0.0035422653194468,0.0287776389176471));
#2531=CARTESIAN_POINT('',(0.02573,-0.0035422653194468,0.0287776389176471));
#2532=CARTESIAN_POINT('',(0.02573,-0.0083,0.0205978930474559));
#2533=CARTESIAN_POINT('',(0.0205254078986579,-0.0193695210598891,0.00779915923240206));
#2534=CARTESIAN_POINT('',(0.0202717138233635,-0.0195121965281081,0.00826135446027726));
#2535=CARTESIAN_POINT('',(0.0199028671087921,-0.019264742688952,0.00857925397329727));
#2536=CARTESIAN_POINT('',(0.0224782357295949,-0.0182712666966099,0.00906897616312651));
#2537=CARTESIAN_POINT('',(0.0221988319543645,-0.0184885274196366,0.00957644382073913));
#2538=CARTESIAN_POINT('',(0.0216604121566355,-0.0182763137620007,0.00984907090401937));
#2539=CARTESIAN_POINT('',(0.0257858761061461,-0.0150181192684209,0.0128303103499676));
#2540=CARTESIAN_POINT('',(0.0255727263330172,-0.0153000514031163,0.0136726218246253));
#2541=CARTESIAN_POINT('',(0.0246372884955286,-0.0153484810766284,0.0136104050908632));
#2542=CARTESIAN_POINT('',(0.027,-0.0105404685168537,0.0180074322666183));
#2543=CARTESIAN_POINT('',(0.0268347070039139,-0.0112664066773218,0.0188545729246044));
#2544=CARTESIAN_POINT('',(0.0257300000000057,-0.0113185954002246,0.0187875270075149));
#2545=CARTESIAN_POINT('',(0.027,-0.00830000000000001,0.0205978930474559));
#2546=CARTESIAN_POINT('',(0.027,-0.0093021737350518,0.0213779877883511));
#2547=CARTESIAN_POINT('',(0.02573,-0.0093021737350518,0.0213779877883511));
#2548=CARTESIAN_POINT('',(0.0205951658858157,-0.0193299993866755,0.00784485473924915));
#2549=CARTESIAN_POINT('',(0.0207581099270892,-0.0192370021222186,0.00824619344963676));
#2550=CARTESIAN_POINT('',(0.0210825935548399,-0.0188930680849593,0.00898035716970208));
#2551=CARTESIAN_POINT('',(0.0213813984574825,-0.0184173677897781,0.00966786132209136));
#2552=CARTESIAN_POINT('',(0.02152,-0.018163127408331,0.00999447938438407));
#2553=CARTESIAN_POINT('',(0.02152,-0.000169913628098584,0.031042469325809));
#2554=CARTESIAN_POINT('',(0.02152,-0.0035422653194468,0.0287776389176471));
#2555=CARTESIAN_POINT('',(0.021323681513337,-0.0035422653194468,0.0287776389176471));
#2556=CARTESIAN_POINT('',(0.0209386493567579,-0.00348933086286059,0.0287031223316844));
#2557=CARTESIAN_POINT('',(0.020626969226025,-0.00325471465425803,0.028574999999999));
#2558=CARTESIAN_POINT('',(0.0205225358854599,-0.00308678975515797,0.0285749999999988));
#2559=CARTESIAN_POINT('',(0.0205225358854607,-0.00308678975515722,0.028575));
#2560=CARTESIAN_POINT('',(0.02152,-0.00209059841264284,0.028575));
#2561=CARTESIAN_POINT('',(-0.02152,-0.0167556,0.013335));
#2562=CARTESIAN_POINT('',(-0.02323,-0.0167556,0.015875));
#2563=CARTESIAN_POINT('',(1.78938306022343E-5,0.00265,0.028575));
#2564=CARTESIAN_POINT('',(0.02152,0.00838678975515724,0.028575));
#2565=CARTESIAN_POINT('',(1.78938306022343E-5,-0.00308678975515722,0.028575));
#2566=CARTESIAN_POINT('',(-0.0253452466655954,-0.00209059841264284,0.03175));
#2567=CARTESIAN_POINT('',(-0.02573,-0.0037,0.03175));
#2568=CARTESIAN_POINT('',(-0.02573,-0.0037,0.0311367897551573));
#2569=CARTESIAN_POINT('',(-0.02573,-0.0037,0.0291882102448427));
#2570=CARTESIAN_POINT('',(-0.0253452466655954,-0.00209059841264284,0.0311367897551573));
#2571=CARTESIAN_POINT('',(-0.026303599068319,-0.00343958665199747,0.0286866515205043));
#2572=CARTESIAN_POINT('',(-0.0261991562227756,-0.00351378526178053,0.0287388428951352));
#2573=CARTESIAN_POINT('',(-0.0260332617233012,-0.00360302544757972,0.0288379870463486));
#2574=CARTESIAN_POINT('',(-0.0258251991890778,-0.00367707191890098,0.0290016120279404));
#2575=CARTESIAN_POINT('',(-0.02573,-0.00370000000000001,0.0291171725813972));
#2576=CARTESIAN_POINT('',(-0.02573,-0.0037,0.0291882102448428));
#2577=CARTESIAN_POINT('',(-0.023625,-0.0037,0.03175));
#2578=CARTESIAN_POINT('',(0.02573,-0.0037,0.03175));
#2579=CARTESIAN_POINT('',(0.02573,-0.0037,0.0311367897551573));
#2580=CARTESIAN_POINT('',(0.02573,-0.0037,0.0291882102448427));
#2581=CARTESIAN_POINT('',(-0.02573,-0.0037,0.0311367897551573));
#2582=CARTESIAN_POINT('',(-0.023625,-0.0037,0.0291882102448427));
#2583=CARTESIAN_POINT('',(0.02573,-0.00239421233879552,0.03175));
#2584=CARTESIAN_POINT('',(0.027,-0.00209059841264284,0.03175));
#2585=CARTESIAN_POINT('',(0.027,-0.00209059841264284,0.0311367897551573));
#2586=CARTESIAN_POINT('',(0.02573,-0.00239421233879552,0.0311367897551573));
#2587=CARTESIAN_POINT('',(0.0268369859703264,-0.00308678975515722,0.028575));
#2588=CARTESIAN_POINT('',(0.0267044325375204,-0.00329865746404925,0.028575));
#2589=CARTESIAN_POINT('',(0.0263391463351177,-0.00360996911018714,0.0287712804980217));
#2590=CARTESIAN_POINT('',(0.0259321638655621,-0.0037,0.029049671682548));
#2591=CARTESIAN_POINT('',(0.02573,-0.0037,0.0291882102448427));
#2592=CARTESIAN_POINT('',(0.0268369859703264,-0.00308678975515722,0.028575));
#2593=CARTESIAN_POINT('',(0.02573,-0.00239421233879552,0.028575));
#2594=CARTESIAN_POINT('',(0.0269903469936589,0.00345470079367859,0.03175));
#2595=CARTESIAN_POINT('',(0.027,-0.00209059841264284,0.0311367897551573));
#2596=CARTESIAN_POINT('',(-0.0269903469936589,0.0083469456797906,0.03175));
#2597=CARTESIAN_POINT('',(-0.0269806939873179,0.009,0.0311367897551573));
#2598=CARTESIAN_POINT('',(1.78938306022343E-5,0.00265,0.03175));
#2599=CARTESIAN_POINT('',(-0.0253452466655954,-0.00209059841264284,0.03175));
#2600=CARTESIAN_POINT('',(-0.0263867897551573,-0.00209059841264284,0.03175));
#2601=CARTESIAN_POINT('',(-0.0256492447190652,-0.00308678975515722,0.03175));
#2602=CARTESIAN_POINT('',(0.02573,-0.00308678975515722,0.03175));
#2603=CARTESIAN_POINT('',(0.02573,-0.00308678975515723,0.03175));
#2604=CARTESIAN_POINT('',(0.02573,-0.00239421233879552,0.03175));
#2605=CARTESIAN_POINT('',(0.0263869355695757,-0.00217489718865632,0.03175));
#2606=CARTESIAN_POINT('',(0.0263674846715563,0.0089989325529258,0.03175));
#2607=CARTESIAN_POINT('',(0.0263685502620841,0.00838678975515725,0.03175));
#2608=CARTESIAN_POINT('',(1.78938306022328E-5,0.00838678975515724,0.03175));
#2609=CARTESIAN_POINT('',(-0.0263764808149753,0.00838678975515723,0.03175));
#2610=CARTESIAN_POINT('',(-0.0263868567335647,0.00768482829138473,0.03175));
#2611=CARTESIAN_POINT('',(-0.0263867897551573,0.00768935957798977,0.03175));
#2612=CARTESIAN_POINT('',(-0.0263867897551573,0.00265,0.03175));
#2613=CARTESIAN_POINT('',(1.78938306022343E-5,0.00265,0.028575));
#2614=CARTESIAN_POINT('',(0.0267822250424328,-0.00308678975515722,0.028575));
#2615=CARTESIAN_POINT('',(0.02573,-0.00239421233879552,0.0311367897551573));
#2616=CARTESIAN_POINT('',(0.027,-0.00209059841264284,0.0311367897551573));
#2617=CARTESIAN_POINT('',(0.027,-0.00209059841264284,0.0314622818079786));
#2618=CARTESIAN_POINT('',(0.02670363146282,-0.00212331081429076,0.03175));
#2619=CARTESIAN_POINT('',(0.0263869355695757,-0.00217489718865637,0.03175));
#2620=CARTESIAN_POINT('',(0.02573,-0.00308678975515723,0.0311367897551573));
#2621=CARTESIAN_POINT('',(1.78938306022343E-5,-0.00308678975515722,0.0311367897551573));
#2622=CARTESIAN_POINT('',(-0.02573,-0.0037,0.0311367897551573));
#2623=CARTESIAN_POINT('',(-0.02573,-0.0037,0.0314621689403715));
#2624=CARTESIAN_POINT('',(-0.0256964705362989,-0.00340405265982162,0.03175));
#2625=CARTESIAN_POINT('',(-0.0256492447190652,-0.00308678975515722,0.03175));
#2626=CARTESIAN_POINT('',(0.0263784567280229,0.0026958872770134,0.0311367897551573));
#2627=CARTESIAN_POINT('',(0.0263685502620841,0.00838678975515724,0.0311367897551573));
#2628=CARTESIAN_POINT('',(-0.0253452466655954,-0.00209059841264284,0.0311367897551573));
#2629=CARTESIAN_POINT('',(-0.0263867897551573,-0.00209059841264284,0.0311367897551573));
#2630=CARTESIAN_POINT('',(0.023625,0.00838678975515724,0.0311367897551573));
#2631=CARTESIAN_POINT('',(-0.0263764808149752,0.00838678975515723,0.0311367897551573));
#2632=CARTESIAN_POINT('',(-0.0263867897551573,0.015,0.0311367897551573));
#2633=CARTESIAN_POINT('',(-0.0263867897551571,0.00768935957799993,0.0311367897551573));
#2634=CARTESIAN_POINT('',(-0.0264554940489279,0.00304131167678121,0.0311367897551573));
#2635=CARTESIAN_POINT('',(1.78938306022328E-5,0.00838678975515724,0.0291882102448427));
#2636=CARTESIAN_POINT('',(-0.023625,-0.00308678975515722,0.0291882102448427));
#2637=MECHANICAL_DESIGN_GEOMETRIC_PRESENTATION_REPRESENTATION('',(#1482),
#2638);
#2638=(
GEOMETRIC_REPRESENTATION_CONTEXT(3)
GLOBAL_UNCERTAINTY_ASSIGNED_CONTEXT((#2639))
GLOBAL_UNIT_ASSIGNED_CONTEXT((#2642,#2641,#2640))
REPRESENTATION_CONTEXT('Part 1','TOP_LEVEL_ASSEMBLY_PART')
);
#2639=UNCERTAINTY_MEASURE_WITH_UNIT(LENGTH_MEASURE(2.E-5),#2642,
'DISTANCE_ACCURACY_VALUE','Maximum Tolerance applied to model');
#2640=(
NAMED_UNIT(*)
SI_UNIT($,.STERADIAN.)
SOLID_ANGLE_UNIT()
);
#2641=(
NAMED_UNIT(*)
PLANE_ANGLE_UNIT()
SI_UNIT($,.RADIAN.)
);
#2642=(
LENGTH_UNIT()
NAMED_UNIT(*)
SI_UNIT($,.METRE.)
);
#2643=PRODUCT_DEFINITION_SHAPE('','',#2644);
#2644=PRODUCT_DEFINITION('','',#2646,#2645);
#2645=PRODUCT_DEFINITION_CONTEXT('',#2652,'design');
#2646=PRODUCT_DEFINITION_FORMATION_WITH_SPECIFIED_SOURCE('','',#2648,
 .NOT_KNOWN.);
#2647=PRODUCT_RELATED_PRODUCT_CATEGORY('','',(#2648));
#2648=PRODUCT('Part 1','Part 1','Part 1',(#2650));
#2649=PRODUCT_CATEGORY('','');
#2650=PRODUCT_CONTEXT('',#2652,'mechanical');
#2651=APPLICATION_PROTOCOL_DEFINITION('international standard',
'ap242_managed_model_based_3d_engineering',2020,#2652);
#2652=APPLICATION_CONTEXT('managed model based 3d engineering');
ENDSEC;
END-ISO-10303-21;
